research_rank,company_id,legal_entity,opportunity_type,technical_status,commercial_status,current_priority,current_confidence,missing_fact,current_value,research_question,research_priority,decision_impact,decision_impact_reason,queue_rule_id,queue_reason,recommended_source_types,evidence_urls,process_name,opportunity_rule_id,task_status,last_research_status,last_resulting_value,research_review_status,decision_effect,last_checked_date,next_review_date,last_finding,research_result_source_ids,engine_version
1,P07,VARIOPLAST Konrad Däbritz GmbH,sme_eligibility,NOT_APPLICABLE,RESEARCH_REQUIRED,ELIGIBILITY_GATE,B,sme_eligibility,UNRESOLVED,"What is the ownership and group structure of VARIOPLAST Konrad Däbritz GmbH, which partner or linked enterprises must be aggregated under EU SME rules, and do the aggregated employee and financial figures remain within SME thresholds?",HIGH,HIGH,The result can determine whether the company is eligible to remain in the SME pilot sample; deployment research should not outrank unresolved sample eligibility.,RQ00_SME_ELIGIBILITY_GATE,"Company intelligence flags group_check=partner_or_linked_sme; ownership, aggregation and SME status must be resolved before the sample is frozen.",official ownership or group page | Unternehmensregister/Bundesanzeiger filing | annual accounts | parent-company filing | authoritative shareholder or transaction source,https://varioplast.de/de/serienfertigung/ressourcenschonende-produktion | https://varioplast.de/de/downloads | https://wirtschaftskraft.de/artikel/das-hightech-herz-der-zukunftsschmiede-varioplast-schlaegt-im-nordschwarzwald|https://varioplast.de/de/unternehmen/nachhaltigkeit|https://varioplast.de/de/downloads|https://varioplast.de/images/downloads/pdf/zertifikate/2026/Varioplast_Zertifikat_14001_SKZ_2026_de_Joomla-kompatibel-1.pdf,,,RECHECK_DUE,PARTIAL_EVIDENCE,UNRESOLVED,PROVISIONAL,Aktuelle Eigentümerquoten und Jahresarbeitseinheiten/Umsatz oder Bilanzsumme einschließlich VARIOPLAST CO. (HK) Ltd beschaffen. Canonical values and personal score approval are separate; public evidence is recorded here.,2026-10-08,2026-11-08,Eigene Hongkong-Tochter ist belegt; bisherige Einzelgesellschafts-Zahlen reichen nicht für eine Gruppenentscheidung.,S-P07-10,0.5.0
2,P10,Oskar Lehmann GmbH & Co. KG,sme_eligibility,NOT_APPLICABLE,RESEARCH_REQUIRED,ELIGIBILITY_GATE,B,sme_eligibility,UNRESOLVED,"What is the ownership and group structure of Oskar Lehmann GmbH & Co. KG, which partner or linked enterprises must be aggregated under EU SME rules, and do the aggregated employee and financial figures remain within SME thresholds?",HIGH,HIGH,The result can determine whether the company is eligible to remain in the SME pilot sample; deployment research should not outrank unresolved sample eligibility.,RQ00_SME_ELIGIBILITY_GATE,"Company intelligence flags group_check=partner_or_linked_sme; ownership, aggregation and SME status must be resolved before the sample is frozen.",official ownership or group page | Unternehmensregister/Bundesanzeiger filing | annual accounts | parent-company filing | authoritative shareholder or transaction source,https://www.oskar-lehmann.de/en/areas-of-expertise.html | https://www.oskar-lehmann.de/en/download-en.html | https://www.ihk.de/ostwestfalen/ihre-ihk/presse/pressemeldungen/pressemeldungen2022/ihks-starten-klimainitiative-6981412,,,RECHECK_DUE,PARTIAL_EVIDENCE,UNRESOLVED,PROVISIONAL,"Anteile der KG und Beteiligungs-GmbH, weitere verbundene Firmen und gleichperiodige aggregierte Zahlen beschaffen. Canonical values and personal score approval are separate; public evidence is recorded here.",2026-10-08,2026-11-08,Komplementär-GmbH ist belegt. Einzelgesellschafts-Umsatz und Mitarbeiterzahl ersetzen keine vollständige Partner-/Verbundaggregation.,S-P10-01,0.5.0
3,P104,Holder GmbH Oberflächentechnik,sme_eligibility,NOT_APPLICABLE,RESEARCH_REQUIRED,ELIGIBILITY_GATE,B,sme_eligibility,UNRESOLVED,"What is the ownership and group structure of Holder GmbH Oberflächentechnik, which partner or linked enterprises must be aggregated under EU SME rules, and do the aggregated employee and financial figures remain within SME thresholds?",HIGH,HIGH,The result can determine whether the company is eligible to remain in the SME pilot sample; deployment research should not outrank unresolved sample eligibility.,RQ00_SME_ELIGIBILITY_GATE,"Company intelligence flags group_check=linked_enterprise_check; ownership, aggregation and SME status must be resolved before the sample is frozen.",official ownership or group page | Unternehmensregister/Bundesanzeiger filing | annual accounts | parent-company filing | authoritative shareholder or transaction source,https://holder-oft.de/impressum/ | https://holder-oft.de/|https://holder-oft.de/kompetenzzentrum/zertifikate/|https://holder-oft.de/unternehmen/qualitaet-und-umwelt/|https://holder-oft.de/oberflaechenverfahren/waermebehandlung-von-aluminium/|https://holder-oft.de/wp-content/uploads/Zertifikat-ISO-500012018-2025.pdf|https://holder-oft.de/wp-content/uploads/Zertifikat-ISO-140012015-2025.pdf,,,RECHECK_DUE,PARTIAL_EVIDENCE,UNRESOLVED,PROVISIONAL,Eigentümerquoten und eventuelle Schwesterfirmen plus aktuelle Beschäftigten- und Finanzwerte verifizieren. Canonical values and personal score approval are separate; public evidence is recorded here.,2026-10-08,2026-11-08,HRB 230335 und genaue Oberflächentechnik-Gesellschaft sind belegt. Namensgleiche Motoren-/Kommunalfahrzeugfirmen gehören nicht in diesen Datensatz.,S-P104-08,0.5.0
4,P32,Kronenbrauerei Otto Haizmann KG,sme_eligibility,NOT_APPLICABLE,RESEARCH_REQUIRED,ELIGIBILITY_GATE,C,sme_eligibility,UNRESOLVED,"What is the ownership and group structure of Kronenbrauerei Otto Haizmann KG, which partner or linked enterprises must be aggregated under EU SME rules, and do the aggregated employee and financial figures remain within SME thresholds?",HIGH,HIGH,The result can determine whether the company is eligible to remain in the SME pilot sample; deployment research should not outrank unresolved sample eligibility.,RQ00_SME_ELIGIBILITY_GATE,"Company intelligence flags group_check=unknown; ownership, aggregation and SME status must be resolved before the sample is frozen.",official ownership or group page | Unternehmensregister/Bundesanzeiger filing | annual accounts | parent-company filing | authoritative shareholder or transaction source,https://hochdorfer.de/|https://hochdorfer.de/vom-rohstoff-zum-bier/,,,RECHECK_DUE,PARTIAL_EVIDENCE,UNRESOLVED,PROVISIONAL,"Gesellschafterkette, Jahresarbeitseinheiten sowie Umsatz oder Bilanzsumme für zwei Geschäftsjahre verifizieren. Canonical values and personal score approval are separate; public evidence is recorded here.",2026-10-08,2026-11-08,Brauprozess ist belegt; keine aktuelle öffentliche vollständige Eigentümer- und Finanzprüfung abgeschlossen.,S-P32-02,0.5.0
5,P34,KTS Kunststoff Technik Schmölln GmbH,sme_eligibility,NOT_APPLICABLE,RESEARCH_REQUIRED,ELIGIBILITY_GATE,B,sme_eligibility,UNRESOLVED,"What is the ownership and group structure of KTS Kunststoff Technik Schmölln GmbH, which partner or linked enterprises must be aggregated under EU SME rules, and do the aggregated employee and financial figures remain within SME thresholds?",HIGH,HIGH,The result can determine whether the company is eligible to remain in the SME pilot sample; deployment research should not outrank unresolved sample eligibility.,RQ00_SME_ELIGIBILITY_GATE,"Company intelligence flags group_check=unknown; ownership, aggregation and SME status must be resolved before the sample is frozen.",official ownership or group page | Unternehmensregister/Bundesanzeiger filing | annual accounts | parent-company filing | authoritative shareholder or transaction source,https://www.kts-schmoelln.de/ | https://web.arbeitsagentur.de/|https://www.kts-schmoelln.de/prozesskette/|https://www.kts-schmoelln.de/leistungen/,,,RECHECK_DUE,PARTIAL_EVIDENCE,UNRESOLVED,PROVISIONAL,"Beteiligungsquote, Holding-Portfolio und konsolidierte/anteilige Finanz- und Personalzahlen beschaffen. Canonical values and personal score approval are separate; public evidence is recorded here.",2026-10-08,2026-11-08,Losse Holding nennt KTS als Beteiligung. Rund 85 Beschäftigte im Stadtbericht 2025 betreffen KTS allein.,S-P34-05 | S-P34-06,0.5.0
6,P40,OFTECH Oberflächentechnik GmbH & Co. KG,sme_eligibility,NOT_APPLICABLE,RESEARCH_REQUIRED,ELIGIBILITY_GATE,C,sme_eligibility,UNRESOLVED,"What is the ownership and group structure of OFTECH Oberflächentechnik GmbH & Co. KG, which partner or linked enterprises must be aggregated under EU SME rules, and do the aggregated employee and financial figures remain within SME thresholds?",HIGH,HIGH,The result can determine whether the company is eligible to remain in the SME pilot sample; deployment research should not outrank unresolved sample eligibility.,RQ00_SME_ELIGIBILITY_GATE,"Company intelligence flags group_check=unknown; ownership, aggregation and SME status must be resolved before the sample is frozen.",official ownership or group page | Unternehmensregister/Bundesanzeiger filing | annual accounts | parent-company filing | authoritative shareholder or transaction source,https://oftech.de/|https://oftech.de/umweltpolitik/|https://oftech.de/downloads/,,,RECHECK_DUE,PARTIAL_EVIDENCE,UNRESOLVED,PROVISIONAL,Konkretes Impressum und Registereintrag sowie vollständige Eigentümerkette und aktuelle KMU-Kennzahlen prüfen. Canonical values and personal score approval are separate; public evidence is recorded here.,2026-10-08,2026-11-08,Offizielle Seiten liefern keinen belastbaren vollständigen Eigentümer- oder Finanzabschluss; Abrufgrenzen sind im Quellenprotokoll erfasst.,,0.5.0
7,P42,OT Oberflächentechnik GmbH & Co. KG,sme_eligibility,NOT_APPLICABLE,RESEARCH_REQUIRED,ELIGIBILITY_GATE,C,sme_eligibility,UNRESOLVED,"What is the ownership and group structure of OT Oberflächentechnik GmbH & Co. KG, which partner or linked enterprises must be aggregated under EU SME rules, and do the aggregated employee and financial figures remain within SME thresholds?",HIGH,HIGH,The result can determine whether the company is eligible to remain in the SME pilot sample; deployment research should not outrank unresolved sample eligibility.,RQ00_SME_ELIGIBILITY_GATE,"Company intelligence flags group_check=unknown; ownership, aggregation and SME status must be resolved before the sample is frozen.",official ownership or group page | Unternehmensregister/Bundesanzeiger filing | annual accounts | parent-company filing | authoritative shareholder or transaction source,https://www.ot-schwerin.de/|https://www.ot-schwerin.de/umweltmanagement.html|https://www.ot-schwerin.de/umweltmanagement.html?_hash=s0lGTqN2t2hLlg5_g7fqZqUTEboZVon9tT8vVT7Vx-8&ctx=a%3A1%3A%7Bs%3A2%3A%22id%22%3Bi%3A174%3B%7D&p=ot%2Fcontent%2Fgrafiken%2Fzertifikate%2F14001+2023_deutsch.pdf,,,RECHECK_DUE,PARTIAL_EVIDENCE,UNRESOLVED,PROVISIONAL,Unternehmensprofil erneut abrufen; Gesellschafterquoten und Gruppenfinanzen einschließlich Komplementärin prüfen. Canonical values and personal score approval are separate; public evidence is recorded here.,2026-10-08,2026-11-08,OT Beteiligungsgesellschaft mbH ist als Komplementärin belegt. Personalangabe aus Profilsuche ist kein geprüfter Gruppenabschluss.,S-P42-04,0.5.0
8,P46,Porzellanfabrik Hermsdorf GmbH,sme_eligibility,NOT_APPLICABLE,RESEARCH_REQUIRED,ELIGIBILITY_GATE,B,sme_eligibility,UNRESOLVED,"What is the ownership and group structure of Porzellanfabrik Hermsdorf GmbH, which partner or linked enterprises must be aggregated under EU SME rules, and do the aggregated employee and financial figures remain within SME thresholds?",HIGH,HIGH,The result can determine whether the company is eligible to remain in the SME pilot sample; deployment research should not outrank unresolved sample eligibility.,RQ00_SME_ELIGIBILITY_GATE,"Company intelligence flags group_check=linked_enterprise_check; ownership, aggregation and SME status must be resolved before the sample is frozen.",official ownership or group page | Unternehmensregister/Bundesanzeiger filing | annual accounts | parent-company filing | authoritative shareholder or transaction source,https://www.pofahermsdorf.de/impressum/ | https://www.pofahermsdorf.de/|https://www.pofahermsdorf.de/zertifizierungen/|https://www.pofahermsdorf.de/wp-content/uploads/2023/05/EMS_dt.pdf|https://www.pofahermsdorf.de/wp-content/uploads/2023/05/UMS_dt.pdf,,,RECHECK_DUE,PARTIAL_EVIDENCE,UNRESOLVED,PROVISIONAL,"Aktuelle CERAM-Eigentümerkette, Beteiligungsquote und Gruppenabschluss beschaffen; Einzelstandort nicht als unabhängig behandeln. Canonical values and personal score approval are separate; public evidence is recorded here.",2026-10-08,2026-11-08,CERAM-Gruppenzuordnung aus älteren Quellen bleibt ohne aktuellen lesbaren primären Gruppenabschluss unvollständig.,,0.5.0
9,P47,hofmann CERAMiC GmbH,sme_eligibility,NOT_APPLICABLE,RESEARCH_REQUIRED,ELIGIBILITY_GATE,B,sme_eligibility,UNRESOLVED,"What is the ownership and group structure of hofmann CERAMiC GmbH, which partner or linked enterprises must be aggregated under EU SME rules, and do the aggregated employee and financial figures remain within SME thresholds?",HIGH,HIGH,The result can determine whether the company is eligible to remain in the SME pilot sample; deployment research should not outrank unresolved sample eligibility.,RQ00_SME_ELIGIBILITY_GATE,"Company intelligence flags group_check=linked_enterprise_check; ownership, aggregation and SME status must be resolved before the sample is frozen.",official ownership or group page | Unternehmensregister/Bundesanzeiger filing | annual accounts | parent-company filing | authoritative shareholder or transaction source,https://www.hofmann-ceramic.de/en/imprint/ | https://www.hofmann-ceramic.de/|https://www.hofmann-ceramic.de/downloads/|https://www.hofmann-ceramic.de/wp-content/uploads/EM_00533-Z04304_de.pdf|https://www.hofmann-ceramic.de/wp-content/uploads/UM00533Z04303de.pdf,,,RECHECK_DUE,PARTIAL_EVIDENCE,UNRESOLVED,PROVISIONAL,"KMU-Ausschluss anhand vollständiger IFGL-Kette, Jahresarbeitseinheiten und Zweijahresregel abschließend dokumentieren; Gate bleibt bis zur kanonischen Entscheidung offen. Canonical values and personal score approval are separate; public evidence is recorded here.",2026-10-08,2026-11-08,IFGL-Bericht 2025/26 bestätigt 100 Prozent Kontrolle und HRB 7319; allein die Mutter nennt 1.180 dauerhafte Beschäftigte am 31.03.2026. Alte Teilgruppen-Angabe von rund 150 darf nicht für den Gesamtverbund stehen.,S-P47-08 | S-P47-09,0.5.0
10,P65,Porzellanmanufaktur FÜRSTENBERG GmbH,sme_eligibility,NOT_APPLICABLE,RESEARCH_REQUIRED,ELIGIBILITY_GATE,B,sme_eligibility,UNRESOLVED,"Does Porzellanmanufaktur FÜRSTENBERG GmbH satisfy the EU SME independence rules given its public ownership, and do the relevant aggregated employee and financial figures remain within SME thresholds?",HIGH,HIGH,The result can determine whether the company is eligible to remain in the SME pilot sample; deployment research should not outrank unresolved sample eligibility.,RQ00_SME_ELIGIBILITY_GATE,"Company intelligence flags group_check=state_owned_sme_check; ownership, aggregation and SME status must be resolved before the sample is frozen.",official ownership or group page | Unternehmensregister/Bundesanzeiger filing | annual accounts | parent-company filing | authoritative shareholder or transaction source,https://www.fuerstenberg-porzellan.com/ | https://de.wikipedia.org/wiki/Porzellanmanufaktur_F%C3%BCrstenberg|https://www.fuerstenberg-porzellan.com/en/blog/blick-in-die-produktion,,,RECHECK_DUE,PARTIAL_EVIDENCE,UNRESOLVED,PROVISIONAL,Art. 3 Abs. 2/4 der EU-KMU-Definition einschließlich möglicher öffentlicher-Investment-Ausnahme und Kontrollvertrag prüfen; Holdingzahlen getrennt behandeln. Canonical values and personal score approval are separate; public evidence is recorded here.,2026-10-08,2026-11-08,"98 Prozent Fürstenberg-Holding-Anteil und staatliche Kette sind amtlich belegt. Manufaktur 2024: 79 Beschäftigte, Umsatz 6,198 Mio. EUR, Bilanz 6,916 Mio. EUR; diese Werte allein entscheiden die Unabhängigkeitsregel nicht.",S-P65-04,0.5.0
11,P67,DOCERAM GmbH,sme_eligibility,NOT_APPLICABLE,RESEARCH_REQUIRED,ELIGIBILITY_GATE,B,sme_eligibility,UNRESOLVED,"What is the ownership and group structure of DOCERAM GmbH, which partner or linked enterprises must be aggregated under EU SME rules, and do the aggregated employee and financial figures remain within SME thresholds?",HIGH,HIGH,The result can determine whether the company is eligible to remain in the SME pilot sample; deployment research should not outrank unresolved sample eligibility.,RQ00_SME_ELIGIBILITY_GATE,"Company intelligence flags group_check=linked_enterprise_check; ownership, aggregation and SME status must be resolved before the sample is frozen.",official ownership or group page | Unternehmensregister/Bundesanzeiger filing | annual accounts | parent-company filing | authoritative shareholder or transaction source,https://www.moeschter-group.com/de/doceram/uebersicht/ | https://www.moeschter-group.com/|https://www.moeschter-group.com/de/doceram/downloads/|https://www.moeschter-group.com/fileadmin/content/mediathek/zertifikate/Zertifikate_9001_DE/ISO-9001_ISO-14001_Site-DC_DE_bis-20280518.PDF,,,RECHECK_DUE,PARTIAL_EVIDENCE,UNRESOLVED,PROVISIONAL,Vollständige Eigentümerkette und gleichperiodige Personal-/Finanzaggregation aller drei Einheiten beschaffen. Canonical values and personal score approval are separate; public evidence is recorded here.,2026-10-08,2026-11-08,"Aktuelle MOESCHTER-Seite nennt DOCERAM, DOTHERM und ISOCOS. Die frühere Angabe 178 hat hier keinen neuen datierten Nachweis.",S-P67-02,0.5.0
12,P88,Ceramaret Meissen GmbH,sme_eligibility,NOT_APPLICABLE,RESEARCH_REQUIRED,ELIGIBILITY_GATE,B,sme_eligibility,UNRESOLVED,"What is the ownership and group structure of Ceramaret Meissen GmbH, which partner or linked enterprises must be aggregated under EU SME rules, and do the aggregated employee and financial figures remain within SME thresholds?",HIGH,HIGH,The result can determine whether the company is eligible to remain in the SME pilot sample; deployment research should not outrank unresolved sample eligibility.,RQ00_SME_ELIGIBILITY_GATE,"Company intelligence flags group_check=linked_enterprise_check; ownership, aggregation and SME status must be resolved before the sample is frozen.",official ownership or group page | Unternehmensregister/Bundesanzeiger filing | annual accounts | parent-company filing | authoritative shareholder or transaction source,https://ceramaret.com/de/legal/impressum | https://ceramaret.com/|https://ceramaret.com/sites-de-production|https://ceramaret.com/technologies/gestion-de-la-qualite|https://ceramaret.com/technologies/mise-en-forme-et-frittage,,,RECHECK_DUE,PARTIAL_EVIDENCE,UNRESOLVED,PROVISIONAL,Aktuelle Rechtsnamen und Kontrollquoten sowie Jahresarbeitseinheiten für den ganzen Ceramaret/Kowema-Kreis prüfen; keine Standortzahl als Gruppe verwenden. Canonical values and personal score approval are separate; public evidence is recorded here.,2026-10-08,2026-11-08,Eigene Seite nennt mehr als 300 Beschäftigte bei Ceramaret. Übernahmen 2018/2023 und Meissener Umbenennung belegen Gruppenbezug.,S-P88-06 | S-P88-07,0.5.0
13,P04,Neumarkter Lammsbräu Gebr. Ehrnsperger KG,heat_recovery,TECHNICALLY_RELEVANT,RESEARCH_REQUIRED,RESEARCH,B,heat_recovery_deployed,UNKNOWN,Is heat recovery publicly documented as deployed at Neumarkter Lammsbräu Gebr. Ehrnsperger KG?,HIGH,HIGH,Direct deployment evidence can change the commercial status and therefore the next research or business-development action.,RQ03_HIGH_RELEVANCE_DEPLOYMENT_CHECK,"Technical relevance is HIGH, evidence confidence is A or B, and the mapped deployment fact remains unresolved.",official company project or sustainability page | annual or sustainability report | recent official press release | vendor or project case study,https://www.lammsbraeu.de/verantwortung/nachhaltigkeitsreporting | https://www.lammsbraeu.de/hubfs/Dachmarke/resources/documents/Nachhaltigkeitsberichte/GRI-Bericht2023_Neumarkter%20Lammsbr%C3%A4u_final%2020240913.pdf | https://www.lammsbraeu.de/blog/unsere-zertifizierungen,refrigeration,R004,RECHECK_DUE,PARTIAL_EVIDENCE,UNKNOWN,PROVISIONAL,Aktuellen Inbetriebnahmenachweis für Wärmeprojekt und Speicher mit nutzbarem Temperatur-/Ladefenster beschaffen. Canonical values and personal score approval are separate; public evidence is recorded here.,2026-10-08,2026-11-08,Brauerei und Mälzerei mit dokumentierter gasbasierter Wärmeerzeugung. PV 2023 und Energiecontrolling dokumentiert; neues Wärmenetz/Wärmepumpen/Speicher als Planung behandeln.,S-P04-06,0.5.0
14,P04,Neumarkter Lammsbräu Gebr. Ehrnsperger KG,industrial_heat,TECHNICALLY_RELEVANT,RESEARCH_REQUIRED,RESEARCH,B,industrial_heat_electrification_deployed,UNKNOWN,Is industrial heat publicly documented as deployed at Neumarkter Lammsbräu Gebr. Ehrnsperger KG?,HIGH,HIGH,Confirmation can change the commercial status from RESEARCH_REQUIRED to ALREADY_DEPLOYED; no result leaves the value UNKNOWN.,RQ01_ANNOUNCED_DEPLOYMENT_CHECK,"A dated public deployment signal exists, but operational status is unresolved; checking commissioning is the next time-sensitive fact check.",official company project or sustainability page | annual or sustainability report | recent official press release | vendor or project case study,https://www.lammsbraeu.de/verantwortung/nachhaltigkeitsreporting | https://www.lammsbraeu.de/hubfs/Dachmarke/resources/documents/Nachhaltigkeitsberichte/GRI-Bericht2023_Neumarkter%20Lammsbr%C3%A4u_final%2020240913.pdf | https://www.lammsbraeu.de/blog/unsere-zertifizierungen,brewing_boiling,R003,RECHECK_DUE,PARTIAL_EVIDENCE,UNKNOWN,PROVISIONAL,Aktuellen Inbetriebnahmenachweis für Wärmeprojekt und Speicher mit nutzbarem Temperatur-/Ladefenster beschaffen. Canonical values and personal score approval are separate; public evidence is recorded here.,2026-10-08,2026-11-08,Brauerei und Mälzerei mit dokumentierter gasbasierter Wärmeerzeugung. PV 2023 und Energiecontrolling dokumentiert; neues Wärmenetz/Wärmepumpen/Speicher als Planung behandeln.,S-P04-06,0.5.0
15,P05,Einbecker Brauhaus AG,industrial_heat,TECHNICALLY_RELEVANT,RESEARCH_REQUIRED,RESEARCH,B,industrial_heat_electrification_deployed,UNKNOWN,Is industrial heat publicly documented as deployed at Einbecker Brauhaus AG?,HIGH,HIGH,Confirmation can change the commercial status from RESEARCH_REQUIRED to ALREADY_DEPLOYED; no result leaves the value UNKNOWN.,RQ01_ANNOUNCED_DEPLOYMENT_CHECK,"A dated public deployment signal exists, but operational status is unresolved; checking commissioning is the next time-sensitive fact check.",official company project or sustainability page | annual or sustainability report | recent official press release | vendor or project case study,https://www.einbecker-brauhaus.de/leitbild-werte/nachhaltigkeit | https://www.einbecker-brauhaus.de/files/einbecker_gruppe/content/leitbild-und-werte/nachhaltigkeit/umwelterklaerung-ebag-2025.pdf | https://www.einbecker-brauhaus.de/aktionaere/berichte,brewing_boiling,R003,RECHECK_DUE,PARTIAL_EVIDENCE,UNKNOWN,PROVISIONAL,Betriebsnachweis der geplanten elektrischen Dampf-/Wärmeroute und konkreten thermischen Puffer prüfen. Canonical values and personal score approval are separate; public evidence is recorded here.,2026-10-08,2026-11-08,"Brauen, Dampferzeugung und Kälte; Erdgas/Heizöl im Kessel, Biogas aus Abwasser seit 2023. Druckluft-Wärmerückgewinnung, PV und Biogas-BHKW/Absorptionskälte belegt.",S-P05-04,0.5.0
16,P07,VARIOPLAST Konrad Däbritz GmbH,battery_storage,TECHNICALLY_RELEVANT,RESEARCH_REQUIRED,RESEARCH,C,battery_storage_deployed,UNKNOWN,"Was the publicly announced battery-storage project at VARIOPLAST Konrad Däbritz GmbH commissioned, and what direct evidence documents its operational status and scope?",HIGH,HIGH,Confirmation can change the commercial status from RESEARCH_REQUIRED to ALREADY_DEPLOYED; no result leaves the value UNKNOWN.,RQ01_ANNOUNCED_DEPLOYMENT_CHECK,"A dated public deployment signal exists, but operational status is unresolved; checking commissioning is the next time-sensitive fact check.",official company project or sustainability page | annual or sustainability report | recent official press release | vendor or project case study | commissioning announcement | BESS integrator reference,https://varioplast.de/de/serienfertigung/ressourcenschonende-produktion | https://varioplast.de/de/downloads | https://wirtschaftskraft.de/artikel/das-hightech-herz-der-zukunftsschmiede-varioplast-schlaegt-im-nordschwarzwald|https://varioplast.de/de/unternehmen/nachhaltigkeit|https://varioplast.de/de/downloads|https://varioplast.de/images/downloads/pdf/zertifikate/2026/Varioplast_Zertifikat_14001_SKZ_2026_de_Joomla-kompatibel-1.pdf,injection_moulding,R007,RECHECK_DUE,NOT_FOUND_AFTER_CHECK,UNKNOWN,PROVISIONAL,Keep battery_storage_deployed=UNKNOWN and commercial_status=RESEARCH_REQUIRED; do not infer non-deployment or white space.,2026-09-13,2027-03-13,A June 2025 regional transformation report described battery storage and fast-charging infrastructure as planned for 2025. The current official production and download pages and exact-name follow-up searches did not provide direct commissioning evidence.,S-P07-04 | S-P07-06,0.5.0
17,P10,Oskar Lehmann GmbH & Co. KG,energy_management,TECHNICALLY_RELEVANT,RESEARCH_REQUIRED,RESEARCH,B,energy_management_deployed,UNKNOWN,"Does Oskar Lehmann GmbH & Co. KG have a publicly documented operational energy-management or energy-monitoring system, and is there a currently valid ISO 50001 certificate or direct register record?",HIGH,HIGH,Direct deployment evidence can change the commercial status and therefore the next research or business-development action.,RQ03_HIGH_RELEVANCE_DEPLOYMENT_CHECK,"Technical relevance is HIGH, evidence confidence is A or B, and the mapped deployment fact remains unresolved.",official company project or sustainability page | annual or sustainability report | recent official press release | vendor or project case study | direct ISO 50001 certificate | authoritative certificate register,https://www.oskar-lehmann.de/en/areas-of-expertise.html | https://www.oskar-lehmann.de/en/download-en.html | https://www.ihk.de/ostwestfalen/ihre-ihk/presse/pressemeldungen/pressemeldungen2022/ihks-starten-klimainitiative-6981412,injection_moulding,R001,RECHECK_DUE,PARTIAL_EVIDENCE,UNKNOWN,PROVISIONAL,Keep energy_management_deployed=UNKNOWN and commercial_status=RESEARCH_REQUIRED. Record energy-management activity separately from certified or operational-system deployment.,2026-09-13,2027-03-13,A 2019 technical report hosted on the company website documents an internal energy-management officer and energy-saving evaluations; it also documents a BDE system for production and process data. The current official certificate index and exact-name certificate searches did not establish a valid ISO 50001 certificate or a clearly defined operational EnMS.,S-P10-05 | S-P10-08 | S-P10-09,0.5.0
18,P100,Kläger Spritzguss GmbH & Co. KG,heat_recovery,TECHNICALLY_RELEVANT,RESEARCH_REQUIRED,RESEARCH,B,heat_recovery_deployed,UNKNOWN,Is heat recovery publicly documented as deployed at Kläger Spritzguss GmbH & Co. KG?,HIGH,HIGH,Direct deployment evidence can change the commercial status and therefore the next research or business-development action.,RQ03_HIGH_RELEVANCE_DEPLOYMENT_CHECK,"Technical relevance is HIGH, evidence confidence is A or B, and the mapped deployment fact remains unresolved.",official company project or sustainability page | annual or sustainability report | recent official press release | vendor or project case study,https://kunststoffspritzguss-produzent.de/ | https://klaeger.de/|https://klaeger.de/unternehmen/nachhaltikgeit/|https://klaeger.de/wp-content/uploads/Maschinenpark-Klaeger_2023.pdf|https://klaeger.de/wp-content/uploads/Prozessbeschreibung-Keramikspritzguss.pdf|https://klaeger-group.com/news/automatisierung-neue-spritzgussmaschine/|https://klaeger.de/downloads-2/,injection_moulding,R004,EVIDENCE_FOUND,EVIDENCE_FOUND,YES,PROVISIONAL,"Verbraucher der Rückgewinnung, genaue Brennstoffe und datierte abgeschlossene Investitionen beim eigenen Werk prüfen. Canonical values and personal score approval are separate; public evidence is recorded here.",2026-10-08,2026-11-08,"Kunststoff- und Keramikspritzguss, Entbindern und Sintern; aktuelle Sinterenergieträger fehlen. Eigene PV und Rückgewinnung für Gebäudeheizung belegt; neue Maschine der anderen Gruppengesellschaft nicht zurechnen.",S-P100-03 | S-P100-05,0.5.0
19,P12,Richard Henkel GmbH,industrial_heat,TECHNICALLY_RELEVANT,RESEARCH_REQUIRED,RESEARCH,B,industrial_heat_electrification_deployed,UNKNOWN,Is industrial heat publicly documented as deployed at Richard Henkel GmbH?,HIGH,HIGH,Direct deployment evidence can change the commercial status and therefore the next research or business-development action.,RQ03_HIGH_RELEVANCE_DEPLOYMENT_CHECK,"Technical relevance is HIGH, evidence confidence is A or B, and the mapped deployment fact remains unresolved.",official company project or sustainability page | annual or sustainability report | recent official press release | vendor or project case study,https://www.richard-henkel.de/impressum.html | https://www.richard-henkel.de/oberfl%C3%A4chentechnik.html | https://www.richard-henkel.de/downloads.html?file=files/downloads/2024_Umwelterklaerung_Richard_Henkel.pdf | https://www.richard-henkel.de/downloads.html?file=files/downloads/EMAS+Urkunde_bis_2026.pdf,powder_coating,R003,RECHECK_DUE,PARTIAL_EVIDENCE,UNKNOWN,PROVISIONAL,Aktuelle Wärmeversorgung und nutzbare Heiß-/Kaltwasserpuffer mit Betriebsfenstern klären; EMAS-Nachfolge prüfen. Canonical values and personal score approval are separate; public evidence is recorded here.,2026-10-08,2026-11-08,Oberflächenbehandlung mit Flüssiggas; elektrische Reserve/Batterieplanung ist kein thermischer Speicher. Druckluftoptimierung dokumentiert. Vorliegende EMAS-Urkunde abgelaufen; neuer Nachweis weiterhin zu prüfen.,S-P12-03,0.5.0
20,P18,Glashütte Lamberts Waldsassen GmbH,industrial_heat,TECHNICALLY_RELEVANT,RESEARCH_REQUIRED,RESEARCH,B,industrial_heat_electrification_deployed,UNKNOWN,Is industrial heat publicly documented as deployed at Glashütte Lamberts Waldsassen GmbH?,HIGH,HIGH,Direct deployment evidence can change the commercial status and therefore the next research or business-development action.,RQ03_HIGH_RELEVANCE_DEPLOYMENT_CHECK,"Technical relevance is HIGH, evidence confidence is A or B, and the mapped deployment fact remains unresolved.",official company project or sustainability page | annual or sustainability report | recent official press release | vendor or project case study,https://lamberts.de/impressum-2 | https://lamberts.de/home | https://lamberts.de/der-zukunft-verpflichtet | https://lamberts.de/files/content/Mainpage/Unsere%20Glashuette/Zukunft/Zertifikat_Z-EM-13067-2023-001_Glashuette_Lamberts_Waldsassen.pdf,glass_melting,R003,RECHECK_DUE,PARTIAL_EVIDENCE,UNKNOWN,PROVISIONAL,"Elektrische Zusatzheizung/Schmelzroute, Netzanschluss sowie Schmelz-/Kühlfahrplan und aktuelle Investitionsabschlüsse prüfen. Canonical values and personal score approval are separate; public evidence is recorded here.",2026-10-08,2026-11-08,Glasherstellung: 1.450 °C und 14 Stunden Schmelzen; Gaswärme nicht durch elektrische Antriebe als elektrifiziert einstufen. Laufende Ofenantriebe und Steuerungen sind jetzt direkt belegt; zwei Feldvorschläge neu prüfbar.,S-P18-05 | S-P18-06,0.5.0
21,P25,Scheplast GmbH,battery_storage,TECHNICALLY_RELEVANT,RESEARCH_REQUIRED,RESEARCH,C,battery_storage_deployed,UNKNOWN,"Was the publicly announced battery-storage project at Scheplast GmbH commissioned, and what direct evidence documents its operational status and scope?",HIGH,HIGH,Confirmation can change the commercial status from RESEARCH_REQUIRED to ALREADY_DEPLOYED; no result leaves the value UNKNOWN.,RQ01_ANNOUNCED_DEPLOYMENT_CHECK,"A dated public deployment signal exists, but operational status is unresolved; checking commissioning is the next time-sensitive fact check.",official company project or sustainability page | annual or sustainability report | recent official press release | vendor or project case study | commissioning announcement | BESS integrator reference,https://scheplast.de/impressum/ | https://scheplast.de/nachhaltigkeit/ | https://scheplast.de/wp-content/uploads/2021/02/Scheplast-Zertifikat-ISO-14001_2015-g%C3%BCltig-bis-2024.pdf | https://scheplast.de/kunststoffspritzerei/ | https://scheplast.de/wp-content/uploads/2024/03/Scheplast-certificate-ISO-14001_2015-valid-2027-en.pdf,injection_moulding,R007,RECHECK_DUE,PARTIAL_EVIDENCE,UNKNOWN,PROVISIONAL,"Batteriebetrieb, Kapazität, Inbetriebnahmedatum und Einbindung in eigene Produktionslast prüfen. Canonical values and personal score approval are separate; public evidence is recorded here.",2026-10-08,2026-11-08,Kunststoffspritzguss; tatsächliche Werkzeugtemperaturen und verbleibende fossile Wärme fehlen. Eigene PV und Abwärmenutzung belegt; Batterie-Inbetriebnahme und datierte Energieinvestitionen offen.,S-P25-05,0.5.0
22,P29,Meckatzer Löwenbräu Benedikt Weiß KG,thermal_storage,TECHNICALLY_RELEVANT,RESEARCH_REQUIRED,RESEARCH,B,thermal_storage_deployed,UNKNOWN,Is thermal storage publicly documented as deployed at Meckatzer Löwenbräu Benedikt Weiß KG?,HIGH,HIGH,Confirmation can change the commercial status from RESEARCH_REQUIRED to ALREADY_DEPLOYED; no result leaves the value UNKNOWN.,RQ01_ANNOUNCED_DEPLOYMENT_CHECK,"A dated public deployment signal exists, but operational status is unresolved; checking commissioning is the next time-sensitive fact check.",official company project or sustainability page | annual or sustainability report | recent official press release | vendor or project case study,https://www.meckatzer.de/impressum/ | https://www.meckatzer.de/ | https://www.meckatzer.de/fileadmin/user_data/dokumente/260929_Nachhaltigkeitsbericht_WEB.pdf | https://www.meckatzer.de/nachhaltigkeit/,brewing_boiling,R005,RECHECK_DUE,PARTIAL_EVIDENCE,UNKNOWN,PROVISIONAL,Aktuellen Brüdenverdichterbetrieb und konkrete thermische Speicher mit Lade-/Entladefenstern prüfen. Canonical values and personal score approval are separate; public evidence is recorded here.,2026-10-08,2026-11-08,"Erdgas-Dampf/BHKW und Ammoniakkälte. Bericht mischt aktuelle und ältere Betriebsbeschreibungen. Wärmerückgewinnung, Reifekeller Juli 2022 und weitere Maßnahmen sind dokumentiert; Reparatur des Brüdenverdichters offen.",S-P29-03,0.5.0
23,P76,Si-Tech Singer GmbH,heat_recovery,TECHNICALLY_RELEVANT,RESEARCH_REQUIRED,RESEARCH,B,heat_recovery_deployed,UNKNOWN,Is heat recovery publicly documented as deployed at Si-Tech Singer GmbH?,HIGH,HIGH,Direct deployment evidence can change the commercial status and therefore the next research or business-development action.,RQ03_HIGH_RELEVANCE_DEPLOYMENT_CHECK,"Technical relevance is HIGH, evidence confidence is A or B, and the mapped deployment fact remains unresolved.",official company project or sustainability page | annual or sustainability report | recent official press release | vendor or project case study,https://si-tech-gmbh.com/impressum/ | https://si-tech-gmbh.com/ | https://si-tech-gmbh.com/unternehmen/nachhaltigkeit | https://si-tech-gmbh.com/assets/dl/nachhaltigkeit/certificate-din-iso-14001-2015-en.pdf | https://si-tech-gmbh.com/leistungen/kunststoffspritzguss | https://si-tech-gmbh.com/leistungen/werkzeugbau | https://si-tech-gmbh.com/unternehmen/historie | https://si-tech-gmbh.com/unternehmen/qualitaet,injection_moulding,R004,RECHECK_DUE,PARTIAL_EVIDENCE,UNKNOWN,PROVISIONAL,"Kühl- und Druckluftsysteme mit Rückgewinnung, Wärmeverbrauchern und datierten Anlagenprojekten prüfen. Canonical values and personal score approval are separate; public evidence is recorded here.",2026-10-08,2026-11-08,Kunststoffspritzguss mit automatisiertem Handling; eigene thermische Energieträger bleiben offen. Eigene PV und ISO-14001-Umweltmanagement belegt; kein direkter Wärmerückgewinnungsnachweis.,S-P76-04,0.5.0
24,P77,metak GmbH & Co. KG,energy_management,TECHNICALLY_RELEVANT,RESEARCH_REQUIRED,RESEARCH,B,energy_management_deployed,UNKNOWN,"Does metak GmbH & Co. KG have a publicly documented operational energy-management or energy-monitoring system, and is there a currently valid ISO 50001 certificate or direct register record?",HIGH,HIGH,Direct deployment evidence can change the commercial status and therefore the next research or business-development action.,RQ03_HIGH_RELEVANCE_DEPLOYMENT_CHECK,"Technical relevance is HIGH, evidence confidence is A or B, and the mapped deployment fact remains unresolved.",official company project or sustainability page | annual or sustainability report | recent official press release | vendor or project case study | direct ISO 50001 certificate | authoritative certificate register,https://www.metak.de/impressum | https://www.metak.de/ | https://www.metak.de/umwelt/leitlinien-massnahmen | https://www.metak.de/leistungen/werkzeugbau | https://www.metak.de/leistungen/maschinenpark | https://www.metak.de/fileadmin/Kundenbereich/Zertifikate/Metak_Zertifikat_50001_deutsch_2026.pdf | https://www.metak.de/fileadmin/Kundenbereich/Zertifikate/Metak_Zertifikat_14001_deutsch_2026.pdf,injection_moulding,R002,EVIDENCE_FOUND,EVIDENCE_FOUND,YES,PROVISIONAL,Energieanlage und Zertifikat vom Investitionsprojekt trennen; aktuelle thermische Speicher und Heizöl-Restverbrauch klären. Canonical values and personal score approval are separate; public evidence is recorded here.,2026-10-08,2026-11-08,"Spritzguss mit servo-/vollelektrischen Maschinen, Kühlung und Heizöl für Heiz-/Prozesszwecke. Wärmerückgewinnung und Freikühlung direkt belegt. ISO 50001 001117.E gilt bis 22.09.2029.",S-P77-03 | S-P77-06,0.5.0
25,P77,metak GmbH & Co. KG,heat_recovery,TECHNICALLY_RELEVANT,RESEARCH_REQUIRED,RESEARCH,B,heat_recovery_deployed,UNKNOWN,Is heat recovery publicly documented as deployed at metak GmbH & Co. KG?,HIGH,HIGH,Direct deployment evidence can change the commercial status and therefore the next research or business-development action.,RQ03_HIGH_RELEVANCE_DEPLOYMENT_CHECK,"Technical relevance is HIGH, evidence confidence is A or B, and the mapped deployment fact remains unresolved.",official company project or sustainability page | annual or sustainability report | recent official press release | vendor or project case study,https://www.metak.de/impressum | https://www.metak.de/ | https://www.metak.de/umwelt/leitlinien-massnahmen | https://www.metak.de/leistungen/werkzeugbau | https://www.metak.de/leistungen/maschinenpark | https://www.metak.de/fileadmin/Kundenbereich/Zertifikate/Metak_Zertifikat_50001_deutsch_2026.pdf | https://www.metak.de/fileadmin/Kundenbereich/Zertifikate/Metak_Zertifikat_14001_deutsch_2026.pdf,injection_moulding,R004,EVIDENCE_FOUND,EVIDENCE_FOUND,YES,PROVISIONAL,Energieanlage und Zertifikat vom Investitionsprojekt trennen; aktuelle thermische Speicher und Heizöl-Restverbrauch klären. Canonical values and personal score approval are separate; public evidence is recorded here.,2026-10-08,2026-11-08,"Spritzguss mit servo-/vollelektrischen Maschinen, Kühlung und Heizöl für Heiz-/Prozesszwecke. Wärmerückgewinnung und Freikühlung direkt belegt. ISO 50001 001117.E gilt bis 22.09.2029.",S-P77-03 | S-P77-06,0.5.0
26,P78,Erlemann & Huckenbeck GmbH & Co. KG,heat_recovery,TECHNICALLY_RELEVANT,RESEARCH_REQUIRED,RESEARCH,B,heat_recovery_deployed,UNKNOWN,Is heat recovery publicly documented as deployed at Erlemann & Huckenbeck GmbH & Co. KG?,HIGH,HIGH,Direct deployment evidence can change the commercial status and therefore the next research or business-development action.,RQ03_HIGH_RELEVANCE_DEPLOYMENT_CHECK,"Technical relevance is HIGH, evidence confidence is A or B, and the mapped deployment fact remains unresolved.",official company project or sustainability page | annual or sustainability report | recent official press release | vendor or project case study,https://www.erlemann-huckenbeck.de/,injection_moulding,R004,RECHECK_DUE,PARTIAL_EVIDENCE,UNKNOWN,PROVISIONAL,Betriebswebsite/Anlagennachweise wieder abrufen; Heizungsart der Pressen und reale Rückgewinnungsanlagen verifizieren. Canonical values and personal score approval are separate; public evidence is recorded here.,2026-10-08,2026-11-08,"Duroplast-Pressverfahren: Werkzeugtemperatur 130–150 °C laut eigener Pressemitteilung. Produktion belegt; thermische Energieträger, Rückgewinnung und aktuelle Energieinvestitionen offen.",S-P78-03,0.5.0
27,P79,Langer GmbH & Co. KG,energy_management,TECHNICALLY_RELEVANT,RESEARCH_REQUIRED,RESEARCH,B,energy_management_deployed,UNKNOWN,"Does Langer GmbH & Co. KG have a publicly documented operational energy-management or energy-monitoring system, and is there a currently valid ISO 50001 certificate or direct register record?",HIGH,HIGH,Direct deployment evidence can change the commercial status and therefore the next research or business-development action.,RQ03_HIGH_RELEVANCE_DEPLOYMENT_CHECK,"Technical relevance is HIGH, evidence confidence is A or B, and the mapped deployment fact remains unresolved.",official company project or sustainability page | annual or sustainability report | recent official press release | vendor or project case study | direct ISO 50001 certificate | authoritative certificate register,https://www.langer-group.de/Impressum-Langer-Group | https://www.langer-group.de/ | https://www.langer-group.de/Nachhaltigkeit-Leitbild | https://www.langer-group.de/data/media/45/4511_0x0x0x0x0_14001.pdf | https://www.langer-group.de/data/media/45/4509_0x0x0x0x0_50001.pdf | https://www.langer-group.de/data/media/60/6034_0x0x0x0x0_DNK_Erklaerung_2024_Langer_GmbH___Co__KG.pdf,injection_moulding,R002,OPEN,,,,,,,,,0.5.0
28,P79,Langer GmbH & Co. KG,heat_recovery,TECHNICALLY_RELEVANT,RESEARCH_REQUIRED,RESEARCH,B,heat_recovery_deployed,UNKNOWN,Is heat recovery publicly documented as deployed at Langer GmbH & Co. KG?,HIGH,HIGH,Direct deployment evidence can change the commercial status and therefore the next research or business-development action.,RQ03_HIGH_RELEVANCE_DEPLOYMENT_CHECK,"Technical relevance is HIGH, evidence confidence is A or B, and the mapped deployment fact remains unresolved.",official company project or sustainability page | annual or sustainability report | recent official press release | vendor or project case study,https://www.langer-group.de/Impressum-Langer-Group | https://www.langer-group.de/ | https://www.langer-group.de/Nachhaltigkeit-Leitbild | https://www.langer-group.de/data/media/45/4511_0x0x0x0x0_14001.pdf | https://www.langer-group.de/data/media/45/4509_0x0x0x0x0_50001.pdf | https://www.langer-group.de/data/media/60/6034_0x0x0x0x0_DNK_Erklaerung_2024_Langer_GmbH___Co__KG.pdf,injection_moulding,R004,OPEN,,,,,,,,,0.5.0
29,P80,MKT Metall- und Kunststofftechnik GmbH,heat_recovery,TECHNICALLY_RELEVANT,RESEARCH_REQUIRED,RESEARCH,B,heat_recovery_deployed,UNKNOWN,Is heat recovery publicly documented as deployed at MKT Metall- und Kunststofftechnik GmbH?,HIGH,HIGH,Direct deployment evidence can change the commercial status and therefore the next research or business-development action.,RQ03_HIGH_RELEVANCE_DEPLOYMENT_CHECK,"Technical relevance is HIGH, evidence confidence is A or B, and the mapped deployment fact remains unresolved.",official company project or sustainability page | annual or sustainability report | recent official press release | vendor or project case study,https://www.mkt-gmbh.org/impressum/ | https://www.mkt-gmbh.org/ | https://www.mkt-gmbh.org/werkzeugbau | https://www.mkt-gmbh.org/spritzguss | https://www.mkt-gmbh.org/kontakt/ueber-uns | https://www.mkt-gmbh.org/pdf/ISO-14001-2015.pdf | https://www.mkt-gmbh.org/pdf/Naturenergie.pdf,injection_moulding,R004,OPEN,,,,,,,,,0.5.0
30,P96,PEKA Spritzguss GmbH,heat_recovery,TECHNICALLY_RELEVANT,RESEARCH_REQUIRED,RESEARCH,B,heat_recovery_deployed,UNKNOWN,Is heat recovery publicly documented as deployed at PEKA Spritzguss GmbH?,HIGH,HIGH,Direct deployment evidence can change the commercial status and therefore the next research or business-development action.,RQ03_HIGH_RELEVANCE_DEPLOYMENT_CHECK,"Technical relevance is HIGH, evidence confidence is A or B, and the mapped deployment fact remains unresolved.",official company project or sustainability page | annual or sustainability report | recent official press release | vendor or project case study,https://www.peka-spritzguss.de/ | https://www.peka-spritzguss.de/|https://www.peka-spritzguss.de/qualitaet/|https://www.peka-spritzguss.de/wp-content/uploads/2026/10/Zertifikat-ISO-14001_2015.pdf,injection_moulding,R004,OPEN,,,,,,,,,0.5.0
31,P97,Peltzer & Co. GmbH,heat_recovery,TECHNICALLY_RELEVANT,RESEARCH_REQUIRED,RESEARCH,B,heat_recovery_deployed,UNKNOWN,Is heat recovery publicly documented as deployed at Peltzer & Co. GmbH?,HIGH,HIGH,Direct deployment evidence can change the commercial status and therefore the next research or business-development action.,RQ03_HIGH_RELEVANCE_DEPLOYMENT_CHECK,"Technical relevance is HIGH, evidence confidence is A or B, and the mapped deployment fact remains unresolved.",official company project or sustainability page | annual or sustainability report | recent official press release | vendor or project case study,https://www.peco-germany.com/impressum/ | https://www.peco-germany.com/|https://www.peco-germany.com/unternehmen/geschichte/,injection_moulding,R004,OPEN,,,,,,,,,0.5.0
32,P98,Robert Frank GmbH & Co. KG,heat_recovery,TECHNICALLY_RELEVANT,RESEARCH_REQUIRED,RESEARCH,B,heat_recovery_deployed,UNKNOWN,Is heat recovery publicly documented as deployed at Robert Frank GmbH & Co. KG?,HIGH,HIGH,Direct deployment evidence can change the commercial status and therefore the next research or business-development action.,RQ03_HIGH_RELEVANCE_DEPLOYMENT_CHECK,"Technical relevance is HIGH, evidence confidence is A or B, and the mapped deployment fact remains unresolved.",official company project or sustainability page | annual or sustainability report | recent official press release | vendor or project case study,https://www.frank-formenbau-spritzguss.de/impressum/ | https://www.frank-formenbau-spritzguss.de/|https://www.frank-formenbau-spritzguss.de/leistungen/spritzguss-kunststoffteile/|https://www.frank-formenbau-spritzguss.de/kompetenz/formenbau/,injection_moulding,R004,OPEN,,,,,,,,,0.5.0
33,P99,Kunststofftechnik Breitungen GmbH & Co. KG,heat_recovery,TECHNICALLY_RELEVANT,RESEARCH_REQUIRED,RESEARCH,B,heat_recovery_deployed,UNKNOWN,Is heat recovery publicly documented as deployed at Kunststofftechnik Breitungen GmbH & Co. KG?,HIGH,HIGH,Direct deployment evidence can change the commercial status and therefore the next research or business-development action.,RQ03_HIGH_RELEVANCE_DEPLOYMENT_CHECK,"Technical relevance is HIGH, evidence confidence is A or B, and the mapped deployment fact remains unresolved.",official company project or sustainability page | annual or sustainability report | recent official press release | vendor or project case study,https://www.kt-breitungen.de/ | https://www.kt-breitungen.de/|https://www.kt-breitungen.de/maschinenpark/|https://www.kt-breitungen.de/qualitaet/,injection_moulding,R004,OPEN,,,,,,,,,0.5.0
34,P03,Upländer Bauernmolkerei GmbH,flexibility,TECHNICALLY_RELEVANT,RESEARCH_REQUIRED,RESEARCH,C,flexibility_solution_deployed,UNKNOWN,"Are load-management, demand-response or documented controllable-load arrangements already operating at Upländer Bauernmolkerei GmbH?",MEDIUM,HIGH,"Direct deployment evidence can still change the commercial status, while technical importance determines when the research should be performed.",RQ04_RELEVANT_DEPLOYMENT_CHECK,"Technical relevance is visible, but either its level or the evidence confidence does not meet the high-priority rule.",official company project or sustainability page | annual or sustainability report | recent official press release | vendor or project case study | load-management reference | demand-response programme record,https://www.bauernmolkerei.de/ueber-uns/produktion-mitarbeiter/produktion/der-weg-der-milch | https://www.bauernmolkerei.de/aktuelles/neuigkeiten/detailansicht/bauernmolkerei-investiert-in-mehrweg-glas | https://www.wer-zu-wem.de/firma/uplaender.html,refrigeration,R008,OPEN,,,,,,,,,0.5.0
35,P03,Upländer Bauernmolkerei GmbH,thermal_storage,TECHNICALLY_RELEVANT,RESEARCH_REQUIRED,RESEARCH,C,thermal_storage_deployed,UNKNOWN,Is thermal storage publicly documented as deployed at Upländer Bauernmolkerei GmbH?,MEDIUM,HIGH,"Direct deployment evidence can still change the commercial status, while technical importance determines when the research should be performed.",RQ04_RELEVANT_DEPLOYMENT_CHECK,"Technical relevance is visible, but either its level or the evidence confidence does not meet the high-priority rule.",official company project or sustainability page | annual or sustainability report | recent official press release | vendor or project case study,https://www.bauernmolkerei.de/ueber-uns/produktion-mitarbeiter/produktion/der-weg-der-milch | https://www.bauernmolkerei.de/aktuelles/neuigkeiten/detailansicht/bauernmolkerei-investiert-in-mehrweg-glas | https://www.wer-zu-wem.de/firma/uplaender.html,refrigeration,R005,OPEN,,,,,,,,,0.5.0
36,P04,Neumarkter Lammsbräu Gebr. Ehrnsperger KG,flexibility,TECHNICALLY_RELEVANT,RESEARCH_REQUIRED,RESEARCH,B,flexibility_solution_deployed,UNKNOWN,"Are load-management, demand-response or documented controllable-load arrangements already operating at Neumarkter Lammsbräu Gebr. Ehrnsperger KG?",MEDIUM,HIGH,"Direct deployment evidence can still change the commercial status, while technical importance determines when the research should be performed.",RQ04_RELEVANT_DEPLOYMENT_CHECK,"Technical relevance is visible, but either its level or the evidence confidence does not meet the high-priority rule.",official company project or sustainability page | annual or sustainability report | recent official press release | vendor or project case study | load-management reference | demand-response programme record,https://www.lammsbraeu.de/verantwortung/nachhaltigkeitsreporting | https://www.lammsbraeu.de/hubfs/Dachmarke/resources/documents/Nachhaltigkeitsberichte/GRI-Bericht2023_Neumarkter%20Lammsbr%C3%A4u_final%2020240913.pdf | https://www.lammsbraeu.de/blog/unsere-zertifizierungen,brewing_boiling,R008,RECHECK_DUE,PARTIAL_EVIDENCE,UNKNOWN,PROVISIONAL,Aktuellen Inbetriebnahmenachweis für Wärmeprojekt und Speicher mit nutzbarem Temperatur-/Ladefenster beschaffen. Canonical values and personal score approval are separate; public evidence is recorded here.,2026-10-08,2026-11-08,Brauerei und Mälzerei mit dokumentierter gasbasierter Wärmeerzeugung. PV 2023 und Energiecontrolling dokumentiert; neues Wärmenetz/Wärmepumpen/Speicher als Planung behandeln.,S-P04-06,0.5.0
37,P04,Neumarkter Lammsbräu Gebr. Ehrnsperger KG,thermal_storage,TECHNICALLY_RELEVANT,RESEARCH_REQUIRED,RESEARCH,B,thermal_storage_deployed,UNKNOWN,Is thermal storage publicly documented as deployed at Neumarkter Lammsbräu Gebr. Ehrnsperger KG?,MEDIUM,HIGH,"Direct deployment evidence can still change the commercial status, while technical importance determines when the research should be performed.",RQ04_RELEVANT_DEPLOYMENT_CHECK,"Technical relevance is visible, but either its level or the evidence confidence does not meet the high-priority rule.",official company project or sustainability page | annual or sustainability report | recent official press release | vendor or project case study,https://www.lammsbraeu.de/verantwortung/nachhaltigkeitsreporting | https://www.lammsbraeu.de/hubfs/Dachmarke/resources/documents/Nachhaltigkeitsberichte/GRI-Bericht2023_Neumarkter%20Lammsbr%C3%A4u_final%2020240913.pdf | https://www.lammsbraeu.de/blog/unsere-zertifizierungen,brewing_boiling,R005,RECHECK_DUE,PARTIAL_EVIDENCE,UNKNOWN,PROVISIONAL,Aktuellen Inbetriebnahmenachweis für Wärmeprojekt und Speicher mit nutzbarem Temperatur-/Ladefenster beschaffen. Canonical values and personal score approval are separate; public evidence is recorded here.,2026-10-08,2026-11-08,Brauerei und Mälzerei mit dokumentierter gasbasierter Wärmeerzeugung. PV 2023 und Energiecontrolling dokumentiert; neues Wärmenetz/Wärmepumpen/Speicher als Planung behandeln.,S-P04-06,0.5.0
38,P05,Einbecker Brauhaus AG,flexibility,TECHNICALLY_RELEVANT,RESEARCH_REQUIRED,RESEARCH,B,flexibility_solution_deployed,UNKNOWN,"Are load-management, demand-response or documented controllable-load arrangements already operating at Einbecker Brauhaus AG?",MEDIUM,HIGH,"Direct deployment evidence can still change the commercial status, while technical importance determines when the research should be performed.",RQ04_RELEVANT_DEPLOYMENT_CHECK,"Technical relevance is visible, but either its level or the evidence confidence does not meet the high-priority rule.",official company project or sustainability page | annual or sustainability report | recent official press release | vendor or project case study | load-management reference | demand-response programme record,https://www.einbecker-brauhaus.de/leitbild-werte/nachhaltigkeit | https://www.einbecker-brauhaus.de/files/einbecker_gruppe/content/leitbild-und-werte/nachhaltigkeit/umwelterklaerung-ebag-2025.pdf | https://www.einbecker-brauhaus.de/aktionaere/berichte,brewing_boiling,R008,RECHECK_DUE,PARTIAL_EVIDENCE,UNKNOWN,PROVISIONAL,Betriebsnachweis der geplanten elektrischen Dampf-/Wärmeroute und konkreten thermischen Puffer prüfen. Canonical values and personal score approval are separate; public evidence is recorded here.,2026-10-08,2026-11-08,"Brauen, Dampferzeugung und Kälte; Erdgas/Heizöl im Kessel, Biogas aus Abwasser seit 2023. Druckluft-Wärmerückgewinnung, PV und Biogas-BHKW/Absorptionskälte belegt.",S-P05-04,0.5.0
39,P05,Einbecker Brauhaus AG,thermal_storage,TECHNICALLY_RELEVANT,RESEARCH_REQUIRED,RESEARCH,B,thermal_storage_deployed,UNKNOWN,Is thermal storage publicly documented as deployed at Einbecker Brauhaus AG?,MEDIUM,HIGH,"Direct deployment evidence can still change the commercial status, while technical importance determines when the research should be performed.",RQ04_RELEVANT_DEPLOYMENT_CHECK,"Technical relevance is visible, but either its level or the evidence confidence does not meet the high-priority rule.",official company project or sustainability page | annual or sustainability report | recent official press release | vendor or project case study,https://www.einbecker-brauhaus.de/leitbild-werte/nachhaltigkeit | https://www.einbecker-brauhaus.de/files/einbecker_gruppe/content/leitbild-und-werte/nachhaltigkeit/umwelterklaerung-ebag-2025.pdf | https://www.einbecker-brauhaus.de/aktionaere/berichte,brewing_boiling,R005,RECHECK_DUE,PARTIAL_EVIDENCE,UNKNOWN,PROVISIONAL,Betriebsnachweis der geplanten elektrischen Dampf-/Wärmeroute und konkreten thermischen Puffer prüfen. Canonical values and personal score approval are separate; public evidence is recorded here.,2026-10-08,2026-11-08,"Brauen, Dampferzeugung und Kälte; Erdgas/Heizöl im Kessel, Biogas aus Abwasser seit 2023. Druckluft-Wärmerückgewinnung, PV und Biogas-BHKW/Absorptionskälte belegt.",S-P05-04,0.5.0
40,P10,Oskar Lehmann GmbH & Co. KG,flexibility,TECHNICALLY_RELEVANT,RESEARCH_REQUIRED,RESEARCH,B,flexibility_solution_deployed,UNKNOWN,"Are load-management, demand-response or documented controllable-load arrangements already operating at Oskar Lehmann GmbH & Co. KG?",MEDIUM,HIGH,"Direct deployment evidence can still change the commercial status, while technical importance determines when the research should be performed.",RQ04_RELEVANT_DEPLOYMENT_CHECK,"Technical relevance is visible, but either its level or the evidence confidence does not meet the high-priority rule.",official company project or sustainability page | annual or sustainability report | recent official press release | vendor or project case study | load-management reference | demand-response programme record,https://www.oskar-lehmann.de/en/areas-of-expertise.html | https://www.oskar-lehmann.de/en/download-en.html | https://www.ihk.de/ostwestfalen/ihre-ihk/presse/pressemeldungen/pressemeldungen2022/ihks-starten-klimainitiative-6981412,injection_moulding,R008,RECHECK_DUE,NOT_FOUND_AFTER_CHECK,UNKNOWN,PROVISIONAL,"Keep flexibility_solution_deployed=UNKNOWN and commercial_status=RESEARCH_REQUIRED; LEEN participation, shift operation and BDE data are not deployment evidence for flexibility.",2026-09-13,2027-03-13,"Historical evidence confirms LEEN participation, energy-cost savings and a BDE system for production data. None of the checked sources directly documents load management, demand response, flexibility-market participation or controllable-load operation.",S-P10-08 | S-P10-09,0.5.0
41,P100,Kläger Spritzguss GmbH & Co. KG,flexibility,TECHNICALLY_RELEVANT,RESEARCH_REQUIRED,RESEARCH,B,flexibility_solution_deployed,UNKNOWN,"Are load-management, demand-response or documented controllable-load arrangements already operating at Kläger Spritzguss GmbH & Co. KG?",MEDIUM,HIGH,"Direct deployment evidence can still change the commercial status, while technical importance determines when the research should be performed.",RQ04_RELEVANT_DEPLOYMENT_CHECK,"Technical relevance is visible, but either its level or the evidence confidence does not meet the high-priority rule.",official company project or sustainability page | annual or sustainability report | recent official press release | vendor or project case study | load-management reference | demand-response programme record,https://kunststoffspritzguss-produzent.de/ | https://klaeger.de/|https://klaeger.de/unternehmen/nachhaltikgeit/|https://klaeger.de/wp-content/uploads/Maschinenpark-Klaeger_2023.pdf|https://klaeger.de/wp-content/uploads/Prozessbeschreibung-Keramikspritzguss.pdf|https://klaeger-group.com/news/automatisierung-neue-spritzgussmaschine/|https://klaeger.de/downloads-2/,injection_moulding,R008,RECHECK_DUE,PARTIAL_EVIDENCE,UNKNOWN,PROVISIONAL,"Verbraucher der Rückgewinnung, genaue Brennstoffe und datierte abgeschlossene Investitionen beim eigenen Werk prüfen. Canonical values and personal score approval are separate; public evidence is recorded here.",2026-10-08,2026-11-08,"Kunststoff- und Keramikspritzguss, Entbindern und Sintern; aktuelle Sinterenergieträger fehlen. Eigene PV und Rückgewinnung für Gebäudeheizung belegt; neue Maschine der anderen Gruppengesellschaft nicht zurechnen.",S-P100-03 | S-P100-05,0.5.0
42,P100,Kläger Spritzguss GmbH & Co. KG,thermal_storage,TECHNICALLY_RELEVANT,RESEARCH_REQUIRED,RESEARCH,B,thermal_storage_deployed,UNKNOWN,Is thermal storage publicly documented as deployed at Kläger Spritzguss GmbH & Co. KG?,MEDIUM,HIGH,"Direct deployment evidence can still change the commercial status, while technical importance determines when the research should be performed.",RQ04_RELEVANT_DEPLOYMENT_CHECK,"Technical relevance is visible, but either its level or the evidence confidence does not meet the high-priority rule.",official company project or sustainability page | annual or sustainability report | recent official press release | vendor or project case study,https://kunststoffspritzguss-produzent.de/ | https://klaeger.de/|https://klaeger.de/unternehmen/nachhaltikgeit/|https://klaeger.de/wp-content/uploads/Maschinenpark-Klaeger_2023.pdf|https://klaeger.de/wp-content/uploads/Prozessbeschreibung-Keramikspritzguss.pdf|https://klaeger-group.com/news/automatisierung-neue-spritzgussmaschine/|https://klaeger.de/downloads-2/,ceramic_firing,R005,RECHECK_DUE,PARTIAL_EVIDENCE,UNKNOWN,PROVISIONAL,"Verbraucher der Rückgewinnung, genaue Brennstoffe und datierte abgeschlossene Investitionen beim eigenen Werk prüfen. Canonical values and personal score approval are separate; public evidence is recorded here.",2026-10-08,2026-11-08,"Kunststoff- und Keramikspritzguss, Entbindern und Sintern; aktuelle Sinterenergieträger fehlen. Eigene PV und Rückgewinnung für Gebäudeheizung belegt; neue Maschine der anderen Gruppengesellschaft nicht zurechnen.",S-P100-03 | S-P100-05,0.5.0
43,P101,Metoba Metalloberflächenbearbeitung GmbH,flexibility,TECHNICALLY_RELEVANT,RESEARCH_REQUIRED,RESEARCH,B,flexibility_solution_deployed,UNKNOWN,"Are load-management, demand-response or documented controllable-load arrangements already operating at Metoba Metalloberflächenbearbeitung GmbH?",MEDIUM,HIGH,"Direct deployment evidence can still change the commercial status, while technical importance determines when the research should be performed.",RQ04_RELEVANT_DEPLOYMENT_CHECK,"Technical relevance is visible, but either its level or the evidence confidence does not meet the high-priority rule.",official company project or sustainability page | annual or sustainability report | recent official press release | vendor or project case study | load-management reference | demand-response programme record,https://www.metoba.de/impressum/ | https://www.metoba.de/|https://www.metoba.de/wp-content/uploads/2019/10/Metoba-Imagebrosch%C3%BCre.pdf|https://www.metoba.de/emas-registrierungsurkunde-2025/|https://www.gws-mk.de/oekoprofit-workshop-nachhaltigkeit-und-ressourceneffizienz-im-fokus/|https://www.emas.de/fileadmin/user_upload/4-daten-stat/EMAS-TN-Register.pdf,electroplating,R008,OPEN,,,,,,,,,0.5.0
44,P101,Metoba Metalloberflächenbearbeitung GmbH,power_quality,TECHNICALLY_RELEVANT,RESEARCH_REQUIRED,RESEARCH,C,power_quality_solution_deployed,UNKNOWN,Is power quality publicly documented as deployed at Metoba Metalloberflächenbearbeitung GmbH?,MEDIUM,HIGH,"Direct deployment evidence can still change the commercial status, while technical importance determines when the research should be performed.",RQ04_RELEVANT_DEPLOYMENT_CHECK,"Technical relevance is visible, but either its level or the evidence confidence does not meet the high-priority rule.",official company project or sustainability page | annual or sustainability report | recent official press release | vendor or project case study,https://www.metoba.de/impressum/ | https://www.metoba.de/|https://www.metoba.de/wp-content/uploads/2019/10/Metoba-Imagebrosch%C3%BCre.pdf|https://www.metoba.de/emas-registrierungsurkunde-2025/|https://www.gws-mk.de/oekoprofit-workshop-nachhaltigkeit-und-ressourceneffizienz-im-fokus/|https://www.emas.de/fileadmin/user_upload/4-daten-stat/EMAS-TN-Register.pdf,electroplating,R006,OPEN,,,,,,,,,0.5.0
45,P102,Rudolf Clauss GmbH & Co. KG,flexibility,TECHNICALLY_RELEVANT,RESEARCH_REQUIRED,RESEARCH,B,flexibility_solution_deployed,UNKNOWN,"Are load-management, demand-response or documented controllable-load arrangements already operating at Rudolf Clauss GmbH & Co. KG?",MEDIUM,HIGH,"Direct deployment evidence can still change the commercial status, while technical importance determines when the research should be performed.",RQ04_RELEVANT_DEPLOYMENT_CHECK,"Technical relevance is visible, but either its level or the evidence confidence does not meet the high-priority rule.",official company project or sustainability page | annual or sustainability report | recent official press release | vendor or project case study | load-management reference | demand-response programme record,https://www.rudolf-clauss.de/ | https://www.rudolf-clauss.de/|https://www.rudolf-clauss.de/de/nachhaltigkeit/,electroplating,R008,OPEN,,,,,,,,,0.5.0
46,P102,Rudolf Clauss GmbH & Co. KG,power_quality,TECHNICALLY_RELEVANT,RESEARCH_REQUIRED,RESEARCH,C,power_quality_solution_deployed,UNKNOWN,Is power quality publicly documented as deployed at Rudolf Clauss GmbH & Co. KG?,MEDIUM,HIGH,"Direct deployment evidence can still change the commercial status, while technical importance determines when the research should be performed.",RQ04_RELEVANT_DEPLOYMENT_CHECK,"Technical relevance is visible, but either its level or the evidence confidence does not meet the high-priority rule.",official company project or sustainability page | annual or sustainability report | recent official press release | vendor or project case study,https://www.rudolf-clauss.de/ | https://www.rudolf-clauss.de/|https://www.rudolf-clauss.de/de/nachhaltigkeit/,electroplating,R006,OPEN,,,,,,,,,0.5.0
47,P103,Metallveredelung Gebrüder Wigl GmbH,flexibility,TECHNICALLY_RELEVANT,RESEARCH_REQUIRED,RESEARCH,B,flexibility_solution_deployed,UNKNOWN,"Are load-management, demand-response or documented controllable-load arrangements already operating at Metallveredelung Gebrüder Wigl GmbH?",MEDIUM,HIGH,"Direct deployment evidence can still change the commercial status, while technical importance determines when the research should be performed.",RQ04_RELEVANT_DEPLOYMENT_CHECK,"Technical relevance is visible, but either its level or the evidence confidence does not meet the high-priority rule.",official company project or sustainability page | annual or sustainability report | recent official press release | vendor or project case study | load-management reference | demand-response programme record,https://www.wigl-gmbh.de/ | https://www.wigl-gmbh.de/|https://www.wigl-gmbh.de/professionelle-oberflaechenveredelung/|https://www.wigl-gmbh.de/zertifikate/|https://www.wigl-gmbh.de/wp-content/uploads/Wigl_GmbH_Zertifikat_Oeko_Werk_1.pdf|https://www.wigl-gmbh.de/wp-content/uploads/Wigl_GmbH_Zertifikat_Oeko_Werk_2.pdf,anodising,R008,OPEN,,,,,,,,,0.5.0
48,P103,Metallveredelung Gebrüder Wigl GmbH,power_quality,TECHNICALLY_RELEVANT,RESEARCH_REQUIRED,RESEARCH,C,power_quality_solution_deployed,UNKNOWN,Is power quality publicly documented as deployed at Metallveredelung Gebrüder Wigl GmbH?,MEDIUM,HIGH,"Direct deployment evidence can still change the commercial status, while technical importance determines when the research should be performed.",RQ04_RELEVANT_DEPLOYMENT_CHECK,"Technical relevance is visible, but either its level or the evidence confidence does not meet the high-priority rule.",official company project or sustainability page | annual or sustainability report | recent official press release | vendor or project case study,https://www.wigl-gmbh.de/ | https://www.wigl-gmbh.de/|https://www.wigl-gmbh.de/professionelle-oberflaechenveredelung/|https://www.wigl-gmbh.de/zertifikate/|https://www.wigl-gmbh.de/wp-content/uploads/Wigl_GmbH_Zertifikat_Oeko_Werk_1.pdf|https://www.wigl-gmbh.de/wp-content/uploads/Wigl_GmbH_Zertifikat_Oeko_Werk_2.pdf,anodising,R006,OPEN,,,,,,,,,0.5.0
49,P104,Holder GmbH Oberflächentechnik,flexibility,TECHNICALLY_RELEVANT,RESEARCH_REQUIRED,RESEARCH,B,flexibility_solution_deployed,UNKNOWN,"Are load-management, demand-response or documented controllable-load arrangements already operating at Holder GmbH Oberflächentechnik?",MEDIUM,HIGH,"Direct deployment evidence can still change the commercial status, while technical importance determines when the research should be performed.",RQ04_RELEVANT_DEPLOYMENT_CHECK,"Technical relevance is visible, but either its level or the evidence confidence does not meet the high-priority rule.",official company project or sustainability page | annual or sustainability report | recent official press release | vendor or project case study | load-management reference | demand-response programme record,https://holder-oft.de/impressum/ | https://holder-oft.de/|https://holder-oft.de/kompetenzzentrum/zertifikate/|https://holder-oft.de/unternehmen/qualitaet-und-umwelt/|https://holder-oft.de/oberflaechenverfahren/waermebehandlung-von-aluminium/|https://holder-oft.de/wp-content/uploads/Zertifikat-ISO-500012018-2025.pdf|https://holder-oft.de/wp-content/uploads/Zertifikat-ISO-140012015-2025.pdf,electroplating,R008,OPEN,,,,,,,,,0.5.0
50,P104,Holder GmbH Oberflächentechnik,power_quality,TECHNICALLY_RELEVANT,RESEARCH_REQUIRED,RESEARCH,C,power_quality_solution_deployed,UNKNOWN,Is power quality publicly documented as deployed at Holder GmbH Oberflächentechnik?,MEDIUM,HIGH,"Direct deployment evidence can still change the commercial status, while technical importance determines when the research should be performed.",RQ04_RELEVANT_DEPLOYMENT_CHECK,"Technical relevance is visible, but either its level or the evidence confidence does not meet the high-priority rule.",official company project or sustainability page | annual or sustainability report | recent official press release | vendor or project case study,https://holder-oft.de/impressum/ | https://holder-oft.de/|https://holder-oft.de/kompetenzzentrum/zertifikate/|https://holder-oft.de/unternehmen/qualitaet-und-umwelt/|https://holder-oft.de/oberflaechenverfahren/waermebehandlung-von-aluminium/|https://holder-oft.de/wp-content/uploads/Zertifikat-ISO-500012018-2025.pdf|https://holder-oft.de/wp-content/uploads/Zertifikat-ISO-140012015-2025.pdf,electroplating,R006,OPEN,,,,,,,,,0.5.0
51,P105,Dresdner Silber und Metallveredlung GmbH,flexibility,TECHNICALLY_RELEVANT,RESEARCH_REQUIRED,RESEARCH,B,flexibility_solution_deployed,UNKNOWN,"Are load-management, demand-response or documented controllable-load arrangements already operating at Dresdner Silber und Metallveredlung GmbH?",MEDIUM,HIGH,"Direct deployment evidence can still change the commercial status, while technical importance determines when the research should be performed.",RQ04_RELEVANT_DEPLOYMENT_CHECK,"Technical relevance is visible, but either its level or the evidence confidence does not meet the high-priority rule.",official company project or sustainability page | annual or sustainability report | recent official press release | vendor or project case study | load-management reference | demand-response programme record,https://www.dresdnersilber.de/impressum/ | https://www.dresdnersilber.de/|https://www.dresdnersilber.de/de/zertifikate|https://osscs.industrystock.com/51124/Zertifikat-ISO-14001-2015.PDF.pdf|https://www.ihk.de/dresden/servicenavigation/presse-publikationen/meldungen/engagement-fuer-umwelt-und-klima-erneut-ausgezeichnet-7172602,electroplating,R008,OPEN,,,,,,,,,0.5.0
52,P105,Dresdner Silber und Metallveredlung GmbH,power_quality,TECHNICALLY_RELEVANT,RESEARCH_REQUIRED,RESEARCH,C,power_quality_solution_deployed,UNKNOWN,Is power quality publicly documented as deployed at Dresdner Silber und Metallveredlung GmbH?,MEDIUM,HIGH,"Direct deployment evidence can still change the commercial status, while technical importance determines when the research should be performed.",RQ04_RELEVANT_DEPLOYMENT_CHECK,"Technical relevance is visible, but either its level or the evidence confidence does not meet the high-priority rule.",official company project or sustainability page | annual or sustainability report | recent official press release | vendor or project case study,https://www.dresdnersilber.de/impressum/ | https://www.dresdnersilber.de/|https://www.dresdnersilber.de/de/zertifikate|https://osscs.industrystock.com/51124/Zertifikat-ISO-14001-2015.PDF.pdf|https://www.ihk.de/dresden/servicenavigation/presse-publikationen/meldungen/engagement-fuer-umwelt-und-klima-erneut-ausgezeichnet-7172602,electroplating,R006,OPEN,,,,,,,,,0.5.0
53,P107,Dibbern Porzellanmanufaktur GmbH,flexibility,TECHNICALLY_RELEVANT,RESEARCH_REQUIRED,RESEARCH,B,flexibility_solution_deployed,UNKNOWN,"Are load-management, demand-response or documented controllable-load arrangements already operating at Dibbern Porzellanmanufaktur GmbH?",MEDIUM,HIGH,"Direct deployment evidence can still change the commercial status, while technical importance determines when the research should be performed.",RQ04_RELEVANT_DEPLOYMENT_CHECK,"Technical relevance is visible, but either its level or the evidence confidence does not meet the high-priority rule.",official company project or sustainability page | annual or sustainability report | recent official press release | vendor or project case study | load-management reference | demand-response programme record,https://www.dibbern.de/en/about-us/ | https://www.dibbern.de/en/about-dibbern/manufactory/,ceramic_firing,R008,OPEN,,,,,,,,,0.5.0
54,P107,Dibbern Porzellanmanufaktur GmbH,thermal_storage,TECHNICALLY_RELEVANT,RESEARCH_REQUIRED,RESEARCH,B,thermal_storage_deployed,UNKNOWN,Is thermal storage publicly documented as deployed at Dibbern Porzellanmanufaktur GmbH?,MEDIUM,HIGH,"Direct deployment evidence can still change the commercial status, while technical importance determines when the research should be performed.",RQ04_RELEVANT_DEPLOYMENT_CHECK,"Technical relevance is visible, but either its level or the evidence confidence does not meet the high-priority rule.",official company project or sustainability page | annual or sustainability report | recent official press release | vendor or project case study,https://www.dibbern.de/en/about-us/ | https://www.dibbern.de/en/about-dibbern/manufactory/,ceramic_firing,R005,OPEN,,,,,,,,,0.5.0
55,P108,Porzellanmanufaktur Reichenbach GmbH,flexibility,TECHNICALLY_RELEVANT,RESEARCH_REQUIRED,RESEARCH,B,flexibility_solution_deployed,UNKNOWN,"Are load-management, demand-response or documented controllable-load arrangements already operating at Porzellanmanufaktur Reichenbach GmbH?",MEDIUM,HIGH,"Direct deployment evidence can still change the commercial status, while technical importance determines when the research should be performed.",RQ04_RELEVANT_DEPLOYMENT_CHECK,"Technical relevance is visible, but either its level or the evidence confidence does not meet the high-priority rule.",official company project or sustainability page | annual or sustainability report | recent official press release | vendor or project case study | load-management reference | demand-response programme record,https://reichenbach-porzellan.de/ | https://reichenbach-porzellan.de/manufaktur/|https://reichenbach-porzellan.de/portfolio/brennen/|https://reichenbach-porzellan.de/nachhaltigkeit-ist-kein-produkttrend/,ceramic_firing,R008,OPEN,,,,,,,,,0.5.0
56,P108,Porzellanmanufaktur Reichenbach GmbH,thermal_storage,TECHNICALLY_RELEVANT,RESEARCH_REQUIRED,RESEARCH,B,thermal_storage_deployed,UNKNOWN,Is thermal storage publicly documented as deployed at Porzellanmanufaktur Reichenbach GmbH?,MEDIUM,HIGH,"Direct deployment evidence can still change the commercial status, while technical importance determines when the research should be performed.",RQ04_RELEVANT_DEPLOYMENT_CHECK,"Technical relevance is visible, but either its level or the evidence confidence does not meet the high-priority rule.",official company project or sustainability page | annual or sustainability report | recent official press release | vendor or project case study,https://reichenbach-porzellan.de/ | https://reichenbach-porzellan.de/manufaktur/|https://reichenbach-porzellan.de/portfolio/brennen/|https://reichenbach-porzellan.de/nachhaltigkeit-ist-kein-produkttrend/,ceramic_firing,R005,OPEN,,,,,,,,,0.5.0
57,P109,Porzellan Manufaktur Nymphenburg GmbH & Co. KG,flexibility,TECHNICALLY_RELEVANT,RESEARCH_REQUIRED,RESEARCH,B,flexibility_solution_deployed,UNKNOWN,"Are load-management, demand-response or documented controllable-load arrangements already operating at Porzellan Manufaktur Nymphenburg GmbH & Co. KG?",MEDIUM,HIGH,"Direct deployment evidence can still change the commercial status, while technical importance determines when the research should be performed.",RQ04_RELEVANT_DEPLOYMENT_CHECK,"Technical relevance is visible, but either its level or the evidence confidence does not meet the high-priority rule.",official company project or sustainability page | annual or sustainability report | recent official press release | vendor or project case study | load-management reference | demand-response programme record,https://www.nymphenburg.com/policies/legal-notice | https://www.nymphenburg.com/|https://www.nymphenburg.com/pages/brennerei|https://www.nymphenburg.com/pages/wasserkraft|https://www.nymphenburg.com/pages/qualitatsversprechen,ceramic_firing,R008,OPEN,,,,,,,,,0.5.0
58,P109,Porzellan Manufaktur Nymphenburg GmbH & Co. KG,thermal_storage,TECHNICALLY_RELEVANT,RESEARCH_REQUIRED,RESEARCH,B,thermal_storage_deployed,UNKNOWN,Is thermal storage publicly documented as deployed at Porzellan Manufaktur Nymphenburg GmbH & Co. KG?,MEDIUM,HIGH,"Direct deployment evidence can still change the commercial status, while technical importance determines when the research should be performed.",RQ04_RELEVANT_DEPLOYMENT_CHECK,"Technical relevance is visible, but either its level or the evidence confidence does not meet the high-priority rule.",official company project or sustainability page | annual or sustainability report | recent official press release | vendor or project case study,https://www.nymphenburg.com/policies/legal-notice | https://www.nymphenburg.com/|https://www.nymphenburg.com/pages/brennerei|https://www.nymphenburg.com/pages/wasserkraft|https://www.nymphenburg.com/pages/qualitatsversprechen,ceramic_firing,R005,OPEN,,,,,,,,,0.5.0
59,P11,B+T Oberflächentechnik GmbH,flexibility,TECHNICALLY_RELEVANT,RESEARCH_REQUIRED,RESEARCH,B,flexibility_solution_deployed,UNKNOWN,"Are load-management, demand-response or documented controllable-load arrangements already operating at B+T Oberflächentechnik GmbH?",MEDIUM,HIGH,"Direct deployment evidence can still change the commercial status, while technical importance determines when the research should be performed.",RQ04_RELEVANT_DEPLOYMENT_CHECK,"Technical relevance is visible, but either its level or the evidence confidence does not meet the high-priority rule.",official company project or sustainability page | annual or sustainability report | recent official press release | vendor or project case study | load-management reference | demand-response programme record,https://bt-unternehmensgruppe.de/175jahre | https://bt-unternehmensgruppe.de/mitmachworkshop22 | https://bt-unternehmensgruppe.de/assets/bt-unternehmensgruppe.de/downloads/2026_14001-50001-ENGUS-UKAS.pdf,electroplating,R008,OPEN,,,,,,,,,0.5.0
60,P11,B+T Oberflächentechnik GmbH,power_quality,TECHNICALLY_RELEVANT,RESEARCH_REQUIRED,RESEARCH,C,power_quality_solution_deployed,UNKNOWN,Is power quality publicly documented as deployed at B+T Oberflächentechnik GmbH?,MEDIUM,HIGH,"Direct deployment evidence can still change the commercial status, while technical importance determines when the research should be performed.",RQ04_RELEVANT_DEPLOYMENT_CHECK,"Technical relevance is visible, but either its level or the evidence confidence does not meet the high-priority rule.",official company project or sustainability page | annual or sustainability report | recent official press release | vendor or project case study,https://bt-unternehmensgruppe.de/175jahre | https://bt-unternehmensgruppe.de/mitmachworkshop22 | https://bt-unternehmensgruppe.de/assets/bt-unternehmensgruppe.de/downloads/2026_14001-50001-ENGUS-UKAS.pdf,electroplating,R006,OPEN,,,,,,,,,0.5.0
61,P12,Richard Henkel GmbH,flexibility,TECHNICALLY_RELEVANT,RESEARCH_REQUIRED,RESEARCH,B,flexibility_solution_deployed,UNKNOWN,"Are load-management, demand-response or documented controllable-load arrangements already operating at Richard Henkel GmbH?",MEDIUM,HIGH,"Direct deployment evidence can still change the commercial status, while technical importance determines when the research should be performed.",RQ04_RELEVANT_DEPLOYMENT_CHECK,"Technical relevance is visible, but either its level or the evidence confidence does not meet the high-priority rule.",official company project or sustainability page | annual or sustainability report | recent official press release | vendor or project case study | load-management reference | demand-response programme record,https://www.richard-henkel.de/impressum.html | https://www.richard-henkel.de/oberfl%C3%A4chentechnik.html | https://www.richard-henkel.de/downloads.html?file=files/downloads/2024_Umwelterklaerung_Richard_Henkel.pdf | https://www.richard-henkel.de/downloads.html?file=files/downloads/EMAS+Urkunde_bis_2026.pdf,powder_coating,R008,RECHECK_DUE,PARTIAL_EVIDENCE,UNKNOWN,PROVISIONAL,Aktuelle Wärmeversorgung und nutzbare Heiß-/Kaltwasserpuffer mit Betriebsfenstern klären; EMAS-Nachfolge prüfen. Canonical values and personal score approval are separate; public evidence is recorded here.,2026-10-08,2026-11-08,Oberflächenbehandlung mit Flüssiggas; elektrische Reserve/Batterieplanung ist kein thermischer Speicher. Druckluftoptimierung dokumentiert. Vorliegende EMAS-Urkunde abgelaufen; neuer Nachweis weiterhin zu prüfen.,S-P12-03,0.5.0
62,P13,Schmalriede-Zink GmbH,flexibility,TECHNICALLY_RELEVANT,RESEARCH_REQUIRED,RESEARCH,B,flexibility_solution_deployed,UNKNOWN,"Are load-management, demand-response or documented controllable-load arrangements already operating at Schmalriede-Zink GmbH?",MEDIUM,HIGH,"Direct deployment evidence can still change the commercial status, while technical importance determines when the research should be performed.",RQ04_RELEVANT_DEPLOYMENT_CHECK,"Technical relevance is visible, but either its level or the evidence confidence does not meet the high-priority rule.",official company project or sustainability page | annual or sustainability report | recent official press release | vendor or project case study | load-management reference | demand-response programme record,https://www.schmalriede.de/impressum | https://www.schmalriede.de/unternehmen | https://www.schmalriede.de/ | https://www.schmalriede.de/unternehmen/downloads-/-zertifikate | https://www.schmalriede.de/fileadmin/user_upload/Downloads_zertifikate/Zertifikat_14001_2026-2029.pdf | https://www.schmalriede.de/unternehmen/umwelt-qualitaetsmanagement,electroplating,R008,OPEN,,,,,,,,,0.5.0
63,P13,Schmalriede-Zink GmbH,power_quality,TECHNICALLY_RELEVANT,RESEARCH_REQUIRED,RESEARCH,C,power_quality_solution_deployed,UNKNOWN,Is power quality publicly documented as deployed at Schmalriede-Zink GmbH?,MEDIUM,HIGH,"Direct deployment evidence can still change the commercial status, while technical importance determines when the research should be performed.",RQ04_RELEVANT_DEPLOYMENT_CHECK,"Technical relevance is visible, but either its level or the evidence confidence does not meet the high-priority rule.",official company project or sustainability page | annual or sustainability report | recent official press release | vendor or project case study,https://www.schmalriede.de/impressum | https://www.schmalriede.de/unternehmen | https://www.schmalriede.de/ | https://www.schmalriede.de/unternehmen/downloads-/-zertifikate | https://www.schmalriede.de/fileadmin/user_upload/Downloads_zertifikate/Zertifikat_14001_2026-2029.pdf | https://www.schmalriede.de/unternehmen/umwelt-qualitaetsmanagement,electroplating,R006,OPEN,,,,,,,,,0.5.0
64,P15,ELOXAL BARZ GmbH & Co KG,flexibility,TECHNICALLY_RELEVANT,RESEARCH_REQUIRED,RESEARCH,B,flexibility_solution_deployed,UNKNOWN,"Are load-management, demand-response or documented controllable-load arrangements already operating at ELOXAL BARZ GmbH & Co KG?",MEDIUM,HIGH,"Direct deployment evidence can still change the commercial status, while technical importance determines when the research should be performed.",RQ04_RELEVANT_DEPLOYMENT_CHECK,"Technical relevance is visible, but either its level or the evidence confidence does not meet the high-priority rule.",official company project or sustainability page | annual or sustainability report | recent official press release | vendor or project case study | load-management reference | demand-response programme record,https://eloxal-barz.de/ | https://fusionbase.com/de/data/organization/4c73ef37b41ee4186a5fcce34e18f119/eloxal-barz-gmbh-%26-co.-kg | https://www.initiative-co2.de/wp-content/uploads/2016/01/InitiativeCO2_Projekthandbuch_2016_Georg_Fischer.pdf | https://www.xing.com/profile/Sina_Barz,anodising,R008,OPEN,,,,,,,,,0.5.0
65,P15,ELOXAL BARZ GmbH & Co KG,power_quality,TECHNICALLY_RELEVANT,RESEARCH_REQUIRED,RESEARCH,C,power_quality_solution_deployed,UNKNOWN,Is power quality publicly documented as deployed at ELOXAL BARZ GmbH & Co KG?,MEDIUM,HIGH,"Direct deployment evidence can still change the commercial status, while technical importance determines when the research should be performed.",RQ04_RELEVANT_DEPLOYMENT_CHECK,"Technical relevance is visible, but either its level or the evidence confidence does not meet the high-priority rule.",official company project or sustainability page | annual or sustainability report | recent official press release | vendor or project case study,https://eloxal-barz.de/ | https://fusionbase.com/de/data/organization/4c73ef37b41ee4186a5fcce34e18f119/eloxal-barz-gmbh-%26-co.-kg | https://www.initiative-co2.de/wp-content/uploads/2016/01/InitiativeCO2_Projekthandbuch_2016_Georg_Fischer.pdf | https://www.xing.com/profile/Sina_Barz,anodising,R006,OPEN,,,,,,,,,0.5.0
66,P16,Sembach GmbH & Co. KG,flexibility,TECHNICALLY_RELEVANT,RESEARCH_REQUIRED,RESEARCH,B,flexibility_solution_deployed,UNKNOWN,"Are load-management, demand-response or documented controllable-load arrangements already operating at Sembach GmbH & Co. KG?",MEDIUM,HIGH,"Direct deployment evidence can still change the commercial status, while technical importance determines when the research should be performed.",RQ04_RELEVANT_DEPLOYMENT_CHECK,"Technical relevance is visible, but either its level or the evidence confidence does not meet the high-priority rule.",official company project or sustainability page | annual or sustainability report | recent official press release | vendor or project case study | load-management reference | demand-response programme record,https://www.sembach.de/en/imprint/ | https://www.sembach.de/en/company/ | https://www.sembach.de/en/production/ | https://www.sembach.de/wp-content/uploads/ISO-50001-bis-2028-E.pdf | https://www.sembach.de/wp-content/uploads/ISO-14001-bis-2028-E.pdf,ceramic_firing,R008,OPEN,,,,,,,,,0.5.0
67,P16,Sembach GmbH & Co. KG,thermal_storage,TECHNICALLY_RELEVANT,RESEARCH_REQUIRED,RESEARCH,B,thermal_storage_deployed,UNKNOWN,Is thermal storage publicly documented as deployed at Sembach GmbH & Co. KG?,MEDIUM,HIGH,"Direct deployment evidence can still change the commercial status, while technical importance determines when the research should be performed.",RQ04_RELEVANT_DEPLOYMENT_CHECK,"Technical relevance is visible, but either its level or the evidence confidence does not meet the high-priority rule.",official company project or sustainability page | annual or sustainability report | recent official press release | vendor or project case study,https://www.sembach.de/en/imprint/ | https://www.sembach.de/en/company/ | https://www.sembach.de/en/production/ | https://www.sembach.de/wp-content/uploads/ISO-50001-bis-2028-E.pdf | https://www.sembach.de/wp-content/uploads/ISO-14001-bis-2028-E.pdf,ceramic_firing,R005,OPEN,,,,,,,,,0.5.0
68,P18,Glashütte Lamberts Waldsassen GmbH,power_quality,TECHNICALLY_RELEVANT,RESEARCH_REQUIRED,RESEARCH,C,power_quality_solution_deployed,UNKNOWN,Is power quality publicly documented as deployed at Glashütte Lamberts Waldsassen GmbH?,MEDIUM,HIGH,"Direct deployment evidence can still change the commercial status, while technical importance determines when the research should be performed.",RQ04_RELEVANT_DEPLOYMENT_CHECK,"Technical relevance is visible, but either its level or the evidence confidence does not meet the high-priority rule.",official company project or sustainability page | annual or sustainability report | recent official press release | vendor or project case study,https://lamberts.de/impressum-2 | https://lamberts.de/home | https://lamberts.de/der-zukunft-verpflichtet | https://lamberts.de/files/content/Mainpage/Unsere%20Glashuette/Zukunft/Zertifikat_Z-EM-13067-2023-001_Glashuette_Lamberts_Waldsassen.pdf,glass_melting,R006,RECHECK_DUE,PARTIAL_EVIDENCE,UNKNOWN,PROVISIONAL,"Elektrische Zusatzheizung/Schmelzroute, Netzanschluss sowie Schmelz-/Kühlfahrplan und aktuelle Investitionsabschlüsse prüfen. Canonical values and personal score approval are separate; public evidence is recorded here.",2026-10-08,2026-11-08,Glasherstellung: 1.450 °C und 14 Stunden Schmelzen; Gaswärme nicht durch elektrische Antriebe als elektrifiziert einstufen. Laufende Ofenantriebe und Steuerungen sind jetzt direkt belegt; zwei Feldvorschläge neu prüfbar.,S-P18-05 | S-P18-06,0.5.0
69,P18,Glashütte Lamberts Waldsassen GmbH,thermal_storage,TECHNICALLY_RELEVANT,RESEARCH_REQUIRED,RESEARCH,B,thermal_storage_deployed,UNKNOWN,Is thermal storage publicly documented as deployed at Glashütte Lamberts Waldsassen GmbH?,MEDIUM,HIGH,"Direct deployment evidence can still change the commercial status, while technical importance determines when the research should be performed.",RQ04_RELEVANT_DEPLOYMENT_CHECK,"Technical relevance is visible, but either its level or the evidence confidence does not meet the high-priority rule.",official company project or sustainability page | annual or sustainability report | recent official press release | vendor or project case study,https://lamberts.de/impressum-2 | https://lamberts.de/home | https://lamberts.de/der-zukunft-verpflichtet | https://lamberts.de/files/content/Mainpage/Unsere%20Glashuette/Zukunft/Zertifikat_Z-EM-13067-2023-001_Glashuette_Lamberts_Waldsassen.pdf,glass_melting,R005,RECHECK_DUE,PARTIAL_EVIDENCE,UNKNOWN,PROVISIONAL,"Elektrische Zusatzheizung/Schmelzroute, Netzanschluss sowie Schmelz-/Kühlfahrplan und aktuelle Investitionsabschlüsse prüfen. Canonical values and personal score approval are separate; public evidence is recorded here.",2026-10-08,2026-11-08,Glasherstellung: 1.450 °C und 14 Stunden Schmelzen; Gaswärme nicht durch elektrische Antriebe als elektrifiziert einstufen. Laufende Ofenantriebe und Steuerungen sind jetzt direkt belegt; zwei Feldvorschläge neu prüfbar.,S-P18-05 | S-P18-06,0.5.0
70,P19,Glasfabrik Lamberts GmbH & Co. KG,power_quality,TECHNICALLY_RELEVANT,RESEARCH_REQUIRED,RESEARCH,C,power_quality_solution_deployed,UNKNOWN,Is power quality publicly documented as deployed at Glasfabrik Lamberts GmbH & Co. KG?,MEDIUM,HIGH,"Direct deployment evidence can still change the commercial status, while technical importance determines when the research should be performed.",RQ04_RELEVANT_DEPLOYMENT_CHECK,"Technical relevance is visible, but either its level or the evidence confidence does not meet the high-priority rule.",official company project or sustainability page | annual or sustainability report | recent official press release | vendor or project case study,https://www.lamberts.info/impressum | https://www.lamberts.info/unternehmen | https://www.lamberts.info/en/iecoglass/ecology | https://www.lamberts.info/fileadmin/user_upload/ecoglass/ISO_50001_Zertifizierung__Energiemanagement__062028.pdf | https://www.lamberts.info/fileadmin/user_upload/ecoglass/ISO_14001_Zertifizierung_ab_2024_Umweltmanagement.pdf | https://www.frankenpost.de/inhalt.freudige-nachricht-rieseninvestition-in-holenbrunn.54fc6b3d-9ea0-4a78-96f6-b22af96cd3b1.html,glass_melting,R006,OPEN,,,,,,,,,0.5.0
71,P20,DERIX Glasstudios GmbH & Co. KG,flexibility,TECHNICALLY_RELEVANT,RESEARCH_REQUIRED,RESEARCH,B,flexibility_solution_deployed,UNKNOWN,"Are load-management, demand-response or documented controllable-load arrangements already operating at DERIX Glasstudios GmbH & Co. KG?",MEDIUM,HIGH,"Direct deployment evidence can still change the commercial status, while technical importance determines when the research should be performed.",RQ04_RELEVANT_DEPLOYMENT_CHECK,"Technical relevance is visible, but either its level or the evidence confidence does not meet the high-priority rule.",official company project or sustainability page | annual or sustainability report | recent official press release | vendor or project case study | load-management reference | demand-response programme record,https://www.derix.com/impressum | https://exportpreis-hessen.de/2019-235/ | https://www.derix.com/heissversformen,ceramic_firing,R008,OPEN,,,,,,,,,0.5.0
72,P20,DERIX Glasstudios GmbH & Co. KG,thermal_storage,TECHNICALLY_RELEVANT,RESEARCH_REQUIRED,RESEARCH,B,thermal_storage_deployed,UNKNOWN,Is thermal storage publicly documented as deployed at DERIX Glasstudios GmbH & Co. KG?,MEDIUM,HIGH,"Direct deployment evidence can still change the commercial status, while technical importance determines when the research should be performed.",RQ04_RELEVANT_DEPLOYMENT_CHECK,"Technical relevance is visible, but either its level or the evidence confidence does not meet the high-priority rule.",official company project or sustainability page | annual or sustainability report | recent official press release | vendor or project case study,https://www.derix.com/impressum | https://exportpreis-hessen.de/2019-235/ | https://www.derix.com/heissversformen,ceramic_firing,R005,OPEN,,,,,,,,,0.5.0
73,P21,Privatbrauerei MORITZ FIEGE GmbH & Co. KG,flexibility,TECHNICALLY_RELEVANT,RESEARCH_REQUIRED,RESEARCH,B,flexibility_solution_deployed,UNKNOWN,"Are load-management, demand-response or documented controllable-load arrangements already operating at Privatbrauerei MORITZ FIEGE GmbH & Co. KG?",MEDIUM,HIGH,"Direct deployment evidence can still change the commercial status, while technical importance determines when the research should be performed.",RQ04_RELEVANT_DEPLOYMENT_CHECK,"Technical relevance is visible, but either its level or the evidence confidence does not meet the high-priority rule.",official company project or sustainability page | annual or sustainability report | recent official press release | vendor or project case study | load-management reference | demand-response programme record,https://moritzfiege.de/ | https://www.efa.nrw/aktuell/details/foerderprogramme-belohnen-unternehmen-die-innovativ-sind-interview-mit-marc-zinkler-braumeister-und-betriebsleiter-der-privatbrauerei-moritz-fiege | https://die-deutsche-wirtschaft.de/unternehmen/privatbrauerei-moritz-fiege-gmbh-co-kg-bochum/,brewing_boiling,R008,OPEN,,,,,,,,,0.5.0
74,P21,Privatbrauerei MORITZ FIEGE GmbH & Co. KG,thermal_storage,TECHNICALLY_RELEVANT,RESEARCH_REQUIRED,RESEARCH,B,thermal_storage_deployed,UNKNOWN,Is thermal storage publicly documented as deployed at Privatbrauerei MORITZ FIEGE GmbH & Co. KG?,MEDIUM,HIGH,"Direct deployment evidence can still change the commercial status, while technical importance determines when the research should be performed.",RQ04_RELEVANT_DEPLOYMENT_CHECK,"Technical relevance is visible, but either its level or the evidence confidence does not meet the high-priority rule.",official company project or sustainability page | annual or sustainability report | recent official press release | vendor or project case study,https://moritzfiege.de/ | https://www.efa.nrw/aktuell/details/foerderprogramme-belohnen-unternehmen-die-innovativ-sind-interview-mit-marc-zinkler-braumeister-und-betriebsleiter-der-privatbrauerei-moritz-fiege | https://die-deutsche-wirtschaft.de/unternehmen/privatbrauerei-moritz-fiege-gmbh-co-kg-bochum/,brewing_boiling,R005,OPEN,,,,,,,,,0.5.0
75,P26,Barth Galvanik GmbH,flexibility,TECHNICALLY_RELEVANT,RESEARCH_REQUIRED,RESEARCH,B,flexibility_solution_deployed,UNKNOWN,"Are load-management, demand-response or documented controllable-load arrangements already operating at Barth Galvanik GmbH?",MEDIUM,HIGH,"Direct deployment evidence can still change the commercial status, while technical importance determines when the research should be performed.",RQ04_RELEVANT_DEPLOYMENT_CHECK,"Technical relevance is visible, but either its level or the evidence confidence does not meet the high-priority rule.",official company project or sustainability page | annual or sustainability report | recent official press release | vendor or project case study | load-management reference | demand-response programme record,https://barth-galvanik.de/ | https://www.surface-technology-germany.de/aussteller-produkte/aussteller/surface-technology-germany/barth-galvanik-gmbh/107846 | https://barth-galvanik.de/download/energiemanagement-iso-500012018_deutsch/ | https://barth-galvanik.de/download/din-iso-140012015-gueltig-bis-03-2024/ | https://barth-galvanik.de/waermebehandlung | https://barth-galvanik.de/waermebehandlung/induktivhaerten | https://barth-galvanik.de/oberflaechenbeschichtung/galvanische-beschichtung | https://barth-galvanik.de/downloads,electroplating,R008,OPEN,,,,,,,,,0.5.0
76,P26,Barth Galvanik GmbH,power_quality,TECHNICALLY_RELEVANT,RESEARCH_REQUIRED,RESEARCH,C,power_quality_solution_deployed,UNKNOWN,Is power quality publicly documented as deployed at Barth Galvanik GmbH?,MEDIUM,HIGH,"Direct deployment evidence can still change the commercial status, while technical importance determines when the research should be performed.",RQ04_RELEVANT_DEPLOYMENT_CHECK,"Technical relevance is visible, but either its level or the evidence confidence does not meet the high-priority rule.",official company project or sustainability page | annual or sustainability report | recent official press release | vendor or project case study,https://barth-galvanik.de/ | https://www.surface-technology-germany.de/aussteller-produkte/aussteller/surface-technology-germany/barth-galvanik-gmbh/107846 | https://barth-galvanik.de/download/energiemanagement-iso-500012018_deutsch/ | https://barth-galvanik.de/download/din-iso-140012015-gueltig-bis-03-2024/ | https://barth-galvanik.de/waermebehandlung | https://barth-galvanik.de/waermebehandlung/induktivhaerten | https://barth-galvanik.de/oberflaechenbeschichtung/galvanische-beschichtung | https://barth-galvanik.de/downloads,electroplating,R006,OPEN,,,,,,,,,0.5.0
77,P27,BCE Special Ceramics GmbH,flexibility,TECHNICALLY_RELEVANT,RESEARCH_REQUIRED,RESEARCH,B,flexibility_solution_deployed,UNKNOWN,"Are load-management, demand-response or documented controllable-load arrangements already operating at BCE Special Ceramics GmbH?",MEDIUM,HIGH,"Direct deployment evidence can still change the commercial status, while technical importance determines when the research should be performed.",RQ04_RELEVANT_DEPLOYMENT_CHECK,"Technical relevance is visible, but either its level or the evidence confidence does not meet the high-priority rule.",official company project or sustainability page | annual or sustainability report | recent official press release | vendor or project case study | load-management reference | demand-response programme record,https://www.bce-special-ceramics.com/company/ | https://www.bce-special-ceramics.com/research-project-enitec/,ceramic_firing,R008,OPEN,,,,,,,,,0.5.0
78,P27,BCE Special Ceramics GmbH,thermal_storage,TECHNICALLY_RELEVANT,RESEARCH_REQUIRED,RESEARCH,B,thermal_storage_deployed,UNKNOWN,Is thermal storage publicly documented as deployed at BCE Special Ceramics GmbH?,MEDIUM,HIGH,"Direct deployment evidence can still change the commercial status, while technical importance determines when the research should be performed.",RQ04_RELEVANT_DEPLOYMENT_CHECK,"Technical relevance is visible, but either its level or the evidence confidence does not meet the high-priority rule.",official company project or sustainability page | annual or sustainability report | recent official press release | vendor or project case study,https://www.bce-special-ceramics.com/company/ | https://www.bce-special-ceramics.com/research-project-enitec/,ceramic_firing,R005,OPEN,,,,,,,,,0.5.0
79,P28,Berg Brauerei Ulrich Zimmermann GmbH & Co. KG,flexibility,TECHNICALLY_RELEVANT,RESEARCH_REQUIRED,RESEARCH,B,flexibility_solution_deployed,UNKNOWN,"Are load-management, demand-response or documented controllable-load arrangements already operating at Berg Brauerei Ulrich Zimmermann GmbH & Co. KG?",MEDIUM,HIGH,"Direct deployment evidence can still change the commercial status, while technical importance determines when the research should be performed.",RQ04_RELEVANT_DEPLOYMENT_CHECK,"Technical relevance is visible, but either its level or the evidence confidence does not meet the high-priority rule.",official company project or sustainability page | annual or sustainability report | recent official press release | vendor or project case study | load-management reference | demand-response programme record,https://www.bergbier.de/impressum | https://www.bergbier.de/ | https://www.bergbier.de/aktuelles/blog/neues-kaeltekonzept | https://www.bergbier.de/aktuelles/blog/einweihung-unseres-neuen-bierlagers-biergartenhauses-und-schulzes-hof | https://www.bergbier.de/brauerei/bottich-gaerung | https://www.bergbier.de/brauerei/verantwortung | https://www.bergbier.de/service/downloads | https://www.bergbier.de/aktuelles/blog/dehoga-umweltcheck,brewing_boiling,R008,OPEN,,,,,,,,,0.5.0
80,P28,Berg Brauerei Ulrich Zimmermann GmbH & Co. KG,thermal_storage,TECHNICALLY_RELEVANT,RESEARCH_REQUIRED,RESEARCH,B,thermal_storage_deployed,UNKNOWN,Is thermal storage publicly documented as deployed at Berg Brauerei Ulrich Zimmermann GmbH & Co. KG?,MEDIUM,HIGH,"Direct deployment evidence can still change the commercial status, while technical importance determines when the research should be performed.",RQ04_RELEVANT_DEPLOYMENT_CHECK,"Technical relevance is visible, but either its level or the evidence confidence does not meet the high-priority rule.",official company project or sustainability page | annual or sustainability report | recent official press release | vendor or project case study,https://www.bergbier.de/impressum | https://www.bergbier.de/ | https://www.bergbier.de/aktuelles/blog/neues-kaeltekonzept | https://www.bergbier.de/aktuelles/blog/einweihung-unseres-neuen-bierlagers-biergartenhauses-und-schulzes-hof | https://www.bergbier.de/brauerei/bottich-gaerung | https://www.bergbier.de/brauerei/verantwortung | https://www.bergbier.de/service/downloads | https://www.bergbier.de/aktuelles/blog/dehoga-umweltcheck,brewing_boiling,R005,OPEN,,,,,,,,,0.5.0
81,P29,Meckatzer Löwenbräu Benedikt Weiß KG,flexibility,TECHNICALLY_RELEVANT,RESEARCH_REQUIRED,RESEARCH,B,flexibility_solution_deployed,UNKNOWN,"Are load-management, demand-response or documented controllable-load arrangements already operating at Meckatzer Löwenbräu Benedikt Weiß KG?",MEDIUM,HIGH,"Direct deployment evidence can still change the commercial status, while technical importance determines when the research should be performed.",RQ04_RELEVANT_DEPLOYMENT_CHECK,"Technical relevance is visible, but either its level or the evidence confidence does not meet the high-priority rule.",official company project or sustainability page | annual or sustainability report | recent official press release | vendor or project case study | load-management reference | demand-response programme record,https://www.meckatzer.de/impressum/ | https://www.meckatzer.de/ | https://www.meckatzer.de/fileadmin/user_data/dokumente/260929_Nachhaltigkeitsbericht_WEB.pdf | https://www.meckatzer.de/nachhaltigkeit/,brewing_boiling,R008,RECHECK_DUE,PARTIAL_EVIDENCE,UNKNOWN,PROVISIONAL,Aktuellen Brüdenverdichterbetrieb und konkrete thermische Speicher mit Lade-/Entladefenstern prüfen. Canonical values and personal score approval are separate; public evidence is recorded here.,2026-10-08,2026-11-08,"Erdgas-Dampf/BHKW und Ammoniakkälte. Bericht mischt aktuelle und ältere Betriebsbeschreibungen. Wärmerückgewinnung, Reifekeller Juli 2022 und weitere Maßnahmen sind dokumentiert; Reparatur des Brüdenverdichters offen.",S-P29-03,0.5.0
82,P30,Privat-Brauerei Zötler GmbH,flexibility,TECHNICALLY_RELEVANT,RESEARCH_REQUIRED,RESEARCH,B,flexibility_solution_deployed,UNKNOWN,"Are load-management, demand-response or documented controllable-load arrangements already operating at Privat-Brauerei Zötler GmbH?",MEDIUM,HIGH,"Direct deployment evidence can still change the commercial status, while technical importance determines when the research should be performed.",RQ04_RELEVANT_DEPLOYMENT_CHECK,"Technical relevance is visible, but either its level or the evidence confidence does not meet the high-priority rule.",official company project or sustainability page | annual or sustainability report | recent official press release | vendor or project case study | load-management reference | demand-response programme record,https://www.familien-braukunst.de/impressum/ | https://www.zoetler.de/,brewing_boiling,R008,OPEN,,,,,,,,,0.5.0
83,P30,Privat-Brauerei Zötler GmbH,thermal_storage,TECHNICALLY_RELEVANT,RESEARCH_REQUIRED,RESEARCH,B,thermal_storage_deployed,UNKNOWN,Is thermal storage publicly documented as deployed at Privat-Brauerei Zötler GmbH?,MEDIUM,HIGH,"Direct deployment evidence can still change the commercial status, while technical importance determines when the research should be performed.",RQ04_RELEVANT_DEPLOYMENT_CHECK,"Technical relevance is visible, but either its level or the evidence confidence does not meet the high-priority rule.",official company project or sustainability page | annual or sustainability report | recent official press release | vendor or project case study,https://www.familien-braukunst.de/impressum/ | https://www.zoetler.de/,brewing_boiling,R005,OPEN,,,,,,,,,0.5.0
84,P31,Brauerei Clemens Härle KG,flexibility,TECHNICALLY_RELEVANT,RESEARCH_REQUIRED,RESEARCH,B,flexibility_solution_deployed,UNKNOWN,"Are load-management, demand-response or documented controllable-load arrangements already operating at Brauerei Clemens Härle KG?",MEDIUM,HIGH,"Direct deployment evidence can still change the commercial status, while technical importance determines when the research should be performed.",RQ04_RELEVANT_DEPLOYMENT_CHECK,"Technical relevance is visible, but either its level or the evidence confidence does not meet the high-priority rule.",official company project or sustainability page | annual or sustainability report | recent official press release | vendor or project case study | load-management reference | demand-response programme record,https://www.haerle.de/impressum | https://um.baden-wuerttemberg.de/de/umwelt-natur/umwelt-und-wirtschaft/angebote-fuer-unternehmen/umweltpreis-fuer-unternehmen/umweltpreis-2024/brauerei-clemens-haerle,brewing_boiling,R008,OPEN,,,,,,,,,0.5.0
85,P31,Brauerei Clemens Härle KG,thermal_storage,TECHNICALLY_RELEVANT,RESEARCH_REQUIRED,RESEARCH,B,thermal_storage_deployed,UNKNOWN,Is thermal storage publicly documented as deployed at Brauerei Clemens Härle KG?,MEDIUM,HIGH,"Direct deployment evidence can still change the commercial status, while technical importance determines when the research should be performed.",RQ04_RELEVANT_DEPLOYMENT_CHECK,"Technical relevance is visible, but either its level or the evidence confidence does not meet the high-priority rule.",official company project or sustainability page | annual or sustainability report | recent official press release | vendor or project case study,https://www.haerle.de/impressum | https://um.baden-wuerttemberg.de/de/umwelt-natur/umwelt-und-wirtschaft/angebote-fuer-unternehmen/umweltpreis-fuer-unternehmen/umweltpreis-2024/brauerei-clemens-haerle,brewing_boiling,R005,OPEN,,,,,,,,,0.5.0
86,P32,Kronenbrauerei Otto Haizmann KG,flexibility,TECHNICALLY_RELEVANT,RESEARCH_REQUIRED,RESEARCH,C,flexibility_solution_deployed,UNKNOWN,"Are load-management, demand-response or documented controllable-load arrangements already operating at Kronenbrauerei Otto Haizmann KG?",MEDIUM,HIGH,"Direct deployment evidence can still change the commercial status, while technical importance determines when the research should be performed.",RQ04_RELEVANT_DEPLOYMENT_CHECK,"Technical relevance is visible, but either its level or the evidence confidence does not meet the high-priority rule.",official company project or sustainability page | annual or sustainability report | recent official press release | vendor or project case study | load-management reference | demand-response programme record,https://hochdorfer.de/|https://hochdorfer.de/vom-rohstoff-zum-bier/,brewing_boiling,R008,OPEN,,,,,,,,,0.5.0
87,P32,Kronenbrauerei Otto Haizmann KG,thermal_storage,TECHNICALLY_RELEVANT,RESEARCH_REQUIRED,RESEARCH,C,thermal_storage_deployed,UNKNOWN,Is thermal storage publicly documented as deployed at Kronenbrauerei Otto Haizmann KG?,MEDIUM,HIGH,"Direct deployment evidence can still change the commercial status, while technical importance determines when the research should be performed.",RQ04_RELEVANT_DEPLOYMENT_CHECK,"Technical relevance is visible, but either its level or the evidence confidence does not meet the high-priority rule.",official company project or sustainability page | annual or sustainability report | recent official press release | vendor or project case study,https://hochdorfer.de/|https://hochdorfer.de/vom-rohstoff-zum-bier/,brewing_boiling,R005,OPEN,,,,,,,,,0.5.0
88,P33,Gindele GmbH,flexibility,TECHNICALLY_RELEVANT,RESEARCH_REQUIRED,RESEARCH,B,flexibility_solution_deployed,UNKNOWN,"Are load-management, demand-response or documented controllable-load arrangements already operating at Gindele GmbH?",MEDIUM,HIGH,"Direct deployment evidence can still change the commercial status, while technical importance determines when the research should be performed.",RQ04_RELEVANT_DEPLOYMENT_CHECK,"Technical relevance is visible, but either its level or the evidence confidence does not meet the high-priority rule.",official company project or sustainability page | annual or sustainability report | recent official press release | vendor or project case study | load-management reference | demand-response programme record,https://www.gindele.de/ | https://www.neuhausen-enzkreis.de/ | https://www.gindele.de/leistungen/spritzguss.html | https://www.gindele.de/leistungen/automatisierung.html | https://www.gindele.de/fileadmin/user_upload/download/Gindele_Certificate_14001_englisch.pdf | https://www.neuhausen-enzkreis.de/wirtschaft-karriere/firmenverzeichnis/60/gindele-gmbh | https://www.skz.de/fileadmin/user_upload/Download_PDF/_Zertifizierung/Referenzliste_ISO.pdf,injection_moulding,R008,OPEN,,,,,,,,,0.5.0
89,P34,KTS Kunststoff Technik Schmölln GmbH,flexibility,TECHNICALLY_RELEVANT,RESEARCH_REQUIRED,RESEARCH,B,flexibility_solution_deployed,UNKNOWN,"Are load-management, demand-response or documented controllable-load arrangements already operating at KTS Kunststoff Technik Schmölln GmbH?",MEDIUM,HIGH,"Direct deployment evidence can still change the commercial status, while technical importance determines when the research should be performed.",RQ04_RELEVANT_DEPLOYMENT_CHECK,"Technical relevance is visible, but either its level or the evidence confidence does not meet the high-priority rule.",official company project or sustainability page | annual or sustainability report | recent official press release | vendor or project case study | load-management reference | demand-response programme record,https://www.kts-schmoelln.de/ | https://web.arbeitsagentur.de/|https://www.kts-schmoelln.de/prozesskette/|https://www.kts-schmoelln.de/leistungen/,injection_moulding,R008,OPEN,,,,,,,,,0.5.0
90,P36,Kunststofftechnik Borgmann GmbH,flexibility,TECHNICALLY_RELEVANT,RESEARCH_REQUIRED,RESEARCH,B,flexibility_solution_deployed,UNKNOWN,"Are load-management, demand-response or documented controllable-load arrangements already operating at Kunststofftechnik Borgmann GmbH?",MEDIUM,HIGH,"Direct deployment evidence can still change the commercial status, while technical importance determines when the research should be performed.",RQ04_RELEVANT_DEPLOYMENT_CHECK,"Technical relevance is visible, but either its level or the evidence confidence does not meet the high-priority rule.",official company project or sustainability page | annual or sustainability report | recent official press release | vendor or project case study | load-management reference | demand-response programme record,https://www.bogm.de/ | https://web.arbeitsagentur.de/ | https://www.bogm.de/leistungen/spritzguss/ | https://www.bogm.de/ueber-uns/ | https://www.bogm.de/leistungen/automatisierung/ | https://www.bogm.de/wp-content/uploads/2026/05/141717_kunststofftechnik-borgmann-gmbh_um-wa-23_deutsch_hzert_kuhl_pdf.pdf,injection_moulding,R008,OPEN,,,,,,,,,0.5.0
91,P37,atka Kunststoffverarbeitung GmbH,flexibility,TECHNICALLY_RELEVANT,RESEARCH_REQUIRED,RESEARCH,B,flexibility_solution_deployed,UNKNOWN,"Are load-management, demand-response or documented controllable-load arrangements already operating at atka Kunststoffverarbeitung GmbH?",MEDIUM,HIGH,"Direct deployment evidence can still change the commercial status, while technical importance determines when the research should be performed.",RQ04_RELEVANT_DEPLOYMENT_CHECK,"Technical relevance is visible, but either its level or the evidence confidence does not meet the high-priority rule.",official company project or sustainability page | annual or sustainability report | recent official press release | vendor or project case study | load-management reference | demand-response programme record,https://www.atka.de/|https://www.atka.de/nachhaltigkeit.php|https://www.atka.de/pdf/ISO-14001-2015-Deutsch.pdf|https://www.atka.de/unternehmen.php|https://atka.de/spritzguss.php,injection_moulding,R008,OPEN,,,,,,,,,0.5.0
92,P38,Krämer + Eckert GmbH & Co. KG,flexibility,TECHNICALLY_RELEVANT,RESEARCH_REQUIRED,RESEARCH,B,flexibility_solution_deployed,UNKNOWN,"Are load-management, demand-response or documented controllable-load arrangements already operating at Krämer + Eckert GmbH & Co. KG?",MEDIUM,HIGH,"Direct deployment evidence can still change the commercial status, while technical importance determines when the research should be performed.",RQ04_RELEVANT_DEPLOYMENT_CHECK,"Technical relevance is visible, but either its level or the evidence confidence does not meet the high-priority rule.",official company project or sustainability page | annual or sustainability report | recent official press release | vendor or project case study | load-management reference | demand-response programme record,https://www.eloxalwerk-ehingen.com/kontakt/anfahrt/ | https://eloxalwerk-ehingen.com/ | https://www.akz-online.de/mitglieder/eloxalwerk-ehingen-kraemer-eckert-gmbh-co-kg/,anodising,R008,OPEN,,,,,,,,,0.5.0
93,P38,Krämer + Eckert GmbH & Co. KG,power_quality,TECHNICALLY_RELEVANT,RESEARCH_REQUIRED,RESEARCH,C,power_quality_solution_deployed,UNKNOWN,Is power quality publicly documented as deployed at Krämer + Eckert GmbH & Co. KG?,MEDIUM,HIGH,"Direct deployment evidence can still change the commercial status, while technical importance determines when the research should be performed.",RQ04_RELEVANT_DEPLOYMENT_CHECK,"Technical relevance is visible, but either its level or the evidence confidence does not meet the high-priority rule.",official company project or sustainability page | annual or sustainability report | recent official press release | vendor or project case study,https://www.eloxalwerk-ehingen.com/kontakt/anfahrt/ | https://eloxalwerk-ehingen.com/ | https://www.akz-online.de/mitglieder/eloxalwerk-ehingen-kraemer-eckert-gmbh-co-kg/,anodising,R006,OPEN,,,,,,,,,0.5.0
94,P39,Eloxal Höfler GmbH,flexibility,TECHNICALLY_RELEVANT,RESEARCH_REQUIRED,RESEARCH,B,flexibility_solution_deployed,UNKNOWN,"Are load-management, demand-response or documented controllable-load arrangements already operating at Eloxal Höfler GmbH?",MEDIUM,HIGH,"Direct deployment evidence can still change the commercial status, while technical importance determines when the research should be performed.",RQ04_RELEVANT_DEPLOYMENT_CHECK,"Technical relevance is visible, but either its level or the evidence confidence does not meet the high-priority rule.",official company project or sustainability page | annual or sustainability report | recent official press release | vendor or project case study | load-management reference | demand-response programme record,https://www.eloxal-hoefler.de/kontakt.html | https://www.eloxal-hoefler.de/ | https://www.eloxal-hoefler.de/leistungen.html | https://www.eloxal-hoefler.de/ueber-uns.html | https://www.eloxal-hoefler.de/files/zertifikate/14001.pdf | https://www.eloxal-hoefler.de/zertifikate.html,anodising,R008,OPEN,,,,,,,,,0.5.0
95,P39,Eloxal Höfler GmbH,power_quality,TECHNICALLY_RELEVANT,RESEARCH_REQUIRED,RESEARCH,C,power_quality_solution_deployed,UNKNOWN,Is power quality publicly documented as deployed at Eloxal Höfler GmbH?,MEDIUM,HIGH,"Direct deployment evidence can still change the commercial status, while technical importance determines when the research should be performed.",RQ04_RELEVANT_DEPLOYMENT_CHECK,"Technical relevance is visible, but either its level or the evidence confidence does not meet the high-priority rule.",official company project or sustainability page | annual or sustainability report | recent official press release | vendor or project case study,https://www.eloxal-hoefler.de/kontakt.html | https://www.eloxal-hoefler.de/ | https://www.eloxal-hoefler.de/leistungen.html | https://www.eloxal-hoefler.de/ueber-uns.html | https://www.eloxal-hoefler.de/files/zertifikate/14001.pdf | https://www.eloxal-hoefler.de/zertifikate.html,anodising,R006,OPEN,,,,,,,,,0.5.0
96,P40,OFTECH Oberflächentechnik GmbH & Co. KG,flexibility,TECHNICALLY_RELEVANT,RESEARCH_REQUIRED,RESEARCH,C,flexibility_solution_deployed,UNKNOWN,"Are load-management, demand-response or documented controllable-load arrangements already operating at OFTECH Oberflächentechnik GmbH & Co. KG?",MEDIUM,HIGH,"Direct deployment evidence can still change the commercial status, while technical importance determines when the research should be performed.",RQ04_RELEVANT_DEPLOYMENT_CHECK,"Technical relevance is visible, but either its level or the evidence confidence does not meet the high-priority rule.",official company project or sustainability page | annual or sustainability report | recent official press release | vendor or project case study | load-management reference | demand-response programme record,https://oftech.de/|https://oftech.de/umweltpolitik/|https://oftech.de/downloads/,electroplating,R008,OPEN,,,,,,,,,0.5.0
97,P40,OFTECH Oberflächentechnik GmbH & Co. KG,power_quality,TECHNICALLY_RELEVANT,RESEARCH_REQUIRED,RESEARCH,C,power_quality_solution_deployed,UNKNOWN,Is power quality publicly documented as deployed at OFTECH Oberflächentechnik GmbH & Co. KG?,MEDIUM,HIGH,"Direct deployment evidence can still change the commercial status, while technical importance determines when the research should be performed.",RQ04_RELEVANT_DEPLOYMENT_CHECK,"Technical relevance is visible, but either its level or the evidence confidence does not meet the high-priority rule.",official company project or sustainability page | annual or sustainability report | recent official press release | vendor or project case study,https://oftech.de/|https://oftech.de/umweltpolitik/|https://oftech.de/downloads/,electroplating,R006,OPEN,,,,,,,,,0.5.0
98,P41,"Galvano Weis, Weis GmbH & Co., Galvanische-Werkstätte KG",flexibility,TECHNICALLY_RELEVANT,RESEARCH_REQUIRED,RESEARCH,B,flexibility_solution_deployed,UNKNOWN,"Are load-management, demand-response or documented controllable-load arrangements already operating at Galvano Weis, Weis GmbH & Co., Galvanische-Werkstätte KG?",MEDIUM,HIGH,"Direct deployment evidence can still change the commercial status, while technical importance determines when the research should be performed.",RQ04_RELEVANT_DEPLOYMENT_CHECK,"Technical relevance is visible, but either its level or the evidence confidence does not meet the high-priority rule.",official company project or sustainability page | annual or sustainability report | recent official press release | vendor or project case study | load-management reference | demand-response programme record,https://www.galvano-weis.com/ | https://www.keytobavaria.com/ | https://www.galvano-weis.com/assets/img/Zertifikat_iso_14001_de.pdf | https://www.galvano-weis.com/umwelt | https://www.forschungsstiftung.bayern.de/projekt/verbesserte-energieausbeute-beim-hartanodisieren/ | https://www.galvano-weis.com/impressum,electroplating,R008,OPEN,,,,,,,,,0.5.0
99,P41,"Galvano Weis, Weis GmbH & Co., Galvanische-Werkstätte KG",power_quality,TECHNICALLY_RELEVANT,RESEARCH_REQUIRED,RESEARCH,C,power_quality_solution_deployed,UNKNOWN,"Is power quality publicly documented as deployed at Galvano Weis, Weis GmbH & Co., Galvanische-Werkstätte KG?",MEDIUM,HIGH,"Direct deployment evidence can still change the commercial status, while technical importance determines when the research should be performed.",RQ04_RELEVANT_DEPLOYMENT_CHECK,"Technical relevance is visible, but either its level or the evidence confidence does not meet the high-priority rule.",official company project or sustainability page | annual or sustainability report | recent official press release | vendor or project case study,https://www.galvano-weis.com/ | https://www.keytobavaria.com/ | https://www.galvano-weis.com/assets/img/Zertifikat_iso_14001_de.pdf | https://www.galvano-weis.com/umwelt | https://www.forschungsstiftung.bayern.de/projekt/verbesserte-energieausbeute-beim-hartanodisieren/ | https://www.galvano-weis.com/impressum,electroplating,R006,OPEN,,,,,,,,,0.5.0
100,P42,OT Oberflächentechnik GmbH & Co. KG,flexibility,TECHNICALLY_RELEVANT,RESEARCH_REQUIRED,RESEARCH,C,flexibility_solution_deployed,UNKNOWN,"Are load-management, demand-response or documented controllable-load arrangements already operating at OT Oberflächentechnik GmbH & Co. KG?",MEDIUM,HIGH,"Direct deployment evidence can still change the commercial status, while technical importance determines when the research should be performed.",RQ04_RELEVANT_DEPLOYMENT_CHECK,"Technical relevance is visible, but either its level or the evidence confidence does not meet the high-priority rule.",official company project or sustainability page | annual or sustainability report | recent official press release | vendor or project case study | load-management reference | demand-response programme record,https://www.ot-schwerin.de/|https://www.ot-schwerin.de/umweltmanagement.html|https://www.ot-schwerin.de/umweltmanagement.html?_hash=s0lGTqN2t2hLlg5_g7fqZqUTEboZVon9tT8vVT7Vx-8&ctx=a%3A1%3A%7Bs%3A2%3A%22id%22%3Bi%3A174%3B%7D&p=ot%2Fcontent%2Fgrafiken%2Fzertifikate%2F14001+2023_deutsch.pdf,powder_coating,R008,OPEN,,,,,,,,,0.5.0
101,P43,WZR ceramic solutions GmbH,flexibility,TECHNICALLY_RELEVANT,RESEARCH_REQUIRED,RESEARCH,B,flexibility_solution_deployed,UNKNOWN,"Are load-management, demand-response or documented controllable-load arrangements already operating at WZR ceramic solutions GmbH?",MEDIUM,HIGH,"Direct deployment evidence can still change the commercial status, while technical importance determines when the research should be performed.",RQ04_RELEVANT_DEPLOYMENT_CHECK,"Technical relevance is visible, but either its level or the evidence confidence does not meet the high-priority rule.",official company project or sustainability page | annual or sustainability report | recent official press release | vendor or project case study | load-management reference | demand-response programme record,https://wzr-ceramic.de/impressum/ | https://www.ressource-deutschland.de/ | https://www.ressource-deutschland.de/netzwerk/industrie-club-ressourceneffizienz/club-mitglieder/wzr-ceramic-solutions-gmbh | https://wzr-ceramic.de/kaltplastische-extrusion/ | https://wzr-ceramic.de/nachhaltigkeit/,ceramic_firing,R008,OPEN,,,,,,,,,0.5.0
102,P43,WZR ceramic solutions GmbH,thermal_storage,TECHNICALLY_RELEVANT,RESEARCH_REQUIRED,RESEARCH,B,thermal_storage_deployed,UNKNOWN,Is thermal storage publicly documented as deployed at WZR ceramic solutions GmbH?,MEDIUM,HIGH,"Direct deployment evidence can still change the commercial status, while technical importance determines when the research should be performed.",RQ04_RELEVANT_DEPLOYMENT_CHECK,"Technical relevance is visible, but either its level or the evidence confidence does not meet the high-priority rule.",official company project or sustainability page | annual or sustainability report | recent official press release | vendor or project case study,https://wzr-ceramic.de/impressum/ | https://www.ressource-deutschland.de/ | https://www.ressource-deutschland.de/netzwerk/industrie-club-ressourceneffizienz/club-mitglieder/wzr-ceramic-solutions-gmbh | https://wzr-ceramic.de/kaltplastische-extrusion/ | https://wzr-ceramic.de/nachhaltigkeit/,ceramic_firing,R005,OPEN,,,,,,,,,0.5.0
103,P44,OXIDKERAMIK J. Cardenas GmbH,flexibility,TECHNICALLY_RELEVANT,RESEARCH_REQUIRED,RESEARCH,B,flexibility_solution_deployed,UNKNOWN,"Are load-management, demand-response or documented controllable-load arrangements already operating at OXIDKERAMIK J. Cardenas GmbH?",MEDIUM,HIGH,"Direct deployment evidence can still change the commercial status, while technical importance determines when the research should be performed.",RQ04_RELEVANT_DEPLOYMENT_CHECK,"Technical relevance is visible, but either its level or the evidence confidence does not meet the high-priority rule.",official company project or sustainability page | annual or sustainability report | recent official press release | vendor or project case study | load-management reference | demand-response programme record,https://oxidkeramik.de/ | https://www.ceramic-applications.com/ | https://oxidkeramik.de/oxidkeramik-unternehmen/ueber-uns.aspx | https://oxidkeramik.de/oxidkeramik-unternehmen/qualitaet.aspx | https://oxidkeramik.de/oxidkeramik-branchen/energieundumwelt.aspx | https://oxidkeramik.de/oxidkeramik-unternehmen/downloads.aspx,ceramic_firing,R008,OPEN,,,,,,,,,0.5.0
104,P44,OXIDKERAMIK J. Cardenas GmbH,thermal_storage,TECHNICALLY_RELEVANT,RESEARCH_REQUIRED,RESEARCH,B,thermal_storage_deployed,UNKNOWN,Is thermal storage publicly documented as deployed at OXIDKERAMIK J. Cardenas GmbH?,MEDIUM,HIGH,"Direct deployment evidence can still change the commercial status, while technical importance determines when the research should be performed.",RQ04_RELEVANT_DEPLOYMENT_CHECK,"Technical relevance is visible, but either its level or the evidence confidence does not meet the high-priority rule.",official company project or sustainability page | annual or sustainability report | recent official press release | vendor or project case study,https://oxidkeramik.de/ | https://www.ceramic-applications.com/ | https://oxidkeramik.de/oxidkeramik-unternehmen/ueber-uns.aspx | https://oxidkeramik.de/oxidkeramik-unternehmen/qualitaet.aspx | https://oxidkeramik.de/oxidkeramik-branchen/energieundumwelt.aspx | https://oxidkeramik.de/oxidkeramik-unternehmen/downloads.aspx,ceramic_firing,R005,OPEN,,,,,,,,,0.5.0
105,P45,Glasmanufaktur HARZKRISTALL GmbH,power_quality,TECHNICALLY_RELEVANT,RESEARCH_REQUIRED,RESEARCH,C,power_quality_solution_deployed,UNKNOWN,Is power quality publicly documented as deployed at Glasmanufaktur HARZKRISTALL GmbH?,MEDIUM,HIGH,"Direct deployment evidence can still change the commercial status, while technical importance determines when the research should be performed.",RQ04_RELEVANT_DEPLOYMENT_CHECK,"Technical relevance is visible, but either its level or the evidence confidence does not meet the high-priority rule.",official company project or sustainability page | annual or sustainability report | recent official press release | vendor or project case study,https://www.harzkristall.de/impressum | https://www.harzkristall.de/ | https://www.harzkristall.de/huette-mieten | https://www.harzkristall.de/fileadmin/user_upload/pdf/Harzkristall_Sales-Broschuere_220126.pdf,glass_melting,R006,OPEN,,,,,,,,,0.5.0
106,P46,Porzellanfabrik Hermsdorf GmbH,flexibility,TECHNICALLY_RELEVANT,RESEARCH_REQUIRED,RESEARCH,B,flexibility_solution_deployed,UNKNOWN,"Are load-management, demand-response or documented controllable-load arrangements already operating at Porzellanfabrik Hermsdorf GmbH?",MEDIUM,HIGH,"Direct deployment evidence can still change the commercial status, while technical importance determines when the research should be performed.",RQ04_RELEVANT_DEPLOYMENT_CHECK,"Technical relevance is visible, but either its level or the evidence confidence does not meet the high-priority rule.",official company project or sustainability page | annual or sustainability report | recent official press release | vendor or project case study | load-management reference | demand-response programme record,https://www.pofahermsdorf.de/impressum/ | https://www.pofahermsdorf.de/|https://www.pofahermsdorf.de/zertifizierungen/|https://www.pofahermsdorf.de/wp-content/uploads/2023/05/EMS_dt.pdf|https://www.pofahermsdorf.de/wp-content/uploads/2023/05/UMS_dt.pdf,ceramic_firing,R008,OPEN,,,,,,,,,0.5.0
107,P46,Porzellanfabrik Hermsdorf GmbH,thermal_storage,TECHNICALLY_RELEVANT,RESEARCH_REQUIRED,RESEARCH,B,thermal_storage_deployed,UNKNOWN,Is thermal storage publicly documented as deployed at Porzellanfabrik Hermsdorf GmbH?,MEDIUM,HIGH,"Direct deployment evidence can still change the commercial status, while technical importance determines when the research should be performed.",RQ04_RELEVANT_DEPLOYMENT_CHECK,"Technical relevance is visible, but either its level or the evidence confidence does not meet the high-priority rule.",official company project or sustainability page | annual or sustainability report | recent official press release | vendor or project case study,https://www.pofahermsdorf.de/impressum/ | https://www.pofahermsdorf.de/|https://www.pofahermsdorf.de/zertifizierungen/|https://www.pofahermsdorf.de/wp-content/uploads/2023/05/EMS_dt.pdf|https://www.pofahermsdorf.de/wp-content/uploads/2023/05/UMS_dt.pdf,ceramic_firing,R005,OPEN,,,,,,,,,0.5.0
108,P47,hofmann CERAMiC GmbH,flexibility,TECHNICALLY_RELEVANT,RESEARCH_REQUIRED,RESEARCH,B,flexibility_solution_deployed,UNKNOWN,"Are load-management, demand-response or documented controllable-load arrangements already operating at hofmann CERAMiC GmbH?",MEDIUM,HIGH,"Direct deployment evidence can still change the commercial status, while technical importance determines when the research should be performed.",RQ04_RELEVANT_DEPLOYMENT_CHECK,"Technical relevance is visible, but either its level or the evidence confidence does not meet the high-priority rule.",official company project or sustainability page | annual or sustainability report | recent official press release | vendor or project case study | load-management reference | demand-response programme record,https://www.hofmann-ceramic.de/en/imprint/ | https://www.hofmann-ceramic.de/|https://www.hofmann-ceramic.de/downloads/|https://www.hofmann-ceramic.de/wp-content/uploads/EM_00533-Z04304_de.pdf|https://www.hofmann-ceramic.de/wp-content/uploads/UM00533Z04303de.pdf,ceramic_firing,R008,OPEN,,,,,,,,,0.5.0
109,P47,hofmann CERAMiC GmbH,thermal_storage,TECHNICALLY_RELEVANT,RESEARCH_REQUIRED,RESEARCH,B,thermal_storage_deployed,UNKNOWN,Is thermal storage publicly documented as deployed at hofmann CERAMiC GmbH?,MEDIUM,HIGH,"Direct deployment evidence can still change the commercial status, while technical importance determines when the research should be performed.",RQ04_RELEVANT_DEPLOYMENT_CHECK,"Technical relevance is visible, but either its level or the evidence confidence does not meet the high-priority rule.",official company project or sustainability page | annual or sustainability report | recent official press release | vendor or project case study,https://www.hofmann-ceramic.de/en/imprint/ | https://www.hofmann-ceramic.de/|https://www.hofmann-ceramic.de/downloads/|https://www.hofmann-ceramic.de/wp-content/uploads/EM_00533-Z04304_de.pdf|https://www.hofmann-ceramic.de/wp-content/uploads/UM00533Z04303de.pdf,ceramic_firing,R005,OPEN,,,,,,,,,0.5.0
110,P50,Brauerei Aying Franz Inselkammer KG,flexibility,TECHNICALLY_RELEVANT,RESEARCH_REQUIRED,RESEARCH,B,flexibility_solution_deployed,UNKNOWN,"Are load-management, demand-response or documented controllable-load arrangements already operating at Brauerei Aying Franz Inselkammer KG?",MEDIUM,HIGH,"Direct deployment evidence can still change the commercial status, while technical importance determines when the research should be performed.",RQ04_RELEVANT_DEPLOYMENT_CHECK,"Technical relevance is visible, but either its level or the evidence confidence does not meet the high-priority rule.",official company project or sustainability page | annual or sustainability report | recent official press release | vendor or project case study | load-management reference | demand-response programme record,https://www.brauerei-ayinger.de/impressum/ | https://www.brauerei-ayinger.de/ | https://www.brauerei-ayinger.de/bierdorf-aying/nachhaltigkeit/ | https://www.dena.de/energy-award/good-practice/aying-brauerei-franz-inselkammer-igs/ | https://www.umweltpakt.bayern.de/umwelt_klimapakt/praxis_innovation/beispiele/praxis/detail.htm?id=84 | https://www.emas.de/fileadmin/user_upload/4-daten-stat/EMAS-TN-Register.pdf | https://www.brauerei-ayinger.de/wp-content/uploads/2025/10/Umwelterklaerung2023_BrauereiAying.pdf,brewing_boiling,R008,OPEN,,,,,,,,,0.5.0
111,P50,Brauerei Aying Franz Inselkammer KG,thermal_storage,TECHNICALLY_RELEVANT,RESEARCH_REQUIRED,RESEARCH,B,thermal_storage_deployed,UNKNOWN,Is thermal storage publicly documented as deployed at Brauerei Aying Franz Inselkammer KG?,MEDIUM,HIGH,"Direct deployment evidence can still change the commercial status, while technical importance determines when the research should be performed.",RQ04_RELEVANT_DEPLOYMENT_CHECK,"Technical relevance is visible, but either its level or the evidence confidence does not meet the high-priority rule.",official company project or sustainability page | annual or sustainability report | recent official press release | vendor or project case study,https://www.brauerei-ayinger.de/impressum/ | https://www.brauerei-ayinger.de/ | https://www.brauerei-ayinger.de/bierdorf-aying/nachhaltigkeit/ | https://www.dena.de/energy-award/good-practice/aying-brauerei-franz-inselkammer-igs/ | https://www.umweltpakt.bayern.de/umwelt_klimapakt/praxis_innovation/beispiele/praxis/detail.htm?id=84 | https://www.emas.de/fileadmin/user_upload/4-daten-stat/EMAS-TN-Register.pdf | https://www.brauerei-ayinger.de/wp-content/uploads/2025/10/Umwelterklaerung2023_BrauereiAying.pdf,brewing_boiling,R005,OPEN,,,,,,,,,0.5.0
112,P51,Distelhäuser Brauerei Ernst Bauer GmbH & Co. KG,flexibility,TECHNICALLY_RELEVANT,RESEARCH_REQUIRED,RESEARCH,B,flexibility_solution_deployed,UNKNOWN,"Are load-management, demand-response or documented controllable-load arrangements already operating at Distelhäuser Brauerei Ernst Bauer GmbH & Co. KG?",MEDIUM,HIGH,"Direct deployment evidence can still change the commercial status, while technical importance determines when the research should be performed.",RQ04_RELEVANT_DEPLOYMENT_CHECK,"Technical relevance is visible, but either its level or the evidence confidence does not meet the high-priority rule.",official company project or sustainability page | annual or sustainability report | recent official press release | vendor or project case study | load-management reference | demand-response programme record,https://www.distelhaeuser.de/impressumdatenschutz/ | https://www.distelhaeuser.de/unsere-brauerei/regionalitaet/ | https://www.distelhaeuser.de/aktuelles/details/distelhaeuser-erneut-iso-zertifiziert/ | https://www.distelhaeuser.de/unsere-brauerei/braukunst/,brewing_boiling,R008,OPEN,,,,,,,,,0.5.0
113,P51,Distelhäuser Brauerei Ernst Bauer GmbH & Co. KG,thermal_storage,TECHNICALLY_RELEVANT,RESEARCH_REQUIRED,RESEARCH,B,thermal_storage_deployed,UNKNOWN,Is thermal storage publicly documented as deployed at Distelhäuser Brauerei Ernst Bauer GmbH & Co. KG?,MEDIUM,HIGH,"Direct deployment evidence can still change the commercial status, while technical importance determines when the research should be performed.",RQ04_RELEVANT_DEPLOYMENT_CHECK,"Technical relevance is visible, but either its level or the evidence confidence does not meet the high-priority rule.",official company project or sustainability page | annual or sustainability report | recent official press release | vendor or project case study,https://www.distelhaeuser.de/impressumdatenschutz/ | https://www.distelhaeuser.de/unsere-brauerei/regionalitaet/ | https://www.distelhaeuser.de/aktuelles/details/distelhaeuser-erneut-iso-zertifiziert/ | https://www.distelhaeuser.de/unsere-brauerei/braukunst/,brewing_boiling,R005,OPEN,,,,,,,,,0.5.0
114,P52,Glauner GmbH,flexibility,TECHNICALLY_RELEVANT,RESEARCH_REQUIRED,RESEARCH,B,flexibility_solution_deployed,UNKNOWN,"Are load-management, demand-response or documented controllable-load arrangements already operating at Glauner GmbH?",MEDIUM,HIGH,"Direct deployment evidence can still change the commercial status, while technical importance determines when the research should be performed.",RQ04_RELEVANT_DEPLOYMENT_CHECK,"Technical relevance is visible, but either its level or the evidence confidence does not meet the high-priority rule.",official company project or sustainability page | annual or sustainability report | recent official press release | vendor or project case study | load-management reference | demand-response programme record,https://alpirsbacher.de/rechtliches/impressum/ | https://alpirsbacher.de/ueber-uns/unsere-werte/ | https://alpirsbacher.de/ueber-uns/unsere-geschichte/,brewing_boiling,R008,OPEN,,,,,,,,,0.5.0
115,P52,Glauner GmbH,thermal_storage,TECHNICALLY_RELEVANT,RESEARCH_REQUIRED,RESEARCH,B,thermal_storage_deployed,UNKNOWN,Is thermal storage publicly documented as deployed at Glauner GmbH?,MEDIUM,HIGH,"Direct deployment evidence can still change the commercial status, while technical importance determines when the research should be performed.",RQ04_RELEVANT_DEPLOYMENT_CHECK,"Technical relevance is visible, but either its level or the evidence confidence does not meet the high-priority rule.",official company project or sustainability page | annual or sustainability report | recent official press release | vendor or project case study,https://alpirsbacher.de/rechtliches/impressum/ | https://alpirsbacher.de/ueber-uns/unsere-werte/ | https://alpirsbacher.de/ueber-uns/unsere-geschichte/,brewing_boiling,R005,OPEN,,,,,,,,,0.5.0
116,P53,Brauerei Rittmayer Hallerndorf GmbH & Co. KG,flexibility,TECHNICALLY_RELEVANT,RESEARCH_REQUIRED,RESEARCH,B,flexibility_solution_deployed,UNKNOWN,"Are load-management, demand-response or documented controllable-load arrangements already operating at Brauerei Rittmayer Hallerndorf GmbH & Co. KG?",MEDIUM,HIGH,"Direct deployment evidence can still change the commercial status, while technical importance determines when the research should be performed.",RQ04_RELEVANT_DEPLOYMENT_CHECK,"Technical relevance is visible, but either its level or the evidence confidence does not meet the high-priority rule.",official company project or sustainability page | annual or sustainability report | recent official press release | vendor or project case study | load-management reference | demand-response programme record,https://rittmayer.de/impressum | https://rittmayer.de/nachhaltigkeit,brewing_boiling,R008,OPEN,,,,,,,,,0.5.0
117,P54,Privatbrauerei Waldhaus Joh. Schmid GmbH,flexibility,TECHNICALLY_RELEVANT,RESEARCH_REQUIRED,RESEARCH,B,flexibility_solution_deployed,UNKNOWN,"Are load-management, demand-response or documented controllable-load arrangements already operating at Privatbrauerei Waldhaus Joh. Schmid GmbH?",MEDIUM,HIGH,"Direct deployment evidence can still change the commercial status, while technical importance determines when the research should be performed.",RQ04_RELEVANT_DEPLOYMENT_CHECK,"Technical relevance is visible, but either its level or the evidence confidence does not meet the high-priority rule.",official company project or sustainability page | annual or sustainability report | recent official press release | vendor or project case study | load-management reference | demand-response programme record,https://www.waldhaus-bier.de/impressum/ | https://www.waldhaus-bier.de/privatbrauerei/ | https://www.waldhaus-bier.de/privatbrauerei/umweltschutz/ | https://www.waldhaus-bier.de/privatbrauerei/historie/,brewing_boiling,R008,OPEN,,,,,,,,,0.5.0
118,P54,Privatbrauerei Waldhaus Joh. Schmid GmbH,thermal_storage,TECHNICALLY_RELEVANT,RESEARCH_REQUIRED,RESEARCH,B,thermal_storage_deployed,UNKNOWN,Is thermal storage publicly documented as deployed at Privatbrauerei Waldhaus Joh. Schmid GmbH?,MEDIUM,HIGH,"Direct deployment evidence can still change the commercial status, while technical importance determines when the research should be performed.",RQ04_RELEVANT_DEPLOYMENT_CHECK,"Technical relevance is visible, but either its level or the evidence confidence does not meet the high-priority rule.",official company project or sustainability page | annual or sustainability report | recent official press release | vendor or project case study,https://www.waldhaus-bier.de/impressum/ | https://www.waldhaus-bier.de/privatbrauerei/ | https://www.waldhaus-bier.de/privatbrauerei/umweltschutz/ | https://www.waldhaus-bier.de/privatbrauerei/historie/,brewing_boiling,R005,OPEN,,,,,,,,,0.5.0
119,P55,Merschbrock Kunststoff Spritzguss GmbH,flexibility,TECHNICALLY_RELEVANT,RESEARCH_REQUIRED,RESEARCH,B,flexibility_solution_deployed,UNKNOWN,"Are load-management, demand-response or documented controllable-load arrangements already operating at Merschbrock Kunststoff Spritzguss GmbH?",MEDIUM,HIGH,"Direct deployment evidence can still change the commercial status, while technical importance determines when the research should be performed.",RQ04_RELEVANT_DEPLOYMENT_CHECK,"Technical relevance is visible, but either its level or the evidence confidence does not meet the high-priority rule.",official company project or sustainability page | annual or sustainability report | recent official press release | vendor or project case study | load-management reference | demand-response programme record,https://www.merschbrock.de/kontakt/ | https://www.merschbrock.de/leistungen/ | https://www.merschbrock.de/nachhaltigkeit/ | https://www.merschbrock.de/wp-linked-content/downloads/Merschbrock-Zertifikat_ISO_14001.pdf | https://www.merschbrock.de/,injection_moulding,R008,OPEN,,,,,,,,,0.5.0
120,P56,Spritzguß Müller GmbH,flexibility,TECHNICALLY_RELEVANT,RESEARCH_REQUIRED,RESEARCH,B,flexibility_solution_deployed,UNKNOWN,"Are load-management, demand-response or documented controllable-load arrangements already operating at Spritzguß Müller GmbH?",MEDIUM,HIGH,"Direct deployment evidence can still change the commercial status, while technical importance determines when the research should be performed.",RQ04_RELEVANT_DEPLOYMENT_CHECK,"Technical relevance is visible, but either its level or the evidence confidence does not meet the high-priority rule.",official company project or sustainability page | annual or sustainability report | recent official press release | vendor or project case study | load-management reference | demand-response programme record,https://www.spritzguss-mueller.de/en/impressum/ | https://www.spritzguss-mueller.de/ | https://www.spritzguss-mueller.de/spritzguss/ | https://www.spritzguss-mueller.de/werkzeugbau/ | https://www.spritzguss-mueller.de/firmengeschichte/,injection_moulding,R008,OPEN,,,,,,,,,0.5.0
121,P57,Stocker Kunststoff GmbH,flexibility,TECHNICALLY_RELEVANT,RESEARCH_REQUIRED,RESEARCH,B,flexibility_solution_deployed,UNKNOWN,"Are load-management, demand-response or documented controllable-load arrangements already operating at Stocker Kunststoff GmbH?",MEDIUM,HIGH,"Direct deployment evidence can still change the commercial status, while technical importance determines when the research should be performed.",RQ04_RELEVANT_DEPLOYMENT_CHECK,"Technical relevance is visible, but either its level or the evidence confidence does not meet the high-priority rule.",official company project or sustainability page | annual or sustainability report | recent official press release | vendor or project case study | load-management reference | demand-response programme record,https://www.stocker-kunststoff.de/ | https://www.stocker-kunststoff.de/impressum/ | https://www.stocker-kunststoff.de/fertigung/ | https://www.stocker-kunststoff.de/qualitatsmanagement/,injection_moulding,R008,OPEN,,,,,,,,,0.5.0
122,P58,Dorn Spritzguss GmbH,flexibility,TECHNICALLY_RELEVANT,RESEARCH_REQUIRED,RESEARCH,B,flexibility_solution_deployed,UNKNOWN,"Are load-management, demand-response or documented controllable-load arrangements already operating at Dorn Spritzguss GmbH?",MEDIUM,HIGH,"Direct deployment evidence can still change the commercial status, while technical importance determines when the research should be performed.",RQ04_RELEVANT_DEPLOYMENT_CHECK,"Technical relevance is visible, but either its level or the evidence confidence does not meet the high-priority rule.",official company project or sustainability page | annual or sustainability report | recent official press release | vendor or project case study | load-management reference | demand-response programme record,https://www.dorn-spritzguss.de/impressum/ | https://www.dorn-spritzguss.de/leistungen/spritzguss/ | https://www.dorn-spritzguss.de/unternehmen/nachhaltigkeit/ | https://www.dorn-spritzguss.de/unternehmen/geschichte/ | https://www.dorn-spritzguss.de/assets/pdf/2026/Zertifikat_ISO_14001_2015.PDF | https://www.dorn-spritzguss.de/leistungen/werkzeugbau/ | https://www.dorn-spritzguss.de/unternehmen/qualitaet/,injection_moulding,R008,OPEN,,,,,,,,,0.5.0
123,P59,AK Kunststoffspritzguss GmbH & Co. KG,flexibility,TECHNICALLY_RELEVANT,RESEARCH_REQUIRED,RESEARCH,B,flexibility_solution_deployed,UNKNOWN,"Are load-management, demand-response or documented controllable-load arrangements already operating at AK Kunststoffspritzguss GmbH & Co. KG?",MEDIUM,HIGH,"Direct deployment evidence can still change the commercial status, while technical importance determines when the research should be performed.",RQ04_RELEVANT_DEPLOYMENT_CHECK,"Technical relevance is visible, but either its level or the evidence confidence does not meet the high-priority rule.",official company project or sustainability page | annual or sustainability report | recent official press release | vendor or project case study | load-management reference | demand-response programme record,https://ak-kunststoffspritzguss.com/impressum/ | https://ak-kunststoffspritzguss.com/ | https://ak-kunststoffspritzguss.com/produktion/ | https://ak-kunststoffspritzguss.com/qualitaetsmanagement/,injection_moulding,R008,OPEN,,,,,,,,,0.5.0
124,P60,HARTCHROM Beck GmbH,flexibility,TECHNICALLY_RELEVANT,RESEARCH_REQUIRED,RESEARCH,B,flexibility_solution_deployed,UNKNOWN,"Are load-management, demand-response or documented controllable-load arrangements already operating at HARTCHROM Beck GmbH?",MEDIUM,HIGH,"Direct deployment evidence can still change the commercial status, while technical importance determines when the research should be performed.",RQ04_RELEVANT_DEPLOYMENT_CHECK,"Technical relevance is visible, but either its level or the evidence confidence does not meet the high-priority rule.",official company project or sustainability page | annual or sustainability report | recent official press release | vendor or project case study | load-management reference | demand-response programme record,https://www.hartchrom-beck.de/einsatzmoeglichkeiten/ | https://www.hartchrom-beck.de/|https://www.hartchrom-beck.de/beschichtungstechnik/|https://www.hartchrom-beck.de/bearbeitungstechnik/|https://www.hartchrom-beck.de/downloads/|https://www.dqsglobal.com/en/customer-database/hartchrom-beck-gmbh,electroplating,R008,OPEN,,,,,,,,,0.5.0
125,P60,HARTCHROM Beck GmbH,power_quality,TECHNICALLY_RELEVANT,RESEARCH_REQUIRED,RESEARCH,C,power_quality_solution_deployed,UNKNOWN,Is power quality publicly documented as deployed at HARTCHROM Beck GmbH?,MEDIUM,HIGH,"Direct deployment evidence can still change the commercial status, while technical importance determines when the research should be performed.",RQ04_RELEVANT_DEPLOYMENT_CHECK,"Technical relevance is visible, but either its level or the evidence confidence does not meet the high-priority rule.",official company project or sustainability page | annual or sustainability report | recent official press release | vendor or project case study,https://www.hartchrom-beck.de/einsatzmoeglichkeiten/ | https://www.hartchrom-beck.de/|https://www.hartchrom-beck.de/beschichtungstechnik/|https://www.hartchrom-beck.de/bearbeitungstechnik/|https://www.hartchrom-beck.de/downloads/|https://www.dqsglobal.com/en/customer-database/hartchrom-beck-gmbh,electroplating,R006,OPEN,,,,,,,,,0.5.0
126,P61,Galvanik-Horstmann GmbH,flexibility,TECHNICALLY_RELEVANT,RESEARCH_REQUIRED,RESEARCH,B,flexibility_solution_deployed,UNKNOWN,"Are load-management, demand-response or documented controllable-load arrangements already operating at Galvanik-Horstmann GmbH?",MEDIUM,HIGH,"Direct deployment evidence can still change the commercial status, while technical importance determines when the research should be performed.",RQ04_RELEVANT_DEPLOYMENT_CHECK,"Technical relevance is visible, but either its level or the evidence confidence does not meet the high-priority rule.",official company project or sustainability page | annual or sustainability report | recent official press release | vendor or project case study | load-management reference | demand-response programme record,https://www.galvanik-horstmann.de/impressum/ | https://www.galvanik-horstmann.de/galvanotechnik/ | https://www.galvanik-horstmann.de/leistungen/ | https://www.galvanik-horstmann.de/unser-pruefverfahren/ | https://www.galvanik-horstmann.de/umwelt/ | https://www.galvanik-horstmann.de/wp-content/uploads/2020/11/GalvanikHorstmann.pdf,electroplating,R008,OPEN,,,,,,,,,0.5.0
127,P61,Galvanik-Horstmann GmbH,power_quality,TECHNICALLY_RELEVANT,RESEARCH_REQUIRED,RESEARCH,C,power_quality_solution_deployed,UNKNOWN,Is power quality publicly documented as deployed at Galvanik-Horstmann GmbH?,MEDIUM,HIGH,"Direct deployment evidence can still change the commercial status, while technical importance determines when the research should be performed.",RQ04_RELEVANT_DEPLOYMENT_CHECK,"Technical relevance is visible, but either its level or the evidence confidence does not meet the high-priority rule.",official company project or sustainability page | annual or sustainability report | recent official press release | vendor or project case study,https://www.galvanik-horstmann.de/impressum/ | https://www.galvanik-horstmann.de/galvanotechnik/ | https://www.galvanik-horstmann.de/leistungen/ | https://www.galvanik-horstmann.de/unser-pruefverfahren/ | https://www.galvanik-horstmann.de/umwelt/ | https://www.galvanik-horstmann.de/wp-content/uploads/2020/11/GalvanikHorstmann.pdf,electroplating,R006,OPEN,,,,,,,,,0.5.0
128,P62,Galvanotechnik Kessel GmbH & Co. KG,flexibility,TECHNICALLY_RELEVANT,RESEARCH_REQUIRED,RESEARCH,B,flexibility_solution_deployed,UNKNOWN,"Are load-management, demand-response or documented controllable-load arrangements already operating at Galvanotechnik Kessel GmbH & Co. KG?",MEDIUM,HIGH,"Direct deployment evidence can still change the commercial status, while technical importance determines when the research should be performed.",RQ04_RELEVANT_DEPLOYMENT_CHECK,"Technical relevance is visible, but either its level or the evidence confidence does not meet the high-priority rule.",official company project or sustainability page | annual or sustainability report | recent official press release | vendor or project case study | load-management reference | demand-response programme record,https://www.galvanotechnik-kessel.de/impressum/ | https://www.galvanotechnik-kessel.de/|https://www.galvanotechnik-kessel.de/|https://www.galvanotechnik-kessel.de/wp-content/uploads/2024/12/Zertifikat_EM_50001_22638-Z04013_deutsch_bis2027-1-1.jpg|https://www.galvanotechnik-kessel.de/wp-content/uploads/2024/12/Zertifikat_UM_14001_22638-Z04012_deutsch_bis2027-1.jpg|https://www.galvanotechnik-kessel.de/qualitaet/energiemanagement/|https://www.galvanotechnik-kessel.de/qualitaet/umweltmanagement/,electroplating,R008,OPEN,,,,,,,,,0.5.0
129,P62,Galvanotechnik Kessel GmbH & Co. KG,power_quality,TECHNICALLY_RELEVANT,RESEARCH_REQUIRED,RESEARCH,C,power_quality_solution_deployed,UNKNOWN,Is power quality publicly documented as deployed at Galvanotechnik Kessel GmbH & Co. KG?,MEDIUM,HIGH,"Direct deployment evidence can still change the commercial status, while technical importance determines when the research should be performed.",RQ04_RELEVANT_DEPLOYMENT_CHECK,"Technical relevance is visible, but either its level or the evidence confidence does not meet the high-priority rule.",official company project or sustainability page | annual or sustainability report | recent official press release | vendor or project case study,https://www.galvanotechnik-kessel.de/impressum/ | https://www.galvanotechnik-kessel.de/|https://www.galvanotechnik-kessel.de/|https://www.galvanotechnik-kessel.de/wp-content/uploads/2024/12/Zertifikat_EM_50001_22638-Z04013_deutsch_bis2027-1-1.jpg|https://www.galvanotechnik-kessel.de/wp-content/uploads/2024/12/Zertifikat_UM_14001_22638-Z04012_deutsch_bis2027-1.jpg|https://www.galvanotechnik-kessel.de/qualitaet/energiemanagement/|https://www.galvanotechnik-kessel.de/qualitaet/umweltmanagement/,electroplating,R006,OPEN,,,,,,,,,0.5.0
130,P63,OTK Oberflächentechnik Kaltenkirchen GmbH,flexibility,TECHNICALLY_RELEVANT,RESEARCH_REQUIRED,RESEARCH,B,flexibility_solution_deployed,UNKNOWN,"Are load-management, demand-response or documented controllable-load arrangements already operating at OTK Oberflächentechnik Kaltenkirchen GmbH?",MEDIUM,HIGH,"Direct deployment evidence can still change the commercial status, while technical importance determines when the research should be performed.",RQ04_RELEVANT_DEPLOYMENT_CHECK,"Technical relevance is visible, but either its level or the evidence confidence does not meet the high-priority rule.",official company project or sustainability page | annual or sustainability report | recent official press release | vendor or project case study | load-management reference | demand-response programme record,https://otk-galvanik.de/ | https://www.zvo.org/verband/mitgliedsunternehmen | https://otk-galvanik.de/de/97787-Technik,electroplating,R008,OPEN,,,,,,,,,0.5.0
131,P63,OTK Oberflächentechnik Kaltenkirchen GmbH,power_quality,TECHNICALLY_RELEVANT,RESEARCH_REQUIRED,RESEARCH,C,power_quality_solution_deployed,UNKNOWN,Is power quality publicly documented as deployed at OTK Oberflächentechnik Kaltenkirchen GmbH?,MEDIUM,HIGH,"Direct deployment evidence can still change the commercial status, while technical importance determines when the research should be performed.",RQ04_RELEVANT_DEPLOYMENT_CHECK,"Technical relevance is visible, but either its level or the evidence confidence does not meet the high-priority rule.",official company project or sustainability page | annual or sustainability report | recent official press release | vendor or project case study,https://otk-galvanik.de/ | https://www.zvo.org/verband/mitgliedsunternehmen | https://otk-galvanik.de/de/97787-Technik,electroplating,R006,OPEN,,,,,,,,,0.5.0
132,P64,Wieland Metalloberflächentechnik GmbH,flexibility,TECHNICALLY_RELEVANT,RESEARCH_REQUIRED,RESEARCH,B,flexibility_solution_deployed,UNKNOWN,"Are load-management, demand-response or documented controllable-load arrangements already operating at Wieland Metalloberflächentechnik GmbH?",MEDIUM,HIGH,"Direct deployment evidence can still change the commercial status, while technical importance determines when the research should be performed.",RQ04_RELEVANT_DEPLOYMENT_CHECK,"Technical relevance is visible, but either its level or the evidence confidence does not meet the high-priority rule.",official company project or sustainability page | annual or sustainability report | recent official press release | vendor or project case study | load-management reference | demand-response programme record,https://www.wieland-oberflaeche.de/impressum | https://www.wieland-oberflaeche.de/ | https://www.wieland-oberflaeche.de/stellenangebote,electroplating,R008,OPEN,,,,,,,,,0.5.0
133,P64,Wieland Metalloberflächentechnik GmbH,power_quality,TECHNICALLY_RELEVANT,RESEARCH_REQUIRED,RESEARCH,C,power_quality_solution_deployed,UNKNOWN,Is power quality publicly documented as deployed at Wieland Metalloberflächentechnik GmbH?,MEDIUM,HIGH,"Direct deployment evidence can still change the commercial status, while technical importance determines when the research should be performed.",RQ04_RELEVANT_DEPLOYMENT_CHECK,"Technical relevance is visible, but either its level or the evidence confidence does not meet the high-priority rule.",official company project or sustainability page | annual or sustainability report | recent official press release | vendor or project case study,https://www.wieland-oberflaeche.de/impressum | https://www.wieland-oberflaeche.de/ | https://www.wieland-oberflaeche.de/stellenangebote,electroplating,R006,OPEN,,,,,,,,,0.5.0
134,P65,Porzellanmanufaktur FÜRSTENBERG GmbH,flexibility,TECHNICALLY_RELEVANT,RESEARCH_REQUIRED,RESEARCH,B,flexibility_solution_deployed,UNKNOWN,"Are load-management, demand-response or documented controllable-load arrangements already operating at Porzellanmanufaktur FÜRSTENBERG GmbH?",MEDIUM,HIGH,"Direct deployment evidence can still change the commercial status, while technical importance determines when the research should be performed.",RQ04_RELEVANT_DEPLOYMENT_CHECK,"Technical relevance is visible, but either its level or the evidence confidence does not meet the high-priority rule.",official company project or sustainability page | annual or sustainability report | recent official press release | vendor or project case study | load-management reference | demand-response programme record,https://www.fuerstenberg-porzellan.com/ | https://de.wikipedia.org/wiki/Porzellanmanufaktur_F%C3%BCrstenberg|https://www.fuerstenberg-porzellan.com/en/blog/blick-in-die-produktion,ceramic_firing,R008,OPEN,,,,,,,,,0.5.0
135,P65,Porzellanmanufaktur FÜRSTENBERG GmbH,thermal_storage,TECHNICALLY_RELEVANT,RESEARCH_REQUIRED,RESEARCH,B,thermal_storage_deployed,UNKNOWN,Is thermal storage publicly documented as deployed at Porzellanmanufaktur FÜRSTENBERG GmbH?,MEDIUM,HIGH,"Direct deployment evidence can still change the commercial status, while technical importance determines when the research should be performed.",RQ04_RELEVANT_DEPLOYMENT_CHECK,"Technical relevance is visible, but either its level or the evidence confidence does not meet the high-priority rule.",official company project or sustainability page | annual or sustainability report | recent official press release | vendor or project case study,https://www.fuerstenberg-porzellan.com/ | https://de.wikipedia.org/wiki/Porzellanmanufaktur_F%C3%BCrstenberg|https://www.fuerstenberg-porzellan.com/en/blog/blick-in-die-produktion,ceramic_firing,R005,OPEN,,,,,,,,,0.5.0
136,P66,KPM Königliche Porzellan-Manufaktur Berlin GmbH,flexibility,TECHNICALLY_RELEVANT,RESEARCH_REQUIRED,RESEARCH,B,flexibility_solution_deployed,UNKNOWN,"Are load-management, demand-response or documented controllable-load arrangements already operating at KPM Königliche Porzellan-Manufaktur Berlin GmbH?",MEDIUM,HIGH,"Direct deployment evidence can still change the commercial status, while technical importance determines when the research should be performed.",RQ04_RELEVANT_DEPLOYMENT_CHECK,"Technical relevance is visible, but either its level or the evidence confidence does not meet the high-priority rule.",official company project or sustainability page | annual or sustainability report | recent official press release | vendor or project case study | load-management reference | demand-response programme record,https://www.kpm-berlin.com/ | https://www.stiftung-kpm.de/ | https://www.kpm-berlin.com/pages/manufaktur-porzellan-handwerkskunst | https://group.vattenfall.com/de/newsroom/news/2023/mit-abwasser-und-algen-auf-dem-weg-zum-netto-nullverbrauch | https://www.ressource-deutschland.de/themen/bauwesen/vernetzung-von-waerme/,ceramic_firing,R008,OPEN,,,,,,,,,0.5.0
137,P66,KPM Königliche Porzellan-Manufaktur Berlin GmbH,thermal_storage,TECHNICALLY_RELEVANT,RESEARCH_REQUIRED,RESEARCH,B,thermal_storage_deployed,UNKNOWN,Is thermal storage publicly documented as deployed at KPM Königliche Porzellan-Manufaktur Berlin GmbH?,MEDIUM,HIGH,"Direct deployment evidence can still change the commercial status, while technical importance determines when the research should be performed.",RQ04_RELEVANT_DEPLOYMENT_CHECK,"Technical relevance is visible, but either its level or the evidence confidence does not meet the high-priority rule.",official company project or sustainability page | annual or sustainability report | recent official press release | vendor or project case study,https://www.kpm-berlin.com/ | https://www.stiftung-kpm.de/ | https://www.kpm-berlin.com/pages/manufaktur-porzellan-handwerkskunst | https://group.vattenfall.com/de/newsroom/news/2023/mit-abwasser-und-algen-auf-dem-weg-zum-netto-nullverbrauch | https://www.ressource-deutschland.de/themen/bauwesen/vernetzung-von-waerme/,ceramic_firing,R005,OPEN,,,,,,,,,0.5.0
138,P67,DOCERAM GmbH,flexibility,TECHNICALLY_RELEVANT,RESEARCH_REQUIRED,RESEARCH,B,flexibility_solution_deployed,UNKNOWN,"Are load-management, demand-response or documented controllable-load arrangements already operating at DOCERAM GmbH?",MEDIUM,HIGH,"Direct deployment evidence can still change the commercial status, while technical importance determines when the research should be performed.",RQ04_RELEVANT_DEPLOYMENT_CHECK,"Technical relevance is visible, but either its level or the evidence confidence does not meet the high-priority rule.",official company project or sustainability page | annual or sustainability report | recent official press release | vendor or project case study | load-management reference | demand-response programme record,https://www.moeschter-group.com/de/doceram/uebersicht/ | https://www.moeschter-group.com/|https://www.moeschter-group.com/de/doceram/downloads/|https://www.moeschter-group.com/fileadmin/content/mediathek/zertifikate/Zertifikate_9001_DE/ISO-9001_ISO-14001_Site-DC_DE_bis-20280518.PDF,ceramic_firing,R008,OPEN,,,,,,,,,0.5.0
139,P67,DOCERAM GmbH,thermal_storage,TECHNICALLY_RELEVANT,RESEARCH_REQUIRED,RESEARCH,B,thermal_storage_deployed,UNKNOWN,Is thermal storage publicly documented as deployed at DOCERAM GmbH?,MEDIUM,HIGH,"Direct deployment evidence can still change the commercial status, while technical importance determines when the research should be performed.",RQ04_RELEVANT_DEPLOYMENT_CHECK,"Technical relevance is visible, but either its level or the evidence confidence does not meet the high-priority rule.",official company project or sustainability page | annual or sustainability report | recent official press release | vendor or project case study,https://www.moeschter-group.com/de/doceram/uebersicht/ | https://www.moeschter-group.com/|https://www.moeschter-group.com/de/doceram/downloads/|https://www.moeschter-group.com/fileadmin/content/mediathek/zertifikate/Zertifikate_9001_DE/ISO-9001_ISO-14001_Site-DC_DE_bis-20280518.PDF,ceramic_firing,R005,OPEN,,,,,,,,,0.5.0
140,P68,TechnoKer GmbH,flexibility,TECHNICALLY_RELEVANT,RESEARCH_REQUIRED,RESEARCH,B,flexibility_solution_deployed,UNKNOWN,"Are load-management, demand-response or documented controllable-load arrangements already operating at TechnoKer GmbH?",MEDIUM,HIGH,"Direct deployment evidence can still change the commercial status, while technical importance determines when the research should be performed.",RQ04_RELEVANT_DEPLOYMENT_CHECK,"Technical relevance is visible, but either its level or the evidence confidence does not meet the high-priority rule.",official company project or sustainability page | annual or sustainability report | recent official press release | vendor or project case study | load-management reference | demand-response programme record,https://technoker.de/impressum | https://technoker.de/ | https://technoker.de/ueberuns | https://technoker.de/dienstleistungen | https://technoker.de/wp-content/uploads/2024/02/04.12.2023.pdf,ceramic_firing,R008,OPEN,,,,,,,,,0.5.0
141,P68,TechnoKer GmbH,thermal_storage,TECHNICALLY_RELEVANT,RESEARCH_REQUIRED,RESEARCH,B,thermal_storage_deployed,UNKNOWN,Is thermal storage publicly documented as deployed at TechnoKer GmbH?,MEDIUM,HIGH,"Direct deployment evidence can still change the commercial status, while technical importance determines when the research should be performed.",RQ04_RELEVANT_DEPLOYMENT_CHECK,"Technical relevance is visible, but either its level or the evidence confidence does not meet the high-priority rule.",official company project or sustainability page | annual or sustainability report | recent official press release | vendor or project case study,https://technoker.de/impressum | https://technoker.de/ | https://technoker.de/ueberuns | https://technoker.de/dienstleistungen | https://technoker.de/wp-content/uploads/2024/02/04.12.2023.pdf,ceramic_firing,R005,OPEN,,,,,,,,,0.5.0
142,P70,ceram GmbH,flexibility,TECHNICALLY_RELEVANT,RESEARCH_REQUIRED,RESEARCH,B,flexibility_solution_deployed,UNKNOWN,"Are load-management, demand-response or documented controllable-load arrangements already operating at ceram GmbH?",MEDIUM,HIGH,"Direct deployment evidence can still change the commercial status, while technical importance determines when the research should be performed.",RQ04_RELEVANT_DEPLOYMENT_CHECK,"Technical relevance is visible, but either its level or the evidence confidence does not meet the high-priority rule.",official company project or sustainability page | annual or sustainability report | recent official press release | vendor or project case study | load-management reference | demand-response programme record,https://www.ceram-gmbh.de/impressum/ | https://www.ceram-gmbh.de/leistungsspektrum/ | https://www.ceram-gmbh.de/ueber-uns/ | https://www.ceram-gmbh.de/wp-content/uploads/sites/86/2023/07/ceram-GmbH_14001-bis-2026.pdf,ceramic_firing,R008,OPEN,,,,,,,,,0.5.0
143,P70,ceram GmbH,thermal_storage,TECHNICALLY_RELEVANT,RESEARCH_REQUIRED,RESEARCH,B,thermal_storage_deployed,UNKNOWN,Is thermal storage publicly documented as deployed at ceram GmbH?,MEDIUM,HIGH,"Direct deployment evidence can still change the commercial status, while technical importance determines when the research should be performed.",RQ04_RELEVANT_DEPLOYMENT_CHECK,"Technical relevance is visible, but either its level or the evidence confidence does not meet the high-priority rule.",official company project or sustainability page | annual or sustainability report | recent official press release | vendor or project case study,https://www.ceram-gmbh.de/impressum/ | https://www.ceram-gmbh.de/leistungsspektrum/ | https://www.ceram-gmbh.de/ueber-uns/ | https://www.ceram-gmbh.de/wp-content/uploads/sites/86/2023/07/ceram-GmbH_14001-bis-2026.pdf,ceramic_firing,R005,OPEN,,,,,,,,,0.5.0
144,P71,Flötzinger Brauerei Franz Steegmüller GmbH & Co. KG,flexibility,TECHNICALLY_RELEVANT,RESEARCH_REQUIRED,RESEARCH,B,flexibility_solution_deployed,UNKNOWN,"Are load-management, demand-response or documented controllable-load arrangements already operating at Flötzinger Brauerei Franz Steegmüller GmbH & Co. KG?",MEDIUM,HIGH,"Direct deployment evidence can still change the commercial status, while technical importance determines when the research should be performed.",RQ04_RELEVANT_DEPLOYMENT_CHECK,"Technical relevance is visible, but either its level or the evidence confidence does not meet the high-priority rule.",official company project or sustainability page | annual or sustainability report | recent official press release | vendor or project case study | load-management reference | demand-response programme record,https://www.floetzinger.de/|https://www.atp.ag/de/projekte/floetzinger-brauerei-in-schechen/,brewing_boiling,R008,OPEN,,,,,,,,,0.5.0
145,P71,Flötzinger Brauerei Franz Steegmüller GmbH & Co. KG,thermal_storage,TECHNICALLY_RELEVANT,RESEARCH_REQUIRED,RESEARCH,B,thermal_storage_deployed,UNKNOWN,Is thermal storage publicly documented as deployed at Flötzinger Brauerei Franz Steegmüller GmbH & Co. KG?,MEDIUM,HIGH,"Direct deployment evidence can still change the commercial status, while technical importance determines when the research should be performed.",RQ04_RELEVANT_DEPLOYMENT_CHECK,"Technical relevance is visible, but either its level or the evidence confidence does not meet the high-priority rule.",official company project or sustainability page | annual or sustainability report | recent official press release | vendor or project case study,https://www.floetzinger.de/|https://www.atp.ag/de/projekte/floetzinger-brauerei-in-schechen/,brewing_boiling,R005,OPEN,,,,,,,,,0.5.0
146,P72,Hofbräuhaus Traunstein Josef Sailer GmbH & Co. KG,flexibility,TECHNICALLY_RELEVANT,RESEARCH_REQUIRED,RESEARCH,B,flexibility_solution_deployed,UNKNOWN,"Are load-management, demand-response or documented controllable-load arrangements already operating at Hofbräuhaus Traunstein Josef Sailer GmbH & Co. KG?",MEDIUM,HIGH,"Direct deployment evidence can still change the commercial status, while technical importance determines when the research should be performed.",RQ04_RELEVANT_DEPLOYMENT_CHECK,"Technical relevance is visible, but either its level or the evidence confidence does not meet the high-priority rule.",official company project or sustainability page | annual or sustainability report | recent official press release | vendor or project case study | load-management reference | demand-response programme record,https://www.hb-ts.de/|https://www.hb-ts.de/umwelt-soziales/,brewing_boiling,R008,OPEN,,,,,,,,,0.5.0
147,P72,Hofbräuhaus Traunstein Josef Sailer GmbH & Co. KG,thermal_storage,TECHNICALLY_RELEVANT,RESEARCH_REQUIRED,RESEARCH,B,thermal_storage_deployed,UNKNOWN,Is thermal storage publicly documented as deployed at Hofbräuhaus Traunstein Josef Sailer GmbH & Co. KG?,MEDIUM,HIGH,"Direct deployment evidence can still change the commercial status, while technical importance determines when the research should be performed.",RQ04_RELEVANT_DEPLOYMENT_CHECK,"Technical relevance is visible, but either its level or the evidence confidence does not meet the high-priority rule.",official company project or sustainability page | annual or sustainability report | recent official press release | vendor or project case study,https://www.hb-ts.de/|https://www.hb-ts.de/umwelt-soziales/,brewing_boiling,R005,OPEN,,,,,,,,,0.5.0
148,P73,Brauerei-Gasthof Kundmüller GmbH,flexibility,TECHNICALLY_RELEVANT,RESEARCH_REQUIRED,RESEARCH,B,flexibility_solution_deployed,UNKNOWN,"Are load-management, demand-response or documented controllable-load arrangements already operating at Brauerei-Gasthof Kundmüller GmbH?",MEDIUM,HIGH,"Direct deployment evidence can still change the commercial status, while technical importance determines when the research should be performed.",RQ04_RELEVANT_DEPLOYMENT_CHECK,"Technical relevance is visible, but either its level or the evidence confidence does not meet the high-priority rule.",official company project or sustainability page | annual or sustainability report | recent official press release | vendor or project case study | load-management reference | demand-response programme record,https://www.brauerei-kundmueller.de/|https://www.brauerei-kundmueller.com/self-guided-tour|https://www.brauerei-kundmueller.com/self-guided-tour/station-19|https://www.brauerei-kundmueller.com/self-guided-tour/station-20|https://www.brauerei-kundmueller.de/assets/node/vv49lvhqx8ppc/brauerei-kundmueller_hausbroschuere_A5_2025_13.0_WEB-DE.pdf,brewing_boiling,R008,OPEN,,,,,,,,,0.5.0
149,P73,Brauerei-Gasthof Kundmüller GmbH,thermal_storage,TECHNICALLY_RELEVANT,RESEARCH_REQUIRED,RESEARCH,B,thermal_storage_deployed,UNKNOWN,Is thermal storage publicly documented as deployed at Brauerei-Gasthof Kundmüller GmbH?,MEDIUM,HIGH,"Direct deployment evidence can still change the commercial status, while technical importance determines when the research should be performed.",RQ04_RELEVANT_DEPLOYMENT_CHECK,"Technical relevance is visible, but either its level or the evidence confidence does not meet the high-priority rule.",official company project or sustainability page | annual or sustainability report | recent official press release | vendor or project case study,https://www.brauerei-kundmueller.de/|https://www.brauerei-kundmueller.com/self-guided-tour|https://www.brauerei-kundmueller.com/self-guided-tour/station-19|https://www.brauerei-kundmueller.com/self-guided-tour/station-20|https://www.brauerei-kundmueller.de/assets/node/vv49lvhqx8ppc/brauerei-kundmueller_hausbroschuere_A5_2025_13.0_WEB-DE.pdf,brewing_boiling,R005,OPEN,,,,,,,,,0.5.0
150,P74,Brauerei Gebr. Maisel GmbH & Co. KG,flexibility,TECHNICALLY_RELEVANT,RESEARCH_REQUIRED,RESEARCH,B,flexibility_solution_deployed,UNKNOWN,"Are load-management, demand-response or documented controllable-load arrangements already operating at Brauerei Gebr. Maisel GmbH & Co. KG?",MEDIUM,HIGH,"Direct deployment evidence can still change the commercial status, while technical importance determines when the research should be performed.",RQ04_RELEVANT_DEPLOYMENT_CHECK,"Technical relevance is visible, but either its level or the evidence confidence does not meet the high-priority rule.",official company project or sustainability page | annual or sustainability report | recent official press release | vendor or project case study | load-management reference | demand-response programme record,https://www.maisel.com/|https://www.maisel.com/familie-maisel/qualitaet/,brewing_boiling,R008,OPEN,,,,,,,,,0.5.0
151,P74,Brauerei Gebr. Maisel GmbH & Co. KG,thermal_storage,TECHNICALLY_RELEVANT,RESEARCH_REQUIRED,RESEARCH,B,thermal_storage_deployed,UNKNOWN,Is thermal storage publicly documented as deployed at Brauerei Gebr. Maisel GmbH & Co. KG?,MEDIUM,HIGH,"Direct deployment evidence can still change the commercial status, while technical importance determines when the research should be performed.",RQ04_RELEVANT_DEPLOYMENT_CHECK,"Technical relevance is visible, but either its level or the evidence confidence does not meet the high-priority rule.",official company project or sustainability page | annual or sustainability report | recent official press release | vendor or project case study,https://www.maisel.com/|https://www.maisel.com/familie-maisel/qualitaet/,brewing_boiling,R005,OPEN,,,,,,,,,0.5.0
152,P75,Privatbrauerei J.B. Falter Regen KG,flexibility,TECHNICALLY_RELEVANT,RESEARCH_REQUIRED,RESEARCH,B,flexibility_solution_deployed,UNKNOWN,"Are load-management, demand-response or documented controllable-load arrangements already operating at Privatbrauerei J.B. Falter Regen KG?",MEDIUM,HIGH,"Direct deployment evidence can still change the commercial status, while technical importance determines when the research should be performed.",RQ04_RELEVANT_DEPLOYMENT_CHECK,"Technical relevance is visible, but either its level or the evidence confidence does not meet the high-priority rule.",official company project or sustainability page | annual or sustainability report | recent official press release | vendor or project case study | load-management reference | demand-response programme record,https://www.jb-falter.de/service/impressum | https://www.jb-falter.de/ | https://www.jb-falter.de/brauerei/produktion | https://www.jb-falter.de/brauerei/produktion/sudhaus | https://www.jb-falter.de/brauerei/produktion/lagerung-reifung | https://www.jb-falter.de/brauerei/bautagebuch | https://www.jb-falter.de/brauerei/produktion/abfuellung,brewing_boiling,R008,OPEN,,,,,,,,,0.5.0
153,P75,Privatbrauerei J.B. Falter Regen KG,thermal_storage,TECHNICALLY_RELEVANT,RESEARCH_REQUIRED,RESEARCH,B,thermal_storage_deployed,UNKNOWN,Is thermal storage publicly documented as deployed at Privatbrauerei J.B. Falter Regen KG?,MEDIUM,HIGH,"Direct deployment evidence can still change the commercial status, while technical importance determines when the research should be performed.",RQ04_RELEVANT_DEPLOYMENT_CHECK,"Technical relevance is visible, but either its level or the evidence confidence does not meet the high-priority rule.",official company project or sustainability page | annual or sustainability report | recent official press release | vendor or project case study,https://www.jb-falter.de/service/impressum | https://www.jb-falter.de/ | https://www.jb-falter.de/brauerei/produktion | https://www.jb-falter.de/brauerei/produktion/sudhaus | https://www.jb-falter.de/brauerei/produktion/lagerung-reifung | https://www.jb-falter.de/brauerei/bautagebuch | https://www.jb-falter.de/brauerei/produktion/abfuellung,brewing_boiling,R005,OPEN,,,,,,,,,0.5.0
154,P76,Si-Tech Singer GmbH,flexibility,TECHNICALLY_RELEVANT,RESEARCH_REQUIRED,RESEARCH,B,flexibility_solution_deployed,UNKNOWN,"Are load-management, demand-response or documented controllable-load arrangements already operating at Si-Tech Singer GmbH?",MEDIUM,HIGH,"Direct deployment evidence can still change the commercial status, while technical importance determines when the research should be performed.",RQ04_RELEVANT_DEPLOYMENT_CHECK,"Technical relevance is visible, but either its level or the evidence confidence does not meet the high-priority rule.",official company project or sustainability page | annual or sustainability report | recent official press release | vendor or project case study | load-management reference | demand-response programme record,https://si-tech-gmbh.com/impressum/ | https://si-tech-gmbh.com/ | https://si-tech-gmbh.com/unternehmen/nachhaltigkeit | https://si-tech-gmbh.com/assets/dl/nachhaltigkeit/certificate-din-iso-14001-2015-en.pdf | https://si-tech-gmbh.com/leistungen/kunststoffspritzguss | https://si-tech-gmbh.com/leistungen/werkzeugbau | https://si-tech-gmbh.com/unternehmen/historie | https://si-tech-gmbh.com/unternehmen/qualitaet,injection_moulding,R008,RECHECK_DUE,PARTIAL_EVIDENCE,UNKNOWN,PROVISIONAL,"Kühl- und Druckluftsysteme mit Rückgewinnung, Wärmeverbrauchern und datierten Anlagenprojekten prüfen. Canonical values and personal score approval are separate; public evidence is recorded here.",2026-10-08,2026-11-08,Kunststoffspritzguss mit automatisiertem Handling; eigene thermische Energieträger bleiben offen. Eigene PV und ISO-14001-Umweltmanagement belegt; kein direkter Wärmerückgewinnungsnachweis.,S-P76-04,0.5.0
155,P77,metak GmbH & Co. KG,flexibility,TECHNICALLY_RELEVANT,RESEARCH_REQUIRED,RESEARCH,B,flexibility_solution_deployed,UNKNOWN,"Are load-management, demand-response or documented controllable-load arrangements already operating at metak GmbH & Co. KG?",MEDIUM,HIGH,"Direct deployment evidence can still change the commercial status, while technical importance determines when the research should be performed.",RQ04_RELEVANT_DEPLOYMENT_CHECK,"Technical relevance is visible, but either its level or the evidence confidence does not meet the high-priority rule.",official company project or sustainability page | annual or sustainability report | recent official press release | vendor or project case study | load-management reference | demand-response programme record,https://www.metak.de/impressum | https://www.metak.de/ | https://www.metak.de/umwelt/leitlinien-massnahmen | https://www.metak.de/leistungen/werkzeugbau | https://www.metak.de/leistungen/maschinenpark | https://www.metak.de/fileadmin/Kundenbereich/Zertifikate/Metak_Zertifikat_50001_deutsch_2026.pdf | https://www.metak.de/fileadmin/Kundenbereich/Zertifikate/Metak_Zertifikat_14001_deutsch_2026.pdf,injection_moulding,R008,RECHECK_DUE,PARTIAL_EVIDENCE,UNKNOWN,PROVISIONAL,Energieanlage und Zertifikat vom Investitionsprojekt trennen; aktuelle thermische Speicher und Heizöl-Restverbrauch klären. Canonical values and personal score approval are separate; public evidence is recorded here.,2026-10-08,2026-11-08,"Spritzguss mit servo-/vollelektrischen Maschinen, Kühlung und Heizöl für Heiz-/Prozesszwecke. Wärmerückgewinnung und Freikühlung direkt belegt. ISO 50001 001117.E gilt bis 22.09.2029.",S-P77-03 | S-P77-06,0.5.0
156,P78,Erlemann & Huckenbeck GmbH & Co. KG,flexibility,TECHNICALLY_RELEVANT,RESEARCH_REQUIRED,RESEARCH,B,flexibility_solution_deployed,UNKNOWN,"Are load-management, demand-response or documented controllable-load arrangements already operating at Erlemann & Huckenbeck GmbH & Co. KG?",MEDIUM,HIGH,"Direct deployment evidence can still change the commercial status, while technical importance determines when the research should be performed.",RQ04_RELEVANT_DEPLOYMENT_CHECK,"Technical relevance is visible, but either its level or the evidence confidence does not meet the high-priority rule.",official company project or sustainability page | annual or sustainability report | recent official press release | vendor or project case study | load-management reference | demand-response programme record,https://www.erlemann-huckenbeck.de/,injection_moulding,R008,RECHECK_DUE,PARTIAL_EVIDENCE,UNKNOWN,PROVISIONAL,Betriebswebsite/Anlagennachweise wieder abrufen; Heizungsart der Pressen und reale Rückgewinnungsanlagen verifizieren. Canonical values and personal score approval are separate; public evidence is recorded here.,2026-10-08,2026-11-08,"Duroplast-Pressverfahren: Werkzeugtemperatur 130–150 °C laut eigener Pressemitteilung. Produktion belegt; thermische Energieträger, Rückgewinnung und aktuelle Energieinvestitionen offen.",S-P78-03,0.5.0
157,P79,Langer GmbH & Co. KG,flexibility,TECHNICALLY_RELEVANT,RESEARCH_REQUIRED,RESEARCH,B,flexibility_solution_deployed,UNKNOWN,"Are load-management, demand-response or documented controllable-load arrangements already operating at Langer GmbH & Co. KG?",MEDIUM,HIGH,"Direct deployment evidence can still change the commercial status, while technical importance determines when the research should be performed.",RQ04_RELEVANT_DEPLOYMENT_CHECK,"Technical relevance is visible, but either its level or the evidence confidence does not meet the high-priority rule.",official company project or sustainability page | annual or sustainability report | recent official press release | vendor or project case study | load-management reference | demand-response programme record,https://www.langer-group.de/Impressum-Langer-Group | https://www.langer-group.de/ | https://www.langer-group.de/Nachhaltigkeit-Leitbild | https://www.langer-group.de/data/media/45/4511_0x0x0x0x0_14001.pdf | https://www.langer-group.de/data/media/45/4509_0x0x0x0x0_50001.pdf | https://www.langer-group.de/data/media/60/6034_0x0x0x0x0_DNK_Erklaerung_2024_Langer_GmbH___Co__KG.pdf,injection_moulding,R008,OPEN,,,,,,,,,0.5.0
158,P80,MKT Metall- und Kunststofftechnik GmbH,flexibility,TECHNICALLY_RELEVANT,RESEARCH_REQUIRED,RESEARCH,B,flexibility_solution_deployed,UNKNOWN,"Are load-management, demand-response or documented controllable-load arrangements already operating at MKT Metall- und Kunststofftechnik GmbH?",MEDIUM,HIGH,"Direct deployment evidence can still change the commercial status, while technical importance determines when the research should be performed.",RQ04_RELEVANT_DEPLOYMENT_CHECK,"Technical relevance is visible, but either its level or the evidence confidence does not meet the high-priority rule.",official company project or sustainability page | annual or sustainability report | recent official press release | vendor or project case study | load-management reference | demand-response programme record,https://www.mkt-gmbh.org/impressum/ | https://www.mkt-gmbh.org/ | https://www.mkt-gmbh.org/werkzeugbau | https://www.mkt-gmbh.org/spritzguss | https://www.mkt-gmbh.org/kontakt/ueber-uns | https://www.mkt-gmbh.org/pdf/ISO-14001-2015.pdf | https://www.mkt-gmbh.org/pdf/Naturenergie.pdf,injection_moulding,R008,OPEN,,,,,,,,,0.5.0
159,P81,Eloxalwerk Ludwigsburg Helmut Zerrer GmbH,flexibility,TECHNICALLY_RELEVANT,RESEARCH_REQUIRED,RESEARCH,B,flexibility_solution_deployed,UNKNOWN,"Are load-management, demand-response or documented controllable-load arrangements already operating at Eloxalwerk Ludwigsburg Helmut Zerrer GmbH?",MEDIUM,HIGH,"Direct deployment evidence can still change the commercial status, while technical importance determines when the research should be performed.",RQ04_RELEVANT_DEPLOYMENT_CHECK,"Technical relevance is visible, but either its level or the evidence confidence does not meet the high-priority rule.",official company project or sustainability page | annual or sustainability report | recent official press release | vendor or project case study | load-management reference | demand-response programme record,https://ceranod.de/impressum/ | https://ceranod.de/ | https://ceranod.de/unternehmen/umwelt-technik/ | https://ceranod.de/verfahren/plasmakeramik/,anodising,R008,OPEN,,,,,,,,,0.5.0
160,P81,Eloxalwerk Ludwigsburg Helmut Zerrer GmbH,power_quality,TECHNICALLY_RELEVANT,RESEARCH_REQUIRED,RESEARCH,C,power_quality_solution_deployed,UNKNOWN,Is power quality publicly documented as deployed at Eloxalwerk Ludwigsburg Helmut Zerrer GmbH?,MEDIUM,HIGH,"Direct deployment evidence can still change the commercial status, while technical importance determines when the research should be performed.",RQ04_RELEVANT_DEPLOYMENT_CHECK,"Technical relevance is visible, but either its level or the evidence confidence does not meet the high-priority rule.",official company project or sustainability page | annual or sustainability report | recent official press release | vendor or project case study,https://ceranod.de/impressum/ | https://ceranod.de/ | https://ceranod.de/unternehmen/umwelt-technik/ | https://ceranod.de/verfahren/plasmakeramik/,anodising,R006,OPEN,,,,,,,,,0.5.0
161,P82,Galvanotec-Hagen GmbH & Co. KG,flexibility,TECHNICALLY_RELEVANT,RESEARCH_REQUIRED,RESEARCH,B,flexibility_solution_deployed,UNKNOWN,"Are load-management, demand-response or documented controllable-load arrangements already operating at Galvanotec-Hagen GmbH & Co. KG?",MEDIUM,HIGH,"Direct deployment evidence can still change the commercial status, while technical importance determines when the research should be performed.",RQ04_RELEVANT_DEPLOYMENT_CHECK,"Technical relevance is visible, but either its level or the evidence confidence does not meet the high-priority rule.",official company project or sustainability page | annual or sustainability report | recent official press release | vendor or project case study | load-management reference | demand-response programme record,https://www.galvanotec-hagen.de/|https://www.galvanotec-hagen.de/qualitaetsmanagement,electroplating,R008,OPEN,,,,,,,,,0.5.0
162,P82,Galvanotec-Hagen GmbH & Co. KG,power_quality,TECHNICALLY_RELEVANT,RESEARCH_REQUIRED,RESEARCH,C,power_quality_solution_deployed,UNKNOWN,Is power quality publicly documented as deployed at Galvanotec-Hagen GmbH & Co. KG?,MEDIUM,HIGH,"Direct deployment evidence can still change the commercial status, while technical importance determines when the research should be performed.",RQ04_RELEVANT_DEPLOYMENT_CHECK,"Technical relevance is visible, but either its level or the evidence confidence does not meet the high-priority rule.",official company project or sustainability page | annual or sustainability report | recent official press release | vendor or project case study,https://www.galvanotec-hagen.de/|https://www.galvanotec-hagen.de/qualitaetsmanagement,electroplating,R006,OPEN,,,,,,,,,0.5.0
163,P83,Gerbracht & Mönch Galvanotechnik GmbH,flexibility,TECHNICALLY_RELEVANT,RESEARCH_REQUIRED,RESEARCH,B,flexibility_solution_deployed,UNKNOWN,"Are load-management, demand-response or documented controllable-load arrangements already operating at Gerbracht & Mönch Galvanotechnik GmbH?",MEDIUM,HIGH,"Direct deployment evidence can still change the commercial status, while technical importance determines when the research should be performed.",RQ04_RELEVANT_DEPLOYMENT_CHECK,"Technical relevance is visible, but either its level or the evidence confidence does not meet the high-priority rule.",official company project or sustainability page | annual or sustainability report | recent official press release | vendor or project case study | load-management reference | demand-response programme record,https://www.galvanotec.de/impressum/ | https://www.galvanotec.de/ | https://mwtek.rlp.de/presse/detail/schmitt-investitionen-staerken-wettbewerbsfaehigkeit-und-region-nachhaltig-rund-555000-euro-foerderung-fuer-gerbracht-moench-galvanotechnik-gmbh,electroplating,R008,OPEN,,,,,,,,,0.5.0
164,P83,Gerbracht & Mönch Galvanotechnik GmbH,power_quality,TECHNICALLY_RELEVANT,RESEARCH_REQUIRED,RESEARCH,C,power_quality_solution_deployed,UNKNOWN,Is power quality publicly documented as deployed at Gerbracht & Mönch Galvanotechnik GmbH?,MEDIUM,HIGH,"Direct deployment evidence can still change the commercial status, while technical importance determines when the research should be performed.",RQ04_RELEVANT_DEPLOYMENT_CHECK,"Technical relevance is visible, but either its level or the evidence confidence does not meet the high-priority rule.",official company project or sustainability page | annual or sustainability report | recent official press release | vendor or project case study,https://www.galvanotec.de/impressum/ | https://www.galvanotec.de/ | https://mwtek.rlp.de/presse/detail/schmitt-investitionen-staerken-wettbewerbsfaehigkeit-und-region-nachhaltig-rund-555000-euro-foerderung-fuer-gerbracht-moench-galvanotechnik-gmbh,electroplating,R006,OPEN,,,,,,,,,0.5.0
165,P84,Sauer Oberflächentechnik GmbH,flexibility,TECHNICALLY_RELEVANT,RESEARCH_REQUIRED,RESEARCH,B,flexibility_solution_deployed,UNKNOWN,"Are load-management, demand-response or documented controllable-load arrangements already operating at Sauer Oberflächentechnik GmbH?",MEDIUM,HIGH,"Direct deployment evidence can still change the commercial status, while technical importance determines when the research should be performed.",RQ04_RELEVANT_DEPLOYMENT_CHECK,"Technical relevance is visible, but either its level or the evidence confidence does not meet the high-priority rule.",official company project or sustainability page | annual or sustainability report | recent official press release | vendor or project case study | load-management reference | demand-response programme record,https://sa-oberflaechen.de/impressum/ | https://sa-oberflaechen.de/unsere-produktion/ | https://sa-oberflaechen.de/ueber-uns/unsere-anlage/ | https://sa-oberflaechen.de/,powder_coating,R008,OPEN,,,,,,,,,0.5.0
166,P85,Die Schweizer Galvanotechnic GmbH & Co. KG,flexibility,TECHNICALLY_RELEVANT,RESEARCH_REQUIRED,RESEARCH,B,flexibility_solution_deployed,UNKNOWN,"Are load-management, demand-response or documented controllable-load arrangements already operating at Die Schweizer Galvanotechnic GmbH & Co. KG?",MEDIUM,HIGH,"Direct deployment evidence can still change the commercial status, while technical importance determines when the research should be performed.",RQ04_RELEVANT_DEPLOYMENT_CHECK,"Technical relevance is visible, but either its level or the evidence confidence does not meet the high-priority rule.",official company project or sustainability page | annual or sustainability report | recent official press release | vendor or project case study | load-management reference | demand-response programme record,https://www.galvanotechnic.de/|https://www.schweizer-galvano.de/,electroplating,R008,OPEN,,,,,,,,,0.5.0
167,P85,Die Schweizer Galvanotechnic GmbH & Co. KG,power_quality,TECHNICALLY_RELEVANT,RESEARCH_REQUIRED,RESEARCH,C,power_quality_solution_deployed,UNKNOWN,Is power quality publicly documented as deployed at Die Schweizer Galvanotechnic GmbH & Co. KG?,MEDIUM,HIGH,"Direct deployment evidence can still change the commercial status, while technical importance determines when the research should be performed.",RQ04_RELEVANT_DEPLOYMENT_CHECK,"Technical relevance is visible, but either its level or the evidence confidence does not meet the high-priority rule.",official company project or sustainability page | annual or sustainability report | recent official press release | vendor or project case study,https://www.galvanotechnic.de/|https://www.schweizer-galvano.de/,electroplating,R006,OPEN,,,,,,,,,0.5.0
168,P86,GIESS- TECHNISCHE- SONDERKERAMIK GmbH & Co. KG,flexibility,TECHNICALLY_RELEVANT,RESEARCH_REQUIRED,RESEARCH,B,flexibility_solution_deployed,UNKNOWN,"Are load-management, demand-response or documented controllable-load arrangements already operating at GIESS- TECHNISCHE- SONDERKERAMIK GmbH & Co. KG?",MEDIUM,HIGH,"Direct deployment evidence can still change the commercial status, while technical importance determines when the research should be performed.",RQ04_RELEVANT_DEPLOYMENT_CHECK,"Technical relevance is visible, but either its level or the evidence confidence does not meet the high-priority rule.",official company project or sustainability page | annual or sustainability report | recent official press release | vendor or project case study | load-management reference | demand-response programme record,https://gts-keramik.de/|https://gts-keramik.de/ueber-uns/,ceramic_firing,R008,OPEN,,,,,,,,,0.5.0
169,P86,GIESS- TECHNISCHE- SONDERKERAMIK GmbH & Co. KG,thermal_storage,TECHNICALLY_RELEVANT,RESEARCH_REQUIRED,RESEARCH,B,thermal_storage_deployed,UNKNOWN,Is thermal storage publicly documented as deployed at GIESS- TECHNISCHE- SONDERKERAMIK GmbH & Co. KG?,MEDIUM,HIGH,"Direct deployment evidence can still change the commercial status, while technical importance determines when the research should be performed.",RQ04_RELEVANT_DEPLOYMENT_CHECK,"Technical relevance is visible, but either its level or the evidence confidence does not meet the high-priority rule.",official company project or sustainability page | annual or sustainability report | recent official press release | vendor or project case study,https://gts-keramik.de/|https://gts-keramik.de/ueber-uns/,ceramic_firing,R005,OPEN,,,,,,,,,0.5.0
170,P88,Ceramaret Meissen GmbH,flexibility,TECHNICALLY_RELEVANT,RESEARCH_REQUIRED,RESEARCH,B,flexibility_solution_deployed,UNKNOWN,"Are load-management, demand-response or documented controllable-load arrangements already operating at Ceramaret Meissen GmbH?",MEDIUM,HIGH,"Direct deployment evidence can still change the commercial status, while technical importance determines when the research should be performed.",RQ04_RELEVANT_DEPLOYMENT_CHECK,"Technical relevance is visible, but either its level or the evidence confidence does not meet the high-priority rule.",official company project or sustainability page | annual or sustainability report | recent official press release | vendor or project case study | load-management reference | demand-response programme record,https://ceramaret.com/de/legal/impressum | https://ceramaret.com/|https://ceramaret.com/sites-de-production|https://ceramaret.com/technologies/gestion-de-la-qualite|https://ceramaret.com/technologies/mise-en-forme-et-frittage,ceramic_firing,R008,OPEN,,,,,,,,,0.5.0
171,P88,Ceramaret Meissen GmbH,thermal_storage,TECHNICALLY_RELEVANT,RESEARCH_REQUIRED,RESEARCH,B,thermal_storage_deployed,UNKNOWN,Is thermal storage publicly documented as deployed at Ceramaret Meissen GmbH?,MEDIUM,HIGH,"Direct deployment evidence can still change the commercial status, while technical importance determines when the research should be performed.",RQ04_RELEVANT_DEPLOYMENT_CHECK,"Technical relevance is visible, but either its level or the evidence confidence does not meet the high-priority rule.",official company project or sustainability page | annual or sustainability report | recent official press release | vendor or project case study,https://ceramaret.com/de/legal/impressum | https://ceramaret.com/|https://ceramaret.com/sites-de-production|https://ceramaret.com/technologies/gestion-de-la-qualite|https://ceramaret.com/technologies/mise-en-forme-et-frittage,ceramic_firing,R005,OPEN,,,,,,,,,0.5.0
172,P89,TECHNISCHE KERAMIK FRÖMGEN GMBH,flexibility,TECHNICALLY_RELEVANT,RESEARCH_REQUIRED,RESEARCH,B,flexibility_solution_deployed,UNKNOWN,"Are load-management, demand-response or documented controllable-load arrangements already operating at TECHNISCHE KERAMIK FRÖMGEN GMBH?",MEDIUM,HIGH,"Direct deployment evidence can still change the commercial status, while technical importance determines when the research should be performed.",RQ04_RELEVANT_DEPLOYMENT_CHECK,"Technical relevance is visible, but either its level or the evidence confidence does not meet the high-priority rule.",official company project or sustainability page | annual or sustainability report | recent official press release | vendor or project case study | load-management reference | demand-response programme record,https://www.tkf-froemgen.de/|https://www.tkf-froemgen.de/en/technical-ceramics.html|https://www.tkf-froemgen.de/en/range-of-services.html,ceramic_firing,R008,OPEN,,,,,,,,,0.5.0
173,P89,TECHNISCHE KERAMIK FRÖMGEN GMBH,thermal_storage,TECHNICALLY_RELEVANT,RESEARCH_REQUIRED,RESEARCH,B,thermal_storage_deployed,UNKNOWN,Is thermal storage publicly documented as deployed at TECHNISCHE KERAMIK FRÖMGEN GMBH?,MEDIUM,HIGH,"Direct deployment evidence can still change the commercial status, while technical importance determines when the research should be performed.",RQ04_RELEVANT_DEPLOYMENT_CHECK,"Technical relevance is visible, but either its level or the evidence confidence does not meet the high-priority rule.",official company project or sustainability page | annual or sustainability report | recent official press release | vendor or project case study,https://www.tkf-froemgen.de/|https://www.tkf-froemgen.de/en/technical-ceramics.html|https://www.tkf-froemgen.de/en/range-of-services.html,ceramic_firing,R005,OPEN,,,,,,,,,0.5.0
174,P91,Brauerei S. Riegele Inh. Riegele KG,flexibility,TECHNICALLY_RELEVANT,RESEARCH_REQUIRED,RESEARCH,B,flexibility_solution_deployed,UNKNOWN,"Are load-management, demand-response or documented controllable-load arrangements already operating at Brauerei S. Riegele Inh. Riegele KG?",MEDIUM,HIGH,"Direct deployment evidence can still change the commercial status, while technical importance determines when the research should be performed.",RQ04_RELEVANT_DEPLOYMENT_CHECK,"Technical relevance is visible, but either its level or the evidence confidence does not meet the high-priority rule.",official company project or sustainability page | annual or sustainability report | recent official press release | vendor or project case study | load-management reference | demand-response programme record,https://www.riegele.de/impressum/ | https://www.riegele.de/ | https://www.riegele.de/region_umwelt/ | https://www.riegele.de/wp-content/uploads/2024/01/Umwelterklaerung_2025_Brauhaus-Riegele.pdf | https://www.emas.de/fileadmin/user_upload/4-daten-stat/EMAS-TN-Register.pdf,brewing_boiling,R008,OPEN,,,,,,,,,0.5.0
175,P91,Brauerei S. Riegele Inh. Riegele KG,thermal_storage,TECHNICALLY_RELEVANT,RESEARCH_REQUIRED,RESEARCH,B,thermal_storage_deployed,UNKNOWN,Is thermal storage publicly documented as deployed at Brauerei S. Riegele Inh. Riegele KG?,MEDIUM,HIGH,"Direct deployment evidence can still change the commercial status, while technical importance determines when the research should be performed.",RQ04_RELEVANT_DEPLOYMENT_CHECK,"Technical relevance is visible, but either its level or the evidence confidence does not meet the high-priority rule.",official company project or sustainability page | annual or sustainability report | recent official press release | vendor or project case study,https://www.riegele.de/impressum/ | https://www.riegele.de/ | https://www.riegele.de/region_umwelt/ | https://www.riegele.de/wp-content/uploads/2024/01/Umwelterklaerung_2025_Brauhaus-Riegele.pdf | https://www.emas.de/fileadmin/user_upload/4-daten-stat/EMAS-TN-Register.pdf,brewing_boiling,R005,OPEN,,,,,,,,,0.5.0
176,P92,Familienbrauerei M. Ketterer GmbH & Co. KG,flexibility,TECHNICALLY_RELEVANT,RESEARCH_REQUIRED,RESEARCH,B,flexibility_solution_deployed,UNKNOWN,"Are load-management, demand-response or documented controllable-load arrangements already operating at Familienbrauerei M. Ketterer GmbH & Co. KG?",MEDIUM,HIGH,"Direct deployment evidence can still change the commercial status, while technical importance determines when the research should be performed.",RQ04_RELEVANT_DEPLOYMENT_CHECK,"Technical relevance is visible, but either its level or the evidence confidence does not meet the high-priority rule.",official company project or sustainability page | annual or sustainability report | recent official press release | vendor or project case study | load-management reference | demand-response programme record,https://www.kettererbier.de/impressum/ | https://www.kettererbier.de/ | https://www.kettererbier.de/netterer-welt/umweltschutz | https://www.kettererbier.de/brauerei/brauereirundgang | https://www.kettererbier.de/brauerei/geschichte | https://www.hornberger-lebensquell.de/wir-ueber-uns,brewing_boiling,R008,OPEN,,,,,,,,,0.5.0
177,P92,Familienbrauerei M. Ketterer GmbH & Co. KG,thermal_storage,TECHNICALLY_RELEVANT,RESEARCH_REQUIRED,RESEARCH,B,thermal_storage_deployed,UNKNOWN,Is thermal storage publicly documented as deployed at Familienbrauerei M. Ketterer GmbH & Co. KG?,MEDIUM,HIGH,"Direct deployment evidence can still change the commercial status, while technical importance determines when the research should be performed.",RQ04_RELEVANT_DEPLOYMENT_CHECK,"Technical relevance is visible, but either its level or the evidence confidence does not meet the high-priority rule.",official company project or sustainability page | annual or sustainability report | recent official press release | vendor or project case study,https://www.kettererbier.de/impressum/ | https://www.kettererbier.de/ | https://www.kettererbier.de/netterer-welt/umweltschutz | https://www.kettererbier.de/brauerei/brauereirundgang | https://www.kettererbier.de/brauerei/geschichte | https://www.hornberger-lebensquell.de/wir-ueber-uns,brewing_boiling,R005,OPEN,,,,,,,,,0.5.0
178,P93,Brauerei Schimpfle GmbH & Co. KG,flexibility,TECHNICALLY_RELEVANT,RESEARCH_REQUIRED,RESEARCH,B,flexibility_solution_deployed,UNKNOWN,"Are load-management, demand-response or documented controllable-load arrangements already operating at Brauerei Schimpfle GmbH & Co. KG?",MEDIUM,HIGH,"Direct deployment evidence can still change the commercial status, while technical importance determines when the research should be performed.",RQ04_RELEVANT_DEPLOYMENT_CHECK,"Technical relevance is visible, but either its level or the evidence confidence does not meet the high-priority rule.",official company project or sustainability page | annual or sustainability report | recent official press release | vendor or project case study | load-management reference | demand-response programme record,https://www.brauerei-schimpfle.de/impressum/ | https://www.brauerei-schimpfle.de/ | https://www.brauerei-schimpfle.de/brauerei | https://de.linkedin.com/posts/brauerei-schimpfle_brauerei-schimpfle-photovoltaik-activity-7207281589314031616-LBi4 | https://www.brauerei-schimpfle.de/blog-collection/jahresruckblick,brewing_boiling,R008,OPEN,,,,,,,,,0.5.0
179,P93,Brauerei Schimpfle GmbH & Co. KG,thermal_storage,TECHNICALLY_RELEVANT,RESEARCH_REQUIRED,RESEARCH,B,thermal_storage_deployed,UNKNOWN,Is thermal storage publicly documented as deployed at Brauerei Schimpfle GmbH & Co. KG?,MEDIUM,HIGH,"Direct deployment evidence can still change the commercial status, while technical importance determines when the research should be performed.",RQ04_RELEVANT_DEPLOYMENT_CHECK,"Technical relevance is visible, but either its level or the evidence confidence does not meet the high-priority rule.",official company project or sustainability page | annual or sustainability report | recent official press release | vendor or project case study,https://www.brauerei-schimpfle.de/impressum/ | https://www.brauerei-schimpfle.de/ | https://www.brauerei-schimpfle.de/brauerei | https://de.linkedin.com/posts/brauerei-schimpfle_brauerei-schimpfle-photovoltaik-activity-7207281589314031616-LBi4 | https://www.brauerei-schimpfle.de/blog-collection/jahresruckblick,brewing_boiling,R005,OPEN,,,,,,,,,0.5.0
180,P94,Brauerei zum Kuchlbauer GmbH & Co. KG,flexibility,TECHNICALLY_RELEVANT,RESEARCH_REQUIRED,RESEARCH,B,flexibility_solution_deployed,UNKNOWN,"Are load-management, demand-response or documented controllable-load arrangements already operating at Brauerei zum Kuchlbauer GmbH & Co. KG?",MEDIUM,HIGH,"Direct deployment evidence can still change the commercial status, while technical importance determines when the research should be performed.",RQ04_RELEVANT_DEPLOYMENT_CHECK,"Technical relevance is visible, but either its level or the evidence confidence does not meet the high-priority rule.",official company project or sustainability page | annual or sustainability report | recent official press release | vendor or project case study | load-management reference | demand-response programme record,https://kuchlbauer.de/impressum/ | https://kuchlbauer.de/ | https://kuchlbauer.de/bier-und-kunst/logistikzentrum/ | https://stanglmeier-bau.de/aktuelles/beitrag/eroeffnung-kuchlbauer-weissbier-quartier.html,brewing_boiling,R008,OPEN,,,,,,,,,0.5.0
181,P94,Brauerei zum Kuchlbauer GmbH & Co. KG,thermal_storage,TECHNICALLY_RELEVANT,RESEARCH_REQUIRED,RESEARCH,B,thermal_storage_deployed,UNKNOWN,Is thermal storage publicly documented as deployed at Brauerei zum Kuchlbauer GmbH & Co. KG?,MEDIUM,HIGH,"Direct deployment evidence can still change the commercial status, while technical importance determines when the research should be performed.",RQ04_RELEVANT_DEPLOYMENT_CHECK,"Technical relevance is visible, but either its level or the evidence confidence does not meet the high-priority rule.",official company project or sustainability page | annual or sustainability report | recent official press release | vendor or project case study,https://kuchlbauer.de/impressum/ | https://kuchlbauer.de/ | https://kuchlbauer.de/bier-und-kunst/logistikzentrum/ | https://stanglmeier-bau.de/aktuelles/beitrag/eroeffnung-kuchlbauer-weissbier-quartier.html,brewing_boiling,R005,OPEN,,,,,,,,,0.5.0
182,P95,Winkler-Bräu GmbH & Co. KG,flexibility,TECHNICALLY_RELEVANT,RESEARCH_REQUIRED,RESEARCH,B,flexibility_solution_deployed,UNKNOWN,"Are load-management, demand-response or documented controllable-load arrangements already operating at Winkler-Bräu GmbH & Co. KG?",MEDIUM,HIGH,"Direct deployment evidence can still change the commercial status, while technical importance determines when the research should be performed.",RQ04_RELEVANT_DEPLOYMENT_CHECK,"Technical relevance is visible, but either its level or the evidence confidence does not meet the high-priority rule.",official company project or sustainability page | annual or sustainability report | recent official press release | vendor or project case study | load-management reference | demand-response programme record,https://www.winkler-braeu.de/impressum/ | https://www.winkler-braeu.de/|https://www.winkler-braeu.de/privatbrauerei-bayern/brauhandwerk|https://www.winkler-braeu.de/fileadmin/files/PDF/2024_WinklerBraeu_Unternehmensphilosophie.pdf,brewing_boiling,R008,OPEN,,,,,,,,,0.5.0
183,P95,Winkler-Bräu GmbH & Co. KG,thermal_storage,TECHNICALLY_RELEVANT,RESEARCH_REQUIRED,RESEARCH,B,thermal_storage_deployed,UNKNOWN,Is thermal storage publicly documented as deployed at Winkler-Bräu GmbH & Co. KG?,MEDIUM,HIGH,"Direct deployment evidence can still change the commercial status, while technical importance determines when the research should be performed.",RQ04_RELEVANT_DEPLOYMENT_CHECK,"Technical relevance is visible, but either its level or the evidence confidence does not meet the high-priority rule.",official company project or sustainability page | annual or sustainability report | recent official press release | vendor or project case study,https://www.winkler-braeu.de/impressum/ | https://www.winkler-braeu.de/|https://www.winkler-braeu.de/privatbrauerei-bayern/brauhandwerk|https://www.winkler-braeu.de/fileadmin/files/PDF/2024_WinklerBraeu_Unternehmensphilosophie.pdf,brewing_boiling,R005,OPEN,,,,,,,,,0.5.0
184,P96,PEKA Spritzguss GmbH,flexibility,TECHNICALLY_RELEVANT,RESEARCH_REQUIRED,RESEARCH,B,flexibility_solution_deployed,UNKNOWN,"Are load-management, demand-response or documented controllable-load arrangements already operating at PEKA Spritzguss GmbH?",MEDIUM,HIGH,"Direct deployment evidence can still change the commercial status, while technical importance determines when the research should be performed.",RQ04_RELEVANT_DEPLOYMENT_CHECK,"Technical relevance is visible, but either its level or the evidence confidence does not meet the high-priority rule.",official company project or sustainability page | annual or sustainability report | recent official press release | vendor or project case study | load-management reference | demand-response programme record,https://www.peka-spritzguss.de/ | https://www.peka-spritzguss.de/|https://www.peka-spritzguss.de/qualitaet/|https://www.peka-spritzguss.de/wp-content/uploads/2026/10/Zertifikat-ISO-14001_2015.pdf,injection_moulding,R008,OPEN,,,,,,,,,0.5.0
185,P97,Peltzer & Co. GmbH,flexibility,TECHNICALLY_RELEVANT,RESEARCH_REQUIRED,RESEARCH,B,flexibility_solution_deployed,UNKNOWN,"Are load-management, demand-response or documented controllable-load arrangements already operating at Peltzer & Co. GmbH?",MEDIUM,HIGH,"Direct deployment evidence can still change the commercial status, while technical importance determines when the research should be performed.",RQ04_RELEVANT_DEPLOYMENT_CHECK,"Technical relevance is visible, but either its level or the evidence confidence does not meet the high-priority rule.",official company project or sustainability page | annual or sustainability report | recent official press release | vendor or project case study | load-management reference | demand-response programme record,https://www.peco-germany.com/impressum/ | https://www.peco-germany.com/|https://www.peco-germany.com/unternehmen/geschichte/,injection_moulding,R008,OPEN,,,,,,,,,0.5.0
186,P98,Robert Frank GmbH & Co. KG,flexibility,TECHNICALLY_RELEVANT,RESEARCH_REQUIRED,RESEARCH,B,flexibility_solution_deployed,UNKNOWN,"Are load-management, demand-response or documented controllable-load arrangements already operating at Robert Frank GmbH & Co. KG?",MEDIUM,HIGH,"Direct deployment evidence can still change the commercial status, while technical importance determines when the research should be performed.",RQ04_RELEVANT_DEPLOYMENT_CHECK,"Technical relevance is visible, but either its level or the evidence confidence does not meet the high-priority rule.",official company project or sustainability page | annual or sustainability report | recent official press release | vendor or project case study | load-management reference | demand-response programme record,https://www.frank-formenbau-spritzguss.de/impressum/ | https://www.frank-formenbau-spritzguss.de/|https://www.frank-formenbau-spritzguss.de/leistungen/spritzguss-kunststoffteile/|https://www.frank-formenbau-spritzguss.de/kompetenz/formenbau/,injection_moulding,R008,OPEN,,,,,,,,,0.5.0
187,P99,Kunststofftechnik Breitungen GmbH & Co. KG,flexibility,TECHNICALLY_RELEVANT,RESEARCH_REQUIRED,RESEARCH,B,flexibility_solution_deployed,UNKNOWN,"Are load-management, demand-response or documented controllable-load arrangements already operating at Kunststofftechnik Breitungen GmbH & Co. KG?",MEDIUM,HIGH,"Direct deployment evidence can still change the commercial status, while technical importance determines when the research should be performed.",RQ04_RELEVANT_DEPLOYMENT_CHECK,"Technical relevance is visible, but either its level or the evidence confidence does not meet the high-priority rule.",official company project or sustainability page | annual or sustainability report | recent official press release | vendor or project case study | load-management reference | demand-response programme record,https://www.kt-breitungen.de/ | https://www.kt-breitungen.de/|https://www.kt-breitungen.de/maschinenpark/|https://www.kt-breitungen.de/qualitaet/,injection_moulding,R008,OPEN,,,,,,,,,0.5.0
188,P04,Neumarkter Lammsbräu Gebr. Ehrnsperger KG,battery_storage,TECHNICALLY_RELEVANT,RESEARCH_REQUIRED,RESEARCH,C,battery_storage_deployed,UNKNOWN,Is an operational battery-storage system publicly documented for Neumarkter Lammsbräu Gebr. Ehrnsperger KG?,LOW,MEDIUM,"The fact may refine the case, but further technical evidence is also needed before a strong decision can be supported.",RQ05_PROVISIONAL_DEPLOYMENT_CHECK,"The opportunity itself is provisional or research-required, so deployment research follows better-supported technical cases.",official company project or sustainability page | annual or sustainability report | recent official press release | vendor or project case study | commissioning announcement | BESS integrator reference,https://www.lammsbraeu.de/verantwortung/nachhaltigkeitsreporting | https://www.lammsbraeu.de/hubfs/Dachmarke/resources/documents/Nachhaltigkeitsberichte/GRI-Bericht2023_Neumarkter%20Lammsbr%C3%A4u_final%2020240913.pdf | https://www.lammsbraeu.de/blog/unsere-zertifizierungen,brewing_boiling,R007,RECHECK_DUE,PARTIAL_EVIDENCE,UNKNOWN,PROVISIONAL,Aktuellen Inbetriebnahmenachweis für Wärmeprojekt und Speicher mit nutzbarem Temperatur-/Ladefenster beschaffen. Canonical values and personal score approval are separate; public evidence is recorded here.,2026-10-08,2026-11-08,Brauerei und Mälzerei mit dokumentierter gasbasierter Wärmeerzeugung. PV 2023 und Energiecontrolling dokumentiert; neues Wärmenetz/Wärmepumpen/Speicher als Planung behandeln.,S-P04-06,0.5.0
189,P05,Einbecker Brauhaus AG,battery_storage,TECHNICALLY_RELEVANT,RESEARCH_REQUIRED,RESEARCH,C,battery_storage_deployed,UNKNOWN,Is an operational battery-storage system publicly documented for Einbecker Brauhaus AG?,LOW,MEDIUM,"The fact may refine the case, but further technical evidence is also needed before a strong decision can be supported.",RQ05_PROVISIONAL_DEPLOYMENT_CHECK,"The opportunity itself is provisional or research-required, so deployment research follows better-supported technical cases.",official company project or sustainability page | annual or sustainability report | recent official press release | vendor or project case study | commissioning announcement | BESS integrator reference,https://www.einbecker-brauhaus.de/leitbild-werte/nachhaltigkeit | https://www.einbecker-brauhaus.de/files/einbecker_gruppe/content/leitbild-und-werte/nachhaltigkeit/umwelterklaerung-ebag-2025.pdf | https://www.einbecker-brauhaus.de/aktionaere/berichte,brewing_boiling,R007,RECHECK_DUE,PARTIAL_EVIDENCE,UNKNOWN,PROVISIONAL,Betriebsnachweis der geplanten elektrischen Dampf-/Wärmeroute und konkreten thermischen Puffer prüfen. Canonical values and personal score approval are separate; public evidence is recorded here.,2026-10-08,2026-11-08,"Brauen, Dampferzeugung und Kälte; Erdgas/Heizöl im Kessel, Biogas aus Abwasser seit 2023. Druckluft-Wärmerückgewinnung, PV und Biogas-BHKW/Absorptionskälte belegt.",S-P05-04,0.5.0
190,P22,RIEDENBURGER BRAUHAUS Michael Krieger GmbH & Co. KG,battery_storage,TECHNICALLY_RELEVANT,RESEARCH_REQUIRED,RESEARCH,C,battery_storage_deployed,UNKNOWN,Is an operational battery-storage system publicly documented for RIEDENBURGER BRAUHAUS Michael Krieger GmbH & Co. KG?,LOW,MEDIUM,"The fact may refine the case, but further technical evidence is also needed before a strong decision can be supported.",RQ05_PROVISIONAL_DEPLOYMENT_CHECK,"The opportunity itself is provisional or research-required, so deployment research follows better-supported technical cases.",official company project or sustainability page | annual or sustainability report | recent official press release | vendor or project case study | commissioning announcement | BESS integrator reference,https://www.riedenburger.de/about/ | https://www.riedenburger.de/neues/fossilfreie-bierherstellung/ | https://www.regionales-bayern.de/anbieter/riedenburger-brauhaus-michael-krieger-gmbh-co-kg-15003/,brewing_boiling,R007,OPEN,,,,,,,,,0.5.0
191,P53,Brauerei Rittmayer Hallerndorf GmbH & Co. KG,battery_storage,TECHNICALLY_RELEVANT,RESEARCH_REQUIRED,RESEARCH,C,battery_storage_deployed,UNKNOWN,Is an operational battery-storage system publicly documented for Brauerei Rittmayer Hallerndorf GmbH & Co. KG?,LOW,MEDIUM,"The fact may refine the case, but further technical evidence is also needed before a strong decision can be supported.",RQ05_PROVISIONAL_DEPLOYMENT_CHECK,"The opportunity itself is provisional or research-required, so deployment research follows better-supported technical cases.",official company project or sustainability page | annual or sustainability report | recent official press release | vendor or project case study | commissioning announcement | BESS integrator reference,https://rittmayer.de/impressum | https://rittmayer.de/nachhaltigkeit,brewing_boiling,R007,OPEN,,,,,,,,,0.5.0
192,P54,Privatbrauerei Waldhaus Joh. Schmid GmbH,battery_storage,TECHNICALLY_RELEVANT,RESEARCH_REQUIRED,RESEARCH,C,battery_storage_deployed,UNKNOWN,Is an operational battery-storage system publicly documented for Privatbrauerei Waldhaus Joh. Schmid GmbH?,LOW,MEDIUM,"The fact may refine the case, but further technical evidence is also needed before a strong decision can be supported.",RQ05_PROVISIONAL_DEPLOYMENT_CHECK,"The opportunity itself is provisional or research-required, so deployment research follows better-supported technical cases.",official company project or sustainability page | annual or sustainability report | recent official press release | vendor or project case study | commissioning announcement | BESS integrator reference,https://www.waldhaus-bier.de/impressum/ | https://www.waldhaus-bier.de/privatbrauerei/ | https://www.waldhaus-bier.de/privatbrauerei/umweltschutz/ | https://www.waldhaus-bier.de/privatbrauerei/historie/,brewing_boiling,R007,OPEN,,,,,,,,,0.5.0
