company_id,legal_entity,website,city,state,nace_code,nace_label,employees,revenue_eur_m,balance_sheet_eur_m,sme_status,group_check,iso_50001_status,iso_14001_status,emas_status,three_shift_operation,pv_present,public_load_profile_available,public_fossil_heat_signal,refrigeration_or_compressor_signal,batch_or_refrigeration_signal,rectifier_converter_furnace_signal,multi_shift_or_batch_signal,heat_recovery_deployed,energy_management_deployed,flexibility_solution_deployed,thermal_storage_deployed,battery_storage_deployed,power_quality_solution_deployed,industrial_heat_electrification_deployed,public_targets_summary,public_investments_summary,last_verified_date,next_review_date,evidence_confidence,source_urls,review_status,reviewer
P03,Upländer Bauernmolkerei GmbH,https://www.bauernmolkerei.de/,Willingen-Usseln,Hesse,10.51,Operation of dairies and cheese making,55,,,probable,probable_independent,NOT_FOUND_AFTER_CHECK,NOT_FOUND_AFTER_CHECK,NOT_FOUND_AFTER_CHECK,NO,UNKNOWN,NO,UNKNOWN,UNKNOWN,YES,UNKNOWN,YES,UNKNOWN,UNKNOWN,UNKNOWN,UNKNOWN,UNKNOWN,UNKNOWN,UNKNOWN,No dated site-energy or decarbonisation target was found in the checked public sources.,Approximately EUR 20 million production expansion; new dairy building and reusable-glass filling line entered production after the 2020-2021 investment period,2026-09-13,2027-03-13,B,https://www.bauernmolkerei.de/ueber-uns/produktion-mitarbeiter/produktion/der-weg-der-milch | https://www.bauernmolkerei.de/aktuelles/neuigkeiten/detailansicht/bauernmolkerei-investiert-in-mehrweg-glas | https://www.wer-zu-wem.de/firma/uplaender.html,PROVISIONAL,Codex research; Anna review pending
P04,Neumarkter Lammsbräu Gebr. Ehrnsperger KG,https://www.lammsbraeu.de/,Neumarkt in der Oberpfalz,Bavaria,11.05,Manufacture of beer,142,31.7,,probable,independent,NOT_FOUND_AFTER_CHECK,EXPIRED,DOCUMENT_FOUND_VALIDITY_UNCLEAR,UNKNOWN,YES,NO,YES,YES,YES,UNKNOWN,YES,UNKNOWN,YES,UNKNOWN,UNKNOWN,UNKNOWN,UNKNOWN,UNKNOWN,Reduce Scope 1 and 2 greenhouse-gas emissions 42 percent by 2030 from a 2020 baseline; electrification of heat supply and a combination of heat pumps and solar systems are planned.,Integrated energy-management system and energy-management software; 125 kWp PV commissioned in 2023; solar-thermal installation begun; 2021 malt-house modernisation; gas remains the dominant heat source,2026-09-13,2027-03-13,A,https://www.lammsbraeu.de/verantwortung/nachhaltigkeitsreporting | https://www.lammsbraeu.de/hubfs/Dachmarke/resources/documents/Nachhaltigkeitsberichte/GRI-Bericht2023_Neumarkter%20Lammsbr%C3%A4u_final%2020240913.pdf | https://www.lammsbraeu.de/blog/unsere-zertifizierungen,PROVISIONAL,Codex research; Anna review pending
P05,Einbecker Brauhaus AG,https://www.einbecker-brauhaus.de/,Einbeck,Lower Saxony,11.05,Manufacture of beer,121,33.873,28.521,probable,small_group,NOT_FOUND_AFTER_CHECK,DOCUMENT_FOUND_VALIDITY_UNCLEAR,DOCUMENT_FOUND_VALIDITY_UNCLEAR,UNKNOWN,YES,NO,YES,YES,YES,UNKNOWN,YES,YES,UNKNOWN,UNKNOWN,UNKNOWN,UNKNOWN,UNKNOWN,UNKNOWN,Net greenhouse-gas neutrality by 2045 and a 40 percent reduction by 2031 from 2021; process-heat electrification through electric clean-steam generation and expanded process monitoring are planned through 2026.,EMAS environmental declaration; PV; biogas CHP with absorption chilling; pressure-air and ventilation heat recovery; process-control renewal; environmental programme for further waste-heat use and process monitoring,2026-09-13,2027-03-13,A,https://www.einbecker-brauhaus.de/leitbild-werte/nachhaltigkeit | https://www.einbecker-brauhaus.de/files/einbecker_gruppe/content/leitbild-und-werte/nachhaltigkeit/umwelterklaerung-ebag-2025.pdf | https://www.einbecker-brauhaus.de/aktionaere/berichte,PROVISIONAL,Codex research; Anna review pending
P07,VARIOPLAST Konrad Däbritz GmbH,https://varioplast.de/de/,Ötisheim,Baden-Württemberg,22.29,Manufacture of other plastic products,130,17,11.27,probable,partner_or_linked_sme,NOT_FOUND_AFTER_CHECK,EXPIRED,NOT_FOUND_AFTER_CHECK,UNKNOWN,YES,NO,UNKNOWN,YES,UNKNOWN,UNKNOWN,UNKNOWN,YES,UNKNOWN,UNKNOWN,UNKNOWN,UNKNOWN,UNKNOWN,YES,Public evidence documents substantial existing transition measures; no separate target statement coded here.,PV; geothermal cooling; waste-heat heating; heat pumps; battery storage and fast-charging infrastructure announced for 2025,2026-09-12,2027-03-12,B,https://varioplast.de/de/serienfertigung/ressourcenschonende-produktion | https://varioplast.de/de/downloads | https://wirtschaftskraft.de/artikel/das-hightech-herz-der-zukunftsschmiede-varioplast-schlaegt-im-nordschwarzwald,PROVISIONAL,Codex research; Anna review pending
P10,Oskar Lehmann GmbH & Co. KG,https://www.oskar-lehmann.de/en/,Blomberg,North Rhine-Westphalia,22.29,Manufacture of other plastic products,231,36.499,,probable,partner_or_linked_sme,NOT_FOUND_AFTER_CHECK,NOT_FOUND_AFTER_CHECK,NOT_FOUND_AFTER_CHECK,YES,UNKNOWN,NO,UNKNOWN,UNKNOWN,UNKNOWN,UNKNOWN,YES,UNKNOWN,UNKNOWN,UNKNOWN,UNKNOWN,UNKNOWN,UNKNOWN,UNKNOWN,Climate-neutrality-by-2030 initiative is publicly visible.,No quantified site-energy investment coded yet,2026-09-12,2027-03-12,B,https://www.oskar-lehmann.de/en/areas-of-expertise.html | https://www.oskar-lehmann.de/en/download-en.html | https://www.ihk.de/ostwestfalen/ihre-ihk/presse/pressemeldungen/pressemeldungen2022/ihks-starten-klimainitiative-6981412,PROVISIONAL,Codex research; Anna review pending
P12,Richard Henkel GmbH,https://www.richard-henkel.de/,Forchtenberg-Ernsbach,Baden-Württemberg,25.61,Treatment and coating of metals,35,,,probable,independent,NOT_FOUND_AFTER_CHECK,NOT_FOUND_AFTER_CHECK,VALID,UNKNOWN,UNKNOWN,NO,YES,YES,YES,YES,YES,UNKNOWN,YES,UNKNOWN,UNKNOWN,UNKNOWN,UNKNOWN,UNKNOWN,Reduce Scope 1 emissions from 271.4 tCO2e in 2022 to 265 tCO2e by 2026; reduce LPG process-heat intensity at least 5 percent; planned PV aims to supply 5-10 percent of own demand.,"EMAS environmental management; process-heat reduction project started in 2024; compressed-air electricity reduced from about 21,000 to 15,000 kWh per year; pellet building heat; PV, storage and coating-line heat recovery remain planned",2026-09-13,2027-03-13,A,https://www.richard-henkel.de/impressum.html | https://www.richard-henkel.de/oberfl%C3%A4chentechnik.html | https://www.richard-henkel.de/downloads.html?file=files/downloads/2024_Umwelterklaerung_Richard_Henkel.pdf | https://www.richard-henkel.de/downloads.html?file=files/downloads/EMAS+Urkunde_bis_2026.pdf,PROVISIONAL,Codex research; Anna review pending
P13,Schmalriede-Zink GmbH,https://www.schmalriede.de/,Ganderkesee,Lower Saxony,25.61,Treatment and coating of metals,182,,,probable,independent,NOT_FOUND_AFTER_CHECK,VALID,NOT_FOUND_AFTER_CHECK,YES,UNKNOWN,NO,UNKNOWN,UNKNOWN,YES,YES,YES,UNKNOWN,UNKNOWN,UNKNOWN,UNKNOWN,UNKNOWN,UNKNOWN,UNKNOWN,"Company environmental principles state a climate-neutrality ambition by 2025. The deadline has passed; achievement and an implementation roadmap remain UNKNOWN (S-P13-04, rechecked 2026-10-06).","Official sources document seven production halls, 14,000 t of coated customer goods in 2020, zinc and zinc-alloy electroplating, heat treatment and powder coating; no site-energy deployment was inferred from those processes",2026-09-13,2027-03-13,B,https://www.schmalriede.de/impressum | https://www.schmalriede.de/unternehmen | https://www.schmalriede.de/ | https://www.schmalriede.de/unternehmen/downloads-/-zertifikate | https://www.schmalriede.de/fileadmin/user_upload/Downloads_zertifikate/Zertifikat_14001_2026-2029.pdf | https://www.schmalriede.de/unternehmen/umwelt-qualitaetsmanagement,PROVISIONAL,Codex research; Anna review pending
P16,Sembach GmbH & Co. KG,https://www.sembach.de/en/,Lauf an der Pegnitz,Bavaria,23.44,Manufacture of other technical ceramic products,200,,,probable,independent,VALID,VALID,NOT_FOUND_AFTER_CHECK,UNKNOWN,UNKNOWN,NO,UNKNOWN,UNKNOWN,YES,YES,YES,UNKNOWN,YES,UNKNOWN,UNKNOWN,UNKNOWN,UNKNOWN,UNKNOWN,No dated site-energy or decarbonisation target was found in the checked public sources.,"Direct current ISO 50001 and ISO 14001 certificates; technical-ceramics production includes spray drying, debinding to 1,100 C and sintering at 1,200-1,750 C in high-temperature and chamber furnaces",2026-09-13,2027-03-13,A,https://www.sembach.de/en/imprint/ | https://www.sembach.de/en/company/ | https://www.sembach.de/en/production/ | https://www.sembach.de/wp-content/uploads/ISO-50001-bis-2028-E.pdf | https://www.sembach.de/wp-content/uploads/ISO-14001-bis-2028-E.pdf,PROVISIONAL,Codex research; Anna review pending
P18,Glashütte Lamberts Waldsassen GmbH,https://lamberts.de/,Waldsassen,Bavaria,23.11,Manufacture of flat glass,70,,,probable,independent,VALID,NOT_FOUND_AFTER_CHECK,NOT_FOUND_AFTER_CHECK,UNKNOWN,UNKNOWN,NO,YES,UNKNOWN,YES,YES,YES,UNKNOWN,YES,UNKNOWN,UNKNOWN,UNKNOWN,UNKNOWN,UNKNOWN,No dated site-energy or decarbonisation target was found in the checked public sources.,"Direct ISO 50001 certificate valid through 19 December 2026; natural-gas-fired glass production, internal and external cullet recycling, modern flue-gas filtration and continuing firing-efficiency improvements",2026-09-13,2026-12-01,A,https://lamberts.de/impressum-2 | https://lamberts.de/home | https://lamberts.de/der-zukunft-verpflichtet | https://lamberts.de/files/content/Mainpage/Unsere%20Glashuette/Zukunft/Zertifikat_Z-EM-13067-2023-001_Glashuette_Lamberts_Waldsassen.pdf,PROVISIONAL,Codex research; Anna review pending
P19,Glasfabrik Lamberts GmbH & Co. KG,https://www.lamberts.info/,Wunsiedel,Bavaria,23.11,Manufacture of flat glass,120,,,probable,independent,VALID,VALID,NOT_FOUND_AFTER_CHECK,UNKNOWN,UNKNOWN,NO,UNKNOWN,UNKNOWN,UNKNOWN,YES,YES,UNKNOWN,YES,UNKNOWN,UNKNOWN,UNKNOWN,UNKNOWN,UNKNOWN,No dated site-energy or decarbonisation target was found in the checked public sources.,"Direct ISO 50001 certificate valid through 1 June 2028 and ISO 14001 through 4 April 2027; integrated cast-glass production and an EcoGlass programme covering furnace, firing-method and cullet optimisation",2026-09-13,2027-03-13,A,https://www.lamberts.info/impressum | https://www.lamberts.info/unternehmen | https://www.lamberts.info/en/iecoglass/ecology | https://www.lamberts.info/fileadmin/user_upload/ecoglass/ISO_50001_Zertifizierung__Energiemanagement__062028.pdf | https://www.lamberts.info/fileadmin/user_upload/ecoglass/ISO_14001_Zertifizierung_ab_2024_Umweltmanagement.pdf | https://www.frankenpost.de/inhalt.freudige-nachricht-rieseninvestition-in-holenbrunn.54fc6b3d-9ea0-4a78-96f6-b22af96cd3b1.html,PROVISIONAL,Codex research; Anna review pending
P11,B+T Oberflächentechnik GmbH,https://bt-unternehmensgruppe.de/,Hüttenberg,Hesse,25.61,Treatment and coating of metals,165,,,probable,small_group,VALID,VALID,NOT_FOUND_AFTER_CHECK,UNKNOWN,UNKNOWN,NO,UNKNOWN,UNKNOWN,YES,YES,YES,UNKNOWN,YES,UNKNOWN,UNKNOWN,UNKNOWN,UNKNOWN,UNKNOWN,The company reports implementation of a sustainability strategy; no quantified site target was coded.,Direct ISO 50001 and ISO 14001 certificate valid through 1 March 2029; Galvanik 4.1 research and digital process-data initiatives are publicly documented.,2026-09-13,2027-03-13,A,https://bt-unternehmensgruppe.de/175jahre | https://bt-unternehmensgruppe.de/mitmachworkshop22 | https://bt-unternehmensgruppe.de/assets/bt-unternehmensgruppe.de/downloads/2026_14001-50001-ENGUS-UKAS.pdf,PROVISIONAL,Codex research and consistency QA; independent human review pending
P15,ELOXAL BARZ GmbH & Co KG,https://eloxal-barz.de/,Notzingen,Baden-Württemberg,25.61,Treatment and coating of metals,,,4.097,probable,independent,NOT_FOUND_AFTER_CHECK,NOT_FOUND_AFTER_CHECK,NOT_FOUND_AFTER_CHECK,UNKNOWN,UNKNOWN,NO,UNKNOWN,UNKNOWN,YES,YES,YES,UNKNOWN,UNKNOWN,UNKNOWN,UNKNOWN,UNKNOWN,UNKNOWN,UNKNOWN,No dated site-energy or decarbonisation target was found in the checked public sources.,"2026-10-07 follow-up: own technical/colour/hard anodising verified. A supplier-authored 2016 case describes insulated acid/cooling lines; current continuity and energy savings remain unresolved, outside the five-year investment lookback. A public self-reported energy-management role is an unverified claim, not a certified EnMS or deployed technology inventory.",2026-09-13,2027-03-13,B,https://eloxal-barz.de/ | https://fusionbase.com/de/data/organization/4c73ef37b41ee4186a5fcce34e18f119/eloxal-barz-gmbh-%26-co.-kg | https://www.initiative-co2.de/wp-content/uploads/2016/01/InitiativeCO2_Projekthandbuch_2016_Georg_Fischer.pdf | https://www.xing.com/profile/Sina_Barz,PROVISIONAL,Codex research; Anna review pending
P20,DERIX Glasstudios GmbH & Co. KG,https://www.derix.com/,Taunusstein,Hesse,23.12,Shaping and processing of flat glass,70,,,probable,probable_independent,NOT_FOUND_AFTER_CHECK,NOT_FOUND_AFTER_CHECK,NOT_FOUND_AFTER_CHECK,UNKNOWN,UNKNOWN,NO,UNKNOWN,UNKNOWN,YES,YES,YES,UNKNOWN,UNKNOWN,UNKNOWN,UNKNOWN,UNKNOWN,UNKNOWN,UNKNOWN,No dated site-energy or decarbonisation target was found in the checked public sources.,"Direct company evidence documents manual hot forming at approximately 800 C alongside specialised glass painting, etching and sandblasting; no site-energy deployment was inferred.",2026-09-13,2027-03-13,B,https://www.derix.com/impressum | https://exportpreis-hessen.de/2019-235/ | https://www.derix.com/heissversformen,PROVISIONAL,Codex research and consistency QA; independent human review pending
P21,Privatbrauerei MORITZ FIEGE GmbH & Co. KG,https://moritzfiege.de/,Bochum,North Rhine-Westphalia,11.05,Manufacture of beer,90,22.5,,probable,independent,NOT_FOUND_AFTER_CHECK,NOT_FOUND_AFTER_CHECK,NOT_FOUND_AFTER_CHECK,UNKNOWN,UNKNOWN,NO,UNKNOWN,UNKNOWN,YES,UNKNOWN,YES,UNKNOWN,UNKNOWN,UNKNOWN,UNKNOWN,UNKNOWN,UNKNOWN,UNKNOWN,No dated site-energy or decarbonisation target was found in the checked public sources.,Energy- and water-saving bottle washer integrated into the filling line since 2020; no other deployment was inferred.,2026-09-13,2027-03-13,B,https://moritzfiege.de/ | https://www.efa.nrw/aktuell/details/foerderprogramme-belohnen-unternehmen-die-innovativ-sind-interview-mit-marc-zinkler-braumeister-und-betriebsleiter-der-privatbrauerei-moritz-fiege | https://die-deutsche-wirtschaft.de/unternehmen/privatbrauerei-moritz-fiege-gmbh-co-kg-bochum/,PROVISIONAL,Codex research; Anna review pending
P22,RIEDENBURGER BRAUHAUS Michael Krieger GmbH & Co. KG,https://www.riedenburger.de/,Riedenburg,Bavaria,11.05,Manufacture of beer,40,,,probable,independent,NOT_FOUND_AFTER_CHECK,NOT_FOUND_AFTER_CHECK,NOT_FOUND_AFTER_CHECK,UNKNOWN,YES,NO,YES,UNKNOWN,YES,UNKNOWN,YES,YES,UNKNOWN,YES,YES,UNKNOWN,UNKNOWN,YES,Substitute fossil fuels in process heat and operate the new brewery on renewable electricity.,"New brewery energy system with own PV, heat pumps, waste-heat recovery, vacuum vapour compression and three thermal stores including a 55,000-litre, 5-MWh store.",2026-09-13,2027-03-13,A,https://www.riedenburger.de/about/ | https://www.riedenburger.de/neues/fossilfreie-bierherstellung/ | https://www.regionales-bayern.de/anbieter/riedenburger-brauhaus-michael-krieger-gmbh-co-kg-15003/,PROVISIONAL,Codex research; Anna review pending
P23,FM-Plast GmbH,https://www.fm-plast.de/,Lennestadt,North Rhine-Westphalia,22.29,Manufacture of other plastic products,100,22,,probable,small_group,VALID,NOT_FOUND_AFTER_CHECK,NOT_FOUND_AFTER_CHECK,UNKNOWN,UNKNOWN,NO,UNKNOWN,UNKNOWN,UNKNOWN,UNKNOWN,UNKNOWN,YES,YES,UNKNOWN,UNKNOWN,UNKNOWN,UNKNOWN,UNKNOWN,No dated site-energy or decarbonisation target was found in the checked public sources.,"Direct ISO 50001 certificate valid through 21 May 2027; electric injection-moulding machines, closed-loop mould cooling and use of machine waste heat for production and warehouse heating are publicly documented.",2026-09-13,2027-03-13,A,https://www.fm-plast.de/deutsch/impressum | https://www.fm-plast.de/deutsch/environment/ | https://www.fm-plast.de/media/wysiwyg/PDF/50001_de.pdf | https://www.regiomanager.de/ranking/produktion/kunststoffverarbeiter/suedwestfalen/,PROVISIONAL,Codex research and consistency QA; independent human review pending
P24,H&K Müller GmbH & Co. KG,https://www.hk-mueller.de/de/,Engelskirchen,North Rhine-Westphalia,22.29,Manufacture of other plastic products,110,,,probable,independent,VALID,NOT_FOUND_AFTER_CHECK,NOT_FOUND_AFTER_CHECK,UNKNOWN,UNKNOWN,NO,UNKNOWN,UNKNOWN,UNKNOWN,UNKNOWN,UNKNOWN,UNKNOWN,YES,UNKNOWN,UNKNOWN,UNKNOWN,UNKNOWN,UNKNOWN,No dated site-energy or decarbonisation target was found in the checked public sources.,"Single-site injection moulding, toolmaking and decoration; direct ISO 50001 certificate valid through 3 July 2029.",2026-09-13,2027-03-13,A,https://www.hk-mueller.de/de/impressum/ | https://www.hk-mueller.de/de/ | https://www.hk-mueller.de/fileadmin/Dokumente/Zertifikate/50001_deutsch_H_K_Mueller_26.pdf,PROVISIONAL,Codex research; Anna review pending
P25,Scheplast GmbH,https://scheplast.de/,Schwendi,Baden-Württemberg,22.29,Manufacture of other plastic products,50,,,probable,independent,NOT_FOUND_AFTER_CHECK,VALID,NOT_FOUND_AFTER_CHECK,UNKNOWN,YES,NO,UNKNOWN,UNKNOWN,UNKNOWN,UNKNOWN,UNKNOWN,UNKNOWN,UNKNOWN,UNKNOWN,UNKNOWN,UNKNOWN,UNKNOWN,UNKNOWN,No dated site-energy or decarbonisation target was found in the checked public sources.,"2026-10-07 follow-up: current ISO 14001 successor valid through 2027-02-26; own company claims rooftop PV with over 80 percent self-consumption and waste-heat utilisation, without commissioning dates. Old 50 employees / annual generation extraction was not reproduced and remains historical pending content review; current undated process page says around 40 employees. No current employee count is newly confirmed. Bioenergy concepts do not prove deployed CHP; storage remains UNKNOWN.",2026-09-13,2027-03-13,B,https://scheplast.de/impressum/ | https://scheplast.de/nachhaltigkeit/ | https://scheplast.de/wp-content/uploads/2021/02/Scheplast-Zertifikat-ISO-14001_2015-g%C3%BCltig-bis-2024.pdf | https://scheplast.de/kunststoffspritzerei/ | https://scheplast.de/wp-content/uploads/2024/03/Scheplast-certificate-ISO-14001_2015-valid-2027-en.pdf,PROVISIONAL,Codex research and consistency QA; independent human review pending
P26,Barth Galvanik GmbH,https://barth-galvanik.de/,Oberursel,Hesse,25.61,Treatment and coating of metals,140,,,probable,independent,VALID,VALID,NOT_FOUND_AFTER_CHECK,UNKNOWN,UNKNOWN,NO,UNKNOWN,UNKNOWN,YES,YES,YES,UNKNOWN,UNKNOWN,UNKNOWN,UNKNOWN,UNKNOWN,UNKNOWN,UNKNOWN,No dated site-energy or decarbonisation target was found in the checked public sources.,"2026-10-07 public-source follow-up: Owned induction hardening and individual monitored quality control are documented. Direct ISO 50001 and ISO 14001 certificates are current through 2027-06-25 and 2027-03-20 respectively. Hardness HV is not temperature; belt-furnace fuels, thermal buffer, incremental load and commissioning dates remain open. Canonical deployment UNKNOWNs are unchanged pending independent review.",2026-09-13,2027-03-13,B,https://barth-galvanik.de/ | https://www.surface-technology-germany.de/aussteller-produkte/aussteller/surface-technology-germany/barth-galvanik-gmbh/107846 | https://barth-galvanik.de/download/energiemanagement-iso-500012018_deutsch/ | https://barth-galvanik.de/download/din-iso-140012015-gueltig-bis-03-2024/ | https://barth-galvanik.de/waermebehandlung | https://barth-galvanik.de/waermebehandlung/induktivhaerten | https://barth-galvanik.de/oberflaechenbeschichtung/galvanische-beschichtung | https://barth-galvanik.de/downloads,PROVISIONAL,Codex research; Anna review pending
P27,BCE Special Ceramics GmbH,https://www.bce-special-ceramics.com/,Mannheim,Baden-Württemberg,23.44,Manufacture of other technical ceramic products,30,,,probable,independent,NOT_FOUND_AFTER_CHECK,NOT_FOUND_AFTER_CHECK,NOT_FOUND_AFTER_CHECK,UNKNOWN,UNKNOWN,NO,UNKNOWN,UNKNOWN,YES,UNKNOWN,YES,UNKNOWN,UNKNOWN,UNKNOWN,UNKNOWN,UNKNOWN,UNKNOWN,UNKNOWN,No dated site-energy or decarbonisation target was found in the checked public sources.,"Direct company evidence documents in-house ceramic production, small electrically heated ovens, debinding and sintering; the historical project does not establish current deployment of the researched efficiency technology.",2026-09-13,2027-03-13,B,https://www.bce-special-ceramics.com/company/ | https://www.bce-special-ceramics.com/research-project-enitec/,PROVISIONAL,Codex research and consistency QA; independent human review pending
P28,Berg Brauerei Ulrich Zimmermann GmbH & Co. KG,https://www.bergbier.de/,Ehingen-Berg,Baden-Württemberg,11.05,Manufacture of beer,,,,probable,probable_independent,NOT_FOUND_AFTER_CHECK,NOT_FOUND_AFTER_CHECK,NOT_FOUND_AFTER_CHECK,UNKNOWN,UNKNOWN,NO,UNKNOWN,UNKNOWN,YES,UNKNOWN,YES,UNKNOWN,UNKNOWN,UNKNOWN,UNKNOWN,UNKNOWN,UNKNOWN,UNKNOWN,No dated site-specific energy or decarbonisation target was found in the checked public sources.,2026-10-07 public-source follow-up: Own refrigeration with roughly 90 m3 night/day ice-water buffer and a dated 2025 warehouse/PV project are documented. Suspect 90-deg-C ice-water statement is not corrected or used for heat-fit/capacity. New-building local heat is not whole-brewery fossil-free steam. Hospitality DEHOGA award is not manufacturing EnMS. Canonical deployment UNKNOWNs are unchanged pending independent review.,2026-09-14,2027-03-14,B,https://www.bergbier.de/impressum | https://www.bergbier.de/ | https://www.bergbier.de/aktuelles/blog/neues-kaeltekonzept | https://www.bergbier.de/aktuelles/blog/einweihung-unseres-neuen-bierlagers-biergartenhauses-und-schulzes-hof | https://www.bergbier.de/brauerei/bottich-gaerung | https://www.bergbier.de/brauerei/verantwortung | https://www.bergbier.de/service/downloads | https://www.bergbier.de/aktuelles/blog/dehoga-umweltcheck,PROVISIONAL,Codex research; Anna review pending
P29,Meckatzer Löwenbräu Benedikt Weiß KG,https://www.meckatzer.de/,Heimenkirch,Bavaria,11.05,Manufacture of beer,,,,probable,probable_independent,NOT_FOUND_AFTER_CHECK,NOT_FOUND_AFTER_CHECK,VALID,UNKNOWN,UNKNOWN,NO,UNKNOWN,UNKNOWN,YES,UNKNOWN,YES,UNKNOWN,UNKNOWN,UNKNOWN,UNKNOWN,UNKNOWN,UNKNOWN,UNKNOWN,"2026-10-07 follow-up: report p44 provides an emissions-reduction scenario and agreed reduction path to 2030, with future heat/fleet steps. This supports a dated target and roadmap, not achievement or completion of prospective projects. EMAS validation is signed 2026-06-19; future 2027/2028 update dates are not certificate expiry.","2026-10-07 public-source follow-up: Signed 2026-06-19 EMAS validation and mixed-period 2026-cover report documented. Completed 2024 PV625kWp/NH3 and 2025 KEG automation distinguished visually from planned measures. Natural-gas steam/CHP remain documented; legacy defective vapour-compressor repair, thermal storage and new load stay unresolved. Planned July 2027/2028 updates are not expiry dates. Canonical deployment UNKNOWNs are unchanged pending independent review.",2026-09-14,2027-03-14,B,https://www.meckatzer.de/impressum/ | https://www.meckatzer.de/ | https://www.meckatzer.de/fileadmin/user_data/dokumente/260929_Nachhaltigkeitsbericht_WEB.pdf | https://www.meckatzer.de/nachhaltigkeit/,PROVISIONAL,Codex research; Anna review pending
P30,Privat-Brauerei Zötler GmbH,https://www.zoetler.de/,Rettenberg,Bavaria,11.05,Manufacture of beer,,,,probable,probable_independent,NOT_FOUND_AFTER_CHECK,NOT_FOUND_AFTER_CHECK,DOCUMENT_FOUND_VALIDITY_UNCLEAR,UNKNOWN,UNKNOWN,NO,UNKNOWN,UNKNOWN,YES,UNKNOWN,YES,UNKNOWN,UNKNOWN,UNKNOWN,UNKNOWN,UNKNOWN,UNKNOWN,UNKNOWN,The company states that EMAS is used to manage environmental performance; a current direct register record still requires verification.,No quantified site-specific energy investment was found in the checked public sources.,2026-09-14,2027-03-14,B,https://www.familien-braukunst.de/impressum/ | https://www.zoetler.de/,PROVISIONAL,Codex research; Anna review pending
P31,Brauerei Clemens Härle KG,https://www.haerle.de/,Leutkirch im Allgäu,Baden-Württemberg,11.05,Manufacture of beer,,,,probable,independent,NOT_FOUND_AFTER_CHECK,NOT_FOUND_AFTER_CHECK,NOT_FOUND_AFTER_CHECK,UNKNOWN,UNKNOWN,NO,UNKNOWN,UNKNOWN,YES,UNKNOWN,YES,UNKNOWN,UNKNOWN,UNKNOWN,UNKNOWN,UNKNOWN,UNKNOWN,UNKNOWN,Public state and climate-alliance evidence describes climate-neutral brewing and a long-running renewable-energy strategy.,Public evidence describes renewable process-energy measures including biomass heat; no electric industrial-heat deployment is inferred.,2026-09-14,2027-03-14,B,https://www.haerle.de/impressum | https://um.baden-wuerttemberg.de/de/umwelt-natur/umwelt-und-wirtschaft/angebote-fuer-unternehmen/umweltpreis-fuer-unternehmen/umweltpreis-2024/brauerei-clemens-haerle,PROVISIONAL,Codex research; Anna review pending
P32,Kronenbrauerei Otto Haizmann KG,https://hochdorfer.de/,Nagold-Hochdorf,Baden-Württemberg,11.05,Manufacture of beer,,,,probable,unknown,NOT_FOUND_AFTER_CHECK,NOT_FOUND_AFTER_CHECK,NOT_FOUND_AFTER_CHECK,UNKNOWN,UNKNOWN,NO,UNKNOWN,UNKNOWN,YES,UNKNOWN,YES,UNKNOWN,UNKNOWN,UNKNOWN,UNKNOWN,UNKNOWN,UNKNOWN,UNKNOWN,No dated site-specific energy or decarbonisation target was found in the checked public sources.,No quantified site-specific energy investment was found in the checked public sources.,2026-09-14,2027-03-14,C,https://hochdorfer.de/,PROVISIONAL,Codex research; Anna review pending
P33,Gindele GmbH,https://www.gindele.de/,Neuhausen,Baden-Württemberg,22.29,Manufacture of other plastic products,,,,probable,probable_independent,NOT_FOUND_AFTER_CHECK,VALID,NOT_FOUND_AFTER_CHECK,UNKNOWN,UNKNOWN,NO,UNKNOWN,UNKNOWN,YES,UNKNOWN,YES,UNKNOWN,UNKNOWN,UNKNOWN,UNKNOWN,UNKNOWN,UNKNOWN,UNKNOWN,No dated site-specific energy or decarbonisation target was found in the checked public sources.,"2026-10-07 public-source follow-up: Own computer-controlled injection moulding and named automation/ultrasonic-welding example verified. Exact-holder ISO 14001 current through 2027-07-09; neighbouring issuer-list ISO 50001 belongs to other firms. Generic municipality source blocked and actual named profile recovered. Closing force and animated zeros are not power, temperature, operating hours or proof of nondeployment. Canonical deployment UNKNOWNs are unchanged pending independent review.",2026-09-14,2027-03-14,B,https://www.gindele.de/ | https://www.neuhausen-enzkreis.de/ | https://www.gindele.de/leistungen/spritzguss.html | https://www.gindele.de/leistungen/automatisierung.html | https://www.gindele.de/fileadmin/user_upload/download/Gindele_Certificate_14001_englisch.pdf | https://www.neuhausen-enzkreis.de/wirtschaft-karriere/firmenverzeichnis/60/gindele-gmbh | https://www.skz.de/fileadmin/user_upload/Download_PDF/_Zertifizierung/Referenzliste_ISO.pdf,PROVISIONAL,Codex research; Anna review pending
P34,KTS Kunststoff Technik Schmölln GmbH,https://www.kts-schmoelln.de/,Schmölln,Thuringia,22.29,Manufacture of other plastic products,,,,probable,unknown,NOT_FOUND_AFTER_CHECK,NOT_FOUND_AFTER_CHECK,NOT_FOUND_AFTER_CHECK,UNKNOWN,UNKNOWN,NO,UNKNOWN,UNKNOWN,YES,UNKNOWN,YES,UNKNOWN,UNKNOWN,UNKNOWN,UNKNOWN,UNKNOWN,UNKNOWN,UNKNOWN,No dated site-specific energy or decarbonisation target was found in the checked public sources.,No quantified site-specific energy investment was found in the checked public sources.,2026-09-14,2027-03-14,B,https://www.kts-schmoelln.de/ | https://web.arbeitsagentur.de/,PROVISIONAL,Codex research; Anna review pending
P35,MACK KUNSTSTOFFTECHNIK GMBH & CO. KG,https://mack-kunststoff.com/,Ulm,Baden-Württemberg,22.29,Manufacture of other plastic products,,,,probable,probable_independent,NOT_FOUND_AFTER_CHECK,VALID,NOT_FOUND_AFTER_CHECK,UNKNOWN,UNKNOWN,NO,UNKNOWN,UNKNOWN,YES,UNKNOWN,YES,UNKNOWN,UNKNOWN,UNKNOWN,UNKNOWN,UNKNOWN,UNKNOWN,UNKNOWN,No dated site-specific energy or decarbonisation target was found in the checked public sources.,"2026-10-07 fieldwise public research: Own vacuum thermoforming and CNC, not owned injection moulding. History: 2019 servo-machine conversion; 2023 PV expansion to 3000 m2, not kWp; 2024 fourth Geiss machine and ISO 14001; 2025 CNC capacity/efficiency, not quantified energy saving. Historical fourth machine and current six-machine process inventory have different periods. Own six thermoforming machines; sheet dimensions are mm, not temperatures or power. Actual heater carrier, temperature and interruption windows undisclosed. Own six CNC centres: five 5-axis and one flatbed; CAD/CAM. Machining customer injection-moulded parts does not prove own injection-moulding production. Visually inspected exact-holder VISOCERT ISO 14001:2015 certificate Z-24-10213-14, valid 2024-03-18 through 2027-03-18; issued 2024-03-19; vacuum forming, lamination and CNC. Canonical deployment, staff and confidence values remain unchanged pending independent review.",2026-09-14,2027-03-14,B,https://mack-kunststoff.com/impressum/ | https://mack-kunststoff.com/ | https://mack-kunststoff.com/unternehmen/ | https://mack-kunststoff.com/leistungen/thermoforming/ | https://mack-kunststoff.com/leistungen/cnc-kunststoffbearbeitung/ | https://mack-kunststoff.com/wp-content/uploads/2025/09/ISO-14001-2015-seit-2024.pdf,PROVISIONAL,Codex research; Anna review pending
P36,Kunststofftechnik Borgmann GmbH,https://www.bogm.de/,Bersenbrück,Lower Saxony,22.29,Manufacture of other plastic products,125,,,probable,family_owned,NOT_FOUND_AFTER_CHECK,VALID,NOT_FOUND_AFTER_CHECK,UNKNOWN,UNKNOWN,NO,UNKNOWN,UNKNOWN,YES,UNKNOWN,YES,UNKNOWN,UNKNOWN,UNKNOWN,UNKNOWN,UNKNOWN,UNKNOWN,UNKNOWN,No dated site-specific energy or decarbonisation target was found in the checked public sources.,"2026-10-07 fieldwise public research: Own injection moulding, robots and online/offline ultrasonic welding. Machine closing force 25-1000 t is not electrical load, actual heater/drive mix or temperature. Solar-energy use since 2011 (onsite PV ownership unverified), regional biogas supply, efficient machines, LED and claimed intelligent consumption steering/EMS. No certified mature EnMS inferred. 2021-22 machine expansion/certification is not a dated energy investment. Undated 110 staff and historical over 130 differ from legacy 125; no eligibility or staff update. Own integrated robot cells, insert placement and quality control; no verified dispatch architecture or flexible operating window. Exact-holder TÜV NORD CERT ISO 14001:2015, 44 104 141717, valid 2024-01-18 through 2027-01-17; issued 2023-10-25. Website label ISO 14001:2025 is superseded by inspected PDF body. Canonical deployment, staff and confidence values remain unchanged pending independent review.",2026-09-14,2027-03-14,B,https://www.bogm.de/ | https://web.arbeitsagentur.de/ | https://www.bogm.de/leistungen/spritzguss/ | https://www.bogm.de/ueber-uns/ | https://www.bogm.de/leistungen/automatisierung/ | https://www.bogm.de/wp-content/uploads/2026/05/141717_kunststofftechnik-borgmann-gmbh_um-wa-23_deutsch_hzert_kuhl_pdf.pdf,PROVISIONAL,Codex research; Anna review pending
P37,atka Kunststoffverarbeitung GmbH,https://www.atka.de/,Lohne (Oldenburg),Lower Saxony,22.29,Manufacture of other plastic products,,,,probable,probable_independent,NOT_FOUND_AFTER_CHECK,NOT_FOUND_AFTER_CHECK,NOT_FOUND_AFTER_CHECK,UNKNOWN,UNKNOWN,NO,UNKNOWN,UNKNOWN,YES,UNKNOWN,YES,UNKNOWN,UNKNOWN,UNKNOWN,UNKNOWN,UNKNOWN,UNKNOWN,UNKNOWN,No dated site-specific energy or decarbonisation target was found in the checked public sources.,No quantified site-specific energy investment was found in the checked public sources.,2026-09-14,2027-03-14,B,https://www.atka.de/,PROVISIONAL,Codex research; Anna review pending
P38,Krämer + Eckert GmbH & Co. KG,https://eloxalwerk-ehingen.com/,Ehingen,Baden-Württemberg,25.61,Treatment and coating of metals,150,,,probable,family_owned,NOT_FOUND_AFTER_CHECK,NOT_FOUND_AFTER_CHECK,NOT_FOUND_AFTER_CHECK,UNKNOWN,UNKNOWN,NO,UNKNOWN,UNKNOWN,YES,YES,YES,UNKNOWN,UNKNOWN,UNKNOWN,UNKNOWN,UNKNOWN,UNKNOWN,UNKNOWN,No dated site-specific energy or decarbonisation target was found in the checked public sources.,"2026-10-07 fieldwise public research: Exact association member/address corroborates owned anodising and powder coating. Combined Ehingen/Weil der Stadt 280 staff and 30000 m2 are group figures, not entity SME evidence. Heat treatment in combined group is not assigned to Ehingen. Live own websites expose TEST-SYSTEM banner; own energy claims need independent confirmation. Canonical deployment, staff and confidence values remain unchanged pending independent review.",2026-09-14,2027-03-14,B,https://www.eloxalwerk-ehingen.com/kontakt/anfahrt/ | https://eloxalwerk-ehingen.com/ | https://www.akz-online.de/mitglieder/eloxalwerk-ehingen-kraemer-eckert-gmbh-co-kg/,PROVISIONAL,Codex research; Anna review pending
P39,Eloxal Höfler GmbH,https://www.eloxal-hoefler.de/,Steißlingen,Baden-Württemberg,25.61,Treatment and coating of metals,,,,probable,probable_independent,NOT_FOUND_AFTER_CHECK,VALID,NOT_FOUND_AFTER_CHECK,UNKNOWN,UNKNOWN,NO,UNKNOWN,UNKNOWN,YES,YES,YES,UNKNOWN,UNKNOWN,UNKNOWN,UNKNOWN,UNKNOWN,UNKNOWN,UNKNOWN,No dated site-specific energy or decarbonisation target was found in the checked public sources.,"2026-10-07 fieldwise public research: Two owned fully automated anodising plants; carrier/electrical contacts and bath/part dimensions. Dimensions in mm are not temperature or power. No plant energy-management coordination stated. 2011 automatic crane with traceability; 2022 wastewater plant and 2023 additional anodising capacity. These do not by themselves prove recent energy-transition investment. Current policy promises safe operations and continuous environmental improvement; no dated energy target. Exact holder Eloxal Höfler GmbH, Eichenstr.12 Steisslingen; TÜV SÜD ISO 14001:2015 12 104 35301 TMS, valid 2023-12-29 through 2026-12-28, issued 2023-12-12. Rendered certificate inspected. Own bath analytics and continuous quality checking support limited process-control evidence; ISO 9001 does not establish mature EnMS. Canonical deployment, staff and confidence values remain unchanged pending independent review.",2026-09-14,2027-03-14,B,https://www.eloxal-hoefler.de/kontakt.html | https://www.eloxal-hoefler.de/ | https://www.eloxal-hoefler.de/leistungen.html | https://www.eloxal-hoefler.de/ueber-uns.html | https://www.eloxal-hoefler.de/files/zertifikate/14001.pdf | https://www.eloxal-hoefler.de/zertifikate.html,PROVISIONAL,Codex research; Anna review pending
P40,OFTECH Oberflächentechnik GmbH & Co. KG,https://oftech.de/,Troisdorf,North Rhine-Westphalia,25.61,Treatment and coating of metals,,,,probable,unknown,NOT_FOUND_AFTER_CHECK,NOT_FOUND_AFTER_CHECK,NOT_FOUND_AFTER_CHECK,UNKNOWN,UNKNOWN,NO,UNKNOWN,UNKNOWN,YES,YES,YES,UNKNOWN,UNKNOWN,UNKNOWN,UNKNOWN,UNKNOWN,UNKNOWN,UNKNOWN,No dated site-specific energy or decarbonisation target was found in the checked public sources.,No quantified site-specific energy investment was found in the checked public sources.,2026-09-14,2027-03-14,C,https://oftech.de/,PROVISIONAL,Codex research; Anna review pending
P41,"Galvano Weis, Weis GmbH & Co., Galvanische-Werkstätte KG",https://www.galvano-weis.com/,Emmering,Bavaria,25.61,Treatment and coating of metals,,,,probable,family_owned,NOT_FOUND_AFTER_CHECK,VALID,NOT_FOUND_AFTER_CHECK,UNKNOWN,UNKNOWN,NO,UNKNOWN,UNKNOWN,YES,YES,YES,UNKNOWN,UNKNOWN,UNKNOWN,UNKNOWN,UNKNOWN,UNKNOWN,UNKNOWN,No dated site-specific energy or decarbonisation target was found in the checked public sources.,"2026-10-07 fieldwise public research: Bureau Veritas ISO 14001:2015 DE016081 for Galvano Weis GmbH & Co.KG at Untere Au3 Emmering, valid 2025-05-18 through 2028-05-17; issued 2025-07-25. Exact site and own imprint links abbreviated holder to canonical legal entity; no legal-name change. Current environmental ambition. 2023 71 tonnes CO2 claim concerns Fleetcor Clean Advantage compensation, not measured plant heat reduction or deployed heat pump. 2013 ÖKOXAL research: pulse plating/cooling energy savings; heat pump stated as future. No verified current 2026 installation or recent investment follows. Canonical legal name Galvano Weis, Weis GmbH & Co., Galvanische-Werkstätte KG, HRA54999, Untere Au3 Emmering; same page also uses certificate abbreviation Galvano Weis GmbH & Co.KG. Galvanic plant operator directly established. Canonical deployment, staff and confidence values remain unchanged pending independent review.",2026-09-14,2027-03-14,B,https://www.galvano-weis.com/ | https://www.keytobavaria.com/ | https://www.galvano-weis.com/assets/img/Zertifikat_iso_14001_de.pdf | https://www.galvano-weis.com/umwelt | https://www.forschungsstiftung.bayern.de/projekt/verbesserte-energieausbeute-beim-hartanodisieren/ | https://www.galvano-weis.com/impressum,PROVISIONAL,Codex research; Anna review pending
P42,OT Oberflächentechnik GmbH & Co. KG,https://www.ot-schwerin.de/,Schwerin,Mecklenburg-Vorpommern,25.61,Treatment and coating of metals,,,,probable,unknown,NOT_FOUND_AFTER_CHECK,NOT_FOUND_AFTER_CHECK,NOT_FOUND_AFTER_CHECK,UNKNOWN,UNKNOWN,NO,UNKNOWN,UNKNOWN,YES,YES,YES,UNKNOWN,UNKNOWN,UNKNOWN,UNKNOWN,UNKNOWN,UNKNOWN,UNKNOWN,No dated site-specific energy or decarbonisation target was found in the checked public sources.,No quantified site-specific energy investment was found in the checked public sources.,2026-09-14,2027-03-14,C,https://www.ot-schwerin.de/,PROVISIONAL,Codex research; Anna review pending
P43,WZR ceramic solutions GmbH,https://wzr-ceramic.de/,Rheinbach,North Rhine-Westphalia,23.44,Manufacture of other technical ceramic products,12,,,probable,independent,NOT_FOUND_AFTER_CHECK,NOT_FOUND_AFTER_CHECK,NOT_FOUND_AFTER_CHECK,UNKNOWN,UNKNOWN,NO,UNKNOWN,UNKNOWN,YES,YES,YES,UNKNOWN,UNKNOWN,UNKNOWN,UNKNOWN,UNKNOWN,UNKNOWN,UNKNOWN,No dated site-specific energy or decarbonisation target was found in the checked public sources.,No quantified site-specific energy investment was found in the checked public sources.,2026-09-14,2027-03-14,B,https://wzr-ceramic.de/impressum/ | https://www.ressource-deutschland.de/ | https://www.ressource-deutschland.de/netzwerk/industrie-club-ressourceneffizienz/club-mitglieder/wzr-ceramic-solutions-gmbh | https://wzr-ceramic.de/kaltplastische-extrusion/ | https://wzr-ceramic.de/nachhaltigkeit/,PROVISIONAL,Codex research; Anna review pending
P44,OXIDKERAMIK J. Cardenas GmbH,https://oxidkeramik.de/,Albershausen,Baden-Württemberg,23.44,Manufacture of other technical ceramic products,,,,probable,probable_independent,NOT_FOUND_AFTER_CHECK,NOT_FOUND_AFTER_CHECK,NOT_FOUND_AFTER_CHECK,UNKNOWN,UNKNOWN,NO,UNKNOWN,UNKNOWN,YES,YES,YES,UNKNOWN,UNKNOWN,UNKNOWN,UNKNOWN,UNKNOWN,UNKNOWN,UNKNOWN,No dated site-specific energy or decarbonisation target was found in the checked public sources.,"2026-10-07 fieldwise public research: Own technical ceramics including alumina, directly sintered SiC and zirconia. No actual kiln carrier, sintering temperature or power stated. Own latest control/measurement devices for dimensions/tolerances and traceable marking. ISO 9001 is product quality, not environmental/energy management. Ceramic components in customer PV/wind/hydro and other energy applications do not establish owned PV, converters or generation. Material datasheets and ISO 9001 downloads reviewed. Material operating limits and customer high-temperature suitability are not actual sintering temperatures or plant energy technology. Canonical deployment, staff and confidence values remain unchanged pending independent review.",2026-09-14,2027-03-14,B,https://oxidkeramik.de/ | https://www.ceramic-applications.com/ | https://oxidkeramik.de/oxidkeramik-unternehmen/ueber-uns.aspx | https://oxidkeramik.de/oxidkeramik-unternehmen/qualitaet.aspx | https://oxidkeramik.de/oxidkeramik-branchen/energieundumwelt.aspx | https://oxidkeramik.de/oxidkeramik-unternehmen/downloads.aspx,PROVISIONAL,Codex research; Anna review pending
P45,Glasmanufaktur HARZKRISTALL GmbH,https://www.harzkristall.de/,Derenburg,Saxony-Anhalt,23.13,Manufacture of hollow glass,,,,probable,foundation_owned,NOT_FOUND_AFTER_CHECK,NOT_FOUND_AFTER_CHECK,NOT_FOUND_AFTER_CHECK,UNKNOWN,UNKNOWN,NO,UNKNOWN,UNKNOWN,UNKNOWN,YES,UNKNOWN,UNKNOWN,UNKNOWN,UNKNOWN,UNKNOWN,UNKNOWN,UNKNOWN,UNKNOWN,No dated site-specific energy or decarbonisation target was found in the checked public sources.,"2026-10-07 fieldwise public research: Own rental work station explicitly has electric melt furnace ~130 kg glass capacity and electric reheating drum. Programmable cooling oven and named grinding, sawing, drilling/polishing machines. Glass mass and hole dimensions are not kW, temperature or thermal-store capacity. Own brochure confirms furnace glass production, fusing/casting and cold machining. Filename is not verified publication date; 75-year history text is not a 2026 investment. Canonical deployment, staff and confidence values remain unchanged pending independent review.",2026-09-14,2027-03-14,B,https://www.harzkristall.de/impressum | https://www.harzkristall.de/ | https://www.harzkristall.de/huette-mieten | https://www.harzkristall.de/fileadmin/user_upload/pdf/Harzkristall_Sales-Broschuere_220126.pdf,PROVISIONAL,Codex research; Anna review pending
P46,Porzellanfabrik Hermsdorf GmbH,https://www.pofahermsdorf.de/,Hermsdorf,Thuringia,23.44,Manufacture of other technical ceramic products,,,,probable,linked_enterprise_check,NOT_FOUND_AFTER_CHECK,NOT_FOUND_AFTER_CHECK,NOT_FOUND_AFTER_CHECK,UNKNOWN,UNKNOWN,NO,UNKNOWN,UNKNOWN,YES,YES,YES,UNKNOWN,UNKNOWN,UNKNOWN,UNKNOWN,UNKNOWN,UNKNOWN,UNKNOWN,No dated site-specific energy or decarbonisation target was found in the checked public sources.,No quantified site-specific energy investment was found in the checked public sources.,2026-09-14,2027-03-14,B,https://www.pofahermsdorf.de/impressum/ | https://www.pofahermsdorf.de/,PROVISIONAL,Codex research; Anna review pending
P47,hofmann CERAMiC GmbH,https://www.hofmann-ceramic.de/,Breitscheid-Erdbach,Hesse,23.44,Manufacture of other technical ceramic products,,,,probable,linked_enterprise_check,NOT_FOUND_AFTER_CHECK,NOT_FOUND_AFTER_CHECK,NOT_FOUND_AFTER_CHECK,UNKNOWN,UNKNOWN,NO,UNKNOWN,UNKNOWN,YES,YES,YES,UNKNOWN,UNKNOWN,UNKNOWN,UNKNOWN,UNKNOWN,UNKNOWN,UNKNOWN,No dated site-specific energy or decarbonisation target was found in the checked public sources.,No quantified site-specific energy investment was found in the checked public sources.,2026-09-14,2027-03-14,B,https://www.hofmann-ceramic.de/en/imprint/ | https://www.hofmann-ceramic.de/,PROVISIONAL,Codex research; Anna review pending
P50,Brauerei Aying Franz Inselkammer KG,https://www.brauerei-ayinger.de/,Aying,Bavaria,11.05,Manufacture of beer,,,,probable,probable_independent,NOT_FOUND_AFTER_CHECK,NOT_FOUND_AFTER_CHECK,VALID,UNKNOWN,UNKNOWN,NO,UNKNOWN,UNKNOWN,YES,UNKNOWN,YES,UNKNOWN,UNKNOWN,UNKNOWN,UNKNOWN,UNKNOWN,UNKNOWN,UNKNOWN,No dated site-specific energy or decarbonisation target was found in the checked public sources.,"2026-10-07 fieldwise public research: Own current EMAS claim and downloadable 2023 environmental statement; upload path 2025 is not report validation date. Actual bottle-washer high-temperature heat pump: 83 C heater, 150 kW THERMAL and COP approximately4, recovers washer cooling and CHP heat. Historical gas boiler baseline135 C is not current remaining gas inventory; 150 kW is not electrical input. Stated commissioning06/2019 differs from public Bavaria11/2018; both outside recent lookback. Public project owner account: operated new bottle washer since11/2018; heat pump covers washer heat, CHP powers it and contributes waste heat. Claimed savings87% differ from dena process81%, with distinct scope/baseline; no averaging or silent correction. Official register snapshot01/09/2026 contains exact Brauerei Aying Franz Inselkammer KG, Aying, DE-155-00168, registered since10/07/2000, one site. Page6 row rendered/visually inspected. Registered-since date is not current statement validation or expiry. Scanned 28-page environmental statement2023, downloaded in2026. Upload folder2025 is not validation date. OCR and rendered relevant pages inspected; older fuel/target/investment claims retain report period. Canonical deployment, staff and confidence values remain unchanged pending independent review. Scanned statement follow-up: Scanned28-page2023 statement with2022 data, signed validation2023-06-28 by Dr.Reiner Beer DE-V-0007 for DE-155-00168. PDFpp12-14 documents2012 CHP200kW ELECTRIC,2019 PV96.1kWp and heat pump, not recent investments. Washer11/2018 and heat pump05/2019 are separate assets/stages; dena06/2019 remains differing precise heat-pump date. PDFpp21-24: expired2020-24 targets, future2023-30 energy-storage project and2023 In Planung/In Umsetzung measures not verified complete2026. PDFp27 May2025/May2027 submission deadlines are not expiry dates. OCR and renderedpp12,23,24,27 inspected. Current EMAS status from separate official01/09/2026 register. No current gas mix, operating storage, new load or completed recent energy investment inferred.",2026-09-14,2027-03-14,B,https://www.brauerei-ayinger.de/impressum/ | https://www.brauerei-ayinger.de/ | https://www.brauerei-ayinger.de/bierdorf-aying/nachhaltigkeit/ | https://www.dena.de/energy-award/good-practice/aying-brauerei-franz-inselkammer-igs/ | https://www.umweltpakt.bayern.de/umwelt_klimapakt/praxis_innovation/beispiele/praxis/detail.htm?id=84 | https://www.emas.de/fileadmin/user_upload/4-daten-stat/EMAS-TN-Register.pdf | https://www.brauerei-ayinger.de/wp-content/uploads/2025/10/Umwelterklaerung2023_BrauereiAying.pdf,PROVISIONAL,Codex research; Anna review pending
P51,Distelhäuser Brauerei Ernst Bauer GmbH & Co. KG,https://www.distelhaeuser.de/,Tauberbischofsheim,Baden-Württemberg,11.05,Manufacture of beer,,,,probable,probable_independent,NOT_FOUND_AFTER_CHECK,CLAIM_ONLY,NOT_FOUND_AFTER_CHECK,UNKNOWN,UNKNOWN,NO,UNKNOWN,UNKNOWN,YES,UNKNOWN,YES,YES,UNKNOWN,UNKNOWN,UNKNOWN,UNKNOWN,UNKNOWN,UNKNOWN,No dated site-specific energy or decarbonisation target was found in the checked public sources.,"2026-10-07 fieldwise public research: 2022-01-19 renewal claim ISO14001:2015/ISO9001. No direct current certificate, exact validity or issuer established; CLAIM_ONLY, not VALID or EXPIRED. Own slow brewing, warm wort production and circa0 C maturation four-six weeks; maturation is not heating temperature or freely shiftable thermal buffer. Thermal rektification of alcohol at unspecified low temperature does not establish electric heat carrier. Canonical deployment, staff and confidence values remain unchanged pending independent review.",2026-09-14,2027-03-14,B,https://www.distelhaeuser.de/impressumdatenschutz/ | https://www.distelhaeuser.de/unsere-brauerei/regionalitaet/ | https://www.distelhaeuser.de/aktuelles/details/distelhaeuser-erneut-iso-zertifiziert/ | https://www.distelhaeuser.de/unsere-brauerei/braukunst/,PROVISIONAL,Codex research; Anna review pending
P52,Glauner GmbH,https://alpirsbacher.de/,Alpirsbach,Baden-Württemberg,11.05,Manufacture of beer,,,,probable,probable_independent,NOT_FOUND_AFTER_CHECK,NOT_FOUND_AFTER_CHECK,NOT_FOUND_AFTER_CHECK,UNKNOWN,UNKNOWN,NO,UNKNOWN,UNKNOWN,YES,UNKNOWN,YES,UNKNOWN,UNKNOWN,UNKNOWN,UNKNOWN,UNKNOWN,UNKNOWN,UNKNOWN,No dated site-specific energy or decarbonisation target was found in the checked public sources.,"2026-10-07 fieldwise public research: History of Glauner/Alpirsbacher brand: steam machine80 PS in1893, ice machine1895, steam220 PS1925. Historical assets are not actual2026 fuel, drive or process temperatures. No dated energy target established. Canonical deployment, staff and confidence values remain unchanged pending independent review.",2026-09-14,2027-03-14,B,https://alpirsbacher.de/rechtliches/impressum/ | https://alpirsbacher.de/ueber-uns/unsere-werte/ | https://alpirsbacher.de/ueber-uns/unsere-geschichte/,PROVISIONAL,Codex research; Anna review pending
P53,Brauerei Rittmayer Hallerndorf GmbH & Co. KG,https://rittmayer.de/,Hallerndorf,Bavaria,11.05,Manufacture of beer,,,,probable,probable_independent,NOT_FOUND_AFTER_CHECK,NOT_FOUND_AFTER_CHECK,NOT_FOUND_AFTER_CHECK,UNKNOWN,YES,NO,UNKNOWN,UNKNOWN,YES,UNKNOWN,YES,YES,UNKNOWN,UNKNOWN,YES,UNKNOWN,UNKNOWN,UNKNOWN,No dated site-specific energy or decarbonisation target was found in the checked public sources.,"Official company evidence documents biomass heat, photovoltaic generation, process heat recovery and heat storage.",2026-09-14,2027-03-14,B,https://rittmayer.de/impressum | https://rittmayer.de/nachhaltigkeit,PROVISIONAL,Codex research; Anna review pending
P54,Privatbrauerei Waldhaus Joh. Schmid GmbH,https://www.waldhaus-bier.de/,Weilheim (Waldhaus),Baden-Württemberg,11.05,Manufacture of beer,,,,probable,probable_independent,NOT_FOUND_AFTER_CHECK,NOT_FOUND_AFTER_CHECK,NOT_FOUND_AFTER_CHECK,UNKNOWN,YES,NO,UNKNOWN,UNKNOWN,YES,UNKNOWN,YES,UNKNOWN,UNKNOWN,UNKNOWN,UNKNOWN,UNKNOWN,UNKNOWN,UNKNOWN,No dated site-specific energy or decarbonisation target was found in the checked public sources.,"2026-10-07 fieldwise public research: Own PV458.4 kWp sinceOctober2017; approximately75% of generated PV power self-consumed, explicitly only part of site electricity demand. Not75% of site energy, no generation kWh or load inferred. Purchased hydropower is not own hydro plant. 2015 logistics expansion and historical ice use are not recent2021-2026 energy investments or current thermal stores. Canonical deployment, staff and confidence values remain unchanged pending independent review.",2026-09-14,2027-03-14,B,https://www.waldhaus-bier.de/impressum/ | https://www.waldhaus-bier.de/privatbrauerei/ | https://www.waldhaus-bier.de/privatbrauerei/umweltschutz/ | https://www.waldhaus-bier.de/privatbrauerei/historie/,PROVISIONAL,Codex research; Anna review pending
P55,Merschbrock Kunststoff Spritzguss GmbH,https://www.merschbrock.de/,Verl,North Rhine-Westphalia,22.29,Manufacture of other plastic products,,,,probable,probable_independent,NOT_FOUND_AFTER_CHECK,VALID,NOT_FOUND_AFTER_CHECK,UNKNOWN,UNKNOWN,NO,UNKNOWN,UNKNOWN,YES,UNKNOWN,YES,UNKNOWN,UNKNOWN,UNKNOWN,UNKNOWN,UNKNOWN,UNKNOWN,UNKNOWN,No dated site-specific energy or decarbonisation target was found in the checked public sources.,"2026-10-07 fieldwise public research: Own PV commissioned2022 and2025, current1200 kWp nameplate. Over90% own electricity covers combined PV/CHP, not PV alone or total energy. CHP2014/2020 heat supplies building and absorption chiller for mould temperature; absorption cooling is not a heat pump or thermal store. Fuel unspecified. Exact-holder frink BUSINESS GMBH certificate12-023, ISO14001:2015, issued16/10/2023 and valid until15/10/2026. Current on07/10/2026, near expiry; start of validity not stated and not invented. Rendered page inspected. Own efficient compressed air, new wire/sinker EDM, LED and electric vans; undated except PV-fed charging transformer2025 and public fast charger plus13internal chargers2026. Transformer is connection infrastructure, not proof of harmonics/compensation. Own CNC milling/electrode manufacture/wire and sinker EDM, robot and camera production/QA. Multiple named owned power-conversion processes; no rated energy load, interruption window or new thermal route defined. Canonical deployment, staff and confidence values remain unchanged pending independent review.",2026-09-14,2027-03-14,B,https://www.merschbrock.de/kontakt/ | https://www.merschbrock.de/leistungen/ | https://www.merschbrock.de/nachhaltigkeit/ | https://www.merschbrock.de/wp-linked-content/downloads/Merschbrock-Zertifikat_ISO_14001.pdf | https://www.merschbrock.de/,PROVISIONAL,Codex research; Anna review pending
P56,Spritzguß Müller GmbH,https://www.spritzguss-mueller.de/,Buchbach,Bavaria,22.29,Manufacture of other plastic products,,,,probable,probable_independent,NOT_FOUND_AFTER_CHECK,NOT_FOUND_AFTER_CHECK,NOT_FOUND_AFTER_CHECK,UNKNOWN,UNKNOWN,NO,UNKNOWN,UNKNOWN,YES,UNKNOWN,YES,UNKNOWN,UNKNOWN,UNKNOWN,UNKNOWN,UNKNOWN,UNKNOWN,UNKNOWN,No dated site-specific energy or decarbonisation target was found in the checked public sources.,"2026-10-07 fieldwise public research: Own20 Boy/Demag injection machines, automatic assembly and laser marking. Closing force280t and shot700g are not electrical power, drive/heater carrier or process temperature. Own four mills, Spinner VC750, AGIE EDM, two lathes, grinder and TIG micro-welding; CAD/CAM and Siemens Step7 SPS for machines. Heated mould photograph/title gives no actual plant heater/temperature. Undated staff/history and ISO9001 since2002 are not current SME/energy certification or recent energy investment; no energy target established. Canonical score/deployment/staff/confidence and independent human-review records unchanged.",2026-09-14,2027-03-14,B,https://www.spritzguss-mueller.de/en/impressum/ | https://www.spritzguss-mueller.de/ | https://www.spritzguss-mueller.de/spritzguss/ | https://www.spritzguss-mueller.de/werkzeugbau/ | https://www.spritzguss-mueller.de/firmengeschichte/,PROVISIONAL,Codex research; Anna review pending
P57,Stocker Kunststoff GmbH,https://www.stocker-kunststoff.de/,Edling,Bavaria,22.29,Manufacture of other plastic products,,,,probable,probable_independent,NOT_FOUND_AFTER_CHECK,NOT_FOUND_AFTER_CHECK,NOT_FOUND_AFTER_CHECK,UNKNOWN,UNKNOWN,NO,UNKNOWN,UNKNOWN,YES,UNKNOWN,YES,UNKNOWN,UNKNOWN,UNKNOWN,UNKNOWN,UNKNOWN,UNKNOWN,UNKNOWN,No dated site-specific energy or decarbonisation target was found in the checked public sources.,"2026-10-07 fieldwise public research: Actual own nine injection machines25-100t,0.01-250g. Complex moulds made by partner AB-FormTECH; generic CNC/toolmaking explainer is not own CNC inventory. Stock imagery credited in imprint is not own equipment evidence. Own ISO9001 quality claim followed by generic/theoretical regression and process-control explanations. No own named installed sensing/control topology established; do not transfer theoretical SPC to actual factory automation or certified EnMS. Canonical score/deployment/staff/confidence and independent human-review records unchanged.",2026-09-14,2027-03-14,B,https://www.stocker-kunststoff.de/ | https://www.stocker-kunststoff.de/impressum/ | https://www.stocker-kunststoff.de/fertigung/ | https://www.stocker-kunststoff.de/qualitatsmanagement/,PROVISIONAL,Codex research; Anna review pending
P58,Dorn Spritzguss GmbH,https://www.dorn-spritzguss.de/,Tettnang-Hiltensweiler,Baden-Württemberg,22.29,Manufacture of other plastic products,,,,probable,probable_independent,NOT_FOUND_AFTER_CHECK,VALID,NOT_FOUND_AFTER_CHECK,UNKNOWN,UNKNOWN,NO,UNKNOWN,UNKNOWN,YES,UNKNOWN,YES,UNKNOWN,UNKNOWN,UNKNOWN,UNKNOWN,UNKNOWN,UNKNOWN,UNKNOWN,No dated site-specific energy or decarbonisation target was found in the checked public sources.,"2026-10-07 fieldwise public research: Own PV installed2022 on production halls; self-reported500000-600000kWh/yr and50-60% own electricity demand, not all energy. Own battery950kWh stores PV, acquisition undated. Electrical battery is not thermal store; net-bottleneck avoidance claim not measured harmonics. 2022 PV and new1500m2 production hall with central plastic supply. Building expansion is not a second proven energy project; battery commissioning date unavailable. Visually inspected exact-holder DEKRA ISO14001:2015 certificate171116123/3, Dorn Bleichnauer14 Tettnang, valid2025-11-28 through2028-11-27; issued2025-11-25. Uppercase PDF extension does not change verified body. Own toolshop CNC/HSC milling, turning, grinding, wire/sinker EDM and laser welding. Actual tools made by own mechanics; different from outsourced toolshops at Stocker/Si-Tech. Own series process capability checked at predefined measurement/control cycles; actual limited QA, not coordinated energy management. Canonical score/deployment/staff/confidence and independent human-review records unchanged.",2026-09-14,2027-03-14,B,https://www.dorn-spritzguss.de/impressum/ | https://www.dorn-spritzguss.de/leistungen/spritzguss/ | https://www.dorn-spritzguss.de/unternehmen/nachhaltigkeit/ | https://www.dorn-spritzguss.de/unternehmen/geschichte/ | https://www.dorn-spritzguss.de/assets/pdf/2026/Zertifikat_ISO_14001_2015.PDF | https://www.dorn-spritzguss.de/leistungen/werkzeugbau/ | https://www.dorn-spritzguss.de/unternehmen/qualitaet/,PROVISIONAL,Codex research; Anna review pending
P59,AK Kunststoffspritzguss GmbH & Co. KG,https://ak-kunststoffspritzguss.com/,Abenberg,Bavaria,22.29,Manufacture of other plastic products,,,,probable,probable_independent,NOT_FOUND_AFTER_CHECK,NOT_FOUND_AFTER_CHECK,NOT_FOUND_AFTER_CHECK,UNKNOWN,UNKNOWN,NO,UNKNOWN,UNKNOWN,YES,UNKNOWN,YES,UNKNOWN,UNKNOWN,UNKNOWN,UNKNOWN,UNKNOWN,UNKNOWN,UNKNOWN,No dated site-specific energy or decarbonisation target was found in the checked public sources.,"2026-10-07 fieldwise public research: Own35-150t injection machines each with picker/robot. New moulds are made by external toolshops, not owned CNC. Closing force/shot weight not energy load. Own ERP/batch traceability and quality management; ISO9001 quality evidence is not mature EnMS. Canonical score/deployment/staff/confidence and independent human-review records unchanged.",2026-09-14,2027-03-14,B,https://ak-kunststoffspritzguss.com/impressum/ | https://ak-kunststoffspritzguss.com/ | https://ak-kunststoffspritzguss.com/produktion/ | https://ak-kunststoffspritzguss.com/qualitaetsmanagement/,PROVISIONAL,Codex research; Anna review pending
P60,HARTCHROM Beck GmbH,https://www.hartchrom-beck.de/,Güglingen-Frauenzimmern,Baden-Württemberg,25.61,Treatment and coating of metals,,,,probable,probable_independent,NOT_FOUND_AFTER_CHECK,NOT_FOUND_AFTER_CHECK,NOT_FOUND_AFTER_CHECK,UNKNOWN,UNKNOWN,NO,UNKNOWN,UNKNOWN,YES,YES,YES,UNKNOWN,UNKNOWN,UNKNOWN,UNKNOWN,UNKNOWN,UNKNOWN,UNKNOWN,No dated site-specific energy or decarbonisation target was found in the checked public sources.,No quantified site-specific energy investment was found in the checked public sources.,2026-09-14,2027-03-14,B,https://www.hartchrom-beck.de/einsatzmoeglichkeiten/ | https://www.hartchrom-beck.de/,PROVISIONAL,Codex research; Anna review pending
P61,Galvanik-Horstmann GmbH,https://www.galvanik-horstmann.de/,Hildesheim,Lower Saxony,25.61,Treatment and coating of metals,,,,probable,probable_independent,NOT_FOUND_AFTER_CHECK,NOT_FOUND_AFTER_CHECK,NOT_FOUND_AFTER_CHECK,UNKNOWN,UNKNOWN,NO,UNKNOWN,UNKNOWN,YES,YES,YES,UNKNOWN,UNKNOWN,UNKNOWN,UNKNOWN,UNKNOWN,UNKNOWN,UNKNOWN,No dated site-specific energy or decarbonisation target was found in the checked public sources.,"2026-10-07 fieldwise public research: Actual named own copper/nickel/silver/gold/zinc/tin galvanic services; distinct from generic sector explainer at old galvanotechnik URL. Actual own XRF/eddy-current/magnetic quality measurements. Solderability test250C is a test temperature, not core bath heat carrier or production-temperature fit. Own undated environmental improvement policy; management responsibility is not certified EnMS/ISO14001. No dated energy roadmap established. Rendered brochure page8 describes historical KWKK plus PV supplying50-55% electricity COMBINED, not PV alone/all energy. Upload2020 precedes investment window, body undated. Current2026 continuity, fuel and commissioning not independently established. Canonical score/deployment/staff/confidence and independent human-review records unchanged.",2026-09-14,2027-03-14,B,https://www.galvanik-horstmann.de/impressum/ | https://www.galvanik-horstmann.de/galvanotechnik/ | https://www.galvanik-horstmann.de/leistungen/ | https://www.galvanik-horstmann.de/unser-pruefverfahren/ | https://www.galvanik-horstmann.de/umwelt/ | https://www.galvanik-horstmann.de/wp-content/uploads/2020/11/GalvanikHorstmann.pdf,PROVISIONAL,Codex research; Anna review pending
P62,Galvanotechnik Kessel GmbH & Co. KG,https://www.galvanotechnik-kessel.de/,Vechelde,Lower Saxony,25.61,Treatment and coating of metals,,,,probable,probable_independent,NOT_FOUND_AFTER_CHECK,NOT_FOUND_AFTER_CHECK,NOT_FOUND_AFTER_CHECK,UNKNOWN,UNKNOWN,NO,UNKNOWN,UNKNOWN,YES,YES,YES,UNKNOWN,UNKNOWN,UNKNOWN,UNKNOWN,UNKNOWN,UNKNOWN,UNKNOWN,No dated site-specific energy or decarbonisation target was found in the checked public sources.,No quantified site-specific energy investment was found in the checked public sources.,2026-09-14,2027-03-14,B,https://www.galvanotechnik-kessel.de/impressum/ | https://www.galvanotechnik-kessel.de/,PROVISIONAL,Codex research; Anna review pending
P63,OTK Oberflächentechnik Kaltenkirchen GmbH,https://otk-galvanik.de/,Kaltenkirchen,Schleswig-Holstein,25.61,Treatment and coating of metals,,,,probable,probable_independent,NOT_FOUND_AFTER_CHECK,NOT_FOUND_AFTER_CHECK,NOT_FOUND_AFTER_CHECK,UNKNOWN,UNKNOWN,NO,UNKNOWN,UNKNOWN,YES,YES,YES,UNKNOWN,UNKNOWN,UNKNOWN,UNKNOWN,UNKNOWN,UNKNOWN,UNKNOWN,No dated site-specific energy or decarbonisation target was found in the checked public sources.,2026-10-07 fieldwise public research: Exact own Kaltenkirchen production automaton/bath line; terse machine caption supports limited automation only. Technical-adviser contact7-16h is not factory operating/dispatch window. Canonical score/deployment/staff/confidence and independent human-review records unchanged.,2026-09-14,2027-03-14,B,https://otk-galvanik.de/ | https://www.zvo.org/verband/mitgliedsunternehmen | https://otk-galvanik.de/de/97787-Technik,PROVISIONAL,Codex research; Anna review pending
P64,Wieland Metalloberflächentechnik GmbH,https://www.wieland-oberflaeche.de/,Schwetzingen,Baden-Württemberg,25.61,Treatment and coating of metals,,,,probable,probable_independent,NOT_FOUND_AFTER_CHECK,NOT_FOUND_AFTER_CHECK,NOT_FOUND_AFTER_CHECK,UNKNOWN,UNKNOWN,NO,UNKNOWN,UNKNOWN,YES,YES,YES,UNKNOWN,UNKNOWN,UNKNOWN,UNKNOWN,UNKNOWN,UNKNOWN,UNKNOWN,No dated site-specific energy or decarbonisation target was found in the checked public sources.,2026-10-07 fieldwise public research: Own rack/drum/manual galvanic machines and actual bath-parameter checks. Customer PV/wind applications are not own generation; exact Schwetzingen entity not Wieland Group. Undated vacancies do not update canonical staff or commissioning. Canonical score/deployment/staff/confidence and independent human-review records unchanged.,2026-09-14,2027-03-14,B,https://www.wieland-oberflaeche.de/impressum | https://www.wieland-oberflaeche.de/ | https://www.wieland-oberflaeche.de/stellenangebote,PROVISIONAL,Codex research; Anna review pending
P65,Porzellanmanufaktur FÜRSTENBERG GmbH,https://www.fuerstenberg-porzellan.com/,Fürstenberg,Lower Saxony,23.41,Manufacture of ceramic household and ornamental articles,,,,probable,state_owned_sme_check,NOT_FOUND_AFTER_CHECK,NOT_FOUND_AFTER_CHECK,NOT_FOUND_AFTER_CHECK,UNKNOWN,UNKNOWN,NO,UNKNOWN,UNKNOWN,YES,YES,YES,UNKNOWN,UNKNOWN,UNKNOWN,UNKNOWN,UNKNOWN,UNKNOWN,UNKNOWN,No dated site-specific energy or decarbonisation target was found in the checked public sources.,No quantified site-specific energy investment was found in the checked public sources.,2026-09-14,2027-03-14,B,https://www.fuerstenberg-porzellan.com/ | https://de.wikipedia.org/wiki/Porzellanmanufaktur_F%C3%BCrstenberg,PROVISIONAL,Codex research; Anna review pending
P66,KPM Königliche Porzellan-Manufaktur Berlin GmbH,https://www.kpm-berlin.com/,Berlin,Berlin,23.41,Manufacture of ceramic household and ornamental articles,,,,probable,probable_independent,NOT_FOUND_AFTER_CHECK,NOT_FOUND_AFTER_CHECK,NOT_FOUND_AFTER_CHECK,UNKNOWN,UNKNOWN,NO,UNKNOWN,UNKNOWN,YES,YES,YES,UNKNOWN,UNKNOWN,UNKNOWN,UNKNOWN,UNKNOWN,UNKNOWN,UNKNOWN,No dated site-specific energy or decarbonisation target was found in the checked public sources.,"2026-10-07 fieldwise public research: Own porcelain biscuit980C and high firing1420C; temperatures actual manufacture, not customer material ratings. Handcraft/checks not named energy automation; actual current fuel unspecified. Project provider2023 describes actual KPM high-temperature kilns linked to heat recovery feeding district network. Adjacent Siemens heat-pump pilot is another site/project, not KPM. Provider fossil-free/network goals not KPM targets. Public VDI ZRE case: waste heat from four KPM kilns exported since2017,1000kW thermal, recovered-water110C.110C is recovery outlet not kiln temperature;2017 outside recent investment window. Canonical score/deployment/staff/confidence and independent human-review records unchanged.",2026-09-14,2027-03-14,B,https://www.kpm-berlin.com/ | https://www.stiftung-kpm.de/ | https://www.kpm-berlin.com/pages/manufaktur-porzellan-handwerkskunst | https://group.vattenfall.com/de/newsroom/news/2023/mit-abwasser-und-algen-auf-dem-weg-zum-netto-nullverbrauch | https://www.ressource-deutschland.de/themen/bauwesen/vernetzung-von-waerme/,PROVISIONAL,Codex research; Anna review pending
P67,DOCERAM GmbH,https://www.moeschter-group.com/de/doceram/uebersicht/,Dortmund,North Rhine-Westphalia,23.44,Manufacture of other technical ceramic products,,,,probable,linked_enterprise_check,NOT_FOUND_AFTER_CHECK,NOT_FOUND_AFTER_CHECK,NOT_FOUND_AFTER_CHECK,UNKNOWN,UNKNOWN,NO,UNKNOWN,UNKNOWN,YES,YES,YES,UNKNOWN,UNKNOWN,UNKNOWN,UNKNOWN,UNKNOWN,UNKNOWN,UNKNOWN,No dated site-specific energy or decarbonisation target was found in the checked public sources.,No quantified site-specific energy investment was found in the checked public sources.,2026-09-14,2027-03-14,B,https://www.moeschter-group.com/de/doceram/uebersicht/ | https://www.moeschter-group.com/,PROVISIONAL,Codex research; Anna review pending
P68,TechnoKer GmbH,https://technoker.de/,Küps,Bavaria,23.44,Manufacture of other technical ceramic products,,,,probable,probable_independent,NOT_FOUND_AFTER_CHECK,NOT_FOUND_AFTER_CHECK,NOT_FOUND_AFTER_CHECK,UNKNOWN,UNKNOWN,NO,UNKNOWN,UNKNOWN,YES,YES,YES,UNKNOWN,UNKNOWN,UNKNOWN,UNKNOWN,UNKNOWN,UNKNOWN,UNKNOWN,No dated site-specific energy or decarbonisation target was found in the checked public sources.,"2026-10-07 fieldwise public research: Own2018 kiln waste-heat reuse;2021 efficient high-temperature kiln month unspecified;2022 PV205kWp and natural-gas-to-biogas switch. Planned digitalisation by end2023 not confirmed completed. Customer heating elements are not owned electric kilns. Own ceramic/extrusion production and resource/energy ambition; products/customer heaters do not establish own process-electric heat carrier or kiln temperature. Scanned body visually inspected: Primagas Futuria Propan proof537, exact TechnoKer Kaullache10 Kueps,4436litres BIO-LPG/biogenic propane delivered04.12.2023, confirmation25.01.2024. This is not regional biogas, ISO certificate, kW or plant-wide fossil-free proof. Fuel-product/scope discrepancy retained. Canonical score/deployment/staff/confidence and independent human-review records unchanged.",2026-09-14,2027-03-14,B,https://technoker.de/impressum | https://technoker.de/ | https://technoker.de/ueberuns | https://technoker.de/dienstleistungen | https://technoker.de/wp-content/uploads/2024/02/04.12.2023.pdf,PROVISIONAL,Codex research; Anna review pending
P70,ceram GmbH,https://www.ceram-gmbh.de/,Albbruck-Birndorf,Baden-Württemberg,23.44,Manufacture of other technical ceramic products,,,,probable,probable_independent,NOT_FOUND_AFTER_CHECK,CLAIM_ONLY,NOT_FOUND_AFTER_CHECK,UNKNOWN,UNKNOWN,NO,UNKNOWN,UNKNOWN,YES,YES,YES,UNKNOWN,UNKNOWN,UNKNOWN,UNKNOWN,UNKNOWN,UNKNOWN,UNKNOWN,No dated site-specific energy or decarbonisation target was found in the checked public sources.,"2026-10-07 fieldwise public research: Own ISO9001/ISO14001 claims without current direct document. Old14001 PDF candidate returned404; cached filename/snippet not verified certificate body or current expiry. Correct CLAIM_ONLY, not VALID/EXPIRED. Returned404 in direct GET. Cached filename/snippet is not authentic current certificate evidence; current about-page claim recovered only, certificate holder/number/validity unresolved. Canonical score/deployment/staff/confidence and independent human-review records unchanged.",2026-09-14,2027-03-14,B,https://www.ceram-gmbh.de/impressum/ | https://www.ceram-gmbh.de/leistungsspektrum/ | https://www.ceram-gmbh.de/ueber-uns/ | https://www.ceram-gmbh.de/wp-content/uploads/sites/86/2023/07/ceram-GmbH_14001-bis-2026.pdf,PROVISIONAL,Codex research; Anna review pending
P71,Flötzinger Brauerei Franz Steegmüller GmbH & Co. KG,https://www.floetzinger.de/,Rosenheim,Bavaria,11.05,Manufacture of beer,,,,probable,probable_independent,NOT_FOUND_AFTER_CHECK,NOT_FOUND_AFTER_CHECK,NOT_FOUND_AFTER_CHECK,UNKNOWN,UNKNOWN,NO,UNKNOWN,UNKNOWN,YES,UNKNOWN,YES,UNKNOWN,UNKNOWN,UNKNOWN,UNKNOWN,UNKNOWN,UNKNOWN,UNKNOWN,No dated site-specific energy or decarbonisation target was found in the checked public sources.,No quantified site-specific energy investment was found in the checked public sources.,2026-09-14,2027-03-14,B,https://www.floetzinger.de/,PROVISIONAL,Codex research; Anna review pending
P72,Hofbräuhaus Traunstein Josef Sailer GmbH & Co. KG,https://www.hb-ts.de/,Traunstein,Bavaria,11.05,Manufacture of beer,,,,probable,probable_independent,NOT_FOUND_AFTER_CHECK,NOT_FOUND_AFTER_CHECK,NOT_FOUND_AFTER_CHECK,UNKNOWN,UNKNOWN,NO,UNKNOWN,UNKNOWN,YES,UNKNOWN,YES,UNKNOWN,UNKNOWN,UNKNOWN,UNKNOWN,UNKNOWN,UNKNOWN,UNKNOWN,No dated site-specific energy or decarbonisation target was found in the checked public sources.,No quantified site-specific energy investment was found in the checked public sources.,2026-09-14,2027-03-14,B,https://www.hb-ts.de/,PROVISIONAL,Codex research; Anna review pending
P73,Brauerei-Gasthof Kundmüller GmbH,https://www.brauerei-kundmueller.de/,Viereth-Trunstadt,Bavaria,11.05,Manufacture of beer,,,,probable,probable_independent,NOT_FOUND_AFTER_CHECK,NOT_FOUND_AFTER_CHECK,NOT_FOUND_AFTER_CHECK,UNKNOWN,UNKNOWN,NO,UNKNOWN,UNKNOWN,YES,UNKNOWN,YES,UNKNOWN,UNKNOWN,UNKNOWN,UNKNOWN,UNKNOWN,UNKNOWN,UNKNOWN,No dated site-specific energy or decarbonisation target was found in the checked public sources.,No quantified site-specific energy investment was found in the checked public sources.,2026-09-14,2027-03-14,B,https://www.brauerei-kundmueller.de/,PROVISIONAL,Codex research; Anna review pending
P74,Brauerei Gebr. Maisel GmbH & Co. KG,https://www.maisel.com/,Bayreuth,Bavaria,11.05,Manufacture of beer,,,,probable,probable_independent,NOT_FOUND_AFTER_CHECK,NOT_FOUND_AFTER_CHECK,NOT_FOUND_AFTER_CHECK,UNKNOWN,UNKNOWN,NO,UNKNOWN,UNKNOWN,YES,UNKNOWN,YES,UNKNOWN,UNKNOWN,UNKNOWN,UNKNOWN,UNKNOWN,UNKNOWN,UNKNOWN,No dated site-specific energy or decarbonisation target was found in the checked public sources.,No quantified site-specific energy investment was found in the checked public sources.,2026-09-14,2027-03-14,B,https://www.maisel.com/,PROVISIONAL,Codex research; Anna review pending
P75,Privatbrauerei J.B. Falter Regen KG,https://www.jb-falter.de/,Regen,Bavaria,11.05,Manufacture of beer,40,,,probable,independent,NOT_FOUND_AFTER_CHECK,NOT_FOUND_AFTER_CHECK,NOT_FOUND_AFTER_CHECK,UNKNOWN,UNKNOWN,NO,UNKNOWN,UNKNOWN,YES,UNKNOWN,YES,UNKNOWN,UNKNOWN,UNKNOWN,UNKNOWN,UNKNOWN,UNKNOWN,UNKNOWN,No dated site-specific energy or decarbonisation target was found in the checked public sources.,"2026-10-07 fieldwise public research: Own beer pumped into lager tanks; named pumping but no drive ratings. Brewery production description not heat carrier or thermal buffer dispatch proof. Own mash heated to various unquantified temperatures; no actual heat carrier. Sector temperature ranges not substituted for measured firm values. Own maturation4-6weeks or3-4months strong beer is product residence time, not admissible thermal-store or dispatch window. 2018 fermentation/lager building and2024 lager extension; new capacity is not itself a proved energy-transition investment. Own bottling described as resource-saving/environment-friendly but no specific energy measure or control topology. This is vague ambition, not deployment or dated energy target. Canonical score/deployment/staff/confidence and independent human-review records unchanged.",2026-09-14,2027-03-14,B,https://www.jb-falter.de/service/impressum | https://www.jb-falter.de/ | https://www.jb-falter.de/brauerei/produktion | https://www.jb-falter.de/brauerei/produktion/sudhaus | https://www.jb-falter.de/brauerei/produktion/lagerung-reifung | https://www.jb-falter.de/brauerei/bautagebuch | https://www.jb-falter.de/brauerei/produktion/abfuellung,PROVISIONAL,Codex research; Anna review pending
P76,Si-Tech Singer GmbH,https://si-tech-gmbh.com/,Dornstetten,Baden-Württemberg,22.29,Manufacture of other plastic products,,,,probable,probable_independent,NOT_FOUND_AFTER_CHECK,VALID,NOT_FOUND_AFTER_CHECK,UNKNOWN,UNKNOWN,NO,UNKNOWN,YES,YES,UNKNOWN,YES,UNKNOWN,UNKNOWN,UNKNOWN,UNKNOWN,UNKNOWN,UNKNOWN,UNKNOWN,No dated site-specific energy or decarbonisation target was found in the checked public sources.,"2026-10-07 fieldwise public research: Own PV generates substantial onsite share (unquantified); resource/emission-reduction ambition. EcoVadis not ISO50001. Current ISO14001 linked, inspected separately. Visually inspected SKZ ISO14001:2015 certificate001048.U, exact Si-Tech Siemens26-28 Dornstetten, valid2025-11-29 through2028-11-28, issued2025-11-29. Annex page2 includes Siemens15 assembly; old address not ignored or assumed identical without annex. Own40+ injection machines, robots, fully automated handling/packaging and production planning.170-3200kN closing force is not electrical power. Three-shift production not interruption permission. Toolmaking done by specialised partner businesses; simulation/design is not own CNC or EDM inventory. Dated2018 assembly and2020 renewal outside2021-10-07 lookback; current PV installation undated, generic modernisation not dated energy CAPEX. Own integrated quality/environment/energy/risk system claim; current ISO14001 verified but no mature certified EnMS inferred. Canonical score/deployment/staff/confidence and independent human-review records unchanged.",2026-09-14,2027-03-14,B,https://si-tech-gmbh.com/impressum/ | https://si-tech-gmbh.com/ | https://si-tech-gmbh.com/unternehmen/nachhaltigkeit | https://si-tech-gmbh.com/assets/dl/nachhaltigkeit/certificate-din-iso-14001-2015-en.pdf | https://si-tech-gmbh.com/leistungen/kunststoffspritzguss | https://si-tech-gmbh.com/leistungen/werkzeugbau | https://si-tech-gmbh.com/unternehmen/historie | https://si-tech-gmbh.com/unternehmen/qualitaet,PROVISIONAL,Codex research; Anna review pending
P77,metak GmbH & Co. KG,https://www.metak.de/,Burgwald,Hesse,22.29,Manufacture of other plastic products,,,,probable,probable_independent,VALID,VALID,NOT_FOUND_AFTER_CHECK,UNKNOWN,UNKNOWN,NO,UNKNOWN,YES,YES,UNKNOWN,YES,UNKNOWN,UNKNOWN,UNKNOWN,UNKNOWN,UNKNOWN,UNKNOWN,UNKNOWN,No dated site-specific energy or decarbonisation target was found in the checked public sources.,"2026-10-07 fieldwise public research: Own heat recovery reduces heating/process heating oil; free cooling reduces refrigeration-compressor runtime, servo/full-electric machines, mills/vacuum feed. Historic1988/2004/2008 energy recovery outside lookback. IIOT network is future intention, not confirmed installed plant coordination. Own CNC milling/EDM and CAD/CAM tool manufacture; no heater/temperature or ratings inferred. Own50+ moulding machines, full-electric BOY and own insert/removal robots.25-1300t closing force and part weights not kW or thermal carrier. Visually inspected SKZ exact Metak Kreuzstrasse1 Burgwald ISO50001:2018,001117.E, all company consumed energy; valid2026-09-23 to2029-09-22, issued2026-08-24. Visually inspected SKZ exact Metak Kreuzstrasse1 Burgwald ISO14001:2015,001117.U; valid2026-09-23 to2029-09-22, issued2026-08-24. Prior proposals and canonical numeric/deployment/staff/confidence/human-review records unchanged.",2026-09-14,2027-03-14,B,https://www.metak.de/impressum | https://www.metak.de/ | https://www.metak.de/umwelt/leitlinien-massnahmen | https://www.metak.de/leistungen/werkzeugbau | https://www.metak.de/leistungen/maschinenpark | https://www.metak.de/fileadmin/Kundenbereich/Zertifikate/Metak_Zertifikat_50001_deutsch_2026.pdf | https://www.metak.de/fileadmin/Kundenbereich/Zertifikate/Metak_Zertifikat_14001_deutsch_2026.pdf,PROVISIONAL,Codex research; Anna review pending
P78,Erlemann & Huckenbeck GmbH & Co. KG,https://www.erlemann-huckenbeck.de/,Radevormwald,North Rhine-Westphalia,22.29,Manufacture of other plastic products,,,,probable,probable_independent,NOT_FOUND_AFTER_CHECK,NOT_FOUND_AFTER_CHECK,NOT_FOUND_AFTER_CHECK,UNKNOWN,UNKNOWN,NO,UNKNOWN,YES,YES,UNKNOWN,YES,UNKNOWN,UNKNOWN,UNKNOWN,UNKNOWN,UNKNOWN,UNKNOWN,UNKNOWN,No dated site-specific energy or decarbonisation target was found in the checked public sources.,No quantified site-specific energy investment was found in the checked public sources.,2026-09-14,2027-03-14,B,https://www.erlemann-huckenbeck.de/,PROVISIONAL,Codex research; Anna review pending
P79,Langer GmbH & Co. KG,https://www.langer-group.de/,Illmensee,Baden-Württemberg,22.29,Manufacture of other plastic products,,,,probable,small_group,VALID,VALID,NOT_FOUND_AFTER_CHECK,UNKNOWN,UNKNOWN,NO,UNKNOWN,YES,YES,UNKNOWN,YES,UNKNOWN,UNKNOWN,UNKNOWN,UNKNOWN,UNKNOWN,UNKNOWN,UNKNOWN,No dated site-specific energy or decarbonisation target was found in the checked public sources.,"2026-10-07 fieldwise public research: Actual own base PV301.76kWp; expansion to675kWp and400kWh storage stated EXPECTED fromSeptember2026. Current date does not prove completion. PV/battery numbers are nameplate/storage, not consumption/converter kW. Visually inspected exact Langer Gewerbestrasse8 Illmensee DEKRA ISO14001:2015,171115241/3; valid2024-11-19 to2027-11-18, issued2024-09-26. Previous certificate end18/11/2024 not current start. Visually inspected exact Langer DEKRA ISO50001:2018,181115129/2; valid2024-11-19 to2027-11-18, issued2024-09-26. DNK2024 company report prepared2025: concrete2024 efficient mill/extraction frequency converter/automatic window cooling; permanent bus-connected sensing, BDE and air shutoff. Dated2030 targets40% own PV/storage electricity and60% Scope1/2 cut vs2019 with roadmap. Planned2026/2027PV/storage not completed.2024 building/fleet gas/oil not actual process-heating fuel mix. Relevant pages10/23/24/30 rendered or body inspected. Prior proposals and canonical numeric/deployment/staff/confidence/human-review records unchanged.",2026-09-14,2027-03-14,B,https://www.langer-group.de/Impressum-Langer-Group | https://www.langer-group.de/ | https://www.langer-group.de/Nachhaltigkeit-Leitbild | https://www.langer-group.de/data/media/45/4511_0x0x0x0x0_14001.pdf | https://www.langer-group.de/data/media/45/4509_0x0x0x0x0_50001.pdf | https://www.langer-group.de/data/media/60/6034_0x0x0x0x0_DNK_Erklaerung_2024_Langer_GmbH___Co__KG.pdf,PROVISIONAL,Codex research; Anna review pending
P80,MKT Metall- und Kunststofftechnik GmbH,https://www.mkt-gmbh.org/,Küssaberg,Baden-Württemberg,22.29,Manufacture of other plastic products,70,,,probable,probable_independent,NOT_FOUND_AFTER_CHECK,VALID,NOT_FOUND_AFTER_CHECK,UNKNOWN,UNKNOWN,NO,UNKNOWN,YES,YES,UNKNOWN,YES,UNKNOWN,UNKNOWN,UNKNOWN,UNKNOWN,UNKNOWN,UNKNOWN,UNKNOWN,No dated site-specific energy or decarbonisation target was found in the checked public sources.,"2026-10-07 fieldwise public research: Own CNC toolmaking plus partner Chinese toolshops; both scopes retained. Own tools include hot runners/sensors, no thermal carrier/temperature inferred. Own injection machines/automatic handling and optical checks; closing force/part mass not electrical power. History describes investment in electric Arburg moulding machines and integrated ERP, without readable dated commissioning of energy project. Electric MACHINE drive is not proof of own electric process HEAT. Visually inspected exact MKT Unter Greut9 Kuessaberg TÜV SÜD ISO14001:2015,12 104 20882 TMS; valid2025-12-02 to2028-12-01, issued2025-11-21. Supplier certificate states2026 purchased electricity100% Alpine hydropower, not owned hydro/PV or whole-site renewable heat. Carbon factor/baseline certificate period differs from supply period;285.08t claim not independent achieved saving. Prior proposals and canonical numeric/deployment/staff/confidence/human-review records unchanged.",2026-09-14,2027-03-14,B,https://www.mkt-gmbh.org/impressum/ | https://www.mkt-gmbh.org/ | https://www.mkt-gmbh.org/werkzeugbau | https://www.mkt-gmbh.org/spritzguss | https://www.mkt-gmbh.org/kontakt/ueber-uns | https://www.mkt-gmbh.org/pdf/ISO-14001-2015.pdf | https://www.mkt-gmbh.org/pdf/Naturenergie.pdf,PROVISIONAL,Codex research; Anna review pending
P81,Eloxalwerk Ludwigsburg Helmut Zerrer GmbH,https://ceranod.de/,Ludwigsburg,Baden-Württemberg,25.61,Treatment and coating of metals,,,,probable,probable_independent,NOT_FOUND_AFTER_CHECK,NOT_FOUND_AFTER_CHECK,NOT_FOUND_AFTER_CHECK,UNKNOWN,UNKNOWN,NO,UNKNOWN,UNKNOWN,UNKNOWN,YES,YES,UNKNOWN,UNKNOWN,UNKNOWN,UNKNOWN,UNKNOWN,UNKNOWN,UNKNOWN,No dated site-specific energy or decarbonisation target was found in the checked public sources.,"2026-10-07 fieldwise public research: Exact own Ludwigsburg fully automated ultrasonic cleaning; renewable purchased energy and own geothermal heating/cooling system. No actual electric heat-pump topology, PV or dispatch/storage architecture specified. Own plasma electrolytic oxidation (PEO) distinct from anodising;2000C is short-term finished COATING resistance, not actual bath or plant-heating temperature. Layers/hardness/durability not heat-load ratings. Prior proposals and canonical numeric/deployment/staff/confidence/human-review records unchanged.",2026-09-14,2027-03-14,B,https://ceranod.de/impressum/ | https://ceranod.de/ | https://ceranod.de/unternehmen/umwelt-technik/ | https://ceranod.de/verfahren/plasmakeramik/,PROVISIONAL,Codex research; Anna review pending
P82,Galvanotec-Hagen GmbH & Co. KG,https://www.galvanotec-hagen.de/,Hagen,North Rhine-Westphalia,25.61,Treatment and coating of metals,,,,probable,independent,NOT_FOUND_AFTER_CHECK,NOT_FOUND_AFTER_CHECK,NOT_FOUND_AFTER_CHECK,UNKNOWN,UNKNOWN,NO,UNKNOWN,UNKNOWN,UNKNOWN,YES,YES,UNKNOWN,UNKNOWN,UNKNOWN,UNKNOWN,UNKNOWN,UNKNOWN,UNKNOWN,No dated site-specific energy or decarbonisation target was found in the checked public sources.,No quantified site-specific energy investment was found in the checked public sources.,2026-09-14,2027-03-14,B,https://www.galvanotec-hagen.de/,PROVISIONAL,Codex research; Anna review pending
P83,Gerbracht & Mönch Galvanotechnik GmbH,https://www.galvanotec.de/,Idar-Oberstein,Rhineland-Palatinate,25.61,Treatment and coating of metals,,,,probable,probable_independent,NOT_FOUND_AFTER_CHECK,NOT_FOUND_AFTER_CHECK,NOT_FOUND_AFTER_CHECK,UNKNOWN,UNKNOWN,NO,UNKNOWN,UNKNOWN,UNKNOWN,YES,YES,UNKNOWN,UNKNOWN,UNKNOWN,UNKNOWN,UNKNOWN,UNKNOWN,UNKNOWN,No dated site-specific energy or decarbonisation target was found in the checked public sources.,"2026-10-07 fieldwise public research: Public ministry grants555000EUR for planned capacity/site/process expansion. Efficient processes/GRW funding not verified completed energy-transition investment; current own offerings already include anodising/nickel, no commissioning date inferred.30staff not automatic canonical/eligibility update. Prior proposals and canonical numeric/deployment/staff/confidence/human-review records unchanged.",2026-09-14,2027-03-14,B,https://www.galvanotec.de/impressum/ | https://www.galvanotec.de/ | https://mwtek.rlp.de/presse/detail/schmitt-investitionen-staerken-wettbewerbsfaehigkeit-und-region-nachhaltig-rund-555000-euro-foerderung-fuer-gerbracht-moench-galvanotechnik-gmbh,PROVISIONAL,Codex research; Anna review pending
P84,Sauer Oberflächentechnik GmbH,https://sa-oberflaechen.de/,Neckarwestheim,Baden-Württemberg,25.61,Treatment and coating of metals,,,,probable,independent,NOT_FOUND_AFTER_CHECK,NOT_FOUND_AFTER_CHECK,NOT_FOUND_AFTER_CHECK,UNKNOWN,UNKNOWN,NO,UNKNOWN,UNKNOWN,UNKNOWN,YES,YES,UNKNOWN,UNKNOWN,UNKNOWN,UNKNOWN,UNKNOWN,UNKNOWN,UNKNOWN,No dated site-specific energy or decarbonisation target was found in the checked public sources.,"2026-10-07 fieldwise public research: Own Durst powder-coating line, six-zone pretreatment and20 traverses.6000/3000/1600mm dimensions and1000/3000kg loads are not heater temperature, motor ratings or storage. Generic energy-efficient claim does not identify specific energy technology. Own production/logistics/site2019/2020; shift/customer flexibility not electricity interruption permission; no proven recent energy investment. Prior proposals and canonical numeric/deployment/staff/confidence/human-review records unchanged.",2026-09-14,2027-03-14,B,https://sa-oberflaechen.de/impressum/ | https://sa-oberflaechen.de/unsere-produktion/ | https://sa-oberflaechen.de/ueber-uns/unsere-anlage/ | https://sa-oberflaechen.de/,PROVISIONAL,Codex research; Anna review pending
P85,Die Schweizer Galvanotechnic GmbH & Co. KG,https://www.galvanotechnic.de/,Heilbronn,Baden-Württemberg,25.61,Treatment and coating of metals,,,,probable,probable_independent,NOT_FOUND_AFTER_CHECK,NOT_FOUND_AFTER_CHECK,NOT_FOUND_AFTER_CHECK,UNKNOWN,UNKNOWN,NO,UNKNOWN,UNKNOWN,UNKNOWN,YES,YES,UNKNOWN,UNKNOWN,UNKNOWN,UNKNOWN,UNKNOWN,UNKNOWN,UNKNOWN,No dated site-specific energy or decarbonisation target was found in the checked public sources.,No quantified site-specific energy investment was found in the checked public sources.,2026-09-14,2027-03-14,B,https://www.galvanotechnic.de/,PROVISIONAL,Codex research; Anna review pending
P86,GIESS- TECHNISCHE- SONDERKERAMIK GmbH & Co. KG,https://gts-keramik.de/,Düsseldorf,North Rhine-Westphalia,23.44,Manufacture of other technical ceramic products,,,,probable,probable_independent,NOT_FOUND_AFTER_CHECK,NOT_FOUND_AFTER_CHECK,NOT_FOUND_AFTER_CHECK,UNKNOWN,UNKNOWN,NO,UNKNOWN,UNKNOWN,YES,YES,YES,UNKNOWN,UNKNOWN,UNKNOWN,UNKNOWN,UNKNOWN,UNKNOWN,UNKNOWN,No dated site-specific energy or decarbonisation target was found in the checked public sources.,No quantified site-specific energy investment was found in the checked public sources.,2026-09-14,2027-03-14,B,https://gts-keramik.de/,PROVISIONAL,Codex research; Anna review pending
P87,Ceramany GmbH,https://ceramany.com/,Menden,North Rhine-Westphalia,23.44,Manufacture of other technical ceramic products,,,,probable,small_group,NOT_FOUND_AFTER_CHECK,NOT_FOUND_AFTER_CHECK,NOT_FOUND_AFTER_CHECK,UNKNOWN,UNKNOWN,NO,UNKNOWN,UNKNOWN,YES,YES,YES,UNKNOWN,UNKNOWN,UNKNOWN,UNKNOWN,UNKNOWN,UNKNOWN,UNKNOWN,No dated site-specific energy or decarbonisation target was found in the checked public sources.,"2026-10-07 fieldwise public research: Website discusses full ceramic manufacturing chain and120staff, with German Menden and Chinese Yixing sites. Does not attribute those staff/assets/thermal processes to German legal entity/site; exact ownership/plant location remains unresolved. Scanned certificate visually inspected: ISO9001 holders Yixing Ceramany Engineered Ceramics Co.Ltd AND Yixing Doprecision Composite Materials Co.Ltd, Chinese addresses,11726Q1012R202. BODY current cycle2026-05-27 to2029-05-26, issued2026-04-28 despite old2023-2026 filename. Not German Ceramany GmbH, not ISO14001/50001 or own German energy evidence. Brochure describes ceramic forming/sintering/precision grinding and customer thermal properties, but own German-site manufacturing attribution unresolved. Customer ratings do not establish actual plant kiln temperatures/carriers. Prior proposals and canonical numeric/deployment/staff/confidence/human-review records unchanged.",2026-09-14,2027-03-14,B,https://ceramany.com/impressum/ | https://ceramany.com/kontakt/ | https://ceramany.com/ueber-uns/ | https://ceramany.com/wp-content/uploads/ISO9001_2023-05_27-2026-05-26_de-en-.pdf | https://ceramany.com/wp-content/uploads/ceramany-praesenation-de.pdf,PROVISIONAL,Codex research; Anna review pending
P88,Ceramaret Meissen GmbH,https://ceramaret.com/,Meissen,Saxony,23.44,Manufacture of other technical ceramic products,,,,probable,linked_enterprise_check,NOT_FOUND_AFTER_CHECK,NOT_FOUND_AFTER_CHECK,NOT_FOUND_AFTER_CHECK,UNKNOWN,UNKNOWN,NO,UNKNOWN,UNKNOWN,YES,YES,YES,UNKNOWN,UNKNOWN,UNKNOWN,UNKNOWN,UNKNOWN,UNKNOWN,UNKNOWN,No dated site-specific energy or decarbonisation target was found in the checked public sources.,No quantified site-specific energy investment was found in the checked public sources.,2026-09-14,2027-03-14,B,https://ceramaret.com/de/legal/impressum | https://ceramaret.com/,PROVISIONAL,Codex research; Anna review pending
P89,TECHNISCHE KERAMIK FRÖMGEN GMBH,https://www.tkf-froemgen.de/,Korschenbroich,North Rhine-Westphalia,23.44,Manufacture of other technical ceramic products,,,,probable,probable_independent,NOT_FOUND_AFTER_CHECK,NOT_FOUND_AFTER_CHECK,NOT_FOUND_AFTER_CHECK,UNKNOWN,UNKNOWN,NO,UNKNOWN,UNKNOWN,YES,YES,YES,UNKNOWN,UNKNOWN,UNKNOWN,UNKNOWN,UNKNOWN,UNKNOWN,UNKNOWN,No dated site-specific energy or decarbonisation target was found in the checked public sources.,No quantified site-specific energy investment was found in the checked public sources.,2026-09-14,2027-03-14,B,https://www.tkf-froemgen.de/,PROVISIONAL,Codex research; Anna review pending
P90,InnoKeramik & Technik GmbH,https://innokeramik.de/,Düren,North Rhine-Westphalia,23.44,Manufacture of other technical ceramic products,,,,probable,probable_independent,NOT_FOUND_AFTER_CHECK,NOT_FOUND_AFTER_CHECK,NOT_FOUND_AFTER_CHECK,UNKNOWN,UNKNOWN,NO,UNKNOWN,UNKNOWN,YES,YES,YES,UNKNOWN,UNKNOWN,UNKNOWN,UNKNOWN,UNKNOWN,UNKNOWN,UNKNOWN,No dated site-specific energy or decarbonisation target was found in the checked public sources.,"2026-10-07 fieldwise public research: Own Düren machining centre processes purchased KLAX plates into worktops/stairs/window sills; machine sales/training/partner service separate.>1200C firing and15000t pressing belong to supplier KITO/KLAX manufacturing, not own ceramic kiln. Actual owned machine list/drive/control topology unclear. Partner leasing/sales of waterjet/CNC bridge saws and digital coaching are not owned plant equipment or own energy deployment. Own machining centre described on company page separately. Prior proposals and canonical numeric/deployment/staff/confidence/human-review records unchanged.",2026-09-14,2027-03-14,B,https://innokeramik.de/impressum/ | https://innokeramik.de/ | https://innokeramik.de/ueber-uns/ | https://innokeramik.de/innopartner/,PROVISIONAL,Codex research; Anna review pending
P91,Brauerei S. Riegele Inh. Riegele KG,https://www.riegele.de/,Augsburg,Bavaria,11.05,Manufacture of beer,,,,probable,small_group,NOT_FOUND_AFTER_CHECK,NOT_FOUND_AFTER_CHECK,VALID,UNKNOWN,UNKNOWN,NO,UNKNOWN,YES,YES,UNKNOWN,YES,UNKNOWN,UNKNOWN,UNKNOWN,UNKNOWN,UNKNOWN,UNKNOWN,UNKNOWN,No dated site-specific energy or decarbonisation target was found in the checked public sources.,"2026-10-07 fieldwise public research: Current own EMAS claim links2025 environmental statement; current title/report body controls over2024 upload path. Rendered33-page report2025 with2024 data, signed validation2025-12-17 exact Augsburg/Gersthofen DE-104-00126. Actual2023 electric forklift and mid2025 PV expansion; current gas steam boiler/heat recovery, compressors/drives and PV. Boiler described as Leistung4.3MWh: dimensionally inconsistent unit retained, NOT silently MW/kW. Future12/2026control/12/2027CIP and heat alternatives not completed;2033minus40%/2045minus100%Scope1/2 targets with transformation roadmap. Official active register01/09/2026 exact Riegele Augsburg DE-104-00126, two sites, registered since2016-01-22. Page9 row visually inspected; registered-since not validation or expiry.157organisation staff not canonical update. Prior proposals and canonical numeric/deployment/staff/confidence/human-review records unchanged.",2026-09-14,2027-03-14,B,https://www.riegele.de/impressum/ | https://www.riegele.de/ | https://www.riegele.de/region_umwelt/ | https://www.riegele.de/wp-content/uploads/2024/01/Umwelterklaerung_2025_Brauhaus-Riegele.pdf | https://www.emas.de/fileadmin/user_upload/4-daten-stat/EMAS-TN-Register.pdf,PROVISIONAL,Codex research; Anna review pending
P92,Familienbrauerei M. Ketterer GmbH & Co. KG,https://www.kettererbier.de/,Hornberg,Baden-Württemberg,11.05,Manufacture of beer,,,,probable,independent,NOT_FOUND_AFTER_CHECK,NOT_FOUND_AFTER_CHECK,NOT_FOUND_AFTER_CHECK,UNKNOWN,UNKNOWN,NO,UNKNOWN,YES,YES,UNKNOWN,YES,UNKNOWN,UNKNOWN,UNKNOWN,UNKNOWN,UNKNOWN,UNKNOWN,UNKNOWN,No dated site-specific energy or decarbonisation target was found in the checked public sources.,"2026-10-07 fieldwise public research: Own current woodchips since2006, purchased green electricity, PV2021 (month unavailable) and nitrogen generatorSPRING2023. Other own Hornberger brand page saysSPRING2021 for nitrogen; discrepancy retained. Nitrogen resource substitution not automatically proved energy CAPEX. Own brewery pump transfers, temperature-regulated yeast process and Schoko vacuum boil; no actual heating degrees stated. Explicit all operating heat exclusively woodchips since2006; scope thermal service only, not transport/whole-plant zero carbon. Historical automated brewhouse and tanks; age/history not flexible operating/thermal-buffer window or recent energy investment. Own Hornberger/Ketterer brand account claims2021 PV/hall and nitrogen generatorin same spring, differing from current brewery page2023 nitrogen. Preserve distinct date/scope; no averaging or invented month. Prior proposals and canonical numeric/deployment/staff/confidence/human-review records unchanged.",2026-09-14,2027-03-14,B,https://www.kettererbier.de/impressum/ | https://www.kettererbier.de/ | https://www.kettererbier.de/netterer-welt/umweltschutz | https://www.kettererbier.de/brauerei/brauereirundgang | https://www.kettererbier.de/brauerei/geschichte | https://www.hornberger-lebensquell.de/wir-ueber-uns,PROVISIONAL,Codex research; Anna review pending
P93,Brauerei Schimpfle GmbH & Co. KG,https://www.brauerei-schimpfle.de/,Gessertshausen,Bavaria,11.05,Manufacture of beer,,,,probable,probable_independent,NOT_FOUND_AFTER_CHECK,NOT_FOUND_AFTER_CHECK,NOT_FOUND_AFTER_CHECK,UNKNOWN,UNKNOWN,NO,UNKNOWN,YES,YES,UNKNOWN,YES,UNKNOWN,UNKNOWN,UNKNOWN,UNKNOWN,UNKNOWN,UNKNOWN,UNKNOWN,No dated site-specific energy or decarbonisation target was found in the checked public sources.,"2026-10-07 fieldwise public research: Own power-regulated refrigeration compressors, desuperheater heat recovery and monitored water/wastewater plus RO.0C maturation not heating-temperature fit or dispatchable thermal store. Public own company post14/06/2024 confirms PV commissioned/running on production/logistics roof:908modules/1500m2, not kWp/kWh. Date from primary post structured metadata, current2026 operation not independently measured. Own2023 year review published03/01/2024: transformer station INSTALLED for then-coming PV. Packing/tanks capacity not extra proven energy investment. Transformer not measured harmonic issue. Prior proposals and canonical numeric/deployment/staff/confidence/human-review records unchanged.",2026-09-14,2027-03-14,B,https://www.brauerei-schimpfle.de/impressum/ | https://www.brauerei-schimpfle.de/ | https://www.brauerei-schimpfle.de/brauerei | https://de.linkedin.com/posts/brauerei-schimpfle_brauerei-schimpfle-photovoltaik-activity-7207281589314031616-LBi4 | https://www.brauerei-schimpfle.de/blog-collection/jahresruckblick,PROVISIONAL,Codex research; Anna review pending
P94,Brauerei zum Kuchlbauer GmbH & Co. KG,https://kuchlbauer.de/,Abensberg,Bavaria,11.05,Manufacture of beer,,,,probable,probable_independent,NOT_FOUND_AFTER_CHECK,NOT_FOUND_AFTER_CHECK,NOT_FOUND_AFTER_CHECK,UNKNOWN,UNKNOWN,NO,UNKNOWN,YES,YES,UNKNOWN,YES,UNKNOWN,UNKNOWN,UNKNOWN,UNKNOWN,UNKNOWN,UNKNOWN,UNKNOWN,No dated site-specific energy or decarbonisation target was found in the checked public sources.,"2026-10-07 fieldwise public research: Own logistics centre integrates PV/electrical storage/charging with heat/cold heat pump for ROOMS. Building heat is not brewery process heat; battery not thermal store. Climate-positive claim pertains logistics centre, not whole brewery or independent lifecycle proof. Actual project builder says centre opened21/09/2024, construction sinceearly2023. Bounds one completed integrated energy/site project, not each technology separate commissioning date or whole-brewery energy demand. Prior proposals and canonical numeric/deployment/staff/confidence/human-review records unchanged.",2026-09-14,2027-03-14,B,https://kuchlbauer.de/impressum/ | https://kuchlbauer.de/ | https://kuchlbauer.de/bier-und-kunst/logistikzentrum/ | https://stanglmeier-bau.de/aktuelles/beitrag/eroeffnung-kuchlbauer-weissbier-quartier.html,PROVISIONAL,Codex research; Anna review pending
P95,Winkler-Bräu GmbH & Co. KG,https://www.winkler-braeu.de/,Velburg,Bavaria,11.05,Manufacture of beer,,,,probable,independent,NOT_FOUND_AFTER_CHECK,NOT_FOUND_AFTER_CHECK,NOT_FOUND_AFTER_CHECK,UNKNOWN,UNKNOWN,NO,UNKNOWN,YES,YES,UNKNOWN,YES,UNKNOWN,UNKNOWN,UNKNOWN,UNKNOWN,UNKNOWN,UNKNOWN,UNKNOWN,No dated site-specific energy or decarbonisation target was found in the checked public sources.,No quantified site-specific energy investment was found in the checked public sources.,2026-09-14,2027-03-14,B,https://www.winkler-braeu.de/impressum/ | https://www.winkler-braeu.de/,PROVISIONAL,Codex research; Anna review pending
P96,PEKA Spritzguss GmbH,https://www.peka-spritzguss.de/,Velbert,North Rhine-Westphalia,22.29,Manufacture of other plastic products,,,,probable,probable_independent,NOT_FOUND_AFTER_CHECK,NOT_FOUND_AFTER_CHECK,NOT_FOUND_AFTER_CHECK,UNKNOWN,UNKNOWN,NO,UNKNOWN,YES,YES,UNKNOWN,YES,UNKNOWN,UNKNOWN,UNKNOWN,UNKNOWN,UNKNOWN,UNKNOWN,UNKNOWN,No dated site-specific energy or decarbonisation target was found in the checked public sources.,No quantified site-specific energy investment was found in the checked public sources.,2026-09-14,2027-03-14,B,https://www.peka-spritzguss.de/ | https://www.peka-spritzguss.de/,PROVISIONAL,Codex research; Anna review pending
P97,Peltzer & Co. GmbH,https://www.peco-germany.com/,Neuenrade,North Rhine-Westphalia,22.29,Manufacture of other plastic products,,,,probable,probable_independent,NOT_FOUND_AFTER_CHECK,NOT_FOUND_AFTER_CHECK,NOT_FOUND_AFTER_CHECK,UNKNOWN,UNKNOWN,NO,UNKNOWN,YES,YES,UNKNOWN,YES,UNKNOWN,UNKNOWN,UNKNOWN,UNKNOWN,UNKNOWN,UNKNOWN,UNKNOWN,No dated site-specific energy or decarbonisation target was found in the checked public sources.,No quantified site-specific energy investment was found in the checked public sources.,2026-09-14,2027-03-14,B,https://www.peco-germany.com/impressum/ | https://www.peco-germany.com/,PROVISIONAL,Codex research; Anna review pending
P98,Robert Frank GmbH & Co. KG,https://www.frank-formenbau-spritzguss.de/,Berchtesgaden,Bavaria,22.29,Manufacture of other plastic products,,,,probable,independent,NOT_FOUND_AFTER_CHECK,NOT_FOUND_AFTER_CHECK,NOT_FOUND_AFTER_CHECK,UNKNOWN,UNKNOWN,NO,UNKNOWN,YES,YES,UNKNOWN,YES,UNKNOWN,UNKNOWN,UNKNOWN,UNKNOWN,UNKNOWN,UNKNOWN,UNKNOWN,No dated site-specific energy or decarbonisation target was found in the checked public sources.,No quantified site-specific energy investment was found in the checked public sources.,2026-09-14,2027-03-14,B,https://www.frank-formenbau-spritzguss.de/impressum/ | https://www.frank-formenbau-spritzguss.de/,PROVISIONAL,Codex research; Anna review pending
P99,Kunststofftechnik Breitungen GmbH & Co. KG,https://www.kt-breitungen.de/,Breitungen,Thuringia,22.29,Manufacture of other plastic products,,,,probable,probable_independent,NOT_FOUND_AFTER_CHECK,NOT_FOUND_AFTER_CHECK,NOT_FOUND_AFTER_CHECK,UNKNOWN,UNKNOWN,NO,UNKNOWN,YES,YES,UNKNOWN,YES,UNKNOWN,UNKNOWN,UNKNOWN,UNKNOWN,UNKNOWN,UNKNOWN,UNKNOWN,No dated site-specific energy or decarbonisation target was found in the checked public sources.,No quantified site-specific energy investment was found in the checked public sources.,2026-09-14,2027-03-14,B,https://www.kt-breitungen.de/ | https://www.kt-breitungen.de/,PROVISIONAL,Codex research; Anna review pending
P100,Kläger Spritzguss GmbH & Co. KG,https://klaeger.de/,Dornstetten,Baden-Württemberg,22.29,Manufacture of other plastic products,,,,probable,probable_independent,NOT_FOUND_AFTER_CHECK,NOT_FOUND_AFTER_CHECK,NOT_FOUND_AFTER_CHECK,UNKNOWN,UNKNOWN,NO,UNKNOWN,YES,YES,UNKNOWN,YES,UNKNOWN,UNKNOWN,UNKNOWN,UNKNOWN,UNKNOWN,UNKNOWN,UNKNOWN,No dated site-specific energy or decarbonisation target was found in the checked public sources.,No quantified site-specific energy investment was found in the checked public sources.,2026-09-14,2027-03-14,B,https://kunststoffspritzguss-produzent.de/ | https://klaeger.de/,PROVISIONAL,Codex research; Anna review pending
P101,Metoba Metalloberflächenbearbeitung GmbH,https://www.metoba.de/,Lüdenscheid,North Rhine-Westphalia,25.61,Treatment and coating of metals,,,,probable,probable_independent,NOT_FOUND_AFTER_CHECK,NOT_FOUND_AFTER_CHECK,NOT_FOUND_AFTER_CHECK,UNKNOWN,UNKNOWN,NO,UNKNOWN,UNKNOWN,UNKNOWN,YES,YES,UNKNOWN,UNKNOWN,UNKNOWN,UNKNOWN,UNKNOWN,UNKNOWN,UNKNOWN,No dated site-specific energy or decarbonisation target was found in the checked public sources.,No quantified site-specific energy investment was found in the checked public sources.,2026-09-14,2027-03-14,B,https://www.metoba.de/impressum/ | https://www.metoba.de/,PROVISIONAL,Codex research; Anna review pending
P102,Rudolf Clauss GmbH & Co. KG,https://www.rudolf-clauss.de/,Mülheim an der Ruhr,North Rhine-Westphalia,25.61,Treatment and coating of metals,,,,probable,independent,NOT_FOUND_AFTER_CHECK,NOT_FOUND_AFTER_CHECK,NOT_FOUND_AFTER_CHECK,UNKNOWN,UNKNOWN,NO,UNKNOWN,UNKNOWN,UNKNOWN,YES,YES,UNKNOWN,UNKNOWN,UNKNOWN,UNKNOWN,UNKNOWN,UNKNOWN,UNKNOWN,No dated site-specific energy or decarbonisation target was found in the checked public sources.,No quantified site-specific energy investment was found in the checked public sources.,2026-09-14,2027-03-14,B,https://www.rudolf-clauss.de/ | https://www.rudolf-clauss.de/,PROVISIONAL,Codex research; Anna review pending
P103,Metallveredelung Gebrüder Wigl GmbH,https://www.wigl-gmbh.de/,Neufahrn,Bavaria,25.61,Treatment and coating of metals,,,,probable,small_group,NOT_FOUND_AFTER_CHECK,NOT_FOUND_AFTER_CHECK,NOT_FOUND_AFTER_CHECK,UNKNOWN,UNKNOWN,NO,UNKNOWN,UNKNOWN,UNKNOWN,YES,YES,UNKNOWN,UNKNOWN,UNKNOWN,UNKNOWN,UNKNOWN,UNKNOWN,UNKNOWN,No dated site-specific energy or decarbonisation target was found in the checked public sources.,No quantified site-specific energy investment was found in the checked public sources.,2026-09-14,2027-03-14,B,https://www.wigl-gmbh.de/ | https://www.wigl-gmbh.de/,PROVISIONAL,Codex research; Anna review pending
P104,Holder GmbH Oberflächentechnik,https://holder-oft.de/,Kirchheim unter Teck,Baden-Württemberg,25.61,Treatment and coating of metals,,,,probable,linked_enterprise_check,NOT_FOUND_AFTER_CHECK,NOT_FOUND_AFTER_CHECK,NOT_FOUND_AFTER_CHECK,UNKNOWN,UNKNOWN,NO,UNKNOWN,UNKNOWN,UNKNOWN,YES,YES,UNKNOWN,UNKNOWN,UNKNOWN,UNKNOWN,UNKNOWN,UNKNOWN,UNKNOWN,No dated site-specific energy or decarbonisation target was found in the checked public sources.,No quantified site-specific energy investment was found in the checked public sources.,2026-09-14,2027-03-14,B,https://holder-oft.de/impressum/ | https://holder-oft.de/,PROVISIONAL,Codex research; Anna review pending
P105,Dresdner Silber und Metallveredlung GmbH,https://www.dresdnersilber.de/,Dresden,Saxony,25.61,Treatment and coating of metals,,,,probable,probable_independent,NOT_FOUND_AFTER_CHECK,NOT_FOUND_AFTER_CHECK,NOT_FOUND_AFTER_CHECK,UNKNOWN,UNKNOWN,NO,UNKNOWN,UNKNOWN,UNKNOWN,YES,YES,UNKNOWN,UNKNOWN,UNKNOWN,UNKNOWN,UNKNOWN,UNKNOWN,UNKNOWN,No dated site-specific energy or decarbonisation target was found in the checked public sources.,No quantified site-specific energy investment was found in the checked public sources.,2026-09-14,2027-03-14,B,https://www.dresdnersilber.de/impressum/ | https://www.dresdnersilber.de/,PROVISIONAL,Codex research; Anna review pending
P106,Felix Vuckovic - Technische Keramik GmbH,https://www.fv-technische-keramik.de/,Ludwigsburg,Baden-Württemberg,23.41,Manufacture of ceramic household and ornamental articles,,,,probable,independent,NOT_FOUND_AFTER_CHECK,NOT_FOUND_AFTER_CHECK,NOT_FOUND_AFTER_CHECK,UNKNOWN,UNKNOWN,NO,UNKNOWN,UNKNOWN,YES,YES,YES,UNKNOWN,UNKNOWN,UNKNOWN,UNKNOWN,UNKNOWN,UNKNOWN,UNKNOWN,No dated site-specific energy or decarbonisation target was found in the checked public sources.,No quantified site-specific energy investment was found in the checked public sources.,2026-09-14,2027-03-14,B,https://www.fv-technische-keramik.de/impressum/ | https://www.fv-technische-keramik.de/,PROVISIONAL,Codex research; Anna review pending
P107,Dibbern Porzellanmanufaktur GmbH,https://www.dibbern.de/en/about-dibbern/manufactory/,Hohenberg an der Eger,Bavaria,23.41,Manufacture of ceramic household and ornamental articles,,,,probable,small_group,NOT_FOUND_AFTER_CHECK,NOT_FOUND_AFTER_CHECK,NOT_FOUND_AFTER_CHECK,UNKNOWN,UNKNOWN,NO,UNKNOWN,UNKNOWN,YES,YES,YES,UNKNOWN,UNKNOWN,UNKNOWN,UNKNOWN,UNKNOWN,UNKNOWN,UNKNOWN,No dated site-specific energy or decarbonisation target was found in the checked public sources.,No quantified site-specific energy investment was found in the checked public sources.,2026-09-14,2027-03-14,B,https://www.dibbern.de/en/about-us/ | https://www.dibbern.de/en/about-dibbern/manufactory/,PROVISIONAL,Codex research; Anna review pending
P108,Porzellanmanufaktur Reichenbach GmbH,https://reichenbach-porzellan.de/manufaktur/,Reichenbach,Thuringia,23.41,Manufacture of ceramic household and ornamental articles,,,,probable,probable_independent,NOT_FOUND_AFTER_CHECK,NOT_FOUND_AFTER_CHECK,NOT_FOUND_AFTER_CHECK,UNKNOWN,UNKNOWN,NO,UNKNOWN,UNKNOWN,YES,YES,YES,UNKNOWN,UNKNOWN,UNKNOWN,UNKNOWN,UNKNOWN,UNKNOWN,UNKNOWN,No dated site-specific energy or decarbonisation target was found in the checked public sources.,No quantified site-specific energy investment was found in the checked public sources.,2026-09-14,2027-03-14,B,https://reichenbach-porzellan.de/ | https://reichenbach-porzellan.de/manufaktur/,PROVISIONAL,Codex research; Anna review pending
P109,Porzellan Manufaktur Nymphenburg GmbH & Co. KG,https://www.nymphenburg.com/,Munich,Bavaria,23.41,Manufacture of ceramic household and ornamental articles,,,,probable,probable_independent,NOT_FOUND_AFTER_CHECK,NOT_FOUND_AFTER_CHECK,NOT_FOUND_AFTER_CHECK,UNKNOWN,UNKNOWN,NO,UNKNOWN,UNKNOWN,YES,YES,YES,UNKNOWN,UNKNOWN,UNKNOWN,UNKNOWN,UNKNOWN,UNKNOWN,UNKNOWN,No dated site-specific energy or decarbonisation target was found in the checked public sources.,No quantified site-specific energy investment was found in the checked public sources.,2026-09-14,2027-03-14,B,https://www.nymphenburg.com/policies/legal-notice | https://www.nymphenburg.com/,PROVISIONAL,Codex research; Anna review pending
P110,Neue Porzellanfabrik Triptis GmbH,https://www.triptisporzellan.de/,Triptis,Thuringia,23.41,Manufacture of ceramic household and ornamental articles,,,,probable,small_group,NOT_FOUND_AFTER_CHECK,NOT_FOUND_AFTER_CHECK,NOT_FOUND_AFTER_CHECK,UNKNOWN,UNKNOWN,NO,UNKNOWN,UNKNOWN,YES,YES,YES,UNKNOWN,UNKNOWN,UNKNOWN,UNKNOWN,UNKNOWN,UNKNOWN,UNKNOWN,No dated site-specific energy or decarbonisation target was found in the checked public sources.,No quantified site-specific energy investment was found in the checked public sources.,2026-09-14,2027-03-14,B,https://eschenbachporzellan.de/impressum | https://www.triptisporzellan.de/,PROVISIONAL,Codex research; Anna review pending
