company_id,legal_entity,dimension,score_field,proposed_value,max_value,anchor_interpretation,proposal_confidence,evidence_source_ids,evidence_basis,missing_fact,proposal_status,coder,proposed_date,reviewer,review_date,review_note
P04,Neumarkter Lammsbräu Gebr. Ehrnsperger KG,process_electrification_potential,temperature_fit_score,10,10,strong established fit,B,S-P04-06,"Official sustainability evidence documents wort processing up to 97 C, predominantly gas-based heat supply and a stated plan to electrify heat supply using heat pumps and solar systems. This supports a strong low-/medium-temperature electrification fit without inferring site load.",,AWAITING_HUMAN_REVIEW,Codex provisional coding from repository evidence,2026-10-06,,,
P04,Neumarkter Lammsbräu Gebr. Ehrnsperger KG,process_electrification_potential,process_electrification_score,7,10,one clear firm-specific use case,B,S-P04-06,The company explicitly plans heat-supply electrification and identifies heat pumps among the intended measures. This is a clear firm-specific use case but does not establish multiple implemented electrification applications.,,AWAITING_HUMAN_REVIEW,Codex provisional coding from repository evidence,2026-10-06,,,
P04,Neumarkter Lammsbräu Gebr. Ehrnsperger KG,process_electrification_potential,fossil_heat_displacement_score,5,5,central thermal service with substitution potential,A,S-P04-06,"The report describes heat supply as predominantly gas-based while also documenting substantial brewing and malt-related heat demand and a plan to electrify heat supply. The score reflects substitution potential, not completed displacement.",,AWAITING_HUMAN_REVIEW,Codex provisional coding from repository evidence,2026-10-06,,,
P04,Neumarkter Lammsbräu Gebr. Ehrnsperger KG,power_electronics_relevance,motor_drive_score,5,8,material drive application,B,S-P04-06,"The official report documents a central refrigeration plant and process operations with cooling demand. This supports material compressor/drive relevance, but the repository evidence does not justify the maximum score for several intensive drive applications.",,AWAITING_HUMAN_REVIEW,Codex provisional coding from repository evidence,2026-10-06,,,
P04,Neumarkter Lammsbräu Gebr. Ehrnsperger KG,power_electronics_relevance,power_conversion_score,5,8,one material conversion use case,C,S-P04-06,"Planned heat-pump-based heat electrification creates a clear material power-conversion use case. No evidence supports several central converter or rectifier applications, so the maximum anchor is not proposed.",,AWAITING_HUMAN_REVIEW,Codex provisional coding from repository evidence,2026-10-06,,,
P04,Neumarkter Lammsbräu Gebr. Ehrnsperger KG,power_electronics_relevance,automation_control_score,4,4,strong coordinated-control relevance,A,S-P04-06,"The report documents an operational energy-management system, energy-management software and process-level Power BI reporting, supporting strong sensing and coordinated-control relevance.",,AWAITING_HUMAN_REVIEW,Codex provisional coding from repository evidence,2026-10-06,,,
P04,Neumarkter Lammsbräu Gebr. Ehrnsperger KG,load_flexibility_potential,scheduling_flex_score,5,8,schedulable or buffered process,B,S-P04-06,Brewing and related thermal processing are documented as batch-oriented process activities in the repository evidence. This supports meaningful scheduling flexibility but not several independently evidenced strong shifting options.,,AWAITING_HUMAN_REVIEW,Codex provisional coding from repository evidence,2026-10-06,,,
P04,Neumarkter Lammsbräu Gebr. Ehrnsperger KG,load_flexibility_potential,thermal_storage_flex_score,2,7,weak thermal buffering signal,C,S-P04-06,"Central refrigeration for fermentation and storage provides a plausible thermal-buffering signal, but no explicit thermal store or quantified cold/heat buffer is documented. The proposal therefore uses the weak anchor rather than a clear-buffer score.",,AWAITING_HUMAN_REVIEW,Codex provisional coding from repository evidence,2026-10-06,,,
P04,Neumarkter Lammsbräu Gebr. Ehrnsperger KG,grid_power_quality_relevance,incremental_load_score,5,8,material ordinal load-growth relevance,B,S-P04-06,"The company publicly plans electrification of heat supply using heat pumps and other measures. This supports material ordinal new-electric-load relevance without estimating kW, MW, MWh or connection capacity.",,AWAITING_HUMAN_REVIEW,Codex provisional coding from repository evidence,2026-10-06,,,
P04,Neumarkter Lammsbräu Gebr. Ehrnsperger KG,grid_power_quality_relevance,power_quality_score,1,4,possible relevance,C,S-P04-06,"Central refrigeration and planned heat-pump electrification make converter-related power-quality effects possible, but the repository contains no direct harmonic, reactive-power, peak-load or voltage-quality evidence.",,AWAITING_HUMAN_REVIEW,Codex provisional coding from repository evidence,2026-10-06,,,
P04,Neumarkter Lammsbräu Gebr. Ehrnsperger KG,grid_power_quality_relevance,onsite_integration_score,2,3,one clear onsite-integration use case,B,S-P04-06,"A 125 kWp PV installation is documented and the company plans additional electrification. This supports a clear onsite-generation integration use case, but no coordinated storage or microgrid deployment is evidenced.",,AWAITING_HUMAN_REVIEW,Codex provisional coding from repository evidence,2026-10-06,,,
P04,Neumarkter Lammsbräu Gebr. Ehrnsperger KG,observed_transition_gap,measures_gap_score,0,10,several concrete measures,A,S-P04-06,"The report documents multiple concrete measures including an operational energy-management system and software, process-level reporting, commissioned PV, solar-thermal activity and prior malt-house modernisation. This is not a no-action case.",,AWAITING_HUMAN_REVIEW,Codex provisional coding from repository evidence,2026-10-06,,,
P04,Neumarkter Lammsbräu Gebr. Ehrnsperger KG,observed_transition_gap,management_gap_score,2,5,partial or other management system,B,S-P04-03 | S-P04-04 | S-P04-05 | S-P04-06,"Operational energy management and EMAS participation are documented, but no ISO 50001 certificate was found, the available ISO 14001 certificate is expired and current EMAS validity metadata remains unclear. The partial/other-system anchor is therefore proposed.",,AWAITING_HUMAN_REVIEW,Codex provisional coding from repository evidence,2026-10-06,,,
P04,Neumarkter Lammsbräu Gebr. Ehrnsperger KG,observed_transition_gap,targets_gap_score,0,5,dated target plus roadmap,A,S-P04-06,A quantified 42% Scope 1 and 2 reduction target by 2030 is documented together with a stated heat-electrification direction and planned heat-pump/solar measures.,,AWAITING_HUMAN_REVIEW,Codex provisional coding from repository evidence,2026-10-06,,,
P04,Neumarkter Lammsbräu Gebr. Ehrnsperger KG,observed_transition_gap,investment_gap_score,0,5,several recent investments or measures,B,S-P04-06,"The repository evidence documents commissioned 125 kWp PV, solar-thermal implementation activity and a 2021 malt-house modernisation. This supports the several-investments anchor within the public evidence window.",,AWAITING_HUMAN_REVIEW,Codex provisional coding from repository evidence,2026-10-06,,,
P19,Glasfabrik Lamberts GmbH & Co. KG,process_electrification_potential,temperature_fit_score,,10,not proposed — evidence gap,UNKNOWN,S-P19-02 | S-P19-03,"Repository evidence confirms integrated cast-glass melting and furnace/firing optimisation activity, but it does not document furnace operating temperature or a sourced electric-heat applicability range.",Documented furnace temperature and evidence-backed electric-heat technology fit for the Wunsiedel process,NEEDS_RESEARCH,Codex provisional coding from repository evidence,2026-10-06,,,
P19,Glasfabrik Lamberts GmbH & Co. KG,process_electrification_potential,process_electrification_score,,10,not proposed — evidence gap,UNKNOWN,S-P19-02 | S-P19-03,"The company clearly operates integrated glass melting and reviews furnace/firing methods, but no firm-specific electrification route or electric melting/heating use case is documented in the stored sources.",Firm-specific process-electrification route or documented electric-heat application,NEEDS_RESEARCH,Codex provisional coding from repository evidence,2026-10-06,,,
P19,Glasfabrik Lamberts GmbH & Co. KG,process_electrification_potential,fossil_heat_displacement_score,,5,not proposed — evidence gap,UNKNOWN,S-P19-02 | S-P19-03,"The furnace process is documented, but the stored evidence does not establish the current furnace energy carrier or the share of thermal service that is fossil-based.",Current furnace energy carrier and material fossil-heat service that could be displaced,NEEDS_RESEARCH,Codex provisional coding from repository evidence,2026-10-06,,,
P19,Glasfabrik Lamberts GmbH & Co. KG,power_electronics_relevance,motor_drive_score,,8,not proposed — evidence gap,UNKNOWN,S-P19-02,"Integrated production is documented, but the repository does not identify pumps, fans, compressors, rolling drives or other motor applications with enough specificity to anchor drive intensity.",Firm-specific motor/drive applications and their materiality,NEEDS_RESEARCH,Codex provisional coding from repository evidence,2026-10-06,,,
P19,Glasfabrik Lamberts GmbH & Co. KG,power_electronics_relevance,power_conversion_score,,8,not proposed — evidence gap,UNKNOWN,S-P19-02 | S-P19-03,"A melting furnace and firing-method optimisation are documented, but the electrical topology, use of converters/rectifiers or controlled electric heat is not.",Electrical furnace/converter/rectifier topology or another firm-specific power-conversion use case,NEEDS_RESEARCH,Codex provisional coding from repository evidence,2026-10-06,,,
P19,Glasfabrik Lamberts GmbH & Co. KG,power_electronics_relevance,automation_control_score,,4,not proposed — evidence gap,UNKNOWN,S-P19-02 | S-P19-03,"The stored company evidence does not document plant automation architecture, coordinated process control or energy-related control systems beyond the existence of ISO 50001.","Firm-specific automation, sensing or coordinated-control evidence",NEEDS_RESEARCH,Codex provisional coding from repository evidence,2026-10-06,,,
P19,Glasfabrik Lamberts GmbH & Co. KG,load_flexibility_potential,scheduling_flex_score,,8,not proposed — evidence gap,UNKNOWN,S-P19-02 | S-P19-03,"Integrated glass production is documented, but no operating pattern, campaign structure, buffering or schedulability evidence is stored at company level.",Operating pattern and evidence of schedulable or shiftable production stages,NEEDS_RESEARCH,Codex provisional coding from repository evidence,2026-10-06,,,
P19,Glasfabrik Lamberts GmbH & Co. KG,load_flexibility_potential,thermal_storage_flex_score,,7,not proposed — evidence gap,UNKNOWN,S-P19-02 | S-P19-03,"The melting process is documented, but no company-specific heat buffer, cold store, thermal storage asset or evidence-backed usable thermal inertia is recorded.",Company-specific thermal buffer/storage or evidence-backed usable thermal inertia,NEEDS_RESEARCH,Codex provisional coding from repository evidence,2026-10-06,,,
P19,Glasfabrik Lamberts GmbH & Co. KG,grid_power_quality_relevance,incremental_load_score,,8,not proposed — evidence gap,UNKNOWN,S-P19-02 | S-P19-03,"No defined electrification pathway is documented, so the project cannot yet code ordinal incremental electrical-load relevance without inventing a conversion scenario.",Defined electrification pathway sufficient for ordinal incremental-load relevance,NEEDS_RESEARCH,Codex provisional coding from repository evidence,2026-10-06,,,
P19,Glasfabrik Lamberts GmbH & Co. KG,grid_power_quality_relevance,power_quality_score,,4,not proposed — evidence gap,UNKNOWN,S-P19-02 | S-P19-03,"The repository has no firm-specific harmonic, reactive-power, peak-load, voltage-quality or converter-topology evidence.",Firm-specific power-quality or electrical-conversion evidence,NEEDS_RESEARCH,Codex provisional coding from repository evidence,2026-10-06,,,
P19,Glasfabrik Lamberts GmbH & Co. KG,grid_power_quality_relevance,onsite_integration_score,,3,not proposed — evidence gap,UNKNOWN,S-P19-02 | S-P19-03,"No onsite PV, battery, microgrid or load-management deployment is established in the stored evidence.","Onsite generation, storage, microgrid or load-management evidence",NEEDS_RESEARCH,Codex provisional coding from repository evidence,2026-10-06,,,
P19,Glasfabrik Lamberts GmbH & Co. KG,observed_transition_gap,measures_gap_score,7,10,intentions / optimisation programme without specific deployed energy measure,B,S-P19-03,"The long-running EcoGlass programme publicly addresses the melting furnace, firing method and cullet optimisation, but the dossier explicitly avoids inferring a specific deployed energy technology from that programme. The intentions/programme anchor is therefore proposed.",,AWAITING_HUMAN_REVIEW,Codex provisional coding from repository evidence,2026-10-06,,,
P19,Glasfabrik Lamberts GmbH & Co. KG,observed_transition_gap,management_gap_score,0,5,verified mature management system,A,S-P19-04 | S-P19-05,Direct TÜV NORD certificates verify current ISO 50001 and ISO 14001 systems for cast-glass production at Wunsiedel.,,AWAITING_HUMAN_REVIEW,Codex provisional coding from repository evidence,2026-10-06,,,
P19,Glasfabrik Lamberts GmbH & Co. KG,observed_transition_gap,targets_gap_score,5,5,no dated target found after defined checks,B,S-P19-02 | S-P19-03 | S-P19-04 | S-P19-05,"The canonical company record states that no dated site-energy or decarbonisation target was found in the checked public sources. The cited repository sources cover company profile, ecology/energy information and current management certificates.",,AWAITING_HUMAN_REVIEW,Codex provisional coding from repository evidence,2026-10-06,,,
P19,Glasfabrik Lamberts GmbH & Co. KG,observed_transition_gap,investment_gap_score,,5,not proposed — evidence gap,UNKNOWN,S-P19-06,"A 2025 regional report states a EUR 30 million site investment, but the dossier explicitly requires direct-company corroboration and investment-detail review before coding technology deployment or an energy-transition investment gap.",Whether the reported EUR 30 million site investment contains relevant energy-transition investment and direct-company corroboration,NEEDS_RESEARCH,Codex provisional coding from repository evidence,2026-10-06,,,
P12,Richard Henkel GmbH,process_electrification_potential,temperature_fit_score,10,10,strong established fit,A,S-P12-03,The validated EMAS statement documents 100–200 °C drying and curing stages in powder coating. This low-/medium-temperature thermal duty is a strong established fit for electric process-heat technologies without inferring site load.,,AWAITING_HUMAN_REVIEW,Codex provisional coding from repository evidence,2026-10-06,,,
P12,Richard Henkel GmbH,process_electrification_potential,process_electrification_score,7,10,one clear firm-specific use case,B,S-P12-02 | S-P12-03,"The company documents powder-coating drying/curing at 100–200 °C with LPG process heat. That creates one clear firm-specific process-heat electrification use case, but the stored evidence does not establish multiple separate electrification applications.",,AWAITING_HUMAN_REVIEW,Codex provisional coding from repository evidence,2026-10-06,,,
P12,Richard Henkel GmbH,process_electrification_potential,fossil_heat_displacement_score,4,5,material thermal service with substitution potential,A,S-P12-03 | S-P12-05,"The EMAS/Klimawin evidence identifies LPG as process heat for powder coating and sets an explicit LPG process-heat intensity reduction target. This supports material fossil-heat displacement potential, while the evidence does not establish that all central thermal service is substitutable.",,AWAITING_HUMAN_REVIEW,Codex provisional coding from repository evidence,2026-10-06,,,
P12,Richard Henkel GmbH,power_electronics_relevance,motor_drive_score,8,8,multiple intensive drive applications,A,S-P12-03,"The validated environmental statement explicitly identifies compressed air, drives, pumps and motors as electricity users and documents a new compressed-air plant. This supports several material drive applications.",,AWAITING_HUMAN_REVIEW,Codex provisional coding from repository evidence,2026-10-06,,,
P12,Richard Henkel GmbH,power_electronics_relevance,power_conversion_score,5,8,one material conversion use case,B,S-P12-02 | S-P12-03,"The firm documents electrostatic powder coating and electrically driven compressed-air/process equipment. Electrostatic coating provides one clear firm-specific controlled high-voltage/power-conversion use case, but several central converter applications are not established.",,AWAITING_HUMAN_REVIEW,Codex provisional coding from repository evidence,2026-10-06,,,
P12,Richard Henkel GmbH,power_electronics_relevance,automation_control_score,3,4,clear control relevance,B,S-P12-03 | S-P12-05,"Operational energy management, process-heat reduction work and compressed-air optimisation are documented. This supports clear monitoring/control relevance, while the stored evidence does not demonstrate a strongly coordinated plant-wide control architecture.",,AWAITING_HUMAN_REVIEW,Codex provisional coding from repository evidence,2026-10-06,,,
P12,Richard Henkel GmbH,load_flexibility_potential,scheduling_flex_score,5,8,schedulable or buffered production step,B,S-P12-02 | S-P12-03,"Powder-coating pretreatment, drying/curing and associated compressed-air/process stages are discrete production steps rather than a continuously running furnace process. This supports meaningful scheduling potential, but several independently evidenced strong shifting options are not documented.",,AWAITING_HUMAN_REVIEW,Codex provisional coding from repository evidence,2026-10-06,,,
P12,Richard Henkel GmbH,load_flexibility_potential,thermal_storage_flex_score,,7,not proposed — evidence gap,UNKNOWN,S-P12-03 | S-P12-05,"The sources document 100–200 °C process heat, planned storage associated with PV and heat-recovery investigation, but they do not establish an existing heat/cold buffer, thermal store or evidence-backed usable thermal inertia for load shifting.","Company-specific thermal buffer, thermal store or evidence-backed usable thermal inertia for process-load shifting",NEEDS_RESEARCH,Codex provisional coding from repository evidence,2026-10-06,,,
P12,Richard Henkel GmbH,grid_power_quality_relevance,incremental_load_score,5,8,material ordinal load-growth relevance,B,S-P12-03 | S-P12-05,"Material LPG process heat at 100–200 °C is documented. Electrifying that process-heat duty would create material additional electrical-load relevance, without estimating kW, MW, MWh or connection capacity.",,AWAITING_HUMAN_REVIEW,Codex provisional coding from repository evidence,2026-10-06,,,
P12,Richard Henkel GmbH,grid_power_quality_relevance,power_quality_score,1,4,possible relevance,C,S-P12-02 | S-P12-03,"Electrostatic powder coating plus several motor-driven loads make converter- and drive-related power-quality effects possible, but no harmonic, reactive-power, peak-load or voltage-quality evidence is documented.",,AWAITING_HUMAN_REVIEW,Codex provisional coding from repository evidence,2026-10-06,,,
P12,Richard Henkel GmbH,grid_power_quality_relevance,onsite_integration_score,2,3,one clear onsite-integration use case,B,S-P12-03 | S-P12-05,"A planned PV system is explicitly intended to supply 5–10% of own demand and an associated storage option is under consideration. This establishes one clear onsite-integration use case, while coordinated PV/storage/load-management deployment is not yet evidenced.",,AWAITING_HUMAN_REVIEW,Codex provisional coding from repository evidence,2026-10-06,,,
P12,Richard Henkel GmbH,observed_transition_gap,measures_gap_score,0,10,several concrete measures,A,S-P12-03 | S-P12-05,"Several concrete measures are documented: operational EMAS/energy management, compressed-air plant replacement with measured electricity reduction, a process-heat reduction project and pellet building heat. Planned PV/storage/heat recovery are additional but are not counted as deployed.",,AWAITING_HUMAN_REVIEW,Codex provisional coding from repository evidence,2026-10-06,,,
P12,Richard Henkel GmbH,observed_transition_gap,management_gap_score,0,5,verified mature management system,A,S-P12-03 | S-P12-04,The validated EMAS environmental statement and official registration certificate verify a mature environmental-management system; the statement also documents operational energy management. ISO 50001 absence is not used to negate the verified EMAS system.,,AWAITING_HUMAN_REVIEW,Codex provisional coding from repository evidence,2026-10-06,,,
P12,Richard Henkel GmbH,observed_transition_gap,targets_gap_score,0,5,dated target plus roadmap,A,S-P12-05 | S-P12-03,"The Klimawin report gives a dated Scope 1 target through 2026, a quantified LPG process-heat intensity reduction target and planned PV action. Together these form a dated target with a concrete implementation direction.",,AWAITING_HUMAN_REVIEW,Codex provisional coding from repository evidence,2026-10-06,,,
P12,Richard Henkel GmbH,observed_transition_gap,investment_gap_score,0,5,several recent investments or measures,B,S-P12-03 | S-P12-05,"Recent implemented activity includes a new compressed-air plant with measured annual electricity reduction and pellet-based building heat, alongside an active process-heat reduction project. This supports several recent transition-related investments/measures within the public evidence window.",,AWAITING_HUMAN_REVIEW,Codex provisional coding from repository evidence,2026-10-06,,,
P16,Sembach GmbH & Co. KG,process_electrification_potential,temperature_fit_score,3,10,difficult / uncertain temperature fit,B,S-P16-03,"Official production evidence documents debinding up to 1,100 °C and sintering at 1,200–1,750 °C in high-temperature and chamber furnaces. These very high process temperatures support the difficult/uncertain fit anchor rather than a strong low-temperature electrification fit.",,AWAITING_HUMAN_REVIEW,Codex provisional coding from repository evidence,2026-10-06,,,
P16,Sembach GmbH & Co. KG,process_electrification_potential,process_electrification_score,,10,not proposed — evidence gap,UNKNOWN,S-P16-03,"Firm-specific high-temperature furnace processes are documented, but the stored evidence does not identify the present furnace technology/energy carrier or a company-specific electric-heating route.",Current furnace technology and firm-specific electric-heating/electrification route for debinding and sintering,NEEDS_RESEARCH,Codex provisional coding from repository evidence,2026-10-06,,,
P16,Sembach GmbH & Co. KG,process_electrification_potential,fossil_heat_displacement_score,,5,not proposed — evidence gap,UNKNOWN,S-P16-03,"Debinding and sintering are documented, but the current furnace energy carrier is not. Without knowing whether the thermal service is fossil-based, fossil-heat displacement cannot be scored.","Current energy carrier(s) for debinding, sintering and high-temperature/chamber furnaces",NEEDS_RESEARCH,Codex provisional coding from repository evidence,2026-10-06,,,
P16,Sembach GmbH & Co. KG,power_electronics_relevance,motor_drive_score,,8,not proposed — evidence gap,UNKNOWN,S-P16-03,"Spray drying and ceramic production are documented, but the repository does not identify firm-specific fans, pumps, compressors, mills or other motor-drive applications with enough specificity to anchor drive intensity.",Firm-specific motor/drive applications and their materiality in spray drying and ceramic production,NEEDS_RESEARCH,Codex provisional coding from repository evidence,2026-10-06,,,
P16,Sembach GmbH & Co. KG,power_electronics_relevance,power_conversion_score,,8,not proposed — evidence gap,UNKNOWN,S-P16-03,"High-temperature and chamber furnaces are documented, but their electrical topology and use of converters, rectifiers or controlled electric heating are not.",Furnace electrical topology and any converter/rectifier/controlled-electric-heat applications,NEEDS_RESEARCH,Codex provisional coding from repository evidence,2026-10-06,,,
P16,Sembach GmbH & Co. KG,power_electronics_relevance,automation_control_score,,4,not proposed — evidence gap,UNKNOWN,S-P16-03 | S-P16-04,"ISO 50001 confirms energy management, but the stored sources do not establish plant automation architecture, sensing density or coordinated process/energy control.","Firm-specific automation, sensing and coordinated-control evidence beyond ISO 50001 certification",NEEDS_RESEARCH,Codex provisional coding from repository evidence,2026-10-06,,,
P16,Sembach GmbH & Co. KG,load_flexibility_potential,scheduling_flex_score,5,8,schedulable / batch-oriented thermal process,B,S-P16-03,"Official process evidence identifies chamber furnaces and discrete debinding/sintering stages. This supports meaningful batch/scheduling relevance, but several independently evidenced strong shifting options are not documented.",,AWAITING_HUMAN_REVIEW,Codex provisional coding from repository evidence,2026-10-06,,,
P16,Sembach GmbH & Co. KG,load_flexibility_potential,thermal_storage_flex_score,,7,not proposed — evidence gap,UNKNOWN,S-P16-03,"High-temperature thermal processes are documented, but there is no company-specific evidence for a thermal store, usable buffer, recoverable heat reservoir or quantified thermal inertia suitable for load shifting.",Company-specific thermal buffer/storage or evidence-backed usable thermal inertia,NEEDS_RESEARCH,Codex provisional coding from repository evidence,2026-10-06,,,
P16,Sembach GmbH & Co. KG,grid_power_quality_relevance,incremental_load_score,,8,not proposed — evidence gap,UNKNOWN,S-P16-03,"The processes are energy intensive, but without the current furnace energy carrier and a defined electrification pathway it is not possible to code ordinal incremental electrical-load relevance without inventing a conversion scenario.",Current furnace energy carrier and defined electrification pathway sufficient for ordinal incremental-load coding,NEEDS_RESEARCH,Codex provisional coding from repository evidence,2026-10-06,,,
P16,Sembach GmbH & Co. KG,grid_power_quality_relevance,power_quality_score,,4,not proposed — evidence gap,UNKNOWN,S-P16-03,"No firm-specific harmonic, reactive-power, peak-load, converter-topology or voltage-quality evidence is stored.","Firm-specific power-quality, converter-topology or electrical peak-load evidence",NEEDS_RESEARCH,Codex provisional coding from repository evidence,2026-10-06,,,
P16,Sembach GmbH & Co. KG,grid_power_quality_relevance,onsite_integration_score,,3,not proposed — evidence gap,UNKNOWN,S-P16-02 | S-P16-03,"The current repository evidence does not establish onsite PV, battery storage, microgrid or coordinated load-management deployment or plans.","Onsite generation, battery, microgrid or coordinated load-management evidence",NEEDS_RESEARCH,Codex provisional coding from repository evidence,2026-10-06,,,
P16,Sembach GmbH & Co. KG,observed_transition_gap,measures_gap_score,,10,not proposed — evidence gap,UNKNOWN,S-P16-02 | S-P16-03 | S-P16-04 | S-P16-05,"Current ISO 50001 and ISO 14001 systems are verified, but the checked repository sources do not yet establish whether concrete recent energy-transition measures have been deployed. Certification alone is not treated as proof of a technology measure.",Concrete recent energy-transition measures or a defined negative search result after adequate measure checks,NEEDS_RESEARCH,Codex provisional coding from repository evidence,2026-10-06,,,
P16,Sembach GmbH & Co. KG,observed_transition_gap,management_gap_score,0,5,verified mature management system,A,S-P16-04 | S-P16-05,Direct current certificates verify ISO 50001:2018 and ISO 14001:2015 for the Lauf production site through June 2028.,,AWAITING_HUMAN_REVIEW,Codex provisional coding from repository evidence,2026-10-06,,,
P16,Sembach GmbH & Co. KG,observed_transition_gap,targets_gap_score,5,5,no dated target found after defined checks,B,S-P16-02 | S-P16-03 | S-P16-04 | S-P16-05,The canonical company record states that no dated site-energy or decarbonisation target was found in the checked public company/process/certificate sources.,,AWAITING_HUMAN_REVIEW,Codex provisional coding from repository evidence,2026-10-06,,,
P16,Sembach GmbH & Co. KG,observed_transition_gap,investment_gap_score,,5,not proposed — evidence gap,UNKNOWN,S-P16-02 | S-P16-03,The checked sources describe the company and its production technology but do not establish recent energy-transition investments or a sufficiently defined negative lookback-period search.,Recent energy-transition investments or a defined negative investment search over the methodology lookback period,NEEDS_RESEARCH,Codex provisional coding from repository evidence,2026-10-06,,,
P05,Einbecker Brauhaus AG,process_electrification_potential,temperature_fit_score,10,10,strong established fit,A,S-P05-04,"The official environmental statement documents brewing, thermal dealcoholisation, pasteurisation and cleaning-related heat uses and explicitly plans electric clean-steam generation. The company's own programme therefore supports a strong established electric-process-heat fit.",,AWAITING_HUMAN_REVIEW,Codex provisional coding from repository evidence,2026-10-06,,,
P05,Einbecker Brauhaus AG,process_electrification_potential,process_electrification_score,7,10,one clear firm-specific use case,A,S-P05-04,"Electric clean-steam generation is an explicit firm-specific process-heat electrification project tied to brewing and cleaning heat demand. This is a clear use case, while multiple separately evidenced electric-process-heat applications are not yet documented.",,AWAITING_HUMAN_REVIEW,Codex provisional coding from repository evidence,2026-10-06,,,
P05,Einbecker Brauhaus AG,process_electrification_potential,fossil_heat_displacement_score,5,5,central thermal service with substitution potential,A,S-P05-04,"The environmental programme links central process heat/steam demand to planned electric clean-steam generation. Together with the public fossil-heat signal, this supports central thermal-service substitution potential without estimating energy quantity.",,AWAITING_HUMAN_REVIEW,Codex provisional coding from repository evidence,2026-10-06,,,
P05,Einbecker Brauhaus AG,power_electronics_relevance,motor_drive_score,8,8,multiple intensive drive applications,A,S-P05-04,"The official statement documents cooling, refrigeration, pressure-air systems and ventilation together with production/filling processes. These constitute several material compressor, fan and pump/drive applications.",,AWAITING_HUMAN_REVIEW,Codex provisional coding from repository evidence,2026-10-06,,,
P05,Einbecker Brauhaus AG,power_electronics_relevance,power_conversion_score,5,8,one material conversion / controlled-heat use case,B,S-P05-03 | S-P05-04,"Existing PV requires power conversion and the programme explicitly plans electric clean-steam generation. This supports at least one material firm-specific power-conversion/controlled-heat use case, but not several separately evidenced central converter applications.",,AWAITING_HUMAN_REVIEW,Codex provisional coding from repository evidence,2026-10-06,,,
P05,Einbecker Brauhaus AG,power_electronics_relevance,automation_control_score,4,4,strong coordinated-control relevance,A,S-P05-04,"The company documents renewed process control and a dated programme to expand process monitoring. Combined with integrated brewing, cooling and utility systems, this supports strong coordinated-control relevance.",,AWAITING_HUMAN_REVIEW,Codex provisional coding from repository evidence,2026-10-06,,,
P05,Einbecker Brauhaus AG,load_flexibility_potential,scheduling_flex_score,5,8,schedulable / buffered process,B,S-P05-04,"Mashing, wort boiling, thermal dealcoholisation, filling and refrigerated maturation are documented as distinct process stages. This supports meaningful scheduling/buffering potential but does not prove several strong shiftable loads.",,AWAITING_HUMAN_REVIEW,Codex provisional coding from repository evidence,2026-10-06,,,
P05,Einbecker Brauhaus AG,load_flexibility_potential,thermal_storage_flex_score,5,7,clear cold/heat buffer,B,S-P05-04,"The official statement documents refrigerated maturation/storage tanks and absorption chilling using CHP waste heat. These provide clear thermal-buffer relevance, without establishing a dedicated large multi-use thermal store.",,AWAITING_HUMAN_REVIEW,Codex provisional coding from repository evidence,2026-10-06,,,
P05,Einbecker Brauhaus AG,grid_power_quality_relevance,incremental_load_score,5,8,material ordinal load-growth relevance,A,S-P05-04,"Electric clean-steam generation is an explicit planned process-heat measure. Replacing part of central thermal service with electric steam would create material additional electrical-load relevance, without estimating kW, MW, MWh or grid capacity.",,AWAITING_HUMAN_REVIEW,Codex provisional coding from repository evidence,2026-10-06,,,
P05,Einbecker Brauhaus AG,grid_power_quality_relevance,power_quality_score,1,4,possible relevance,C,S-P05-03 | S-P05-04,"PV, refrigeration/compressor systems, process control and planned electric clean steam create possible converter/drive-related power-quality relevance, but no direct harmonic, reactive-power, voltage-quality or peak-load issue is documented.",,AWAITING_HUMAN_REVIEW,Codex provisional coding from repository evidence,2026-10-06,,,
P05,Einbecker Brauhaus AG,grid_power_quality_relevance,onsite_integration_score,2,3,one clear onsite-integration use case,A,S-P05-03 | S-P05-04,"The company documents onsite PV and biogas CHP, with CHP waste heat driving absorption chilling. This is a clear onsite-generation and energy-integration use case; a coordinated microgrid or battery/load-management architecture is not established.",,AWAITING_HUMAN_REVIEW,Codex provisional coding from repository evidence,2026-10-06,,,
P05,Einbecker Brauhaus AG,observed_transition_gap,measures_gap_score,0,10,several concrete measures,A,S-P05-03 | S-P05-04,"Several concrete measures are documented: PV, biogas CHP with absorption chilling, pressure-air and ventilation heat recovery, fermentation-CO2 recovery and process-control renewal.",,AWAITING_HUMAN_REVIEW,Codex provisional coding from repository evidence,2026-10-06,,,
P05,Einbecker Brauhaus AG,observed_transition_gap,management_gap_score,2,5,partial / other management system,B,S-P05-03 | S-P05-04,"The company states EMAS registration since 2025 and long-running ISO 14001 certification, but current independent validity metadata is still unclear and no public ISO 50001 certificate was found. This supports the partial/other-system anchor rather than verified mature-system zero.",,AWAITING_HUMAN_REVIEW,Codex provisional coding from repository evidence,2026-10-06,,,
P05,Einbecker Brauhaus AG,observed_transition_gap,targets_gap_score,0,5,dated target plus roadmap,A,S-P05-04,"The environmental statement documents net greenhouse-gas neutrality by 2045, a 40% reduction target by 2031 from 2021, and dated programme measures through 2026 including electric clean steam, waste-heat use and process monitoring.",,AWAITING_HUMAN_REVIEW,Codex provisional coding from repository evidence,2026-10-06,,,
P05,Einbecker Brauhaus AG,observed_transition_gap,investment_gap_score,0,5,several recent investments / measures,A,S-P05-03 | S-P05-04,"The current public evidence documents several implemented transition-related assets and upgrades, including PV, biogas CHP with absorption chilling, heat recovery and renewed process control.",,AWAITING_HUMAN_REVIEW,Codex provisional coding from repository evidence,2026-10-06,,,
P18,Glashütte Lamberts Waldsassen GmbH,process_electrification_potential,temperature_fit_score,3,10,difficult / uncertain temperature fit,B,S-P18-02 | S-P18-03,"Official company evidence documents glass melting, cylinder reheating and natural-gas firing. The exact furnace temperature is not stored, so the conservative difficult/uncertain temperature-fit anchor is proposed rather than a stronger electrification-fit score.",,AWAITING_HUMAN_REVIEW,Codex provisional coding from repository evidence,2026-10-06,,,
P18,Glashütte Lamberts Waldsassen GmbH,process_electrification_potential,process_electrification_score,,10,not proposed — evidence gap,UNKNOWN,S-P18-02 | S-P18-03,"The glass-melting and reheating processes are firm-specific and natural-gas fired, but the stored evidence does not establish a company-specific electric-melting/heating route or retrofit concept.",Firm-specific glass-melting/reheating electrification route or documented electric furnace concept,NEEDS_RESEARCH,Codex provisional coding from repository evidence,2026-10-06,,,
P18,Glashütte Lamberts Waldsassen GmbH,process_electrification_potential,fossil_heat_displacement_score,4,5,material fossil thermal service with substitution relevance,A,S-P18-03,The company explicitly documents natural-gas firing in energy-intensive glass production. This establishes material fossil thermal service; the maximum central-substitution anchor is not used because no firm-specific electric replacement route is yet documented.,,AWAITING_HUMAN_REVIEW,Codex provisional coding from repository evidence,2026-10-06,,,
P18,Glashütte Lamberts Waldsassen GmbH,power_electronics_relevance,motor_drive_score,,8,not proposed — evidence gap,UNKNOWN,S-P18-02 | S-P18-03,"The current sources describe melting, blowing, reheating and environmental systems but do not identify firm-specific fans, compressors, pumps or other motor-drive applications with sufficient detail.",Firm-specific motor/drive applications and their materiality,NEEDS_RESEARCH,Codex provisional coding from repository evidence,2026-10-06,,,
P18,Glashütte Lamberts Waldsassen GmbH,power_electronics_relevance,power_conversion_score,,8,not proposed — evidence gap,UNKNOWN,S-P18-02 | S-P18-03,"The current furnace is natural-gas fired and no converter, rectifier, electric furnace or controlled-electric-heat topology is documented.",Any firm-specific converter/rectifier/electric-furnace or controlled-electric-heat application,NEEDS_RESEARCH,Codex provisional coding from repository evidence,2026-10-06,,,
P18,Glashütte Lamberts Waldsassen GmbH,power_electronics_relevance,automation_control_score,,4,not proposed — evidence gap,UNKNOWN,S-P18-03 | S-P18-04,"Current ISO 50001 certification establishes energy management, but the stored sources do not document plant automation architecture, process-control coordination or energy-related control systems.","Firm-specific automation, sensing or coordinated process/energy-control evidence",NEEDS_RESEARCH,Codex provisional coding from repository evidence,2026-10-06,,,
P18,Glashütte Lamberts Waldsassen GmbH,load_flexibility_potential,scheduling_flex_score,2,8,weak scheduling flexibility,B,S-P18-02,"The production sequence includes mouth blowing, cylinder reheating and sheet forming, which are discrete stages, while the core glass-melting thermal service is inherently persistent. This supports weak rather than strong scheduling flexibility.",,AWAITING_HUMAN_REVIEW,Codex provisional coding from repository evidence,2026-10-06,,,
P18,Glashütte Lamberts Waldsassen GmbH,load_flexibility_potential,thermal_storage_flex_score,,7,not proposed — evidence gap,UNKNOWN,S-P18-02 | S-P18-03,"The sources document hot glass processes but no thermal store, usable buffer, waste-heat store or evidence-backed thermal inertia that can be shifted operationally.",Company-specific thermal buffer/storage or evidence-backed usable thermal inertia,NEEDS_RESEARCH,Codex provisional coding from repository evidence,2026-10-06,,,
P18,Glashütte Lamberts Waldsassen GmbH,grid_power_quality_relevance,incremental_load_score,5,8,material ordinal load-growth relevance,B,S-P18-02 | S-P18-03,"Natural-gas-fired glass melting is a material thermal service. If a material part of that firm-specific process is electrified, additional electrical-load relevance would be material; no kW, MW, MWh or connection-capacity estimate is inferred.",,AWAITING_HUMAN_REVIEW,Codex provisional coding from repository evidence,2026-10-06,,,
P18,Glashütte Lamberts Waldsassen GmbH,grid_power_quality_relevance,power_quality_score,,4,not proposed — evidence gap,UNKNOWN,S-P18-02 | S-P18-03,"No firm-specific harmonic, reactive-power, voltage-quality, peak-load or nonlinear converter-load evidence is stored.","Firm-specific power-quality, converter-load or electrical peak evidence",NEEDS_RESEARCH,Codex provisional coding from repository evidence,2026-10-06,,,
P18,Glashütte Lamberts Waldsassen GmbH,grid_power_quality_relevance,onsite_integration_score,,3,not proposed — evidence gap,UNKNOWN,S-P18-02 | S-P18-03,"The current repository evidence does not establish onsite PV, battery storage, microgrid or coordinated load-management deployment or plans.","Onsite generation, battery, microgrid or coordinated load-management evidence",NEEDS_RESEARCH,Codex provisional coding from repository evidence,2026-10-06,,,
P18,Glashütte Lamberts Waldsassen GmbH,observed_transition_gap,measures_gap_score,3,10,some concrete measures,B,S-P18-03 | S-P18-04,"The company documents ongoing firing-efficiency improvements, internal/external cullet use, modern flue-gas filtration and an operational ISO 50001 energy-management system. This supports some concrete transition/efficiency measures, but not a broad portfolio of deployed electrification, storage or heat-recovery solutions.",,AWAITING_HUMAN_REVIEW,Codex provisional coding from repository evidence,2026-10-06,,,
P18,Glashütte Lamberts Waldsassen GmbH,observed_transition_gap,management_gap_score,0,5,verified mature management system,A,S-P18-04,A direct current ISO 50001:2018 certificate verifies an operational energy-management system for glass manufacture at the Waldsassen production site through 19 December 2026.,,AWAITING_HUMAN_REVIEW,Codex provisional coding from repository evidence,2026-10-06,,,
P18,Glashütte Lamberts Waldsassen GmbH,observed_transition_gap,targets_gap_score,5,5,no dated target found after defined checks,B,S-P18-02 | S-P18-03 | S-P18-04,"The canonical company record states that no dated site-energy or decarbonisation target was found in the checked public company, energy/environment and ISO 50001 sources.",,AWAITING_HUMAN_REVIEW,Codex provisional coding from repository evidence,2026-10-06,,,
P18,Glashütte Lamberts Waldsassen GmbH,observed_transition_gap,investment_gap_score,,5,not proposed — evidence gap,UNKNOWN,S-P18-02 | S-P18-03,The sources mention continuing firing-efficiency improvement but do not establish recent energy-transition investments or a sufficiently defined negative investment search over the methodology lookback period.,Recent energy-transition investments or a defined negative investment search over the lookback period,NEEDS_RESEARCH,Codex provisional coding from repository evidence,2026-10-06,,,
P22,RIEDENBURGER BRAUHAUS Michael Krieger GmbH & Co. KG,process_electrification_potential,temperature_fit_score,10,10,strong established fit,A,S-P22-02,The official project page documents deployed heat pumps and vacuum vapour compression in the brewery's process-heat system. A firm-specific electrified heat system is therefore already established rather than merely technically plausible.,,AWAITING_HUMAN_REVIEW,Codex provisional coding from repository evidence,2026-10-06,,,
P22,RIEDENBURGER BRAUHAUS Michael Krieger GmbH & Co. KG,process_electrification_potential,process_electrification_score,10,10,multiple strongly supported firm-specific use cases,A,S-P22-02,"The brewery directly documents multiple electrified heat-system elements, including heat pumps and vacuum vapour compression, alongside waste-heat recovery. This exceeds a single generic use-case signal.",,AWAITING_HUMAN_REVIEW,Codex provisional coding from repository evidence,2026-10-06,,,
P22,RIEDENBURGER BRAUHAUS Michael Krieger GmbH & Co. KG,process_electrification_potential,fossil_heat_displacement_score,5,5,central thermal service with substitution potential,A,S-P22-02,The project is explicitly described as fossil-free beer production and replaces fossil process-heat supply with an integrated renewable/electric heat system. This directly supports central thermal-service substitution relevance.,,AWAITING_HUMAN_REVIEW,Codex provisional coding from repository evidence,2026-10-06,,,
P22,RIEDENBURGER BRAUHAUS Michael Krieger GmbH & Co. KG,power_electronics_relevance,motor_drive_score,5,8,material drive application,B,S-P22-02,"Deployed heat pumps and vacuum vapour compression establish material compressor/motor-driven equipment. The evidence does not separately document several other intensive drive systems, so the maximum anchor is not used.",,AWAITING_HUMAN_REVIEW,Codex provisional coding from repository evidence,2026-10-06,,,
P22,RIEDENBURGER BRAUHAUS Michael Krieger GmbH & Co. KG,power_electronics_relevance,power_conversion_score,5,8,one material conversion / controlled-electric-heat case,B,S-P22-02,The integrated system combines own PV with electrically driven heat pumps and vapour compression. This creates a clear material power-conversion/controlled-electric-heat use case without proving several separate central converter topologies.,,AWAITING_HUMAN_REVIEW,Codex provisional coding from repository evidence,2026-10-06,,,
P22,RIEDENBURGER BRAUHAUS Michael Krieger GmbH & Co. KG,power_electronics_relevance,automation_control_score,4,4,strong coordinated-control relevance,A,S-P22-02,"The same company source explicitly documents peak reduction and time-shifted energy use across heat pumps, vapour compression and thermal stores. That requires strong coordinated system control relevance.",,AWAITING_HUMAN_REVIEW,Codex provisional coding from repository evidence,2026-10-06,,,
P22,RIEDENBURGER BRAUHAUS Michael Krieger GmbH & Co. KG,load_flexibility_potential,scheduling_flex_score,8,8,several strong shifting options,A,S-P22-02,"The project page explicitly describes peak reduction and time-shifted energy use, supported by multiple thermal stores and integrated process-heat technologies. This is direct evidence of strong operational shifting capability.",,AWAITING_HUMAN_REVIEW,Codex provisional coding from repository evidence,2026-10-06,,,
P22,RIEDENBURGER BRAUHAUS Michael Krieger GmbH & Co. KG,load_flexibility_potential,thermal_storage_flex_score,7,7,substantial multi-use thermal flexibility,A,S-P22-02,"Three thermal stores are directly documented, including a 55,000-litre store with about 5,000 kWh capacity, and the source ties them to peak reduction and time-shifted operation.",,AWAITING_HUMAN_REVIEW,Codex provisional coding from repository evidence,2026-10-06,,,
P22,RIEDENBURGER BRAUHAUS Michael Krieger GmbH & Co. KG,grid_power_quality_relevance,incremental_load_score,8,8,major ordinal load-growth relevance,A,S-P22-02,"Central brewery process heat has been shifted to an integrated system using heat pumps and vapour compression. This is a major firm-specific electrification of thermal service, so ordinal electrical-load relevance is high without estimating kW or MW.",,AWAITING_HUMAN_REVIEW,Codex provisional coding from repository evidence,2026-10-06,,,
P22,RIEDENBURGER BRAUHAUS Michael Krieger GmbH & Co. KG,grid_power_quality_relevance,power_quality_score,1,4,possible relevance,C,S-P22-02,"PV, heat pumps and vapour-compression equipment create possible converter/drive-related power-quality relevance, but the repository contains no direct harmonic, reactive-power, voltage-quality or peak-current issue evidence.",,AWAITING_HUMAN_REVIEW,Codex provisional coding from repository evidence,2026-10-06,,,
P22,RIEDENBURGER BRAUHAUS Michael Krieger GmbH & Co. KG,grid_power_quality_relevance,onsite_integration_score,3,3,coordinated PV/storage/load-management fit,A,S-P22-02,"Own PV, three thermal stores, heat pumps and vacuum vapour compression are documented as an integrated system with peak reduction and time-shifted operation. This is direct coordinated onsite-integration evidence.",,AWAITING_HUMAN_REVIEW,Codex provisional coding from repository evidence,2026-10-06,,,
P22,RIEDENBURGER BRAUHAUS Michael Krieger GmbH & Co. KG,observed_transition_gap,measures_gap_score,0,10,several concrete measures,A,S-P22-02,"Several concrete measures are directly documented: own PV, heat pumps, waste-heat recovery, vacuum vapour compression and three thermal stores.",,AWAITING_HUMAN_REVIEW,Codex provisional coding from repository evidence,2026-10-06,,,
P22,RIEDENBURGER BRAUHAUS Michael Krieger GmbH & Co. KG,observed_transition_gap,management_gap_score,5,5,no public management-system evidence after defined checks,B,S-P22-01 | S-P22-02 | S-P22-03,"The mandatory certificate register records ISO 50001, ISO 14001 and EMAS as NOT_FOUND_AFTER_CHECK. The sophisticated project itself is not treated as proof of a formal management system.",,AWAITING_HUMAN_REVIEW,Codex provisional coding from repository evidence,2026-10-06,,,
P22,RIEDENBURGER BRAUHAUS Michael Krieger GmbH & Co. KG,observed_transition_gap,targets_gap_score,3,5,vague or undated ambition,B,S-P22-02,"The company explicitly aims to substitute fossil fuels in process heat and operate the new brewery on renewable electricity, but the stored evidence does not provide a separate dated reduction target and roadmap metric.",,AWAITING_HUMAN_REVIEW,Codex provisional coding from repository evidence,2026-10-06,,,
P22,RIEDENBURGER BRAUHAUS Michael Krieger GmbH & Co. KG,observed_transition_gap,investment_gap_score,0,5,several recent investments,A,S-P22-02,"The new brewery energy system contains several recent concrete investments: PV, heat pumps, waste-heat recovery, vapour compression and three thermal stores.",,AWAITING_HUMAN_REVIEW,Codex provisional coding from repository evidence,2026-10-06,,,
P24,H&K Müller GmbH & Co. KG,process_electrification_potential,temperature_fit_score,,10,not proposed — evidence gap,UNKNOWN,S-P24-02,"Firm-specific injection moulding is documented, but the repository does not provide process temperatures or validated company-level evidence of the relevant heating technology. The generic PR001 library row is still TO_RESEARCH and is not used as evidence.",Firm-specific moulding/process temperatures and heating technology sufficient to establish electrification temperature fit,NEEDS_RESEARCH,Codex provisional coding from repository evidence,2026-10-06,,,
P24,H&K Müller GmbH & Co. KG,process_electrification_potential,process_electrification_score,,10,not proposed — evidence gap,UNKNOWN,S-P24-02,"Injection moulding, toolmaking and decoration are documented, but no company-specific process-electrification measure, electric-heating route or machine technology is established.",Firm-specific electric process-heat or electrification use case and machine technology,NEEDS_RESEARCH,Codex provisional coding from repository evidence,2026-10-06,,,
P24,H&K Müller GmbH & Co. KG,process_electrification_potential,fossil_heat_displacement_score,,5,not proposed — evidence gap,UNKNOWN,S-P24-02,The current record does not establish whether material process heat is fossil-based. Missing public fossil-heat evidence is not converted to a zero.,"Current process-heat energy carrier and material fossil thermal service, if any",NEEDS_RESEARCH,Codex provisional coding from repository evidence,2026-10-06,,,
P24,H&K Müller GmbH & Co. KG,power_electronics_relevance,motor_drive_score,,8,not proposed — evidence gap,UNKNOWN,S-P24-02,"Injection moulding is documented, but machine-drive architecture, hydraulic/electric machine mix, compressors and other material motor applications are not established in the stored evidence.",Firm-specific injection-moulding machine drive architecture and other material motor/compressor loads,NEEDS_RESEARCH,Codex provisional coding from repository evidence,2026-10-06,,,
P24,H&K Müller GmbH & Co. KG,power_electronics_relevance,power_conversion_score,,8,not proposed — evidence gap,UNKNOWN,S-P24-02,"The source does not identify servo drives, converters, rectifiers, controlled electric heaters or other firm-specific power-conversion applications.",Firm-specific converter/servo/rectifier or controlled-electric-heat applications,NEEDS_RESEARCH,Codex provisional coding from repository evidence,2026-10-06,,,
P24,H&K Müller GmbH & Co. KG,power_electronics_relevance,automation_control_score,,4,not proposed — evidence gap,UNKNOWN,S-P24-02 | S-P24-03,"ISO 50001 is verified, but the stored evidence does not document plant automation architecture, coordinated machine control or energy-aware process control.","Firm-specific automation, sensing and coordinated process/energy-control evidence",NEEDS_RESEARCH,Codex provisional coding from repository evidence,2026-10-06,,,
P24,H&K Müller GmbH & Co. KG,load_flexibility_potential,scheduling_flex_score,,8,not proposed — evidence gap,UNKNOWN,S-P24-02,"The dossier explicitly leaves the operating schedule open. No shift pattern, buffer or evidence of schedulable production is stored.","Operating schedule, shift pattern and evidence of schedulable or bufferable production",NEEDS_RESEARCH,Codex provisional coding from repository evidence,2026-10-06,,,
P24,H&K Müller GmbH & Co. KG,load_flexibility_potential,thermal_storage_flex_score,,7,not proposed — evidence gap,UNKNOWN,S-P24-02,"No thermal store, cold store, process buffer or evidence-backed usable thermal inertia is documented.","Company-specific thermal/cold storage, process buffer or evidence-backed usable thermal inertia",NEEDS_RESEARCH,Codex provisional coding from repository evidence,2026-10-06,,,
P24,H&K Müller GmbH & Co. KG,grid_power_quality_relevance,incremental_load_score,,8,not proposed — evidence gap,UNKNOWN,S-P24-02,"No defined new electrification pathway is documented, so ordinal incremental-load relevance cannot be coded without inventing a conversion scenario.",Defined firm-specific electrification pathway sufficient for ordinal incremental-load relevance,NEEDS_RESEARCH,Codex provisional coding from repository evidence,2026-10-06,,,
P24,H&K Müller GmbH & Co. KG,grid_power_quality_relevance,power_quality_score,,4,not proposed — evidence gap,UNKNOWN,S-P24-02 | S-P24-03,"The dossier explicitly leaves deployed power-quality solutions open, and no harmonic, reactive-power, voltage-quality or nonlinear-load evidence is stored.","Firm-specific power-quality, nonlinear-load, converter or electrical peak evidence",NEEDS_RESEARCH,Codex provisional coding from repository evidence,2026-10-06,,,
P24,H&K Müller GmbH & Co. KG,grid_power_quality_relevance,onsite_integration_score,,3,not proposed — evidence gap,UNKNOWN,S-P24-02,"PV, batteries, microgrid operation and coordinated load management are all UNKNOWN in the canonical record.","Onsite generation, storage, microgrid or coordinated load-management evidence",NEEDS_RESEARCH,Codex provisional coding from repository evidence,2026-10-06,,,
P24,H&K Müller GmbH & Co. KG,observed_transition_gap,measures_gap_score,,10,not proposed — evidence gap,UNKNOWN,S-P24-02 | S-P24-03,"A current ISO 50001 certificate is verified, but the checked sources do not record a defined search result for concrete deployed energy-transition measures. Certification alone is not treated as a technology measure.",Concrete recent energy-transition measures or a defined negative measure search after adequate checks,NEEDS_RESEARCH,Codex provisional coding from repository evidence,2026-10-06,,,
P24,H&K Müller GmbH & Co. KG,observed_transition_gap,management_gap_score,0,5,verified mature management system,A,S-P24-03,A direct SKZ-Cert ISO 50001:2018 certificate verifies the energy-management system for all consumed energy quantities through 3 July 2029.,,AWAITING_HUMAN_REVIEW,Codex provisional coding from repository evidence,2026-10-06,,,
P24,H&K Müller GmbH & Co. KG,observed_transition_gap,targets_gap_score,5,5,no dated target found after defined checks,B,S-P24-01 | S-P24-02 | S-P24-03,The canonical company record explicitly states that no dated site-energy or decarbonisation target was found in the checked public sources.,,AWAITING_HUMAN_REVIEW,Codex provisional coding from repository evidence,2026-10-06,,,
P24,H&K Müller GmbH & Co. KG,observed_transition_gap,investment_gap_score,,5,not proposed — evidence gap,UNKNOWN,S-P24-02 | S-P24-03,"The current evidence establishes the site, process scope and ISO 50001 system but not recent energy-transition investments or a defined negative investment search over the lookback period.",Recent energy-transition investments or a defined negative investment search over the methodology lookback period,NEEDS_RESEARCH,Codex provisional coding from repository evidence,2026-10-06,,,
P23,FM-Plast GmbH,process_electrification_potential,temperature_fit_score,10,10,strong established fit,B,S-P23-02,"The company directly documents electric injection-moulding machines. The relevant production process is therefore already implemented with electric machine technology, supporting a strong established electrification fit even though exact process temperatures are not published.",,AWAITING_HUMAN_REVIEW,Codex provisional coding from repository evidence,2026-10-06,,,
P23,FM-Plast GmbH,process_electrification_potential,process_electrification_score,7,10,one clear firm-specific use case,A,S-P23-02,Electric injection-moulding machines are explicitly documented at FM-Plast. This is a clear firm-specific electrified production use case; the stored evidence does not establish several distinct electrification applications.,,AWAITING_HUMAN_REVIEW,Codex provisional coding from repository evidence,2026-10-06,,,
P23,FM-Plast GmbH,process_electrification_potential,fossil_heat_displacement_score,,5,not proposed — evidence gap,UNKNOWN,S-P23-02,"The environment page documents electric moulding machines and waste-heat reuse, but the canonical record still has public_fossil_heat_signal=UNKNOWN. Missing fossil-heat evidence is not treated as absence.",Current process-heat energy carrier and whether any material fossil thermal service remains at the Lennestadt site,NEEDS_RESEARCH,Codex provisional coding from repository evidence,2026-10-06,,,
P23,FM-Plast GmbH,power_electronics_relevance,motor_drive_score,5,8,material drive application,B,S-P23-02,"The company directly documents electric injection-moulding machines. This supports material electric drive relevance, while the repository does not establish several separate intensive drive systems or the machine drive architecture.",,AWAITING_HUMAN_REVIEW,Codex provisional coding from repository evidence,2026-10-06,,,
P23,FM-Plast GmbH,power_electronics_relevance,power_conversion_score,,8,not proposed — evidence gap,UNKNOWN,S-P23-02,"Electric moulding machines are documented, but servo drives, converters, rectifiers or controlled-heating power-electronics topology are not described in the stored evidence.",Firm-specific servo/converter/rectifier or controlled-electric-heating topology of the injection-moulding equipment,NEEDS_RESEARCH,Codex provisional coding from repository evidence,2026-10-06,,,
P23,FM-Plast GmbH,power_electronics_relevance,automation_control_score,,4,not proposed — evidence gap,UNKNOWN,S-P23-02 | S-P23-04,"ISO 50001 and electric moulding equipment are verified, but no plant automation architecture, coordinated machine control or energy-aware process control is documented.","Firm-specific automation, sensing and coordinated machine/energy-control evidence",NEEDS_RESEARCH,Codex provisional coding from repository evidence,2026-10-06,,,
P23,FM-Plast GmbH,load_flexibility_potential,scheduling_flex_score,,8,not proposed — evidence gap,UNKNOWN,S-P23-02,The operating schedule is explicitly still open in the dossier and three_shift_operation remains UNKNOWN. No documented shift pattern or dispatchable production window supports a scheduling anchor.,"Operating schedule, shift pattern and evidence of schedulable injection-moulding production",NEEDS_RESEARCH,Codex provisional coding from repository evidence,2026-10-06,,,
P23,FM-Plast GmbH,load_flexibility_potential,thermal_storage_flex_score,,7,not proposed — evidence gap,UNKNOWN,S-P23-02,"Closed-loop mould cooling and waste-heat reuse are documented, but no thermal store, cold store or evidence-backed buffer capacity is identified.","Dedicated thermal/cold storage, buffer capacity or evidence-backed usable thermal inertia",NEEDS_RESEARCH,Codex provisional coding from repository evidence,2026-10-06,,,
P23,FM-Plast GmbH,grid_power_quality_relevance,incremental_load_score,,8,not proposed — evidence gap,UNKNOWN,S-P23-02,The documented injection-moulding machines are already electric and no additional firm-specific electrification pathway is identified. The project therefore does not infer future incremental electrical load.,Defined new electrification pathway or expansion sufficient for ordinal incremental-load relevance,NEEDS_RESEARCH,Codex provisional coding from repository evidence,2026-10-06,,,
P23,FM-Plast GmbH,grid_power_quality_relevance,power_quality_score,1,4,possible relevance,C,S-P23-02,"Electric injection-moulding machines create possible drive/converter-related power-quality relevance, but no harmonic, reactive-power, voltage-quality or peak-load problem is documented.",,AWAITING_HUMAN_REVIEW,Codex provisional coding from repository evidence,2026-10-06,,,
P23,FM-Plast GmbH,grid_power_quality_relevance,onsite_integration_score,,3,not proposed — evidence gap,UNKNOWN,S-P23-02,"PV, battery storage, microgrid operation and coordinated load management remain UNKNOWN in the canonical company record.","Onsite generation, battery storage, microgrid or coordinated load-management evidence",NEEDS_RESEARCH,Codex provisional coding from repository evidence,2026-10-06,,,
P23,FM-Plast GmbH,observed_transition_gap,measures_gap_score,0,10,several concrete measures,A,S-P23-02 | S-P23-04,"Several concrete measures are directly documented: electric injection-moulding machines, closed-loop mould cooling, reuse of machine waste heat for production/warehouse heating and an operational ISO 50001 system.",,AWAITING_HUMAN_REVIEW,Codex provisional coding from repository evidence,2026-10-06,,,
P23,FM-Plast GmbH,observed_transition_gap,management_gap_score,0,5,verified mature management system,A,S-P23-04,A direct TÜV NORD ISO 50001:2018 certificate verifies the operational energy-management system for the Lennestadt injection-moulding site through 21 May 2027.,,AWAITING_HUMAN_REVIEW,Codex provisional coding from repository evidence,2026-10-06,,,
P23,FM-Plast GmbH,observed_transition_gap,targets_gap_score,5,5,no dated target found after defined checks,B,S-P23-01 | S-P23-02 | S-P23-04,"The canonical company record explicitly states that no dated site-energy or decarbonisation target was found in the checked public company, energy and certificate sources.",,AWAITING_HUMAN_REVIEW,Codex provisional coding from repository evidence,2026-10-06,,,
P23,FM-Plast GmbH,observed_transition_gap,investment_gap_score,,5,not proposed — evidence gap,UNKNOWN,S-P23-02 | S-P23-03,"Electric machines, cooling and heat-reuse measures are documented, but the stored evidence does not establish their investment dates or a defined recent-investment search over the methodology lookback period.",Dates and scope of recent energy-transition investments or a defined negative investment search over the lookback period,NEEDS_RESEARCH,Codex provisional coding from repository evidence,2026-10-06,,,
P11,B+T Oberflächentechnik GmbH,process_electrification_potential,temperature_fit_score,,10,not proposed — evidence gap,UNKNOWN,S-P11-02,"Electroplating and surface-treatment operations are documented, but the stored company evidence does not provide bath/drying temperatures or a sourced firm-specific electric-heat fit. The generic PR005 process-library row remains TO_RESEARCH and is not used as company evidence.",Firm-specific bath/drying temperatures and evidence-backed electric-heat technology fit,NEEDS_RESEARCH,Codex provisional coding from repository evidence,2026-10-06,,,
P11,B+T Oberflächentechnik GmbH,process_electrification_potential,process_electrification_score,,10,not proposed — evidence gap,UNKNOWN,S-P11-02,"The source confirms electroplating and digital process-data work, but no company-specific process-electrification measure or electric-heating route is documented.",Firm-specific process-electrification or electric-heating use case,NEEDS_RESEARCH,Codex provisional coding from repository evidence,2026-10-06,,,
P11,B+T Oberflächentechnik GmbH,process_electrification_potential,fossil_heat_displacement_score,,5,not proposed — evidence gap,UNKNOWN,S-P11-02,"The current record does not establish whether relevant thermal service is fossil-based, so fossil-heat displacement cannot be scored.","Current process-heat energy carrier and material fossil thermal service, if any",NEEDS_RESEARCH,Codex provisional coding from repository evidence,2026-10-06,,,
P11,B+T Oberflächentechnik GmbH,power_electronics_relevance,motor_drive_score,,8,not proposed — evidence gap,UNKNOWN,S-P11-02,"The stored evidence does not identify firm-specific pumps, fans, compressors or other material motor-drive applications.",Firm-specific motor/drive applications and their materiality,NEEDS_RESEARCH,Codex provisional coding from repository evidence,2026-10-06,,,
P11,B+T Oberflächentechnik GmbH,power_electronics_relevance,power_conversion_score,,8,not proposed — evidence gap,UNKNOWN,S-P11-02,"Electroplating is documented, but the repository does not directly document deployed rectifiers, converters or controlled-electric-heat equipment at the company. Process-type inference alone is not used.",Firm-specific rectifier/converter or controlled-electric-heat equipment evidence,NEEDS_RESEARCH,Codex provisional coding from repository evidence,2026-10-06,,,
P11,B+T Oberflächentechnik GmbH,power_electronics_relevance,automation_control_score,1,4,limited control relevance,B,S-P11-02,"The company directly documents digital process-data work in electroplating. This supports limited monitoring/control relevance, but not a strongly coordinated plant-wide control architecture.",,AWAITING_HUMAN_REVIEW,Codex provisional coding from repository evidence,2026-10-06,,,
P11,B+T Oberflächentechnik GmbH,load_flexibility_potential,scheduling_flex_score,,8,not proposed — evidence gap,UNKNOWN,S-P11-02,"The current dossier does not document shift pattern, batch timing, buffer capacity or load-shifting operation. Canonical batch/multi-shift signals are not treated as sufficient field evidence.","Operating schedule, batch pattern and evidence of schedulable or shiftable production",NEEDS_RESEARCH,Codex provisional coding from repository evidence,2026-10-06,,,
P11,B+T Oberflächentechnik GmbH,load_flexibility_potential,thermal_storage_flex_score,,7,not proposed — evidence gap,UNKNOWN,S-P11-02,"No thermal store, process buffer, cold store or evidence-backed usable thermal inertia is documented.",Company-specific thermal buffer/storage or evidence-backed usable thermal inertia,NEEDS_RESEARCH,Codex provisional coding from repository evidence,2026-10-06,,,
P11,B+T Oberflächentechnik GmbH,grid_power_quality_relevance,incremental_load_score,,8,not proposed — evidence gap,UNKNOWN,S-P11-02,"No defined new electrification pathway is documented, so ordinal incremental electrical-load relevance cannot be coded without inventing a scenario.",Defined firm-specific electrification pathway sufficient for ordinal incremental-load relevance,NEEDS_RESEARCH,Codex provisional coding from repository evidence,2026-10-06,,,
P11,B+T Oberflächentechnik GmbH,grid_power_quality_relevance,power_quality_score,,4,not proposed — evidence gap,UNKNOWN,S-P11-02,"The company dossier explicitly states that power-quality deployment is not proven. No firm-specific harmonic, reactive-power, voltage-quality or rectifier-related PQ evidence is stored.","Firm-specific power-quality, harmonic, reactive-power or rectifier-load evidence",NEEDS_RESEARCH,Codex provisional coding from repository evidence,2026-10-06,,,
P11,B+T Oberflächentechnik GmbH,grid_power_quality_relevance,onsite_integration_score,,3,not proposed — evidence gap,UNKNOWN,S-P11-01 | S-P11-02,"PV, battery storage, microgrid operation and coordinated load management are not established in the stored evidence.","Onsite generation, storage, microgrid or coordinated load-management evidence",NEEDS_RESEARCH,Codex provisional coding from repository evidence,2026-10-06,,,
P11,B+T Oberflächentechnik GmbH,observed_transition_gap,measures_gap_score,7,10,intentions / pilots only,B,S-P11-02 | S-P11-03,"Galvanik 4.1 digital process-data work and certified management systems are documented, but no concrete deployed energy technology measure is established in the current dossier. This supports the intentions/pilot anchor rather than zero measures.",,AWAITING_HUMAN_REVIEW,Codex provisional coding from repository evidence,2026-10-06,,,
P11,B+T Oberflächentechnik GmbH,observed_transition_gap,management_gap_score,0,5,verified mature management system,A,S-P11-03,A direct current LRQA certificate verifies ISO 50001:2018 and ISO 14001:2015 for the Hüttenberg and Wetzlar surface-treatment sites through 1 March 2029.,,AWAITING_HUMAN_REVIEW,Codex provisional coding from repository evidence,2026-10-06,,,
P11,B+T Oberflächentechnik GmbH,observed_transition_gap,targets_gap_score,3,5,vague or undated ambition,B,S-P11-01 | S-P11-02,The canonical record notes a sustainability strategy but no quantified site target. That supports a vague/undated ambition rather than a dated target or a complete no-target finding.,,AWAITING_HUMAN_REVIEW,Codex provisional coding from repository evidence,2026-10-06,,,
P11,B+T Oberflächentechnik GmbH,observed_transition_gap,investment_gap_score,3,5,announcement / pilot only,B,S-P11-02,"The Galvanik 4.1 research and digital process-data initiative is a documented pilot/research activity, while no several recent energy-transition investments are established in the current dossier.",,AWAITING_HUMAN_REVIEW,Codex provisional coding from repository evidence,2026-10-06,,,
P53,Brauerei Rittmayer Hallerndorf GmbH & Co. KG,process_electrification_potential,temperature_fit_score,,10,not proposed — evidence gap,UNKNOWN,S-P53-02,"The official sustainability page documents brewing, biomass heat, process-heat recovery and a heat store, but it does not provide process temperatures or a firm-specific electric-heat fit. PR003 remains TO_RESEARCH and is not used as substitute company evidence.",Firm-specific process temperatures and evidence-backed electric-heat technology fit,NEEDS_RESEARCH,Codex provisional coding from repository evidence,2026-10-06,,,
P53,Brauerei Rittmayer Hallerndorf GmbH & Co. KG,process_electrification_potential,process_electrification_score,,10,not proposed — evidence gap,UNKNOWN,S-P53-02,"The company documents a renewable thermal system but no firm-specific electric process-heat measure, heat pump, electric boiler or other electrification route.",Firm-specific process-heat electrification route or deployed electric heat application,NEEDS_RESEARCH,Codex provisional coding from repository evidence,2026-10-06,,,
P53,Brauerei Rittmayer Hallerndorf GmbH & Co. KG,process_electrification_potential,fossil_heat_displacement_score,,5,not proposed — evidence gap,UNKNOWN,S-P53-02,"Biomass heat is documented, but the stored evidence does not establish whether any material remaining process heat is fossil-based. Missing fossil-heat evidence is not converted to zero.","Current remaining process-heat energy carriers and material fossil thermal service, if any",NEEDS_RESEARCH,Codex provisional coding from repository evidence,2026-10-06,,,
P53,Brauerei Rittmayer Hallerndorf GmbH & Co. KG,power_electronics_relevance,motor_drive_score,,8,not proposed — evidence gap,UNKNOWN,S-P53-02,"The brewery process is documented, but the current repository evidence does not identify company-specific pumps, fans, compressors or other motor-drive applications with enough detail to anchor drive intensity.",Firm-specific motor/drive applications and their materiality,NEEDS_RESEARCH,Codex provisional coding from repository evidence,2026-10-06,,,
P53,Brauerei Rittmayer Hallerndorf GmbH & Co. KG,power_electronics_relevance,power_conversion_score,2,8,limited firm-specific conversion case,B,S-P53-02,"Onsite photovoltaic generation is directly documented, establishing a firm-specific inverter/power-conversion application. The evidence does not establish several central converter or controlled-electric-heat applications.",,AWAITING_HUMAN_REVIEW,Codex provisional coding from repository evidence,2026-10-06,,,
P53,Brauerei Rittmayer Hallerndorf GmbH & Co. KG,power_electronics_relevance,automation_control_score,,4,not proposed — evidence gap,UNKNOWN,S-P53-02,"Heat recovery and heat storage are documented, but no firm-specific plant automation architecture, coordinated process control or energy-aware control system is described.","Firm-specific automation, sensing and coordinated process/energy-control evidence",NEEDS_RESEARCH,Codex provisional coding from repository evidence,2026-10-06,,,
P53,Brauerei Rittmayer Hallerndorf GmbH & Co. KG,load_flexibility_potential,scheduling_flex_score,5,8,schedulable / buffered process,B,S-P53-02,"The company directly documents a heat store integrated with brewery process heat. This provides a real buffer between heat generation and use and therefore supports meaningful scheduling/buffering relevance, without proving several strong shifting options.",,AWAITING_HUMAN_REVIEW,Codex provisional coding from repository evidence,2026-10-06,,,
P53,Brauerei Rittmayer Hallerndorf GmbH & Co. KG,load_flexibility_potential,thermal_storage_flex_score,5,7,clear heat buffer,A,S-P53-02,"A heat store is directly documented in the brewery energy system. Its size and multi-use flexibility are not established, so the clear-buffer anchor is used rather than the maximum.",,AWAITING_HUMAN_REVIEW,Codex provisional coding from repository evidence,2026-10-06,,,
P53,Brauerei Rittmayer Hallerndorf GmbH & Co. KG,grid_power_quality_relevance,incremental_load_score,,8,not proposed — evidence gap,UNKNOWN,S-P53-02,No defined new electrification pathway is documented. Existing PV and thermal storage do not by themselves justify an incremental-load score.,Defined firm-specific electrification pathway sufficient for ordinal incremental-load relevance,NEEDS_RESEARCH,Codex provisional coding from repository evidence,2026-10-06,,,
P53,Brauerei Rittmayer Hallerndorf GmbH & Co. KG,grid_power_quality_relevance,power_quality_score,1,4,possible relevance,C,S-P53-02,"Onsite PV creates a plausible converter-related power-quality relevance, but no harmonic, reactive-power, voltage-quality or peak-load issue is documented.",,AWAITING_HUMAN_REVIEW,Codex provisional coding from repository evidence,2026-10-06,,,
P53,Brauerei Rittmayer Hallerndorf GmbH & Co. KG,grid_power_quality_relevance,onsite_integration_score,2,3,one clear onsite-integration use case,A,S-P53-02,"Photovoltaic generation is directly documented alongside process-heat recovery and thermal storage. This establishes a clear onsite-energy integration case, while coordinated PV/storage/load-management operation is not explicitly documented.",,AWAITING_HUMAN_REVIEW,Codex provisional coding from repository evidence,2026-10-06,,,
P53,Brauerei Rittmayer Hallerndorf GmbH & Co. KG,observed_transition_gap,measures_gap_score,0,10,several concrete measures,A,S-P53-02,"Several concrete deployed measures are documented: biomass heat, photovoltaic generation, process-heat recovery and heat storage.",,AWAITING_HUMAN_REVIEW,Codex provisional coding from repository evidence,2026-10-06,,,
P53,Brauerei Rittmayer Hallerndorf GmbH & Co. KG,observed_transition_gap,management_gap_score,5,5,no public management-system evidence after defined checks,B,S-P53-01 | S-P53-02,"ISO 50001, ISO 14001 and EMAS are all recorded as NOT_FOUND_AFTER_CHECK in the mandatory certificate review. This is a public-evidence gap score, not a claim that no internal system exists.",,AWAITING_HUMAN_REVIEW,Codex provisional coding from repository evidence,2026-10-06,,,
P53,Brauerei Rittmayer Hallerndorf GmbH & Co. KG,observed_transition_gap,targets_gap_score,5,5,no dated target found after defined checks,B,S-P53-01 | S-P53-02,The canonical company record explicitly states that no dated site-specific energy or decarbonisation target was found in the checked public sources.,,AWAITING_HUMAN_REVIEW,Codex provisional coding from repository evidence,2026-10-06,,,
P53,Brauerei Rittmayer Hallerndorf GmbH & Co. KG,observed_transition_gap,investment_gap_score,,5,not proposed — evidence gap,UNKNOWN,S-P53-02,"Several deployed measures are documented, but the current source record does not establish their implementation dates or a defined recent-investment lookback period.","Implementation dates for biomass heat, PV, heat recovery and heat storage sufficient to code recent investment activity",NEEDS_RESEARCH,Codex provisional coding from repository evidence,2026-10-06,,,
P20,DERIX Glasstudios GmbH & Co. KG,process_electrification_potential,temperature_fit_score,3,10,difficult / uncertain temperature fit,A,S-P20-04,"The official company process page documents manual hot forming with firing materials at approximately 800 °C. This is direct high-temperature process evidence, but no firm-specific electric-heating technology fit is established, so the conservative difficult/uncertain anchor is proposed.",,AWAITING_HUMAN_REVIEW,Codex provisional coding from repository evidence,2026-10-06,,,
P20,DERIX Glasstudios GmbH & Co. KG,process_electrification_potential,process_electrification_score,3,10,secondary / limited electrification indication,B,S-P20-04,"A firm-specific firing/hot-forming process at approximately 800 °C is directly documented. It creates an identifiable electrification-relevant process, but no electric kiln, resistance-heating retrofit or other company-specific electrification route is documented.",,AWAITING_HUMAN_REVIEW,Codex provisional coding from repository evidence,2026-10-06,,,
P20,DERIX Glasstudios GmbH & Co. KG,process_electrification_potential,fossil_heat_displacement_score,,5,not proposed — evidence gap,UNKNOWN,S-P20-04,"The kiln/hot-forming process is documented, but the current furnace energy carrier is not. Without that fact, fossil-heat displacement cannot be coded.",Current energy carrier for the approximately 800 °C hot-forming/firing process,NEEDS_RESEARCH,Codex provisional coding from repository evidence,2026-10-06,,,
P20,DERIX Glasstudios GmbH & Co. KG,power_electronics_relevance,motor_drive_score,,8,not proposed — evidence gap,UNKNOWN,S-P20-02 | S-P20-03 | S-P20-04,"Glass processing, etching and sandblasting are documented, but no firm-specific fans, pumps, compressors, blowers or other material drive systems are described with enough detail to anchor motor-drive relevance.",Firm-specific motor/drive applications and their materiality,NEEDS_RESEARCH,Codex provisional coding from repository evidence,2026-10-06,,,
P20,DERIX Glasstudios GmbH & Co. KG,power_electronics_relevance,power_conversion_score,,8,not proposed — evidence gap,UNKNOWN,S-P20-04,"A kiln-based firing process is documented, but the electrical topology and use of converters, rectifiers or controlled electric heating are not.",Kiln electrical topology and any converter/rectifier/controlled-electric-heat applications,NEEDS_RESEARCH,Codex provisional coding from repository evidence,2026-10-06,,,
P20,DERIX Glasstudios GmbH & Co. KG,power_electronics_relevance,automation_control_score,,4,not proposed — evidence gap,UNKNOWN,S-P20-02 | S-P20-04,"The stored sources describe specialised and partly manual glass processing, but no plant automation architecture, coordinated control or energy-related process-control system.","Firm-specific automation, sensing and coordinated-control evidence",NEEDS_RESEARCH,Codex provisional coding from repository evidence,2026-10-06,,,
P20,DERIX Glasstudios GmbH & Co. KG,load_flexibility_potential,scheduling_flex_score,5,8,schedulable / batch-oriented process,A,S-P20-04,"Manual hot forming and firing are documented as kiln-based batch processing rather than a continuously running melting furnace. This supports meaningful scheduling relevance, while several independent strong shifting options are not established.",,AWAITING_HUMAN_REVIEW,Codex provisional coding from repository evidence,2026-10-06,,,
P20,DERIX Glasstudios GmbH & Co. KG,load_flexibility_potential,thermal_storage_flex_score,,7,not proposed — evidence gap,UNKNOWN,S-P20-04,"The company documents a hot kiln process but no thermal store, recoverable heat buffer or evidence-backed usable thermal inertia suitable for load shifting.","Company-specific thermal storage, buffer or evidence-backed usable thermal inertia",NEEDS_RESEARCH,Codex provisional coding from repository evidence,2026-10-06,,,
P20,DERIX Glasstudios GmbH & Co. KG,grid_power_quality_relevance,incremental_load_score,,8,not proposed — evidence gap,UNKNOWN,S-P20-04,"No current furnace energy carrier or defined electrification pathway is documented, so ordinal incremental electrical-load relevance cannot be coded without inventing a conversion scenario.",Current kiln energy carrier and defined electrification pathway sufficient for ordinal incremental-load relevance,NEEDS_RESEARCH,Codex provisional coding from repository evidence,2026-10-06,,,
P20,DERIX Glasstudios GmbH & Co. KG,grid_power_quality_relevance,power_quality_score,,4,not proposed — evidence gap,UNKNOWN,S-P20-02 | S-P20-04,"No firm-specific harmonic, reactive-power, converter, voltage-quality or peak-load evidence is stored.","Firm-specific power-quality, converter-load or electrical peak evidence",NEEDS_RESEARCH,Codex provisional coding from repository evidence,2026-10-06,,,
P20,DERIX Glasstudios GmbH & Co. KG,grid_power_quality_relevance,onsite_integration_score,,3,not proposed — evidence gap,UNKNOWN,S-P20-01 | S-P20-02 | S-P20-03,"PV, battery storage, microgrid operation and coordinated load management are not established in the stored company evidence.","Onsite generation, storage, microgrid or coordinated load-management evidence",NEEDS_RESEARCH,Codex provisional coding from repository evidence,2026-10-06,,,
P20,DERIX Glasstudios GmbH & Co. KG,observed_transition_gap,measures_gap_score,10,10,no concrete measure found after adequate public search,B,S-P20-01 | S-P20-02 | S-P20-03 | S-P20-04,"The checked legal, company, industry-network and process sources establish the production process but do not document a concrete deployed site-energy or decarbonisation measure. This is a public-evidence gap, not proof that no measure exists internally.",,AWAITING_HUMAN_REVIEW,Codex provisional coding from repository evidence,2026-10-06,,,
P20,DERIX Glasstudios GmbH & Co. KG,observed_transition_gap,management_gap_score,5,5,no public management-system evidence after defined checks,B,S-P20-01 | S-P20-02 | S-P20-03 | S-P20-04,"ISO 50001, ISO 14001 and EMAS are all recorded as NOT_FOUND_AFTER_CHECK in the mandatory certificate review. The score represents the public evidence gap only.",,AWAITING_HUMAN_REVIEW,Codex provisional coding from repository evidence,2026-10-06,,,
P20,DERIX Glasstudios GmbH & Co. KG,observed_transition_gap,targets_gap_score,5,5,no dated target found after defined checks,B,S-P20-01 | S-P20-02 | S-P20-03 | S-P20-04,The canonical company record states that no dated site-energy or decarbonisation target was found in the checked public sources.,,AWAITING_HUMAN_REVIEW,Codex provisional coding from repository evidence,2026-10-06,,,
P20,DERIX Glasstudios GmbH & Co. KG,observed_transition_gap,investment_gap_score,,5,not proposed — evidence gap,UNKNOWN,S-P20-01 | S-P20-02 | S-P20-03 | S-P20-04,The checked sources do not establish recent energy-transition investments or a defined negative investment search over the methodology lookback period.,Recent energy-transition investments or a defined negative investment search over the lookback period,NEEDS_RESEARCH,Codex provisional coding from repository evidence,2026-10-06,,,
P21,Privatbrauerei MORITZ FIEGE GmbH & Co. KG,process_electrification_potential,temperature_fit_score,,10,UNKNOWN; no supported numeric anchor,UNKNOWN,S-P21-02 | S-P21-04,The cited sources define the evidence boundary; they do not establish the missing fact. Generic TO_RESEARCH process-library values are not used.,Source-linked operating temperatures and a firm-specific technology/temperature fit.,NEEDS_RESEARCH,Codex AI-assisted first-pass coding; human review pending,2026-10-06,,,
P21,Privatbrauerei MORITZ FIEGE GmbH & Co. KG,process_electrification_potential,process_electrification_score,,10,UNKNOWN; no supported numeric anchor,UNKNOWN,S-P21-02 | S-P21-04,The cited sources define the evidence boundary; they do not establish the missing fact. Generic TO_RESEARCH process-library values are not used.,Firm-specific electric-heat route beyond general process-steam transition intent.,NEEDS_RESEARCH,Codex AI-assisted first-pass coding; human review pending,2026-10-06,,,
P21,Privatbrauerei MORITZ FIEGE GmbH & Co. KG,process_electrification_potential,fossil_heat_displacement_score,,5,UNKNOWN; no supported numeric anchor,UNKNOWN,S-P21-02 | S-P21-04,The cited sources define the evidence boundary; they do not establish the missing fact. Generic TO_RESEARCH process-library values are not used.,Current fossil energy carrier and significance of fossil process heat at this site.,NEEDS_RESEARCH,Codex AI-assisted first-pass coding; human review pending,2026-10-06,,,
P21,Privatbrauerei MORITZ FIEGE GmbH & Co. KG,power_electronics_relevance,motor_drive_score,5,8,material drive application,B,S-P21-02,Efficient compressors support material drive relevance; no multiple-intensive-drive anchor is justified.,,AWAITING_HUMAN_REVIEW,Codex AI-assisted first-pass coding; human review pending,2026-10-06,,,
P21,Privatbrauerei MORITZ FIEGE GmbH & Co. KG,power_electronics_relevance,power_conversion_score,,8,UNKNOWN; no supported numeric anchor,UNKNOWN,S-P21-02 | S-P21-04,The cited sources define the evidence boundary; they do not establish the missing fact. Generic TO_RESEARCH process-library values are not used.,Firm-specific rectifier/converter/controlled-electric-heat topology and its materiality.,NEEDS_RESEARCH,Codex AI-assisted first-pass coding; human review pending,2026-10-06,,,
P21,Privatbrauerei MORITZ FIEGE GmbH & Co. KG,power_electronics_relevance,automation_control_score,,4,UNKNOWN; no supported numeric anchor,UNKNOWN,S-P21-02 | S-P21-04,The cited sources define the evidence boundary; they do not establish the missing fact. Generic TO_RESEARCH process-library values are not used.,Documented process controls beyond compact equipment design or carbon accounting.,NEEDS_RESEARCH,Codex AI-assisted first-pass coding; human review pending,2026-10-06,,,
P21,Privatbrauerei MORITZ FIEGE GmbH & Co. KG,load_flexibility_potential,scheduling_flex_score,,8,UNKNOWN; no supported numeric anchor,UNKNOWN,S-P21-02 | S-P21-04,The cited sources define the evidence boundary; they do not establish the missing fact. Generic TO_RESEARCH process-library values are not used.,"Current operating schedule, buffer constraints and usable load-shifting capability.",NEEDS_RESEARCH,Codex AI-assisted first-pass coding; human review pending,2026-10-06,,,
P21,Privatbrauerei MORITZ FIEGE GmbH & Co. KG,load_flexibility_potential,thermal_storage_flex_score,,7,UNKNOWN; no supported numeric anchor,UNKNOWN,S-P21-02 | S-P21-04,The cited sources define the evidence boundary; they do not establish the missing fact. Generic TO_RESEARCH process-library values are not used.,"Deployed thermal buffer/storage or documented usable thermal inertia, not an intention.",NEEDS_RESEARCH,Codex AI-assisted first-pass coding; human review pending,2026-10-06,,,
P21,Privatbrauerei MORITZ FIEGE GmbH & Co. KG,grid_power_quality_relevance,incremental_load_score,,8,UNKNOWN; no supported numeric anchor,UNKNOWN,S-P21-02 | S-P21-04,The cited sources define the evidence boundary; they do not establish the missing fact. Generic TO_RESEARCH process-library values are not used.,A current additional electrification route and ordinal incremental-load relevance.,NEEDS_RESEARCH,Codex AI-assisted first-pass coding; human review pending,2026-10-06,,,
P21,Privatbrauerei MORITZ FIEGE GmbH & Co. KG,grid_power_quality_relevance,power_quality_score,,4,UNKNOWN; no supported numeric anchor,UNKNOWN,S-P21-02 | S-P21-04,The cited sources define the evidence boundary; they do not establish the missing fact. Generic TO_RESEARCH process-library values are not used.,"Site-specific harmonics, reactive-power or electrical peak-load evidence.",NEEDS_RESEARCH,Codex AI-assisted first-pass coding; human review pending,2026-10-06,,,
P21,Privatbrauerei MORITZ FIEGE GmbH & Co. KG,grid_power_quality_relevance,onsite_integration_score,,3,UNKNOWN; no supported numeric anchor,UNKNOWN,S-P21-02 | S-P21-04,The cited sources define the evidence boundary; they do not establish the missing fact. Generic TO_RESEARCH process-library values are not used.,"Site-specific PV, storage or load-management integration evidence.",NEEDS_RESEARCH,Codex AI-assisted first-pass coding; human review pending,2026-10-06,,,
P21,Privatbrauerei MORITZ FIEGE GmbH & Co. KG,observed_transition_gap,measures_gap_score,0,10,several documented measures,B,S-P21-02 | S-P21-04,"The washer, air heat recovery and solar-air drying document several measures. The 2026 report corroborates the washer, not every older installation.",,AWAITING_HUMAN_REVIEW,Codex AI-assisted first-pass coding; human review pending,2026-10-06,,,
P21,Privatbrauerei MORITZ FIEGE GmbH & Co. KG,observed_transition_gap,management_gap_score,2,5,partial/other system,C,S-P21-04,"Ecocockpit provides a carbon-accounting basis. This is a provisional partial-system interpretation, not a verified EnMS or ISO 50001 claim.",,AWAITING_HUMAN_REVIEW,Codex AI-assisted first-pass coding; human review pending,2026-10-06,,,
P21,Privatbrauerei MORITZ FIEGE GmbH & Co. KG,observed_transition_gap,targets_gap_score,3,5,vague ambition,C,S-P21-02 | S-P21-04,Transformation intent is documented without a site-specific deadline and roadmap.,,AWAITING_HUMAN_REVIEW,Codex AI-assisted first-pass coding; human review pending,2026-10-06,,,
P21,Privatbrauerei MORITZ FIEGE GmbH & Co. KG,observed_transition_gap,investment_gap_score,,5,UNKNOWN; no supported numeric anchor,UNKNOWN,S-P21-02 | S-P21-04,The cited sources define the evidence boundary; they do not establish the missing fact. Generic TO_RESEARCH process-library values are not used.,Dates and scope of qualifying investments within 2021-10-06 to 2026-10-06; historical projects do not close the lookback check.,NEEDS_RESEARCH,Codex AI-assisted first-pass coding; human review pending,2026-10-06,,,
P27,BCE Special Ceramics GmbH,process_electrification_potential,temperature_fit_score,,10,UNKNOWN; no supported numeric anchor,UNKNOWN,S-P27-03 | S-P27-04,The cited sources define the evidence boundary; they do not establish the missing fact. Generic TO_RESEARCH process-library values are not used.,Source-linked operating temperatures and a firm-specific technology/temperature fit.,NEEDS_RESEARCH,Codex AI-assisted first-pass coding; human review pending,2026-10-06,,,
P27,BCE Special Ceramics GmbH,process_electrification_potential,process_electrification_score,7,10,one firm-specific historical electric-heat use case,C,S-P27-03,"ENITEC documents electrically heated small ovens. This establishes a historical firm-specific route, not current deployment or remaining fossil-heat displacement.",,AWAITING_HUMAN_REVIEW,Codex AI-assisted first-pass coding; human review pending,2026-10-06,,,
P27,BCE Special Ceramics GmbH,process_electrification_potential,fossil_heat_displacement_score,,5,UNKNOWN; no supported numeric anchor,UNKNOWN,S-P27-03 | S-P27-04,The cited sources define the evidence boundary; they do not establish the missing fact. Generic TO_RESEARCH process-library values are not used.,Current fossil energy carrier and significance of fossil process heat at this site.,NEEDS_RESEARCH,Codex AI-assisted first-pass coding; human review pending,2026-10-06,,,
P27,BCE Special Ceramics GmbH,power_electronics_relevance,motor_drive_score,8,8,multiple intensive machining-drive applications,B,S-P27-04,Multiple CNC and NC machining and grinding applications support the ordinal maximum drive anchor. No site electricity demand is estimated.,,AWAITING_HUMAN_REVIEW,Codex AI-assisted first-pass coding; human review pending,2026-10-06,,,
P27,BCE Special Ceramics GmbH,power_electronics_relevance,power_conversion_score,,8,UNKNOWN; no supported numeric anchor,UNKNOWN,S-P27-03 | S-P27-04,The cited sources define the evidence boundary; they do not establish the missing fact. Generic TO_RESEARCH process-library values are not used.,Firm-specific rectifier/converter/controlled-electric-heat topology and its materiality.,NEEDS_RESEARCH,Codex AI-assisted first-pass coding; human review pending,2026-10-06,,,
P27,BCE Special Ceramics GmbH,power_electronics_relevance,automation_control_score,3,4,clear process-control relevance,B,S-P27-04,CNC-controlled machining supports clear control relevance; coordinated site energy control remains unproven.,,AWAITING_HUMAN_REVIEW,Codex AI-assisted first-pass coding; human review pending,2026-10-06,,,
P27,BCE Special Ceramics GmbH,load_flexibility_potential,scheduling_flex_score,,8,UNKNOWN; no supported numeric anchor,UNKNOWN,S-P27-03 | S-P27-04,The cited sources define the evidence boundary; they do not establish the missing fact. Generic TO_RESEARCH process-library values are not used.,"Current operating schedule, buffer constraints and usable load-shifting capability.",NEEDS_RESEARCH,Codex AI-assisted first-pass coding; human review pending,2026-10-06,,,
P27,BCE Special Ceramics GmbH,load_flexibility_potential,thermal_storage_flex_score,,7,UNKNOWN; no supported numeric anchor,UNKNOWN,S-P27-03 | S-P27-04,The cited sources define the evidence boundary; they do not establish the missing fact. Generic TO_RESEARCH process-library values are not used.,"Deployed thermal buffer/storage or documented usable thermal inertia, not an intention.",NEEDS_RESEARCH,Codex AI-assisted first-pass coding; human review pending,2026-10-06,,,
P27,BCE Special Ceramics GmbH,grid_power_quality_relevance,incremental_load_score,,8,UNKNOWN; no supported numeric anchor,UNKNOWN,S-P27-03 | S-P27-04,The cited sources define the evidence boundary; they do not establish the missing fact. Generic TO_RESEARCH process-library values are not used.,A current additional electrification route and ordinal incremental-load relevance.,NEEDS_RESEARCH,Codex AI-assisted first-pass coding; human review pending,2026-10-06,,,
P27,BCE Special Ceramics GmbH,grid_power_quality_relevance,power_quality_score,,4,UNKNOWN; no supported numeric anchor,UNKNOWN,S-P27-03 | S-P27-04,The cited sources define the evidence boundary; they do not establish the missing fact. Generic TO_RESEARCH process-library values are not used.,"Site-specific harmonics, reactive-power or electrical peak-load evidence.",NEEDS_RESEARCH,Codex AI-assisted first-pass coding; human review pending,2026-10-06,,,
P27,BCE Special Ceramics GmbH,grid_power_quality_relevance,onsite_integration_score,,3,UNKNOWN; no supported numeric anchor,UNKNOWN,S-P27-03 | S-P27-04,The cited sources define the evidence boundary; they do not establish the missing fact. Generic TO_RESEARCH process-library values are not used.,"Site-specific PV, storage or load-management integration evidence.",NEEDS_RESEARCH,Codex AI-assisted first-pass coding; human review pending,2026-10-06,,,
P27,BCE Special Ceramics GmbH,observed_transition_gap,measures_gap_score,,10,UNKNOWN; no supported numeric anchor,UNKNOWN,S-P27-03 | S-P27-04,The cited sources define the evidence boundary; they do not establish the missing fact. Generic TO_RESEARCH process-library values are not used.,Current or recent concrete site-energy measures beyond the 2009-2012 research project.,NEEDS_RESEARCH,Codex AI-assisted first-pass coding; human review pending,2026-10-06,,,
P27,BCE Special Ceramics GmbH,observed_transition_gap,management_gap_score,5,5,no energy/environmental system evidence after defined checks,C,S-P27-01 | S-P27-04,"The recorded ISO 50001, ISO 14001 and EMAS checks found no public evidence. ISO 9001 is a quality-system claim; it does not close the energy/environmental gap. This is public-evidence coding, not non-certification proof.",,AWAITING_HUMAN_REVIEW,Codex AI-assisted first-pass coding; human review pending,2026-10-06,,,
P27,BCE Special Ceramics GmbH,observed_transition_gap,targets_gap_score,5,5,no dated site target found in checked scope,C,S-P27-01 | S-P27-03,The stored search scope records no dated site target. A historical project-level savings aim cannot substitute for a current company roadmap. Internal targets remain unknown.,,AWAITING_HUMAN_REVIEW,Codex AI-assisted first-pass coding; human review pending,2026-10-06,,,
P27,BCE Special Ceramics GmbH,observed_transition_gap,investment_gap_score,,5,UNKNOWN; no supported numeric anchor,UNKNOWN,S-P27-03 | S-P27-04,The cited sources define the evidence boundary; they do not establish the missing fact. Generic TO_RESEARCH process-library values are not used.,Dates and scope of qualifying investments within 2021-10-06 to 2026-10-06; historical projects do not close the lookback check.,NEEDS_RESEARCH,Codex AI-assisted first-pass coding; human review pending,2026-10-06,,,
P30,Privat-Brauerei Zötler GmbH,process_electrification_potential,temperature_fit_score,,10,UNKNOWN; no supported numeric anchor,UNKNOWN,S-P30-03 | S-P30-04 | S-P30-05,Cited sources define the evidence boundary without establishing the missing fact. Generic TO_RESEARCH process-library values are not substituted.,A company-specific electric-heat technology/temperature fit; cold maturation temperatures alone do not establish process-heat electrification fit.,NEEDS_RESEARCH,Codex AI-assisted first-pass coding; human review pending,2026-10-06,,,
P30,Privat-Brauerei Zötler GmbH,process_electrification_potential,process_electrification_score,,10,UNKNOWN; no supported numeric anchor,UNKNOWN,S-P30-03 | S-P30-04 | S-P30-05,Cited sources define the evidence boundary without establishing the missing fact. Generic TO_RESEARCH process-library values are not substituted.,"A firm-specific industrial electric-heat route; efficient cooling, biomass heat and electric logistics do not prove such a route.",NEEDS_RESEARCH,Codex AI-assisted first-pass coding; human review pending,2026-10-06,,,
P30,Privat-Brauerei Zötler GmbH,process_electrification_potential,fossil_heat_displacement_score,,5,UNKNOWN; no supported numeric anchor,UNKNOWN,S-P30-03 | S-P30-04 | S-P30-05,Cited sources define the evidence boundary without establishing the missing fact. Generic TO_RESEARCH process-library values are not substituted.,Fuel and materiality of remaining fossil process heat; an unspecified CHP fuel cannot be assumed fossil.,NEEDS_RESEARCH,Codex AI-assisted first-pass coding; human review pending,2026-10-06,,,
P30,Privat-Brauerei Zötler GmbH,power_electronics_relevance,motor_drive_score,,8,UNKNOWN; no supported numeric anchor,UNKNOWN,S-P30-03 | S-P30-04 | S-P30-05,Cited sources define the evidence boundary without establishing the missing fact. Generic TO_RESEARCH process-library values are not substituted.,"Firm-specific motor/compressor equipment and application intensity, beyond cooled tanks and unspecified refrigeration supply.",NEEDS_RESEARCH,Codex AI-assisted first-pass coding; human review pending,2026-10-06,,,
P30,Privat-Brauerei Zötler GmbH,power_electronics_relevance,power_conversion_score,,8,UNKNOWN; no supported numeric anchor,UNKNOWN,S-P30-03 | S-P30-04 | S-P30-05,Cited sources define the evidence boundary without establishing the missing fact. Generic TO_RESEARCH process-library values are not substituted.,Rectifier/converter/controlled-heat equipment topology and materiality; PV existence alone does not document production conversion equipment.,NEEDS_RESEARCH,Codex AI-assisted first-pass coding; human review pending,2026-10-06,,,
P30,Privat-Brauerei Zötler GmbH,power_electronics_relevance,automation_control_score,3,4,clear process-control relevance,B,S-P30-04,Individually adjustable tank cooling supports process-control relevance; this is not coordinated energy/load management.,,AWAITING_HUMAN_REVIEW,Codex AI-assisted first-pass coding; human review pending,2026-10-06,,,
P30,Privat-Brauerei Zötler GmbH,load_flexibility_potential,scheduling_flex_score,2,8,weak scheduling flexibility,C,S-P30-05,"Separate brews provide discrete stages; prolonged quality-constrained maturation justifies only a weak scheduling proposal, not dispatchable flexibility.",,AWAITING_HUMAN_REVIEW,Codex AI-assisted first-pass coding; human review pending,2026-10-06,,,
P30,Privat-Brauerei Zötler GmbH,load_flexibility_potential,thermal_storage_flex_score,,7,UNKNOWN; no supported numeric anchor,UNKNOWN,S-P30-03 | S-P30-04 | S-P30-05,Cited sources define the evidence boundary without establishing the missing fact. Generic TO_RESEARCH process-library values are not substituted.,A controllable heat/cold buffer or documented usable thermal inertia respecting product-quality constraints; maturation duration is not a storage-service proof.,NEEDS_RESEARCH,Codex AI-assisted first-pass coding; human review pending,2026-10-06,,,
P30,Privat-Brauerei Zötler GmbH,grid_power_quality_relevance,incremental_load_score,,8,UNKNOWN; no supported numeric anchor,UNKNOWN,S-P30-03 | S-P30-04 | S-P30-05,Cited sources define the evidence boundary without establishing the missing fact. Generic TO_RESEARCH process-library values are not substituted.,An identified additional industrial electrification route and ordinal incremental-load relevance; EVs do not establish a process-heat route.,NEEDS_RESEARCH,Codex AI-assisted first-pass coding; human review pending,2026-10-06,,,
P30,Privat-Brauerei Zötler GmbH,grid_power_quality_relevance,power_quality_score,,4,UNKNOWN; no supported numeric anchor,UNKNOWN,S-P30-03 | S-P30-04 | S-P30-05,Cited sources define the evidence boundary without establishing the missing fact. Generic TO_RESEARCH process-library values are not substituted.,Documented harmonic/reactive-power/peak-load signals or relevant electrical topology; renewable supply alone is insufficient.,NEEDS_RESEARCH,Codex AI-assisted first-pass coding; human review pending,2026-10-06,,,
P30,Privat-Brauerei Zötler GmbH,grid_power_quality_relevance,onsite_integration_score,2,3,one clear onsite PV integration use case,C,S-P30-03,The company reports PV expansion alongside its production energy measures. One onsite generation use case is proposed; coordinated control is not established.,,AWAITING_HUMAN_REVIEW,Codex AI-assisted first-pass coding; human review pending,2026-10-06,,,
P30,Privat-Brauerei Zötler GmbH,observed_transition_gap,measures_gap_score,3,10,some concrete measures,B,S-P30-03 | S-P30-04,Efficient tank cooling is directly documented. Other energy measures are publicly listed; their individual commissioning dates remain open.,,AWAITING_HUMAN_REVIEW,Codex AI-assisted first-pass coding; human review pending,2026-10-06,,,
P30,Privat-Brauerei Zötler GmbH,observed_transition_gap,management_gap_score,3,5,unverified environmental-management claim,C,S-P30-03,"EMAS is claimed, but the linked declaration is unavailable and current registration validity remains unresolved. No mature verified-system anchor is proposed.",,AWAITING_HUMAN_REVIEW,Codex AI-assisted first-pass coding; human review pending,2026-10-06,,,
P30,Privat-Brauerei Zötler GmbH,observed_transition_gap,targets_gap_score,3,5,vague environmental ambition,C,S-P30-03,Continuous emissions reduction is stated without a dated site target or implementation roadmap in the checked scope.,,AWAITING_HUMAN_REVIEW,Codex AI-assisted first-pass coding; human review pending,2026-10-06,,,
P30,Privat-Brauerei Zötler GmbH,observed_transition_gap,investment_gap_score,2,5,one recent efficiency investment,B,S-P30-04,The maturation-cellar completion in 2025 falls within the 2021-10-06 to 2026-10-06 lookback. Undated additional measures are not counted as recent investments.,,AWAITING_HUMAN_REVIEW,Codex AI-assisted first-pass coding; human review pending,2026-10-06,,,
P31,Brauerei Clemens Härle KG,process_electrification_potential,temperature_fit_score,,10,UNKNOWN; no supported numeric anchor,UNKNOWN,S-P31-02 | S-P31-03 | S-P31-04,Cited sources define the evidence boundary without establishing the missing fact. Generic TO_RESEARCH process-library values are not substituted.,A company-specific electric-heat technology/temperature fit; cold maturation temperatures alone do not establish process-heat electrification fit.,NEEDS_RESEARCH,Codex AI-assisted first-pass coding; human review pending,2026-10-06,,,
P31,Brauerei Clemens Härle KG,process_electrification_potential,process_electrification_score,,10,UNKNOWN; no supported numeric anchor,UNKNOWN,S-P31-02 | S-P31-03 | S-P31-04,Cited sources define the evidence boundary without establishing the missing fact. Generic TO_RESEARCH process-library values are not substituted.,"A firm-specific industrial electric-heat route; efficient cooling, biomass heat and electric logistics do not prove such a route.",NEEDS_RESEARCH,Codex AI-assisted first-pass coding; human review pending,2026-10-06,,,
P31,Brauerei Clemens Härle KG,process_electrification_potential,fossil_heat_displacement_score,0,5,no fossil process heat in the documented heat mix,B,S-P31-02,"The 2024 government case assigns all reported heat to wood chips and biogas. Zero describes this documented baseline, not all future/back-up fuels or zero electrification relevance.",,AWAITING_HUMAN_REVIEW,Codex AI-assisted first-pass coding; human review pending,2026-10-06,,,
P31,Brauerei Clemens Härle KG,power_electronics_relevance,motor_drive_score,,8,UNKNOWN; no supported numeric anchor,UNKNOWN,S-P31-02 | S-P31-03 | S-P31-04,Cited sources define the evidence boundary without establishing the missing fact. Generic TO_RESEARCH process-library values are not substituted.,"Firm-specific motor/compressor equipment and application intensity, beyond cooled tanks and unspecified refrigeration supply.",NEEDS_RESEARCH,Codex AI-assisted first-pass coding; human review pending,2026-10-06,,,
P31,Brauerei Clemens Härle KG,power_electronics_relevance,power_conversion_score,,8,UNKNOWN; no supported numeric anchor,UNKNOWN,S-P31-02 | S-P31-03 | S-P31-04,Cited sources define the evidence boundary without establishing the missing fact. Generic TO_RESEARCH process-library values are not substituted.,Rectifier/converter/controlled-heat equipment topology and materiality; PV existence alone does not document production conversion equipment.,NEEDS_RESEARCH,Codex AI-assisted first-pass coding; human review pending,2026-10-06,,,
P31,Brauerei Clemens Härle KG,power_electronics_relevance,automation_control_score,,4,UNKNOWN; no supported numeric anchor,UNKNOWN,S-P31-02 | S-P31-03 | S-P31-04,Cited sources define the evidence boundary without establishing the missing fact. Generic TO_RESEARCH process-library values are not substituted.,Firm-specific process automation or control equipment; manual quality checks and climate-framework participation are insufficient.,NEEDS_RESEARCH,Codex AI-assisted first-pass coding; human review pending,2026-10-06,,,
P31,Brauerei Clemens Härle KG,load_flexibility_potential,scheduling_flex_score,2,8,weak scheduling flexibility,C,S-P31-04,Discrete brewing and lengthy temperature-constrained fermentation/maturation support only weak scheduling relevance. No usable load shifting is claimed.,,AWAITING_HUMAN_REVIEW,Codex AI-assisted first-pass coding; human review pending,2026-10-06,,,
P31,Brauerei Clemens Härle KG,load_flexibility_potential,thermal_storage_flex_score,,7,UNKNOWN; no supported numeric anchor,UNKNOWN,S-P31-02 | S-P31-03 | S-P31-04,Cited sources define the evidence boundary without establishing the missing fact. Generic TO_RESEARCH process-library values are not substituted.,A controllable heat/cold buffer or documented usable thermal inertia respecting product-quality constraints; maturation duration is not a storage-service proof.,NEEDS_RESEARCH,Codex AI-assisted first-pass coding; human review pending,2026-10-06,,,
P31,Brauerei Clemens Härle KG,grid_power_quality_relevance,incremental_load_score,,8,UNKNOWN; no supported numeric anchor,UNKNOWN,S-P31-02 | S-P31-03 | S-P31-04,Cited sources define the evidence boundary without establishing the missing fact. Generic TO_RESEARCH process-library values are not substituted.,An identified additional industrial electrification route and ordinal incremental-load relevance; EVs do not establish a process-heat route.,NEEDS_RESEARCH,Codex AI-assisted first-pass coding; human review pending,2026-10-06,,,
P31,Brauerei Clemens Härle KG,grid_power_quality_relevance,power_quality_score,,4,UNKNOWN; no supported numeric anchor,UNKNOWN,S-P31-02 | S-P31-03 | S-P31-04,Cited sources define the evidence boundary without establishing the missing fact. Generic TO_RESEARCH process-library values are not substituted.,Documented harmonic/reactive-power/peak-load signals or relevant electrical topology; renewable supply alone is insufficient.,NEEDS_RESEARCH,Codex AI-assisted first-pass coding; human review pending,2026-10-06,,,
P31,Brauerei Clemens Härle KG,grid_power_quality_relevance,onsite_integration_score,2,3,one clear onsite generation use case,B,S-P31-03,Operating onsite PV supports a clear generation/production integration use case. Charging and expansion do not prove coordinated load control.,,AWAITING_HUMAN_REVIEW,Codex AI-assisted first-pass coding; human review pending,2026-10-06,,,
P31,Brauerei Clemens Härle KG,observed_transition_gap,measures_gap_score,0,10,several documented measures,B,S-P31-02 | S-P31-03 | S-P31-04,"Renewable heat, onsite PV, electric logistics and brewing heat-efficiency measures support several observed actions. Claimed savings are not independently verified.",,AWAITING_HUMAN_REVIEW,Codex AI-assisted first-pass coding; human review pending,2026-10-06,,,
P31,Brauerei Clemens Härle KG,observed_transition_gap,management_gap_score,2,5,partial/other sustainability framework,C,S-P31-02,"Government evidence documents KLIMAWIN participation. This supports a provisional partial-system anchor, not ISO 50001/EMAS or a verified EnMS.",,AWAITING_HUMAN_REVIEW,Codex AI-assisted first-pass coding; human review pending,2026-10-06,,,
P31,Brauerei Clemens Härle KG,observed_transition_gap,targets_gap_score,2,5,dated electricity objective,B,S-P31-02,Electricity self-sufficiency by 2028 is a dated objective. PV pilots/expansion do not establish a sufficiently detailed roadmap for the zero-gap anchor.,,AWAITING_HUMAN_REVIEW,Codex AI-assisted first-pass coding; human review pending,2026-10-06,,,
P31,Brauerei Clemens Härle KG,observed_transition_gap,investment_gap_score,0,5,several recent electrification investments,B,S-P31-03,Two electric delivery trucks are dated 2023 and 2026. These qualify as company energy-transition investments in the lookback; neither is process-heat electrification.,,AWAITING_HUMAN_REVIEW,Codex AI-assisted first-pass coding; human review pending,2026-10-06,,,
P43,WZR ceramic solutions GmbH,process_electrification_potential,temperature_fit_score,,10,UNKNOWN; no supported numeric anchor,UNKNOWN,S-P43-04 | S-P43-05,"Cited company sources establish the process/document boundary, but do not establish this field. Missing public evidence is not non-deployment; generic process-library assumptions are not substituted.","Full operating ranges, material/atmosphere requirements and evidence-backed electric-heat fit for actual site processes; coating lower bounds are insufficient.",NEEDS_RESEARCH,Codex AI-assisted first-pass coding; independent human review pending,2026-10-06,,,
P43,WZR ceramic solutions GmbH,process_electrification_potential,process_electrification_score,,10,UNKNOWN; no supported numeric anchor,UNKNOWN,S-P43-04 | S-P43-05,"Cited company sources establish the process/document boundary, but do not establish this field. Missing public evidence is not non-deployment; generic process-library assumptions are not substituted.",Firm-specific electric heating or conversion route; an oven/sintering process does not reveal its energy carrier.,NEEDS_RESEARCH,Codex AI-assisted first-pass coding; independent human review pending,2026-10-06,,,
P43,WZR ceramic solutions GmbH,process_electrification_potential,fossil_heat_displacement_score,,5,UNKNOWN; no supported numeric anchor,UNKNOWN,S-P43-04 | S-P43-05,"Cited company sources establish the process/document boundary, but do not establish this field. Missing public evidence is not non-deployment; generic process-library assumptions are not substituted.",Current process-heat fuel and material fossil thermal service eligible for displacement.,NEEDS_RESEARCH,Codex AI-assisted first-pass coding; independent human review pending,2026-10-06,,,
P43,WZR ceramic solutions GmbH,power_electronics_relevance,motor_drive_score,2,8,limited firm-specific drive application,B,S-P43-04,"The own in-house screw extruder conveys and mixes ceramic paste. A limited drive anchor is supported, without assigning intensive plant drive demand or a particular motor/converter architecture.",,AWAITING_HUMAN_REVIEW,Codex AI-assisted first-pass coding; independent human review pending,2026-10-06,,,
P43,WZR ceramic solutions GmbH,power_electronics_relevance,power_conversion_score,,8,UNKNOWN; no supported numeric anchor,UNKNOWN,S-P43-04 | S-P43-07,"Cited company sources establish the process/document boundary, but do not establish this field. Missing public evidence is not non-deployment; generic process-library assumptions are not substituted.","Actual motor converter, furnace power-supply or other material electrical conversion architecture.",NEEDS_RESEARCH,Codex AI-assisted first-pass coding; independent human review pending,2026-10-06,,,
P43,WZR ceramic solutions GmbH,power_electronics_relevance,automation_control_score,3,4,clear process-control relevance,B,S-P43-04,"The own extruder uses G-code for path, speed and material flow, with two separately controlled nozzles. This supports process-control relevance, not coordinated site energy/load control.",,AWAITING_HUMAN_REVIEW,Codex AI-assisted first-pass coding; independent human review pending,2026-10-06,,,
P43,WZR ceramic solutions GmbH,load_flexibility_potential,scheduling_flex_score,2,8,weak scheduling interpretation,C,S-P43-04,"Separate printing, hours-long drying and subsequent firing establish discrete stages. Only weak scheduling relevance is proposed; no flexible start window, dispatchable load or safe interruption is evidenced.",,AWAITING_HUMAN_REVIEW,Codex AI-assisted first-pass coding; independent human review pending,2026-10-06,,,
P43,WZR ceramic solutions GmbH,load_flexibility_potential,thermal_storage_flex_score,,7,UNKNOWN; no supported numeric anchor,UNKNOWN,S-P43-04 | S-P43-07,"Cited company sources establish the process/document boundary, but do not establish this field. Missing public evidence is not non-deployment; generic process-library assumptions are not substituted.",Usable thermal buffer/store or validated thermal inertia; drying duration and dilatometer measurement time are insufficient.,NEEDS_RESEARCH,Codex AI-assisted first-pass coding; independent human review pending,2026-10-06,,,
P43,WZR ceramic solutions GmbH,grid_power_quality_relevance,incremental_load_score,,8,UNKNOWN; no supported numeric anchor,UNKNOWN,S-P43-04 | S-P43-05,"Cited company sources establish the process/document boundary, but do not establish this field. Missing public evidence is not non-deployment; generic process-library assumptions are not substituted.",Defined new electrification scenario sufficient for ordinal load growth; no load value is invented.,NEEDS_RESEARCH,Codex AI-assisted first-pass coding; independent human review pending,2026-10-06,,,
P43,WZR ceramic solutions GmbH,grid_power_quality_relevance,power_quality_score,,4,UNKNOWN; no supported numeric anchor,UNKNOWN,S-P43-04 | S-P43-07,"Cited company sources establish the process/document boundary, but do not establish this field. Missing public evidence is not non-deployment; generic process-library assumptions are not substituted.","Firm-specific nonlinear supply, harmonics, reactive-power or peak-load signals, beyond the existence of a printer.",NEEDS_RESEARCH,Codex AI-assisted first-pass coding; independent human review pending,2026-10-06,,,
P43,WZR ceramic solutions GmbH,grid_power_quality_relevance,onsite_integration_score,,3,UNKNOWN; no supported numeric anchor,UNKNOWN,S-P43-06,"Cited company sources establish the process/document boundary, but do not establish this field. Missing public evidence is not non-deployment; generic process-library assumptions are not substituted.","Company/site PV, battery, microgrid or load-management integration evidence.",NEEDS_RESEARCH,Codex AI-assisted first-pass coding; independent human review pending,2026-10-06,,,
P43,WZR ceramic solutions GmbH,observed_transition_gap,measures_gap_score,7,10,energy-reduction intentions only in checked scope,C,S-P43-06,"The sustainability page expresses an intention to minimise electricity use. Archive digitisation and rainwater reuse are not counted as deployed energy assets; customer PT-Keramik savings are not own-site measures. Checked process, profile, sustainability and equipment pages do not substantiate a concrete own-site energy installation.",,AWAITING_HUMAN_REVIEW,Codex AI-assisted first-pass coding; independent human review pending,2026-10-06,,,
P43,WZR ceramic solutions GmbH,observed_transition_gap,management_gap_score,5,5,no energy/environmental system evidence after defined checks,C,S-P43-08 | S-P43-06,"The recorded ISO 50001, ISO 14001 and EMAS checks plus the current quality/sustainability pages and exact-name public search do not establish an energy/environmental system. ISO 9001 is a quality claim only. This codes the public evidence gap, not absence of internal certification.",,AWAITING_HUMAN_REVIEW,Codex AI-assisted first-pass coding; independent human review pending,2026-10-06,,,
P43,WZR ceramic solutions GmbH,observed_transition_gap,targets_gap_score,3,5,vague own-site energy ambition,B,S-P43-06,Minimising electricity consumption is an undated aspiration without a quantified company target or roadmap in the checked scope. Historical customer-product savings are not a dated site target.,,AWAITING_HUMAN_REVIEW,Codex AI-assisted first-pass coding; independent human review pending,2026-10-06,,,
P43,WZR ceramic solutions GmbH,observed_transition_gap,investment_gap_score,,5,UNKNOWN; no supported numeric anchor,UNKNOWN,S-P43-07 | S-P43-06,"Cited company sources establish the process/document boundary, but do not establish this field. Missing public evidence is not non-deployment; generic process-library assumptions are not substituted.",Dated own-site energy-transition investment within 2021-10-06 to 2026-10-06; printer and dilatometer investments do not establish this scope.,NEEDS_RESEARCH,Codex AI-assisted first-pass coding; independent human review pending,2026-10-06,,,
P13,Schmalriede-Zink GmbH,process_electrification_potential,temperature_fit_score,,10,UNKNOWN; no supported numeric anchor,UNKNOWN,S-P13-05,"Cited company sources establish the process/document boundary, but do not establish this field. Missing public evidence is not non-deployment; generic process-library assumptions are not substituted.","Actual owned onsite thermal processes, temperatures and validated electric-heat fit; product temperature resistance is not process temperature.",NEEDS_RESEARCH,Codex AI-assisted first-pass coding; independent human review pending,2026-10-06,,,
P13,Schmalriede-Zink GmbH,process_electrification_potential,process_electrification_score,,10,UNKNOWN; no supported numeric anchor,UNKNOWN,S-P13-03 | S-P13-05,"Cited company sources establish the process/document boundary, but do not establish this field. Missing public evidence is not non-deployment; generic process-library assumptions are not substituted.",Defined firm-specific process-heat conversion route; electrical deposition is not fossil-heat electrification and hardening may be a partner service.,NEEDS_RESEARCH,Codex AI-assisted first-pass coding; independent human review pending,2026-10-06,,,
P13,Schmalriede-Zink GmbH,process_electrification_potential,fossil_heat_displacement_score,,5,UNKNOWN; no supported numeric anchor,UNKNOWN,S-P13-05,"Cited company sources establish the process/document boundary, but do not establish this field. Missing public evidence is not non-deployment; generic process-library assumptions are not substituted.","Site thermal-service ownership, fuel mix and material fossil heat that could be displaced.",NEEDS_RESEARCH,Codex AI-assisted first-pass coding; independent human review pending,2026-10-06,,,
P13,Schmalriede-Zink GmbH,power_electronics_relevance,motor_drive_score,2,8,limited mechanical-drive relevance,C,S-P13-05,"The named centrifugal-finishing service describes a machine with a rotating disc. This supports only limited drive relevance; equipment ownership, drive rating and converter topology remain unresolved.",,AWAITING_HUMAN_REVIEW,Codex AI-assisted first-pass coding; independent human review pending,2026-10-06,,,
P13,Schmalriede-Zink GmbH,power_electronics_relevance,power_conversion_score,5,8,one material DC supply use case,C,S-P13-03 | S-P13-06,"The company-specific electroplating service and its authored explanation of DC deposition support one material DC power-supply/conversion use case. This is an ordinal engineering inference, not an inventory of installed rectifiers or modern efficient supplies.",,AWAITING_HUMAN_REVIEW,Codex AI-assisted first-pass coding; independent human review pending,2026-10-06,,,
P13,Schmalriede-Zink GmbH,power_electronics_relevance,automation_control_score,,4,UNKNOWN; no supported numeric anchor,UNKNOWN,S-P13-06 | S-P13-07,"Cited company sources establish the process/document boundary, but do not establish this field. Missing public evidence is not non-deployment; generic process-library assumptions are not substituted.",Actual plant control architecture or coordinated production/energy control; generic whitepaper AI/IoT statements and logistics software are insufficient.,NEEDS_RESEARCH,Codex AI-assisted first-pass coding; independent human review pending,2026-10-06,,,
P13,Schmalriede-Zink GmbH,load_flexibility_potential,scheduling_flex_score,2,8,weak scheduling relevance under three-shift operation,C,S-P13-02 | S-P13-07,"The documented barrel/rack process and three-shift operation support only a weak lot/stage scheduling interpretation. Shift work does not prove freely shiftable load, interruption tolerance or a production buffer.",,AWAITING_HUMAN_REVIEW,Codex AI-assisted first-pass coding; independent human review pending,2026-10-06,,,
P13,Schmalriede-Zink GmbH,load_flexibility_potential,thermal_storage_flex_score,,7,UNKNOWN; no supported numeric anchor,UNKNOWN,S-P13-02 | S-P13-07,"Cited company sources establish the process/document boundary, but do not establish this field. Missing public evidence is not non-deployment; generic process-library assumptions are not substituted.","Thermal storage, usable bath/heat buffer or validated thermal inertia; racks and warehouses do not establish this.",NEEDS_RESEARCH,Codex AI-assisted first-pass coding; independent human review pending,2026-10-06,,,
P13,Schmalriede-Zink GmbH,grid_power_quality_relevance,incremental_load_score,,8,UNKNOWN; no supported numeric anchor,UNKNOWN,S-P13-05,"Cited company sources establish the process/document boundary, but do not establish this field. Missing public evidence is not non-deployment; generic process-library assumptions are not substituted.",Defined incremental thermal electrification route and qualitative new-load relevance; existing DC plating does not prove load growth.,NEEDS_RESEARCH,Codex AI-assisted first-pass coding; independent human review pending,2026-10-06,,,
P13,Schmalriede-Zink GmbH,grid_power_quality_relevance,power_quality_score,1,4,possible power-quality relevance,C,S-P13-03 | S-P13-06,"DC supply for the documented electroplating application makes conversion-related effects possible. This is a limited inference; no measured harmonics, reactive-power issue, peak-load data or deployed mitigation is established.",,AWAITING_HUMAN_REVIEW,Codex AI-assisted first-pass coding; independent human review pending,2026-10-06,,,
P13,Schmalriede-Zink GmbH,grid_power_quality_relevance,onsite_integration_score,,3,UNKNOWN; no supported numeric anchor,UNKNOWN,S-P13-04 | S-P13-07,"Cited company sources establish the process/document boundary, but do not establish this field. Missing public evidence is not non-deployment; generic process-library assumptions are not substituted.","Own-site PV, battery, microgrid or coordinated load-management evidence.",NEEDS_RESEARCH,Codex AI-assisted first-pass coding; independent human review pending,2026-10-06,,,
P13,Schmalriede-Zink GmbH,observed_transition_gap,measures_gap_score,,10,UNKNOWN; no supported numeric anchor,UNKNOWN,S-P13-04 | S-P13-06 | S-P13-07,"Cited company sources establish the process/document boundary, but do not establish this field. Missing public evidence is not non-deployment; generic process-library assumptions are not substituted.",Concrete site energy measures or a sufficient energy-measure search; generic industry recommendations and wastewater chemical savings are not deployed energy technologies.,NEEDS_RESEARCH,Codex AI-assisted first-pass coding; independent human review pending,2026-10-06,,,
P13,Schmalriede-Zink GmbH,observed_transition_gap,management_gap_score,2,5,verified environmental system; energy-management maturity unresolved,B,S-P13-09,A direct current ISO 14001 certificate verifies environmental management for the exact candidate and site through 2029-02-20. A conservative partial/other-system anchor is proposed because energy-management maturity and ISO 50001/EMAS remain unverified; ISO 14001 is not treated as an EnMS.,,AWAITING_HUMAN_REVIEW,Codex AI-assisted first-pass coding; independent human review pending,2026-10-06,,,
P13,Schmalriede-Zink GmbH,observed_transition_gap,targets_gap_score,2,5,dated target without a verified roadmap,B,S-P13-04,"The company states climate neutrality by 2025. The dated-target anchor describes the published ambition only; the deadline has passed, achievement is UNKNOWN, and no roadmap is established. No claim of current climate neutrality follows.",,AWAITING_HUMAN_REVIEW,Codex AI-assisted first-pass coding; independent human review pending,2026-10-06,,,
P13,Schmalriede-Zink GmbH,observed_transition_gap,investment_gap_score,,5,UNKNOWN; no supported numeric anchor,UNKNOWN,S-P13-07,"Cited company sources establish the process/document boundary, but do not establish this field. Missing public evidence is not non-deployment; generic process-library assumptions are not substituted.",Dated energy-transition investment within 2021-10-06 to 2026-10-06; 2024 capacity and chemical-saving wastewater changes do not establish an energy investment.,NEEDS_RESEARCH,Codex AI-assisted first-pass coding; independent human review pending,2026-10-06,,,
P25,Scheplast GmbH,process_electrification_potential,temperature_fit_score,,10,UNKNOWN; no supported numeric anchor,UNKNOWN,S-P25-03,The cited public sources delimit the company/process evidence but do not establish this score field. Missing public evidence is not proof of non-deployment; UNKNOWN remains UNKNOWN.,Actual barrel/mould/utility process temperatures and validated electric-heat fit. Machine closing force in tonnes is not temperature or electrical power.,NEEDS_RESEARCH,Codex AI-assisted first-pass coding; independent human review pending,2026-10-07,,,
P25,Scheplast GmbH,process_electrification_potential,process_electrification_score,,10,UNKNOWN; no supported numeric anchor,UNKNOWN,S-P25-03 | S-P25-05 | S-P25-07,The cited public sources delimit the company/process evidence but do not establish this score field. Missing public evidence is not proof of non-deployment; UNKNOWN remains UNKNOWN.,"Firm-specific current thermal energy carrier and defined conversion route; injection moulding, PV and a bioenergy vision do not establish electric process heat.",NEEDS_RESEARCH,Codex AI-assisted first-pass coding; independent human review pending,2026-10-07,,,
P25,Scheplast GmbH,process_electrification_potential,fossil_heat_displacement_score,,5,UNKNOWN; no supported numeric anchor,UNKNOWN,S-P25-05 | S-P25-07,The cited public sources delimit the company/process evidence but do not establish this score field. Missing public evidence is not proof of non-deployment; UNKNOWN remains UNKNOWN.,Actual remaining fossil process heat and material displacement opportunity; renewable electricity and biobased feedstock do not establish the site fuel mix.,NEEDS_RESEARCH,Codex AI-assisted first-pass coding; independent human review pending,2026-10-07,,,
P25,Scheplast GmbH,power_electronics_relevance,motor_drive_score,2,8,limited mechanical-drive relevance,C,S-P25-07,"The company explicitly identifies robots in its own machine park. This supports a limited mechanical-drive relevance inference, not an electric/hydraulic injection-machine mix, rated drives or multiple intensive applications. Conflicting undated machine counts are not used.",,AWAITING_HUMAN_REVIEW,Codex AI-assisted first-pass coding; independent human review pending,2026-10-07,,,
P25,Scheplast GmbH,power_electronics_relevance,power_conversion_score,5,8,one material PV power-conversion use case,C,S-P25-05,"Own rooftop PV serving over 80 percent of its generated electricity as self-consumption supports one clear power-conversion use case. Converter relevance is an engineering inference; no inverter model, rating, efficiency upgrade or process rectifier is verified.",,AWAITING_HUMAN_REVIEW,Codex AI-assisted first-pass coding; independent human review pending,2026-10-07,,,
P25,Scheplast GmbH,power_electronics_relevance,automation_control_score,1,4,limited control relevance,C,S-P25-07,"The company-specific robotics description supports only limited control relevance. It does not establish sensing density, coordinated machine/energy control or an installed energy-management control platform.",,AWAITING_HUMAN_REVIEW,Codex AI-assisted first-pass coding; independent human review pending,2026-10-07,,,
P25,Scheplast GmbH,load_flexibility_potential,scheduling_flex_score,,8,UNKNOWN; no supported numeric anchor,UNKNOWN,S-P25-03 | S-P25-07,The cited public sources delimit the company/process evidence but do not establish this score field. Missing public evidence is not proof of non-deployment; UNKNOWN remains UNKNOWN.,"Actual operating pattern, admissible interruption/start windows and production buffer; small/large series alone do not establish shiftable energy demand.",NEEDS_RESEARCH,Codex AI-assisted first-pass coding; independent human review pending,2026-10-07,,,
P25,Scheplast GmbH,load_flexibility_potential,thermal_storage_flex_score,,7,UNKNOWN; no supported numeric anchor,UNKNOWN,S-P25-05,The cited public sources delimit the company/process evidence but do not establish this score field. Missing public evidence is not proof of non-deployment; UNKNOWN remains UNKNOWN.,"Thermal store, cold/heat buffer or usable validated thermal inertia; waste-heat utilisation alone is not storage.",NEEDS_RESEARCH,Codex AI-assisted first-pass coding; independent human review pending,2026-10-07,,,
P25,Scheplast GmbH,grid_power_quality_relevance,incremental_load_score,,8,UNKNOWN; no supported numeric anchor,UNKNOWN,S-P25-03 | S-P25-05,The cited public sources delimit the company/process evidence but do not establish this score field. Missing public evidence is not proof of non-deployment; UNKNOWN remains UNKNOWN.,Defined additional thermal electrification route and new-load materiality; existing PV and machines do not establish incremental load.,NEEDS_RESEARCH,Codex AI-assisted first-pass coding; independent human review pending,2026-10-07,,,
P25,Scheplast GmbH,grid_power_quality_relevance,power_quality_score,1,4,possible power-quality relevance,C,S-P25-05,"The own PV conversion use case supports possible conversion-related effects only. No measured harmonics, reactive-power problem, peak-load requirement or installed mitigation is established.",,AWAITING_HUMAN_REVIEW,Codex AI-assisted first-pass coding; independent human review pending,2026-10-07,,,
P25,Scheplast GmbH,grid_power_quality_relevance,onsite_integration_score,2,3,one clear own-site PV/self-consumption use case,B,S-P25-05,"The company explicitly describes rooftop PV on production, administration and warehouse buildings and over 80 percent self-consumption. This is one clear own-site integration use case; it is not a measured load profile, storage, microgrid or coordinated demand response.",,AWAITING_HUMAN_REVIEW,Codex AI-assisted first-pass coding; independent human review pending,2026-10-07,,,
P25,Scheplast GmbH,observed_transition_gap,measures_gap_score,3,10,some concrete energy measures,B,S-P25-05,"Own company evidence describes rooftop PV and waste-heat utilisation. The conservative some-measures anchor reflects those two concrete undated claims without treating recycling, awards or proposed bioenergy projects as further deployed energy technologies.",,AWAITING_HUMAN_REVIEW,Codex AI-assisted first-pass coding; independent human review pending,2026-10-07,,,
P25,Scheplast GmbH,observed_transition_gap,management_gap_score,2,5,verified environmental system; EnMS maturity unresolved,B,S-P25-06,"The direct exact-holder ISO 14001 certificate is current through 2027-02-26. It supports a partial/other-management-system anchor, not verified mature energy management, ISO 50001 or EMAS. Independent human coding review is pending.",,AWAITING_HUMAN_REVIEW,Codex AI-assisted first-pass coding; independent human review pending,2026-10-07,,,
P25,Scheplast GmbH,observed_transition_gap,targets_gap_score,3,5,vague undated energy/environment ambition,B,S-P25-05 | S-P25-07,The published bioenergy/circular-economy vision and future-oriented energy-management ambition are undated. Official process/energy/certificate pages and exact-name public energy/target searches on 2026-10-07 establish this public-documentation anchor only; no dated site energy target or achievement is inferred.,,AWAITING_HUMAN_REVIEW,Codex AI-assisted first-pass coding; independent human review pending,2026-10-07,,,
P25,Scheplast GmbH,observed_transition_gap,investment_gap_score,,5,UNKNOWN; no supported numeric anchor,UNKNOWN,S-P25-05 | S-P25-06 | S-P25-07,The cited public sources delimit the company/process evidence but do not establish this score field. Missing public evidence is not proof of non-deployment; UNKNOWN remains UNKNOWN.,Commissioning/investment dates for energy measures within 2021-10-07 to 2026-10-07. Undated PV/waste-heat claims and a certificate renewal are not a dated recent transition investment.,NEEDS_RESEARCH,Codex AI-assisted first-pass coding; independent human review pending,2026-10-07,,,
P15,ELOXAL BARZ GmbH & Co KG,process_electrification_potential,temperature_fit_score,,10,UNKNOWN; no supported numeric anchor,UNKNOWN,S-P15-03 | S-P15-04,The cited public sources delimit the company/process evidence but do not establish this score field. Missing public evidence is not proof of non-deployment; UNKNOWN remains UNKNOWN.,Actual current bath/sealing/heating temperatures and electric-heat fit. Historical minus-5-deg-C coolant and generic PVC/ABS limits are not actual process-heat temperatures.,NEEDS_RESEARCH,Codex AI-assisted first-pass coding; independent human review pending,2026-10-07,,,
P15,ELOXAL BARZ GmbH & Co KG,process_electrification_potential,process_electrification_score,,10,UNKNOWN; no supported numeric anchor,UNKNOWN,S-P15-03 | S-P15-04,The cited public sources delimit the company/process evidence but do not establish this score field. Missing public evidence is not proof of non-deployment; UNKNOWN remains UNKNOWN.,"Owned current thermal services, energy carriers and a firm-specific heat-conversion route; electrochemical anodising is not thermal electrification.",NEEDS_RESEARCH,Codex AI-assisted first-pass coding; independent human review pending,2026-10-07,,,
P15,ELOXAL BARZ GmbH & Co KG,process_electrification_potential,fossil_heat_displacement_score,,5,UNKNOWN; no supported numeric anchor,UNKNOWN,S-P15-03 | S-P15-04,The cited public sources delimit the company/process evidence but do not establish this score field. Missing public evidence is not proof of non-deployment; UNKNOWN remains UNKNOWN.,"Actual fossil thermal demand, current fuel mix and material displacement potential.",NEEDS_RESEARCH,Codex AI-assisted first-pass coding; independent human review pending,2026-10-07,,,
P15,ELOXAL BARZ GmbH & Co KG,power_electronics_relevance,motor_drive_score,,8,UNKNOWN; no supported numeric anchor,UNKNOWN,S-P15-03 | S-P15-04,The cited public sources delimit the company/process evidence but do not establish this score field. Missing public evidence is not proof of non-deployment; UNKNOWN remains UNKNOWN.,Current named material motor/pump/compressor/handling applications and drive relevance; pipes and valves alone do not establish these loads.,NEEDS_RESEARCH,Codex AI-assisted first-pass coding; independent human review pending,2026-10-07,,,
P15,ELOXAL BARZ GmbH & Co KG,power_electronics_relevance,power_conversion_score,5,8,one material electrochemical power-supply use case,C,S-P15-03 | S-P15-04,"Company-specific electrochemical anodising, corroborated by the supplier-authored electrical-oxidation description, supports a material electrochemical power-supply/conversion use case as an engineering inference. Rectifier inventory, topology, rating and efficient-supply deployment remain unverified.",,AWAITING_HUMAN_REVIEW,Codex AI-assisted first-pass coding; independent human review pending,2026-10-07,,,
P15,ELOXAL BARZ GmbH & Co KG,power_electronics_relevance,automation_control_score,,4,UNKNOWN; no supported numeric anchor,UNKNOWN,S-P15-03 | S-P15-04 | S-P15-05,The cited public sources delimit the company/process evidence but do not establish this score field. Missing public evidence is not proof of non-deployment; UNKNOWN remains UNKNOWN.,Current plant sensing/control architecture and relevance. A 2016 flow transmitter and public role mentioning automatic plants do not establish current coordinated or energy-related control.,NEEDS_RESEARCH,Codex AI-assisted first-pass coding; independent human review pending,2026-10-07,,,
P15,ELOXAL BARZ GmbH & Co KG,load_flexibility_potential,scheduling_flex_score,,8,UNKNOWN; no supported numeric anchor,UNKNOWN,S-P15-03,The cited public sources delimit the company/process evidence but do not establish this score field. Missing public evidence is not proof of non-deployment; UNKNOWN remains UNKNOWN.,"Actual schedule, batch-start/interruption tolerance and buffers. An offer of small series does not establish shiftable load or multi-shift operation.",NEEDS_RESEARCH,Codex AI-assisted first-pass coding; independent human review pending,2026-10-07,,,
P15,ELOXAL BARZ GmbH & Co KG,load_flexibility_potential,thermal_storage_flex_score,,7,UNKNOWN; no supported numeric anchor,UNKNOWN,S-P15-04,The cited public sources delimit the company/process evidence but do not establish this score field. Missing public evidence is not proof of non-deployment; UNKNOWN remains UNKNOWN.,"Current thermal storage, validated bath/coolant buffering or usable thermal inertia; insulated lines and cooling service alone do not establish storage.",NEEDS_RESEARCH,Codex AI-assisted first-pass coding; independent human review pending,2026-10-07,,,
P15,ELOXAL BARZ GmbH & Co KG,grid_power_quality_relevance,incremental_load_score,,8,UNKNOWN; no supported numeric anchor,UNKNOWN,S-P15-03 | S-P15-04,The cited public sources delimit the company/process evidence but do not establish this score field. Missing public evidence is not proof of non-deployment; UNKNOWN remains UNKNOWN.,A defined additional heat-electrification route and ordinal incremental-load relevance; existing electrical anodising is not new load growth.,NEEDS_RESEARCH,Codex AI-assisted first-pass coding; independent human review pending,2026-10-07,,,
P15,ELOXAL BARZ GmbH & Co KG,grid_power_quality_relevance,power_quality_score,1,4,possible power-quality relevance,C,S-P15-03 | S-P15-04,"Electrical supply for the documented electrochemical process makes conversion-related effects possible. This is a limited inference, not measured harmonics, reactive power, peak-load data or a deployed solution.",,AWAITING_HUMAN_REVIEW,Codex AI-assisted first-pass coding; independent human review pending,2026-10-07,,,
P15,ELOXAL BARZ GmbH & Co KG,grid_power_quality_relevance,onsite_integration_score,,3,UNKNOWN; no supported numeric anchor,UNKNOWN,S-P15-03 | S-P15-05,The cited public sources delimit the company/process evidence but do not establish this score field. Missing public evidence is not proof of non-deployment; UNKNOWN remains UNKNOWN.,"Own-site PV, battery, microgrid or load-management integration evidence; an energy-management job role is not deployed technology.",NEEDS_RESEARCH,Codex AI-assisted first-pass coding; independent human review pending,2026-10-07,,,
P15,ELOXAL BARZ GmbH & Co KG,observed_transition_gap,measures_gap_score,,10,UNKNOWN; no supported numeric anchor,UNKNOWN,S-P15-03 | S-P15-04 | S-P15-05,The cited public sources delimit the company/process evidence but do not establish this score field. Missing public evidence is not proof of non-deployment; UNKNOWN remains UNKNOWN.,Current concrete energy technologies or verified continuity/energy effect of the historical 2016 insulated-line case. Public role duties do not identify deployed measures; no no-measure anchor is assigned.,NEEDS_RESEARCH,Codex AI-assisted first-pass coding; independent human review pending,2026-10-07,,,
P15,ELOXAL BARZ GmbH & Co KG,observed_transition_gap,management_gap_score,3,5,unverified energy-management claim,C,S-P15-05 | S-P15-01,"A publicly visible self-reported energy-management officer role since December 2016 describes energy-audit and saving duties at the same company; the company imprint names that representative. This supports the unverified-claim anchor only, not a certified EnMS, current audit results, mature-system proof or human approval.",,AWAITING_HUMAN_REVIEW,Codex AI-assisted first-pass coding; independent human review pending,2026-10-07,,,
P15,ELOXAL BARZ GmbH & Co KG,observed_transition_gap,targets_gap_score,5,5,no dated public target found after defined checks,B,S-P15-03 | S-P15-04 | S-P15-05,"Checked official company/process/imprint sections, supplier case, public energy-role entry and exact-name public energy/certification/CO2/target searches on 2026-10-07. No dated site-energy/decarbonisation target was located in that public scope. This is a public-documentation-gap anchor, not proof that no internal target exists or that no technology is deployed.",,AWAITING_HUMAN_REVIEW,Codex AI-assisted first-pass coding; independent human review pending,2026-10-07,,,
P15,ELOXAL BARZ GmbH & Co KG,observed_transition_gap,investment_gap_score,,5,UNKNOWN; no supported numeric anchor,UNKNOWN,S-P15-04 | S-P15-05,The cited public sources delimit the company/process evidence but do not establish this score field. Missing public evidence is not proof of non-deployment; UNKNOWN remains UNKNOWN.,"Dated energy-transition investment within 2021-10-07 to 2026-10-07. The supplier case is explicitly from 2016, outside the lookback; ongoing role duties and web crawl dates are not investment dates.",NEEDS_RESEARCH,Codex AI-assisted first-pass coding; independent human review pending,2026-10-07,,,
P26,Barth Galvanik GmbH,process_electrification_potential,temperature_fit_score,,10,UNKNOWN; no supported numeric anchor,UNKNOWN,S-P26-06 | S-P26-07,The cited public company-specific evidence does not establish this field. Missing public evidence is not proof of non-deployment; UNKNOWN remains UNKNOWN.,"Actual hardening/annealing/bath temperatures and thermal fit; 600 HV is hardness, not degrees C.",NEEDS_RESEARCH,Codex AI-assisted first-pass coding; independent human review pending,2026-10-07,,,
P26,Barth Galvanik GmbH,process_electrification_potential,process_electrification_score,7,10,one clear owned induction-heat use case,B,S-P26-06 | S-P26-07,"Own induction-hardening machine and its actual screw-heating process establish one electric thermal use case. This does not establish belt-furnace electrification, additional load, fossil displacement or a commissioned transition date.",,AWAITING_HUMAN_REVIEW,Codex AI-assisted first-pass coding; independent human review pending,2026-10-07,,,
P26,Barth Galvanik GmbH,process_electrification_potential,fossil_heat_displacement_score,,5,UNKNOWN; no supported numeric anchor,UNKNOWN,S-P26-06 | S-P26-08,The cited public company-specific evidence does not establish this field. Missing public evidence is not proof of non-deployment; UNKNOWN remains UNKNOWN.,"Actual remaining fossil process heat, belt-furnace/bath fuels and displacement materiality; electric induction does not establish the other fuel mix.",NEEDS_RESEARCH,Codex AI-assisted first-pass coding; independent human review pending,2026-10-07,,,
P26,Barth Galvanik GmbH,power_electronics_relevance,motor_drive_score,2,8,limited mechanical-drive relevance,C,S-P26-06 | S-P26-07,Explicit individual screw rotation and continuous belt processing support limited drive relevance as an engineering inference. No rated drive inventory or material motor-intensive plant mix is established.,,AWAITING_HUMAN_REVIEW,Codex AI-assisted first-pass coding; independent human review pending,2026-10-07,,,
P26,Barth Galvanik GmbH,power_electronics_relevance,power_conversion_score,5,8,one material controlled induction-conversion use case,B,S-P26-07 | S-P26-08,Own induction hardening is one material power-conversion use case. The documented process is direct; conversion relevance remains engineering interpretation without a verified topology/rating. Additional galvanic recipes are not counted as distinct power supplies.,,AWAITING_HUMAN_REVIEW,Codex AI-assisted first-pass coding; independent human review pending,2026-10-07,,,
P26,Barth Galvanik GmbH,power_electronics_relevance,automation_control_score,3,4,clear quality sensing and automated control,B,S-P26-07,"Individual quality parameters are monitored and rejects automatically segregated. This supports clear sensing/control relevance, not coordinated energy control or demand response.",,AWAITING_HUMAN_REVIEW,Codex AI-assisted first-pass coding; independent human review pending,2026-10-07,,,
P26,Barth Galvanik GmbH,load_flexibility_potential,scheduling_flex_score,,8,UNKNOWN; no supported numeric anchor,UNKNOWN,S-P26-06 | S-P26-07,The cited public company-specific evidence does not establish this field. Missing public evidence is not proof of non-deployment; UNKNOWN remains UNKNOWN.,Actual admissible production-start/interruption windows and buffers; continuous belts and a subsecond individual hardening cycle are not a load-shifting window.,NEEDS_RESEARCH,Codex AI-assisted first-pass coding; independent human review pending,2026-10-07,,,
P26,Barth Galvanik GmbH,load_flexibility_potential,thermal_storage_flex_score,,7,UNKNOWN; no supported numeric anchor,UNKNOWN,S-P26-06,The cited public company-specific evidence does not establish this field. Missing public evidence is not proof of non-deployment; UNKNOWN remains UNKNOWN.,"Named thermal buffer, store or validated usable inertia and its operating window; furnaces alone do not establish storage.",NEEDS_RESEARCH,Codex AI-assisted first-pass coding; independent human review pending,2026-10-07,,,
P26,Barth Galvanik GmbH,grid_power_quality_relevance,incremental_load_score,,8,UNKNOWN; no supported numeric anchor,UNKNOWN,S-P26-06 | S-P26-07,The cited public company-specific evidence does not establish this field. Missing public evidence is not proof of non-deployment; UNKNOWN remains UNKNOWN.,"Defined additional electrification route and incremental-load relevance; current induction is existing demand, not new load.",NEEDS_RESEARCH,Codex AI-assisted first-pass coding; independent human review pending,2026-10-07,,,
P26,Barth Galvanik GmbH,grid_power_quality_relevance,power_quality_score,1,4,possible conversion-related power-quality relevance,C,S-P26-07,"Induction conversion makes power-quality effects possible; no actual harmonics, reactive-power problem or mitigation inventory is established.",,AWAITING_HUMAN_REVIEW,Codex AI-assisted first-pass coding; independent human review pending,2026-10-07,,,
P26,Barth Galvanik GmbH,grid_power_quality_relevance,onsite_integration_score,,3,UNKNOWN; no supported numeric anchor,UNKNOWN,S-P26-04 | S-P26-06,The cited public company-specific evidence does not establish this field. Missing public evidence is not proof of non-deployment; UNKNOWN remains UNKNOWN.,"Own PV, battery, microgrid or load-management integration; a certified EnMS does not establish these technologies.",NEEDS_RESEARCH,Codex AI-assisted first-pass coding; independent human review pending,2026-10-07,,,
P26,Barth Galvanik GmbH,observed_transition_gap,measures_gap_score,3,10,some concrete measures,B,S-P26-04 | S-P26-07,"Existing induction thermal processing and a current certified EnMS provide some concrete energy-relevant measures. Commissioning dates, measured saving effect and a broad transition portfolio are not established; old electric equipment is not assumed newly substituted fossil heat.",,AWAITING_HUMAN_REVIEW,Codex AI-assisted first-pass coding; independent human review pending,2026-10-07,,,
P26,Barth Galvanik GmbH,observed_transition_gap,management_gap_score,0,5,verified current certified EnMS,A,S-P26-04,"Direct exact-holder ISO 50001 certificate, including annex, is valid 2024-06-26 to 2027-06-25. It establishes the mature-system anchor as a pending coding proposal; canonical deployment and Anna human review are unchanged.",,AWAITING_HUMAN_REVIEW,Codex AI-assisted first-pass coding; independent human review pending,2026-10-07,,,
P26,Barth Galvanik GmbH,observed_transition_gap,targets_gap_score,5,5,no dated public target found within defined search scope,B,S-P26-01 | S-P26-06 | S-P26-09,Official homepage/process/download/certification sections and exact-name public energy/CO2/target searches inspected on 2026-10-07. No dated company energy target located in that scope. Industry/political 2030 pledges are not attributed to Barth; internal targets are not assumed absent.,,AWAITING_HUMAN_REVIEW,Codex AI-assisted first-pass coding; independent human review pending,2026-10-07,,,
P26,Barth Galvanik GmbH,observed_transition_gap,investment_gap_score,,5,UNKNOWN; no supported numeric anchor,UNKNOWN,S-P26-04 | S-P26-06 | S-P26-07,The cited public company-specific evidence does not establish this field. Missing public evidence is not proof of non-deployment; UNKNOWN remains UNKNOWN.,Energy-investment commissioning dates within 2021-10-07 to 2026-10-07; undated installations and certificate renewals are not dated transition investments.,NEEDS_RESEARCH,Codex AI-assisted first-pass coding; independent human review pending,2026-10-07,,,
P28,Berg Brauerei Ulrich Zimmermann GmbH & Co. KG,process_electrification_potential,temperature_fit_score,,10,UNKNOWN; no supported numeric anchor,UNKNOWN,S-P28-03 | S-P28-05,The cited public company-specific evidence does not establish this field. Missing public evidence is not proof of non-deployment; UNKNOWN remains UNKNOWN.,"Actual process-heat temperature and electric thermal-route fit; cooling/maturation temperatures do not establish this. Suspect 90-deg-C ice-water claim is unresolved, not corrected or used.",NEEDS_RESEARCH,Codex AI-assisted first-pass coding; independent human review pending,2026-10-07,,,
P28,Berg Brauerei Ulrich Zimmermann GmbH & Co. KG,process_electrification_potential,process_electrification_score,,10,UNKNOWN; no supported numeric anchor,UNKNOWN,S-P28-03 | S-P28-04,The cited public company-specific evidence does not establish this field. Missing public evidence is not proof of non-deployment; UNKNOWN remains UNKNOWN.,Defined owned heat-electrification route and current process-heat carrier; electric refrigeration/PV do not establish brewery heat conversion.,NEEDS_RESEARCH,Codex AI-assisted first-pass coding; independent human review pending,2026-10-07,,,
P28,Berg Brauerei Ulrich Zimmermann GmbH & Co. KG,process_electrification_potential,fossil_heat_displacement_score,,5,UNKNOWN; no supported numeric anchor,UNKNOWN,S-P28-03 | S-P28-04,The cited public company-specific evidence does not establish this field. Missing public evidence is not proof of non-deployment; UNKNOWN remains UNKNOWN.,Actual brewery process-steam fuel mix and material remaining fossil heat. Local heat for new buildings does not establish fossil-free brewery processing.,NEEDS_RESEARCH,Codex AI-assisted first-pass coding; independent human review pending,2026-10-07,,,
P28,Berg Brauerei Ulrich Zimmermann GmbH & Co. KG,power_electronics_relevance,motor_drive_score,5,8,one material refrigeration-compressor use case,B,S-P28-03,Owned refrigeration compressors and their reduced condensing-pressure operation are explicit. One material compressor use case is supported; no multi-application intensive drive inventory or rated load is inferred.,,AWAITING_HUMAN_REVIEW,Codex AI-assisted first-pass coding; independent human review pending,2026-10-07,,,
P28,Berg Brauerei Ulrich Zimmermann GmbH & Co. KG,power_electronics_relevance,power_conversion_score,5,8,one material PV conversion use case,C,S-P28-04,Own PV powering warehouse cooling supports material converter relevance as an engineering inference; inverter model/rating or variable-speed compressor topology is not verified.,,AWAITING_HUMAN_REVIEW,Codex AI-assisted first-pass coding; independent human review pending,2026-10-07,,,
P28,Berg Brauerei Ulrich Zimmermann GmbH & Co. KG,power_electronics_relevance,automation_control_score,4,4,documented energy-related load coordination,B,S-P28-03,"Night charging of the owned ice-water buffer supplies daytime wort cooling and relieves coincident bottling/production/office demand. This is explicit energy-related operating coordination, not proof of a named digital EMS or external demand-response contract.",,AWAITING_HUMAN_REVIEW,Codex AI-assisted first-pass coding; independent human review pending,2026-10-07,,,
P28,Berg Brauerei Ulrich Zimmermann GmbH & Co. KG,load_flexibility_potential,scheduling_flex_score,5,8,one clear night/day cooling shift,B,S-P28-03,Documented night production of ice water for daytime cooling establishes a real load-shifting window. No freely interruptible fermentation or quantified dispatch capacity is assumed.,,AWAITING_HUMAN_REVIEW,Codex AI-assisted first-pass coding; independent human review pending,2026-10-07,,,
P28,Berg Brauerei Ulrich Zimmermann GmbH & Co. KG,load_flexibility_potential,thermal_storage_flex_score,5,7,one clear owned cold-water buffer,B,S-P28-03,"Roughly 90 m3 ice-water tank with explicit night/day use is one clear thermal-buffer use case. Suspect 90-deg-C statement is excluded: no corrected temperature, energy capacity or additional hot-storage use case is invented.",,AWAITING_HUMAN_REVIEW,Codex AI-assisted first-pass coding; independent human review pending,2026-10-07,,,
P28,Berg Brauerei Ulrich Zimmermann GmbH & Co. KG,grid_power_quality_relevance,incremental_load_score,,8,UNKNOWN; no supported numeric anchor,UNKNOWN,S-P28-03 | S-P28-04,The cited public company-specific evidence does not establish this field. Missing public evidence is not proof of non-deployment; UNKNOWN remains UNKNOWN.,Defined additional heat-electrification route and ordinal new-load materiality; existing cooling/PV do not establish incremental load.,NEEDS_RESEARCH,Codex AI-assisted first-pass coding; independent human review pending,2026-10-07,,,
P28,Berg Brauerei Ulrich Zimmermann GmbH & Co. KG,grid_power_quality_relevance,power_quality_score,3,4,clear peak-load relevance,B,S-P28-03,"Company explicitly describes relieving coincident demand through the cold-water buffer. Clear peak-load relevance does not establish measured harmonics, a missing solution or remaining commercial white space.",,AWAITING_HUMAN_REVIEW,Codex AI-assisted first-pass coding; independent human review pending,2026-10-07,,,
P28,Berg Brauerei Ulrich Zimmermann GmbH & Co. KG,grid_power_quality_relevance,onsite_integration_score,2,3,one clear own-PV/cooling integration,B,S-P28-04,Dated own PV supplying warehouse cooling establishes one own-site integration use case. Undated night storage is not evidence of coordinated PV-following dispatch or battery deployment.,,AWAITING_HUMAN_REVIEW,Codex AI-assisted first-pass coding; independent human review pending,2026-10-07,,,
P28,Berg Brauerei Ulrich Zimmermann GmbH & Co. KG,observed_transition_gap,measures_gap_score,0,10,several concrete energy measures,B,S-P28-03 | S-P28-04,"Named refrigeration optimisation, night/day cold buffering with peak relief and own PV/cooling integration support several concrete measures. This does not prove whole-site fossil-free heat or quantified total savings.",,AWAITING_HUMAN_REVIEW,Codex AI-assisted first-pass coding; independent human review pending,2026-10-07,,,
P28,Berg Brauerei Ulrich Zimmermann GmbH & Co. KG,observed_transition_gap,management_gap_score,,5,UNKNOWN; no supported numeric anchor,UNKNOWN,S-P28-07 | S-P28-08,The cited public company-specific evidence does not establish this field. Missing public evidence is not proof of non-deployment; UNKNOWN remains UNKNOWN.,Current manufacturing-site energy/environmental management system and maturity. DEHOGA award concerns hospitality BrauereiWirtschaft and cannot substitute for factory EnMS; missing public certificate is not system absence.,NEEDS_RESEARCH,Codex AI-assisted first-pass coding; independent human review pending,2026-10-07,,,
P28,Berg Brauerei Ulrich Zimmermann GmbH & Co. KG,observed_transition_gap,targets_gap_score,3,5,undated energy/environment ambition,B,S-P28-03 | S-P28-04 | S-P28-06,"Own energy-saving and sustainability ambition is public, but no dated plant-wide target established after company/blog/download and exact-name target searches on 2026-10-07. Warehouse-specific CO2-neutral language is not a dated whole-site achievement.",,AWAITING_HUMAN_REVIEW,Codex AI-assisted first-pass coding; independent human review pending,2026-10-07,,,
P28,Berg Brauerei Ulrich Zimmermann GmbH & Co. KG,observed_transition_gap,investment_gap_score,2,5,one dated energy-related site investment,B,S-P28-04,"Opening on 2025-04-25 documented on 2025-04-28 includes warehouse own PV/cooling integration, inside 2021-10-07 to 2026-10-07. One site project is counted; several associated buildings are not three separate energy investments and the undated cooling article does not establish a second date.",,AWAITING_HUMAN_REVIEW,Codex AI-assisted first-pass coding; independent human review pending,2026-10-07,,,
P29,Meckatzer Löwenbräu Benedikt Weiß KG,process_electrification_potential,temperature_fit_score,,10,UNKNOWN; no supported numeric anchor,UNKNOWN,S-P29-03,The cited public company-specific evidence does not establish this field. Missing public evidence is not proof of non-deployment; UNKNOWN remains UNKNOWN.,Actual process-heat temperatures and validated electric-heat fit; 0-deg-C maturation and cold-system ratings do not establish brewing/steam temperature.,NEEDS_RESEARCH,Codex AI-assisted first-pass coding; independent human review pending,2026-10-07,,,
P29,Meckatzer Löwenbräu Benedikt Weiß KG,process_electrification_potential,process_electrification_score,,10,UNKNOWN; no supported numeric anchor,UNKNOWN,S-P29-03,The cited public company-specific evidence does not establish this field. Missing public evidence is not proof of non-deployment; UNKNOWN remains UNKNOWN.,"Currently operating defined thermal electrification route. Legacy vapour compressor is reported defective and replaced by gas steam; current repair/continuity is unverified. Completed ammonia replacement is refrigeration, not proof of process-heat electrification.",NEEDS_RESEARCH,Codex AI-assisted first-pass coding; independent human review pending,2026-10-07,,,
P29,Meckatzer Löwenbräu Benedikt Weiß KG,process_electrification_potential,fossil_heat_displacement_score,5,5,documented central natural-gas heat,B,S-P29-03,"Report pp23-24 documents natural-gas steam boiler and natural-gas CHP; gas steam substitutes for legacy defective vapour compression. This supports central fossil-heat relevance without inventing current heat shares, a repaired compressor or quantified displacement.",,AWAITING_HUMAN_REVIEW,Codex AI-assisted first-pass coding; independent human review pending,2026-10-07,,,
P29,Meckatzer Löwenbräu Benedikt Weiß KG,power_electronics_relevance,motor_drive_score,8,8,multiple explicit material motor applications,A,S-P29-03,"Owned compressor, pump, fan and refrigeration duties plus completed IE4 motor replacements are directly documented in the report. This supports multiple motor applications; ratings and savings claims are not turned into new-load estimates.",,AWAITING_HUMAN_REVIEW,Codex AI-assisted first-pass coding; independent human review pending,2026-10-07,,,
P29,Meckatzer Löwenbräu Benedikt Weiß KG,power_electronics_relevance,power_conversion_score,5,8,one material owned PV conversion use case,C,S-P29-03,Owned completed PV installation supports one material conversion use case as an engineering inference. CHP and IE4 motors are not assumed additional converter topologies; no inverter inventory or efficiency-upgrade gap is verified.,,AWAITING_HUMAN_REVIEW,Codex AI-assisted first-pass coding; independent human review pending,2026-10-07,,,
P29,Meckatzer Löwenbräu Benedikt Weiß KG,power_electronics_relevance,automation_control_score,4,4,documented coordinated energy control,B,S-P29-03,"166 meters cover electricity/water/steam/cold/compressed air, with central digital energy control introduced in 2022 and compressor controls. This establishes energy-related coordination; no dispatch market or automatic score approval is implied.",,AWAITING_HUMAN_REVIEW,Codex AI-assisted first-pass coding; independent human review pending,2026-10-07,,,
P29,Meckatzer Löwenbräu Benedikt Weiß KG,load_flexibility_potential,scheduling_flex_score,2,8,limited staged-production relevance,C,S-P29-03,Week-long fermentation and 4-5-week temperature-constrained maturation provide only a weak staged/lot-production relevance inference. No validated interruption window or freely dispatchable product storage is claimed.,,AWAITING_HUMAN_REVIEW,Codex AI-assisted first-pass coding; independent human review pending,2026-10-07,,,
P29,Meckatzer Löwenbräu Benedikt Weiß KG,load_flexibility_potential,thermal_storage_flex_score,,7,UNKNOWN; no supported numeric anchor,UNKNOWN,S-P29-03,The cited public company-specific evidence does not establish this field. Missing public evidence is not proof of non-deployment; UNKNOWN remains UNKNOWN.,"Actual dispatchable heat/cold buffer and permissible operating window. Glycol cooling, heat recovery and beer maturation tanks alone do not establish thermal storage.",NEEDS_RESEARCH,Codex AI-assisted first-pass coding; independent human review pending,2026-10-07,,,
P29,Meckatzer Löwenbräu Benedikt Weiß KG,grid_power_quality_relevance,incremental_load_score,,8,UNKNOWN; no supported numeric anchor,UNKNOWN,S-P29-03,The cited public company-specific evidence does not establish this field. Missing public evidence is not proof of non-deployment; UNKNOWN remains UNKNOWN.,Defined additional thermal electrification route and incremental-load materiality. Future roadmap and existing loads/heat totals do not establish a commissioned new electrical route.,NEEDS_RESEARCH,Codex AI-assisted first-pass coding; independent human review pending,2026-10-07,,,
P29,Meckatzer Löwenbräu Benedikt Weiß KG,grid_power_quality_relevance,power_quality_score,3,4,documented peak-load regulation relevance,B,S-P29-03,Maximum-load regulator and own energy-control context establish clear peak-load relevance; no harmonic measurements or absent power-quality solution is inferred.,,AWAITING_HUMAN_REVIEW,Codex AI-assisted first-pass coding; independent human review pending,2026-10-07,,,
P29,Meckatzer Löwenbräu Benedikt Weiß KG,grid_power_quality_relevance,onsite_integration_score,3,3,multiple own energy integrations with control,B,S-P29-03,"Owned PV and CHP, documented central energy monitoring/control and maximum-load regulation support stronger onsite integration. Battery or island operation is not inferred; CHP waste heat is not thermal storage.",,AWAITING_HUMAN_REVIEW,Codex AI-assisted first-pass coding; independent human review pending,2026-10-07,,,
P29,Meckatzer Löwenbräu Benedikt Weiß KG,observed_transition_gap,measures_gap_score,0,10,several concrete completed energy measures,A,S-P29-03,"Report completed-program entries document IE4/LED/control and 2022 cellar/PV, plus visually green completed 2024 PV625kWp/NH3 replacement. Future/partly completed fleet steps are excluded. Legacy future-tense narrative does not override dated completed status.",,AWAITING_HUMAN_REVIEW,Codex AI-assisted first-pass coding; independent human review pending,2026-10-07,,,
P29,Meckatzer Löwenbräu Benedikt Weiß KG,observed_transition_gap,management_gap_score,0,5,current validated EMAS system,A,S-P29-03,Exact-organisation EMAS validation signed by registered validator on 2026-06-19 establishes verified mature environmental/energy management anchor. ISO 50001 is not inferred; July 2027/2028 future updates are not certificate expiry or future approval.,,AWAITING_HUMAN_REVIEW,Codex AI-assisted first-pass coding; independent human review pending,2026-10-07,,,
P29,Meckatzer Löwenbräu Benedikt Weiß KG,observed_transition_gap,targets_gap_score,0,5,dated 2030 emissions target with roadmap,B,S-P29-03,"Report p44 identifies emissions reduction to 2030 with dated future steps. This supports the target/roadmap anchor, not achievement, completed 2027/2028 projects, current physical zero emissions or equivalence of offsets to process-heat removal.",,AWAITING_HUMAN_REVIEW,Codex AI-assisted first-pass coding; independent human review pending,2026-10-07,,,
P29,Meckatzer Löwenbräu Benedikt Weiß KG,observed_transition_gap,investment_gap_score,0,5,multiple dated energy-related investments,B,S-P29-03,"Report p21-22 documents commissioned 2022 cellar/PV/control and visually green completed 2024 PV/NH3 plus 2025 automation, within 2021-10-07 to 2026-10-07. 1994/2015 CHP and prospective fleet projects are excluded; no CAPEX is invented.",,AWAITING_HUMAN_REVIEW,Codex AI-assisted first-pass coding; independent human review pending,2026-10-07,,,
P33,Gindele GmbH,process_electrification_potential,temperature_fit_score,,10,UNKNOWN; no supported numeric anchor,UNKNOWN,S-P33-03,The cited public company-specific evidence does not establish this field. Missing public evidence is not proof of non-deployment; UNKNOWN remains UNKNOWN.,"Actual barrel/mould/process-heat temperatures and fit; 25-250 tonnes is closing force, not power or temperature.",NEEDS_RESEARCH,Codex AI-assisted first-pass coding; independent human review pending,2026-10-07,,,
P33,Gindele GmbH,process_electrification_potential,process_electrification_score,,10,UNKNOWN; no supported numeric anchor,UNKNOWN,S-P33-03 | S-P33-04,The cited public company-specific evidence does not establish this field. Missing public evidence is not proof of non-deployment; UNKNOWN remains UNKNOWN.,Firm-specific thermal energy carriers and defined conversion route; computer-controlled injection machines and ultrasonic assembly do not establish current/new injection-heat electrification.,NEEDS_RESEARCH,Codex AI-assisted first-pass coding; independent human review pending,2026-10-07,,,
P33,Gindele GmbH,process_electrification_potential,fossil_heat_displacement_score,,5,UNKNOWN; no supported numeric anchor,UNKNOWN,S-P33-03 | S-P33-05,The cited public company-specific evidence does not establish this field. Missing public evidence is not proof of non-deployment; UNKNOWN remains UNKNOWN.,Actual remaining fossil process heat and site fuel mix; manufacturing capability and ISO 14001 do not establish this.,NEEDS_RESEARCH,Codex AI-assisted first-pass coding; independent human review pending,2026-10-07,,,
P33,Gindele GmbH,power_electronics_relevance,motor_drive_score,2,8,limited own automation/handling relevance,C,S-P33-04,"Named owned assembly/feeding/handling application supports limited mechanical-drive relevance. Robot quantities, machine electric/hydraulic mix and intensive rated drive inventory remain unverified; animated zero counters are excluded.",,AWAITING_HUMAN_REVIEW,Codex AI-assisted first-pass coding; independent human review pending,2026-10-07,,,
P33,Gindele GmbH,power_electronics_relevance,power_conversion_score,2,8,limited ultrasonic-welding conversion relevance,C,S-P33-04,"Named ultrasonic-welding station in own assembly example supports limited generator/conversion relevance as an engineering inference. Generator topology, rating, rectifier inventory and intensive power-conversion use are not verified.",,AWAITING_HUMAN_REVIEW,Codex AI-assisted first-pass coding; independent human review pending,2026-10-07,,,
P33,Gindele GmbH,power_electronics_relevance,automation_control_score,3,4,clear owned sensing and automated workflow,B,S-P33-03 | S-P33-04,Own computer-controlled injection machines and camera/leak-test/automatic-feed assembly workflow establish clear process sensing/control relevance. No energy-coordinated control or runtime/robot count is established.,,AWAITING_HUMAN_REVIEW,Codex AI-assisted first-pass coding; independent human review pending,2026-10-07,,,
P33,Gindele GmbH,load_flexibility_potential,scheduling_flex_score,,8,UNKNOWN; no supported numeric anchor,UNKNOWN,S-P33-03 | S-P33-04,The cited public company-specific evidence does not establish this field. Missing public evidence is not proof of non-deployment; UNKNOWN remains UNKNOWN.,"Actual production hours, restart/interruption tolerance and buffers; capability labels, sequence steps and animated zero counters do not establish load-shifting windows.",NEEDS_RESEARCH,Codex AI-assisted first-pass coding; independent human review pending,2026-10-07,,,
P33,Gindele GmbH,load_flexibility_potential,thermal_storage_flex_score,,7,UNKNOWN; no supported numeric anchor,UNKNOWN,S-P33-03,The cited public company-specific evidence does not establish this field. Missing public evidence is not proof of non-deployment; UNKNOWN remains UNKNOWN.,Named thermal store or validated usable thermal inertia and dispatch window; moulding process itself is not storage.,NEEDS_RESEARCH,Codex AI-assisted first-pass coding; independent human review pending,2026-10-07,,,
P33,Gindele GmbH,grid_power_quality_relevance,incremental_load_score,,8,UNKNOWN; no supported numeric anchor,UNKNOWN,S-P33-03 | S-P33-04,The cited public company-specific evidence does not establish this field. Missing public evidence is not proof of non-deployment; UNKNOWN remains UNKNOWN.,Defined additional thermal electrification route and ordinal new-load materiality; existing automation does not establish incremental energy demand.,NEEDS_RESEARCH,Codex AI-assisted first-pass coding; independent human review pending,2026-10-07,,,
P33,Gindele GmbH,grid_power_quality_relevance,power_quality_score,1,4,possible limited conversion-related effects,C,S-P33-04,"Documented ultrasonic-welding application supports possible power-quality relevance only; no measured harmonic, reactive-power or peak-load issue is established.",,AWAITING_HUMAN_REVIEW,Codex AI-assisted first-pass coding; independent human review pending,2026-10-07,,,
P33,Gindele GmbH,grid_power_quality_relevance,onsite_integration_score,,3,UNKNOWN; no supported numeric anchor,UNKNOWN,S-P33-01 | S-P33-06,The cited public company-specific evidence does not establish this field. Missing public evidence is not proof of non-deployment; UNKNOWN remains UNKNOWN.,Own PV/battery/microgrid/load-management integration evidence; resource policy and environmental certification are not deployed technology.,NEEDS_RESEARCH,Codex AI-assisted first-pass coding; independent human review pending,2026-10-07,,,
P33,Gindele GmbH,observed_transition_gap,measures_gap_score,,10,UNKNOWN; no supported numeric anchor,UNKNOWN,S-P33-04 | S-P33-06,The cited public company-specific evidence does not establish this field. Missing public evidence is not proof of non-deployment; UNKNOWN remains UNKNOWN.,"Named concrete energy-transition technologies or verified savings of actual energy measures. Waste reduction, certification and generic automation are not such an inventory; no no-measures anchor is assigned.",NEEDS_RESEARCH,Codex AI-assisted first-pass coding; independent human review pending,2026-10-07,,,
P33,Gindele GmbH,observed_transition_gap,management_gap_score,2,5,verified partial environmental management system,B,S-P33-05 | S-P33-08,Exact-holder current ISO 14001 certificate supports a partial/other-system anchor. Issuer list exact Gindele row confirms ISO 9001/14001; neighbouring ISO 50001 rows are other companies. No mature certified EnMS is established.,,AWAITING_HUMAN_REVIEW,Codex AI-assisted first-pass coding; independent human review pending,2026-10-07,,,
P33,Gindele GmbH,observed_transition_gap,targets_gap_score,3,5,undated resource/environment ambition,B,S-P33-06,"Own environmental policy states resource efficiency and waste reduction, without a dated plant energy target. Official process/policy/certificate/issuer/municipal checks and exact-name energy/target searches on 2026-10-07 bound this public-documentation anchor; internal targets are not presumed absent.",,AWAITING_HUMAN_REVIEW,Codex AI-assisted first-pass coding; independent human review pending,2026-10-07,,,
P33,Gindele GmbH,observed_transition_gap,investment_gap_score,,5,UNKNOWN; no supported numeric anchor,UNKNOWN,S-P33-04 | S-P33-06,The cited public company-specific evidence does not establish this field. Missing public evidence is not proof of non-deployment; UNKNOWN remains UNKNOWN.,Dated energy-transition investment within 2021-10-07 to 2026-10-07; homepage 2017 automation is outside the window and undated capability/certificate renewal is not a recent energy investment.,NEEDS_RESEARCH,Codex AI-assisted first-pass coding; independent human review pending,2026-10-07,,,
P35,MACK KUNSTSTOFFTECHNIK GMBH & CO. KG,process_electrification_potential,temperature_fit_score,,10,UNKNOWN; no supported numeric anchor,UNKNOWN,S-P35-03,Public firm-specific evidence reviewed. Owned thermoforming/CNC and2023 PV; no injection-moulding assumptions. Missing public evidence is not proof of non-deployment; UNKNOWN remains UNKNOWN.,"Actual process-heating temperatures and supported electric-heat fit, rather than part dimensions, cold maturation, material/customer ratings or historical boiler baselines. Owned thermoforming/CNC and2023 PV; no injection-moulding assumptions.",NEEDS_RESEARCH,Codex AI-assisted first-pass coding; independent human review pending,2026-10-07,,,
P35,MACK KUNSTSTOFFTECHNIK GMBH & CO. KG,process_electrification_potential,process_electrification_score,,10,UNKNOWN; no supported numeric anchor,UNKNOWN,S-P35-03,Public firm-specific evidence reviewed. Owned thermoforming/CNC and2023 PV; no injection-moulding assumptions. Missing public evidence is not proof of non-deployment; UNKNOWN remains UNKNOWN.,"Named own actual/planned electric thermal route; electrochemical coating, generic production or customer energy applications alone do not establish electric process heat. Owned thermoforming/CNC and2023 PV; no injection-moulding assumptions.",NEEDS_RESEARCH,Codex AI-assisted first-pass coding; independent human review pending,2026-10-07,,,
P35,MACK KUNSTSTOFFTECHNIK GMBH & CO. KG,process_electrification_potential,fossil_heat_displacement_score,,5,UNKNOWN; no supported numeric anchor,UNKNOWN,S-P35-03,Public firm-specific evidence reviewed. Owned thermoforming/CNC and2023 PV; no injection-moulding assumptions. Missing public evidence is not proof of non-deployment; UNKNOWN remains UNKNOWN.,"Actual current fossil thermal carrier, centrality and displacement materiality; unspecified CHP/ovens and historic gas baselines do not establish remaining fuel mix. Owned thermoforming/CNC and2023 PV; no injection-moulding assumptions.",NEEDS_RESEARCH,Codex AI-assisted first-pass coding; independent human review pending,2026-10-07,,,
P35,MACK KUNSTSTOFFTECHNIK GMBH & CO. KG,power_electronics_relevance,motor_drive_score,8,8,multiple owned drive applications,B,S-P35-03 | S-P35-04 | S-P35-05,Own six CNC centres and servo vacuum-forming machinery establish multiple intensive mechanical drive applications; rated electrical power not inferred.,,AWAITING_HUMAN_REVIEW,Codex AI-assisted first-pass coding; independent human review pending,2026-10-07,,,
P35,MACK KUNSTSTOFFTECHNIK GMBH & CO. KG,power_electronics_relevance,power_conversion_score,5,8,one own PV conversion case,C,S-P35-03,Own2023 PV expansion establishes one material solar-conversion use case as engineering inference;3000 m2 is not kWp/kWh or converter count.,,AWAITING_HUMAN_REVIEW,Codex AI-assisted first-pass coding; independent human review pending,2026-10-07,,,
P35,MACK KUNSTSTOFFTECHNIK GMBH & CO. KG,power_electronics_relevance,automation_control_score,3,4,clear CNC process control,B,S-P35-04 | S-P35-05,"Own CAD/CAM and five-axis simultaneous CNC support clear process control, not coordinated energy dispatch.",,AWAITING_HUMAN_REVIEW,Codex AI-assisted first-pass coding; independent human review pending,2026-10-07,,,
P35,MACK KUNSTSTOFFTECHNIK GMBH & CO. KG,load_flexibility_potential,scheduling_flex_score,,8,UNKNOWN; no supported numeric anchor,UNKNOWN,S-P35-03,Public firm-specific evidence reviewed. Owned thermoforming/CNC and2023 PV; no injection-moulding assumptions. Missing public evidence is not proof of non-deployment; UNKNOWN remains UNKNOWN.,"Admissible operating/start/interruption windows and actual buffers; product maturation, process cycles or programmable furnace recipes are not dispatch permission. Owned thermoforming/CNC and2023 PV; no injection-moulding assumptions.",NEEDS_RESEARCH,Codex AI-assisted first-pass coding; independent human review pending,2026-10-07,,,
P35,MACK KUNSTSTOFFTECHNIK GMBH & CO. KG,load_flexibility_potential,thermal_storage_flex_score,,7,UNKNOWN; no supported numeric anchor,UNKNOWN,S-P35-03,Public firm-specific evidence reviewed. Owned thermoforming/CNC and2023 PV; no injection-moulding assumptions. Missing public evidence is not proof of non-deployment; UNKNOWN remains UNKNOWN.,"Named own usable heat/cold store or validated thermal inertia with operating window; cooling, absorption chilling, production tanks and glass melt mass alone do not establish storage. Owned thermoforming/CNC and2023 PV; no injection-moulding assumptions.",NEEDS_RESEARCH,Codex AI-assisted first-pass coding; independent human review pending,2026-10-07,,,
P35,MACK KUNSTSTOFFTECHNIK GMBH & CO. KG,grid_power_quality_relevance,incremental_load_score,,8,UNKNOWN; no supported numeric anchor,UNKNOWN,S-P35-03,Public firm-specific evidence reviewed. Owned thermoforming/CNC and2023 PV; no injection-moulding assumptions. Missing public evidence is not proof of non-deployment; UNKNOWN remains UNKNOWN.,"Defined additional thermal electrification route and ordinal new-load materiality; existing electric assets, PV expansion and EV charging are not an additional heat-route load. Owned thermoforming/CNC and2023 PV; no injection-moulding assumptions.",NEEDS_RESEARCH,Codex AI-assisted first-pass coding; independent human review pending,2026-10-07,,,
P35,MACK KUNSTSTOFFTECHNIK GMBH & CO. KG,grid_power_quality_relevance,power_quality_score,1,4,possible conversion relevance,C,S-P35-03,"Own PV/servo context supports possible converter-related effects, without measured harmonics/reactive power/peaks.",,AWAITING_HUMAN_REVIEW,Codex AI-assisted first-pass coding; independent human review pending,2026-10-07,,,
P35,MACK KUNSTSTOFFTECHNIK GMBH & CO. KG,grid_power_quality_relevance,onsite_integration_score,2,3,one clear own PV use case,B,S-P35-03,Actual own PV expansion supports one site integration use case; no storage or energy coordination inferred.,,AWAITING_HUMAN_REVIEW,Codex AI-assisted first-pass coding; independent human review pending,2026-10-07,,,
P35,MACK KUNSTSTOFFTECHNIK GMBH & CO. KG,observed_transition_gap,measures_gap_score,3,10,some concrete energy measures,B,S-P35-03,Own PV and servo-machine conversion are concrete energy-relevant measures; CNC2025 generic efficiency not quantified energy saving or a third measure.,,AWAITING_HUMAN_REVIEW,Codex AI-assisted first-pass coding; independent human review pending,2026-10-07,,,
P35,MACK KUNSTSTOFFTECHNIK GMBH & CO. KG,observed_transition_gap,management_gap_score,2,5,verified environmental system,B,S-P35-06,"Exact-holder current ISO14001 establishes partial/other-system anchor, not certified mature EnMS.",,AWAITING_HUMAN_REVIEW,Codex AI-assisted first-pass coding; independent human review pending,2026-10-07,,,
P35,MACK KUNSTSTOFFTECHNIK GMBH & CO. KG,observed_transition_gap,targets_gap_score,3,5,undated resource ambition,B,S-P35-03,Own sustainable/resource-saving policy is undated ambition. Company/process/download/certificate and exact-name public target checks bounded this documentation anchor; internal targets not presumed absent.,,AWAITING_HUMAN_REVIEW,Codex AI-assisted first-pass coding; independent human review pending,2026-10-07,,,
P35,MACK KUNSTSTOFFTECHNIK GMBH & CO. KG,observed_transition_gap,investment_gap_score,2,5,one dated recent energy investment,B,S-P35-03,Own2023 PV expansion is one energy investment in actual lookback;2019 servo conversion excluded and2024 certificate/2025 capacity efficiency not additional transition projects.,,AWAITING_HUMAN_REVIEW,Codex AI-assisted first-pass coding; independent human review pending,2026-10-07,,,
P36,Kunststofftechnik Borgmann GmbH,process_electrification_potential,temperature_fit_score,,10,UNKNOWN; no supported numeric anchor,UNKNOWN,S-P36-03,Public firm-specific evidence reviewed. Owned moulding/robots/solar and EMS claim; old2011-2017 energy investments excluded. Missing public evidence is not proof of non-deployment; UNKNOWN remains UNKNOWN.,"Actual process-heating temperatures and supported electric-heat fit, rather than part dimensions, cold maturation, material/customer ratings or historical boiler baselines. Owned moulding/robots/solar and EMS claim; old2011-2017 energy investments excluded.",NEEDS_RESEARCH,Codex AI-assisted first-pass coding; independent human review pending,2026-10-07,,,
P36,Kunststofftechnik Borgmann GmbH,process_electrification_potential,process_electrification_score,,10,UNKNOWN; no supported numeric anchor,UNKNOWN,S-P36-03,Public firm-specific evidence reviewed. Owned moulding/robots/solar and EMS claim; old2011-2017 energy investments excluded. Missing public evidence is not proof of non-deployment; UNKNOWN remains UNKNOWN.,"Named own actual/planned electric thermal route; electrochemical coating, generic production or customer energy applications alone do not establish electric process heat. Owned moulding/robots/solar and EMS claim; old2011-2017 energy investments excluded.",NEEDS_RESEARCH,Codex AI-assisted first-pass coding; independent human review pending,2026-10-07,,,
P36,Kunststofftechnik Borgmann GmbH,process_electrification_potential,fossil_heat_displacement_score,,5,UNKNOWN; no supported numeric anchor,UNKNOWN,S-P36-03,Public firm-specific evidence reviewed. Owned moulding/robots/solar and EMS claim; old2011-2017 energy investments excluded. Missing public evidence is not proof of non-deployment; UNKNOWN remains UNKNOWN.,"Actual current fossil thermal carrier, centrality and displacement materiality; unspecified CHP/ovens and historic gas baselines do not establish remaining fuel mix. Owned moulding/robots/solar and EMS claim; old2011-2017 energy investments excluded.",NEEDS_RESEARCH,Codex AI-assisted first-pass coding; independent human review pending,2026-10-07,,,
P36,Kunststofftechnik Borgmann GmbH,power_electronics_relevance,motor_drive_score,2,8,limited explicitly named robot drives,C,S-P36-03 | S-P36-05,Own robots support limited drive relevance; moulding closing force not machine power or material hydraulic/electric drive mix.,,AWAITING_HUMAN_REVIEW,Codex AI-assisted first-pass coding; independent human review pending,2026-10-07,,,
P36,Kunststofftechnik Borgmann GmbH,power_electronics_relevance,power_conversion_score,2,8,limited owned ultrasonic-welding conversion case,C,S-P36-03,Actual own online/offline ultrasonic welding supports limited conversion relevance as engineering interpretation. Current solar-energy use alone does not establish owned PV or its inverter topology; regional biogas use is not owned generation.,,AWAITING_HUMAN_REVIEW,Codex AI-assisted first-pass coding; independent human review pending,2026-10-07,,,
P36,Kunststofftechnik Borgmann GmbH,power_electronics_relevance,automation_control_score,4,4,claimed coordinated consumption steering,B,S-P36-04 | S-P36-05,"Explicit own intelligent EMS steers/optimises consumption alongside integrated production robotics; strong coordination relevance is an own claim, not verified dispatch architecture or certified EnMS.",,AWAITING_HUMAN_REVIEW,Codex AI-assisted first-pass coding; independent human review pending,2026-10-07,,,
P36,Kunststofftechnik Borgmann GmbH,load_flexibility_potential,scheduling_flex_score,,8,UNKNOWN; no supported numeric anchor,UNKNOWN,S-P36-03,Public firm-specific evidence reviewed. Owned moulding/robots/solar and EMS claim; old2011-2017 energy investments excluded. Missing public evidence is not proof of non-deployment; UNKNOWN remains UNKNOWN.,"Admissible operating/start/interruption windows and actual buffers; product maturation, process cycles or programmable furnace recipes are not dispatch permission. Owned moulding/robots/solar and EMS claim; old2011-2017 energy investments excluded.",NEEDS_RESEARCH,Codex AI-assisted first-pass coding; independent human review pending,2026-10-07,,,
P36,Kunststofftechnik Borgmann GmbH,load_flexibility_potential,thermal_storage_flex_score,,7,UNKNOWN; no supported numeric anchor,UNKNOWN,S-P36-03,Public firm-specific evidence reviewed. Owned moulding/robots/solar and EMS claim; old2011-2017 energy investments excluded. Missing public evidence is not proof of non-deployment; UNKNOWN remains UNKNOWN.,"Named own usable heat/cold store or validated thermal inertia with operating window; cooling, absorption chilling, production tanks and glass melt mass alone do not establish storage. Owned moulding/robots/solar and EMS claim; old2011-2017 energy investments excluded.",NEEDS_RESEARCH,Codex AI-assisted first-pass coding; independent human review pending,2026-10-07,,,
P36,Kunststofftechnik Borgmann GmbH,grid_power_quality_relevance,incremental_load_score,,8,UNKNOWN; no supported numeric anchor,UNKNOWN,S-P36-03,Public firm-specific evidence reviewed. Owned moulding/robots/solar and EMS claim; old2011-2017 energy investments excluded. Missing public evidence is not proof of non-deployment; UNKNOWN remains UNKNOWN.,"Defined additional thermal electrification route and ordinal new-load materiality; existing electric assets, PV expansion and EV charging are not an additional heat-route load. Owned moulding/robots/solar and EMS claim; old2011-2017 energy investments excluded.",NEEDS_RESEARCH,Codex AI-assisted first-pass coding; independent human review pending,2026-10-07,,,
P36,Kunststofftechnik Borgmann GmbH,grid_power_quality_relevance,power_quality_score,1,4,possible converter-related effects,C,S-P36-03 | S-P36-04,Actual own ultrasonic welding supports possible converter-related effects; solar-energy use alone does not prove owned PV inverters or measured site harmonics/peaks.,,AWAITING_HUMAN_REVIEW,Codex AI-assisted first-pass coding; independent human review pending,2026-10-07,,,
P36,Kunststofftechnik Borgmann GmbH,grid_power_quality_relevance,onsite_integration_score,1,3,possible own consumption-control integration,C,S-P36-04,Own intelligent EMS consumption steering supports possible site load-management fit. Current solar/biogas use does not establish owned PV/CHP or a coordinated generation/storage architecture; no clear owned solar integration is claimed.,,AWAITING_HUMAN_REVIEW,Codex AI-assisted first-pass coding; independent human review pending,2026-10-07,,,
P36,Kunststofftechnik Borgmann GmbH,observed_transition_gap,measures_gap_score,3,10,some explicit energy measures,B,S-P36-04,"Own LED, efficient-machine use and claimed EMS consumption steering plus solar/biogas energy supply are concrete energy-relevant measures. Supply origin does not establish owned PV/CHP; generic efficient-machine claim has no quantified savings. Conservative some-measures anchor.",,AWAITING_HUMAN_REVIEW,Codex AI-assisted first-pass coding; independent human review pending,2026-10-07,,,
P36,Kunststofftechnik Borgmann GmbH,observed_transition_gap,management_gap_score,2,5,current environmental certification,B,S-P36-06 | S-P36-04,Current ISO14001 verified; generic EMS claim does not establish mature certified EnMS or ISO50001.,,AWAITING_HUMAN_REVIEW,Codex AI-assisted first-pass coding; independent human review pending,2026-10-07,,,
P36,Kunststofftechnik Borgmann GmbH,observed_transition_gap,targets_gap_score,3,5,undated emissions/resource ambition,B,S-P36-04,Current CO2/resource-improvement ambition lacks dated site roadmap in defined company/process/certificate/exact-name target checks; does not prove no internal target.,,AWAITING_HUMAN_REVIEW,Codex AI-assisted first-pass coding; independent human review pending,2026-10-07,,,
P36,Kunststofftechnik Borgmann GmbH,observed_transition_gap,investment_gap_score,,5,UNKNOWN; no supported numeric anchor,UNKNOWN,S-P36-03,Public firm-specific evidence reviewed. Owned moulding/robots/solar and EMS claim; old2011-2017 energy investments excluded. Missing public evidence is not proof of non-deployment; UNKNOWN remains UNKNOWN.,"Dated completed energy-transition investment within2021-10-07 to2026-10-07; old projects, certificate renewal, crawl dates and undifferentiated capacity/wastewater expansion are insufficient. Owned moulding/robots/solar and EMS claim; old2011-2017 energy investments excluded.",NEEDS_RESEARCH,Codex AI-assisted first-pass coding; independent human review pending,2026-10-07,,,
P38,Krämer + Eckert GmbH & Co. KG,process_electrification_potential,temperature_fit_score,,10,UNKNOWN; no supported numeric anchor,UNKNOWN,S-P38-03,Public firm-specific evidence reviewed. Own website is marked TEST-SYSTEM; association covers entity/anodising only; group280 staff and heat treatment not inherited. Missing public evidence is not proof of non-deployment; UNKNOWN remains UNKNOWN.,"Actual process-heating temperatures and supported electric-heat fit, rather than part dimensions, cold maturation, material/customer ratings or historical boiler baselines. Own website is marked TEST-SYSTEM; association covers entity/anodising only; group280 staff and heat treatment not inherited.",NEEDS_RESEARCH,Codex AI-assisted first-pass coding; independent human review pending,2026-10-07,,,
P38,Krämer + Eckert GmbH & Co. KG,process_electrification_potential,process_electrification_score,,10,UNKNOWN; no supported numeric anchor,UNKNOWN,S-P38-03,Public firm-specific evidence reviewed. Own website is marked TEST-SYSTEM; association covers entity/anodising only; group280 staff and heat treatment not inherited. Missing public evidence is not proof of non-deployment; UNKNOWN remains UNKNOWN.,"Named own actual/planned electric thermal route; electrochemical coating, generic production or customer energy applications alone do not establish electric process heat. Own website is marked TEST-SYSTEM; association covers entity/anodising only; group280 staff and heat treatment not inherited.",NEEDS_RESEARCH,Codex AI-assisted first-pass coding; independent human review pending,2026-10-07,,,
P38,Krämer + Eckert GmbH & Co. KG,process_electrification_potential,fossil_heat_displacement_score,,5,UNKNOWN; no supported numeric anchor,UNKNOWN,S-P38-03,Public firm-specific evidence reviewed. Own website is marked TEST-SYSTEM; association covers entity/anodising only; group280 staff and heat treatment not inherited. Missing public evidence is not proof of non-deployment; UNKNOWN remains UNKNOWN.,"Actual current fossil thermal carrier, centrality and displacement materiality; unspecified CHP/ovens and historic gas baselines do not establish remaining fuel mix. Own website is marked TEST-SYSTEM; association covers entity/anodising only; group280 staff and heat treatment not inherited.",NEEDS_RESEARCH,Codex AI-assisted first-pass coding; independent human review pending,2026-10-07,,,
P38,Krämer + Eckert GmbH & Co. KG,power_electronics_relevance,motor_drive_score,,8,UNKNOWN; no supported numeric anchor,UNKNOWN,S-P38-03,Public firm-specific evidence reviewed. Own website is marked TEST-SYSTEM; association covers entity/anodising only; group280 staff and heat treatment not inherited. Missing public evidence is not proof of non-deployment; UNKNOWN remains UNKNOWN.,Named current owned motor/pump/compressor/drive applications and their materiality; production sector and historical steam/ice machines alone are insufficient. Own website is marked TEST-SYSTEM; association covers entity/anodising only; group280 staff and heat treatment not inherited.,NEEDS_RESEARCH,Codex AI-assisted first-pass coding; independent human review pending,2026-10-07,,,
P38,Krämer + Eckert GmbH & Co. KG,power_electronics_relevance,power_conversion_score,5,8,one owned electrochemical conversion use case,C,S-P38-03,Actual owned anodising/galvanic process supports one material conversion relevance as engineering inference. No specific rectifier count/topology/power inferred; group/research facts not current thermal route.,,AWAITING_HUMAN_REVIEW,Codex AI-assisted first-pass coding; independent human review pending,2026-10-07,,,
P38,Krämer + Eckert GmbH & Co. KG,power_electronics_relevance,automation_control_score,,4,UNKNOWN; no supported numeric anchor,UNKNOWN,S-P38-03,Public firm-specific evidence reviewed. Own website is marked TEST-SYSTEM; association covers entity/anodising only; group280 staff and heat treatment not inherited. Missing public evidence is not proof of non-deployment; UNKNOWN remains UNKNOWN.,Actual current owned sensing/control applications and coordination; generic modernity or staging-site claims need corroboration. Own website is marked TEST-SYSTEM; association covers entity/anodising only; group280 staff and heat treatment not inherited.,NEEDS_RESEARCH,Codex AI-assisted first-pass coding; independent human review pending,2026-10-07,,,
P38,Krämer + Eckert GmbH & Co. KG,load_flexibility_potential,scheduling_flex_score,,8,UNKNOWN; no supported numeric anchor,UNKNOWN,S-P38-03,Public firm-specific evidence reviewed. Own website is marked TEST-SYSTEM; association covers entity/anodising only; group280 staff and heat treatment not inherited. Missing public evidence is not proof of non-deployment; UNKNOWN remains UNKNOWN.,"Admissible operating/start/interruption windows and actual buffers; product maturation, process cycles or programmable furnace recipes are not dispatch permission. Own website is marked TEST-SYSTEM; association covers entity/anodising only; group280 staff and heat treatment not inherited.",NEEDS_RESEARCH,Codex AI-assisted first-pass coding; independent human review pending,2026-10-07,,,
P38,Krämer + Eckert GmbH & Co. KG,load_flexibility_potential,thermal_storage_flex_score,,7,UNKNOWN; no supported numeric anchor,UNKNOWN,S-P38-03,Public firm-specific evidence reviewed. Own website is marked TEST-SYSTEM; association covers entity/anodising only; group280 staff and heat treatment not inherited. Missing public evidence is not proof of non-deployment; UNKNOWN remains UNKNOWN.,"Named own usable heat/cold store or validated thermal inertia with operating window; cooling, absorption chilling, production tanks and glass melt mass alone do not establish storage. Own website is marked TEST-SYSTEM; association covers entity/anodising only; group280 staff and heat treatment not inherited.",NEEDS_RESEARCH,Codex AI-assisted first-pass coding; independent human review pending,2026-10-07,,,
P38,Krämer + Eckert GmbH & Co. KG,grid_power_quality_relevance,incremental_load_score,,8,UNKNOWN; no supported numeric anchor,UNKNOWN,S-P38-03,Public firm-specific evidence reviewed. Own website is marked TEST-SYSTEM; association covers entity/anodising only; group280 staff and heat treatment not inherited. Missing public evidence is not proof of non-deployment; UNKNOWN remains UNKNOWN.,"Defined additional thermal electrification route and ordinal new-load materiality; existing electric assets, PV expansion and EV charging are not an additional heat-route load. Own website is marked TEST-SYSTEM; association covers entity/anodising only; group280 staff and heat treatment not inherited.",NEEDS_RESEARCH,Codex AI-assisted first-pass coding; independent human review pending,2026-10-07,,,
P38,Krämer + Eckert GmbH & Co. KG,grid_power_quality_relevance,power_quality_score,1,4,possible electrochemical converter effects,C,S-P38-03,"Actual own electrochemical process supports possible power-quality relevance only; no measured site harmonics, reactive power or peak constraint.",,AWAITING_HUMAN_REVIEW,Codex AI-assisted first-pass coding; independent human review pending,2026-10-07,,,
P38,Krämer + Eckert GmbH & Co. KG,grid_power_quality_relevance,onsite_integration_score,,3,UNKNOWN; no supported numeric anchor,UNKNOWN,S-P38-03,Public firm-specific evidence reviewed. Own website is marked TEST-SYSTEM; association covers entity/anodising only; group280 staff and heat treatment not inherited. Missing public evidence is not proof of non-deployment; UNKNOWN remains UNKNOWN.,Own PV/battery/microgrid/load-management use case and actual integration; supplier green power and customer applications are not own deployment. Own website is marked TEST-SYSTEM; association covers entity/anodising only; group280 staff and heat treatment not inherited.,NEEDS_RESEARCH,Codex AI-assisted first-pass coding; independent human review pending,2026-10-07,,,
P38,Krämer + Eckert GmbH & Co. KG,observed_transition_gap,measures_gap_score,,10,UNKNOWN; no supported numeric anchor,UNKNOWN,S-P38-03,Public firm-specific evidence reviewed. Own website is marked TEST-SYSTEM; association covers entity/anodising only; group280 staff and heat treatment not inherited. Missing public evidence is not proof of non-deployment; UNKNOWN remains UNKNOWN.,"Current concrete plant energy-transition measures or adequate confirmed inventory; general sustainability, certification, customer products and historical pilots do not establish current deployment or absence. Own website is marked TEST-SYSTEM; association covers entity/anodising only; group280 staff and heat treatment not inherited.",NEEDS_RESEARCH,Codex AI-assisted first-pass coding; independent human review pending,2026-10-07,,,
P38,Krämer + Eckert GmbH & Co. KG,observed_transition_gap,management_gap_score,,5,UNKNOWN; no supported numeric anchor,UNKNOWN,S-P38-03,Public firm-specific evidence reviewed. Own website is marked TEST-SYSTEM; association covers entity/anodising only; group280 staff and heat treatment not inherited. Missing public evidence is not proof of non-deployment; UNKNOWN remains UNKNOWN.,"Current verified site EnMS/environmental system or bounded claim; ISO9001, an inaccessible/staging certificate page and missing evidence are not certified mature EnMS. Own website is marked TEST-SYSTEM; association covers entity/anodising only; group280 staff and heat treatment not inherited.",NEEDS_RESEARCH,Codex AI-assisted first-pass coding; independent human review pending,2026-10-07,,,
P38,Krämer + Eckert GmbH & Co. KG,observed_transition_gap,targets_gap_score,,5,UNKNOWN; no supported numeric anchor,UNKNOWN,S-P38-03,Public firm-specific evidence reviewed. Own website is marked TEST-SYSTEM; association covers entity/anodising only; group280 staff and heat treatment not inherited. Missing public evidence is not proof of non-deployment; UNKNOWN remains UNKNOWN.,Current attributed energy/decarbonisation target or bounded public-documentation ambition; historical/staging claims require current confirmation. Own website is marked TEST-SYSTEM; association covers entity/anodising only; group280 staff and heat treatment not inherited.,NEEDS_RESEARCH,Codex AI-assisted first-pass coding; independent human review pending,2026-10-07,,,
P38,Krämer + Eckert GmbH & Co. KG,observed_transition_gap,investment_gap_score,,5,UNKNOWN; no supported numeric anchor,UNKNOWN,S-P38-03,Public firm-specific evidence reviewed. Own website is marked TEST-SYSTEM; association covers entity/anodising only; group280 staff and heat treatment not inherited. Missing public evidence is not proof of non-deployment; UNKNOWN remains UNKNOWN.,"Dated completed energy-transition investment within2021-10-07 to2026-10-07; old projects, certificate renewal, crawl dates and undifferentiated capacity/wastewater expansion are insufficient. Own website is marked TEST-SYSTEM; association covers entity/anodising only; group280 staff and heat treatment not inherited.",NEEDS_RESEARCH,Codex AI-assisted first-pass coding; independent human review pending,2026-10-07,,,
P39,Eloxal Höfler GmbH,process_electrification_potential,temperature_fit_score,,10,UNKNOWN; no supported numeric anchor,UNKNOWN,S-P39-03,Public firm-specific evidence reviewed. Two automated anodising plants;2022 wastewater and2023 capacity not proven energy projects. Missing public evidence is not proof of non-deployment; UNKNOWN remains UNKNOWN.,"Actual process-heating temperatures and supported electric-heat fit, rather than part dimensions, cold maturation, material/customer ratings or historical boiler baselines. Two automated anodising plants;2022 wastewater and2023 capacity not proven energy projects.",NEEDS_RESEARCH,Codex AI-assisted first-pass coding; independent human review pending,2026-10-07,,,
P39,Eloxal Höfler GmbH,process_electrification_potential,process_electrification_score,,10,UNKNOWN; no supported numeric anchor,UNKNOWN,S-P39-03,Public firm-specific evidence reviewed. Two automated anodising plants;2022 wastewater and2023 capacity not proven energy projects. Missing public evidence is not proof of non-deployment; UNKNOWN remains UNKNOWN.,"Named own actual/planned electric thermal route; electrochemical coating, generic production or customer energy applications alone do not establish electric process heat. Two automated anodising plants;2022 wastewater and2023 capacity not proven energy projects.",NEEDS_RESEARCH,Codex AI-assisted first-pass coding; independent human review pending,2026-10-07,,,
P39,Eloxal Höfler GmbH,process_electrification_potential,fossil_heat_displacement_score,,5,UNKNOWN; no supported numeric anchor,UNKNOWN,S-P39-03,Public firm-specific evidence reviewed. Two automated anodising plants;2022 wastewater and2023 capacity not proven energy projects. Missing public evidence is not proof of non-deployment; UNKNOWN remains UNKNOWN.,"Actual current fossil thermal carrier, centrality and displacement materiality; unspecified CHP/ovens and historic gas baselines do not establish remaining fuel mix. Two automated anodising plants;2022 wastewater and2023 capacity not proven energy projects.",NEEDS_RESEARCH,Codex AI-assisted first-pass coding; independent human review pending,2026-10-07,,,
P39,Eloxal Höfler GmbH,power_electronics_relevance,motor_drive_score,2,8,limited own crane/carrier drives,C,S-P39-03 | S-P39-04,Own automated carrier/crane application supports limited drive relevance;2011 history not a recent energy investment or rated current drive inventory.,,AWAITING_HUMAN_REVIEW,Codex AI-assisted first-pass coding; independent human review pending,2026-10-07,,,
P39,Eloxal Höfler GmbH,power_electronics_relevance,power_conversion_score,5,8,one owned electrochemical conversion use case,C,S-P39-03,Actual owned anodising/galvanic process supports one material conversion relevance as engineering inference. No specific rectifier count/topology/power inferred; group/research facts not current thermal route.,,AWAITING_HUMAN_REVIEW,Codex AI-assisted first-pass coding; independent human review pending,2026-10-07,,,
P39,Eloxal Höfler GmbH,power_electronics_relevance,automation_control_score,3,4,clear own plant automation/analytics,B,S-P39-03 | S-P39-06,Two own fully automated anodising plants with bath analytics establish clear process control; no energy coordination inferred.,,AWAITING_HUMAN_REVIEW,Codex AI-assisted first-pass coding; independent human review pending,2026-10-07,,,
P39,Eloxal Höfler GmbH,load_flexibility_potential,scheduling_flex_score,,8,UNKNOWN; no supported numeric anchor,UNKNOWN,S-P39-03,Public firm-specific evidence reviewed. Two automated anodising plants;2022 wastewater and2023 capacity not proven energy projects. Missing public evidence is not proof of non-deployment; UNKNOWN remains UNKNOWN.,"Admissible operating/start/interruption windows and actual buffers; product maturation, process cycles or programmable furnace recipes are not dispatch permission. Two automated anodising plants;2022 wastewater and2023 capacity not proven energy projects.",NEEDS_RESEARCH,Codex AI-assisted first-pass coding; independent human review pending,2026-10-07,,,
P39,Eloxal Höfler GmbH,load_flexibility_potential,thermal_storage_flex_score,,7,UNKNOWN; no supported numeric anchor,UNKNOWN,S-P39-03,Public firm-specific evidence reviewed. Two automated anodising plants;2022 wastewater and2023 capacity not proven energy projects. Missing public evidence is not proof of non-deployment; UNKNOWN remains UNKNOWN.,"Named own usable heat/cold store or validated thermal inertia with operating window; cooling, absorption chilling, production tanks and glass melt mass alone do not establish storage. Two automated anodising plants;2022 wastewater and2023 capacity not proven energy projects.",NEEDS_RESEARCH,Codex AI-assisted first-pass coding; independent human review pending,2026-10-07,,,
P39,Eloxal Höfler GmbH,grid_power_quality_relevance,incremental_load_score,,8,UNKNOWN; no supported numeric anchor,UNKNOWN,S-P39-03,Public firm-specific evidence reviewed. Two automated anodising plants;2022 wastewater and2023 capacity not proven energy projects. Missing public evidence is not proof of non-deployment; UNKNOWN remains UNKNOWN.,"Defined additional thermal electrification route and ordinal new-load materiality; existing electric assets, PV expansion and EV charging are not an additional heat-route load. Two automated anodising plants;2022 wastewater and2023 capacity not proven energy projects.",NEEDS_RESEARCH,Codex AI-assisted first-pass coding; independent human review pending,2026-10-07,,,
P39,Eloxal Höfler GmbH,grid_power_quality_relevance,power_quality_score,1,4,possible electrochemical converter effects,C,S-P39-03,"Actual own electrochemical process supports possible power-quality relevance only; no measured site harmonics, reactive power or peak constraint.",,AWAITING_HUMAN_REVIEW,Codex AI-assisted first-pass coding; independent human review pending,2026-10-07,,,
P39,Eloxal Höfler GmbH,grid_power_quality_relevance,onsite_integration_score,,3,UNKNOWN; no supported numeric anchor,UNKNOWN,S-P39-03,Public firm-specific evidence reviewed. Two automated anodising plants;2022 wastewater and2023 capacity not proven energy projects. Missing public evidence is not proof of non-deployment; UNKNOWN remains UNKNOWN.,Own PV/battery/microgrid/load-management use case and actual integration; supplier green power and customer applications are not own deployment. Two automated anodising plants;2022 wastewater and2023 capacity not proven energy projects.,NEEDS_RESEARCH,Codex AI-assisted first-pass coding; independent human review pending,2026-10-07,,,
P39,Eloxal Höfler GmbH,observed_transition_gap,measures_gap_score,,10,UNKNOWN; no supported numeric anchor,UNKNOWN,S-P39-03,Public firm-specific evidence reviewed. Two automated anodising plants;2022 wastewater and2023 capacity not proven energy projects. Missing public evidence is not proof of non-deployment; UNKNOWN remains UNKNOWN.,"Current concrete plant energy-transition measures or adequate confirmed inventory; general sustainability, certification, customer products and historical pilots do not establish current deployment or absence. Two automated anodising plants;2022 wastewater and2023 capacity not proven energy projects.",NEEDS_RESEARCH,Codex AI-assisted first-pass coding; independent human review pending,2026-10-07,,,
P39,Eloxal Höfler GmbH,observed_transition_gap,management_gap_score,2,5,current partial environmental system,B,S-P39-05,"Exact-holder ISO14001 valid through2026-12-28 establishes other-system anchor, not ISO50001 or mature EnMS.",,AWAITING_HUMAN_REVIEW,Codex AI-assisted first-pass coding; independent human review pending,2026-10-07,,,
P39,Eloxal Höfler GmbH,observed_transition_gap,targets_gap_score,3,5,vague environmental improvement ambition,B,S-P39-04,Current safe-operation/environmental continuous-improvement policy is undated ambition; own process/policy/certificate/exact-name energy-target checks do not establish dated energy roadmap. Internal absence not inferred.,,AWAITING_HUMAN_REVIEW,Codex AI-assisted first-pass coding; independent human review pending,2026-10-07,,,
P39,Eloxal Höfler GmbH,observed_transition_gap,investment_gap_score,,5,UNKNOWN; no supported numeric anchor,UNKNOWN,S-P39-03,Public firm-specific evidence reviewed. Two automated anodising plants;2022 wastewater and2023 capacity not proven energy projects. Missing public evidence is not proof of non-deployment; UNKNOWN remains UNKNOWN.,"Dated completed energy-transition investment within2021-10-07 to2026-10-07; old projects, certificate renewal, crawl dates and undifferentiated capacity/wastewater expansion are insufficient. Two automated anodising plants;2022 wastewater and2023 capacity not proven energy projects.",NEEDS_RESEARCH,Codex AI-assisted first-pass coding; independent human review pending,2026-10-07,,,
P41,"Galvano Weis, Weis GmbH & Co., Galvanische-Werkstätte KG",process_electrification_potential,temperature_fit_score,,10,UNKNOWN; no supported numeric anchor,UNKNOWN,S-P41-03,Public firm-specific evidence reviewed. 2013 pulse-plating research and future-tense heat pump not current deployment;2023 carbon offsets not plant savings. Missing public evidence is not proof of non-deployment; UNKNOWN remains UNKNOWN.,"Actual process-heating temperatures and supported electric-heat fit, rather than part dimensions, cold maturation, material/customer ratings or historical boiler baselines. 2013 pulse-plating research and future-tense heat pump not current deployment;2023 carbon offsets not plant savings.",NEEDS_RESEARCH,Codex AI-assisted first-pass coding; independent human review pending,2026-10-07,,,
P41,"Galvano Weis, Weis GmbH & Co., Galvanische-Werkstätte KG",process_electrification_potential,process_electrification_score,,10,UNKNOWN; no supported numeric anchor,UNKNOWN,S-P41-03,Public firm-specific evidence reviewed. 2013 pulse-plating research and future-tense heat pump not current deployment;2023 carbon offsets not plant savings. Missing public evidence is not proof of non-deployment; UNKNOWN remains UNKNOWN.,"Named own actual/planned electric thermal route; electrochemical coating, generic production or customer energy applications alone do not establish electric process heat. 2013 pulse-plating research and future-tense heat pump not current deployment;2023 carbon offsets not plant savings.",NEEDS_RESEARCH,Codex AI-assisted first-pass coding; independent human review pending,2026-10-07,,,
P41,"Galvano Weis, Weis GmbH & Co., Galvanische-Werkstätte KG",process_electrification_potential,fossil_heat_displacement_score,,5,UNKNOWN; no supported numeric anchor,UNKNOWN,S-P41-03,Public firm-specific evidence reviewed. 2013 pulse-plating research and future-tense heat pump not current deployment;2023 carbon offsets not plant savings. Missing public evidence is not proof of non-deployment; UNKNOWN remains UNKNOWN.,"Actual current fossil thermal carrier, centrality and displacement materiality; unspecified CHP/ovens and historic gas baselines do not establish remaining fuel mix. 2013 pulse-plating research and future-tense heat pump not current deployment;2023 carbon offsets not plant savings.",NEEDS_RESEARCH,Codex AI-assisted first-pass coding; independent human review pending,2026-10-07,,,
P41,"Galvano Weis, Weis GmbH & Co., Galvanische-Werkstätte KG",power_electronics_relevance,motor_drive_score,,8,UNKNOWN; no supported numeric anchor,UNKNOWN,S-P41-03,Public firm-specific evidence reviewed. 2013 pulse-plating research and future-tense heat pump not current deployment;2023 carbon offsets not plant savings. Missing public evidence is not proof of non-deployment; UNKNOWN remains UNKNOWN.,Named current owned motor/pump/compressor/drive applications and their materiality; production sector and historical steam/ice machines alone are insufficient. 2013 pulse-plating research and future-tense heat pump not current deployment;2023 carbon offsets not plant savings.,NEEDS_RESEARCH,Codex AI-assisted first-pass coding; independent human review pending,2026-10-07,,,
P41,"Galvano Weis, Weis GmbH & Co., Galvanische-Werkstätte KG",power_electronics_relevance,power_conversion_score,5,8,one owned electrochemical conversion use case,C,S-P41-06,Actual owned anodising/galvanic process supports one material conversion relevance as engineering inference. No specific rectifier count/topology/power inferred; group/research facts not current thermal route.,,AWAITING_HUMAN_REVIEW,Codex AI-assisted first-pass coding; independent human review pending,2026-10-07,,,
P41,"Galvano Weis, Weis GmbH & Co., Galvanische-Werkstätte KG",power_electronics_relevance,automation_control_score,,4,UNKNOWN; no supported numeric anchor,UNKNOWN,S-P41-03,Public firm-specific evidence reviewed. 2013 pulse-plating research and future-tense heat pump not current deployment;2023 carbon offsets not plant savings. Missing public evidence is not proof of non-deployment; UNKNOWN remains UNKNOWN.,Actual current owned sensing/control applications and coordination; generic modernity or staging-site claims need corroboration. 2013 pulse-plating research and future-tense heat pump not current deployment;2023 carbon offsets not plant savings.,NEEDS_RESEARCH,Codex AI-assisted first-pass coding; independent human review pending,2026-10-07,,,
P41,"Galvano Weis, Weis GmbH & Co., Galvanische-Werkstätte KG",load_flexibility_potential,scheduling_flex_score,,8,UNKNOWN; no supported numeric anchor,UNKNOWN,S-P41-03,Public firm-specific evidence reviewed. 2013 pulse-plating research and future-tense heat pump not current deployment;2023 carbon offsets not plant savings. Missing public evidence is not proof of non-deployment; UNKNOWN remains UNKNOWN.,"Admissible operating/start/interruption windows and actual buffers; product maturation, process cycles or programmable furnace recipes are not dispatch permission. 2013 pulse-plating research and future-tense heat pump not current deployment;2023 carbon offsets not plant savings.",NEEDS_RESEARCH,Codex AI-assisted first-pass coding; independent human review pending,2026-10-07,,,
P41,"Galvano Weis, Weis GmbH & Co., Galvanische-Werkstätte KG",load_flexibility_potential,thermal_storage_flex_score,,7,UNKNOWN; no supported numeric anchor,UNKNOWN,S-P41-03,Public firm-specific evidence reviewed. 2013 pulse-plating research and future-tense heat pump not current deployment;2023 carbon offsets not plant savings. Missing public evidence is not proof of non-deployment; UNKNOWN remains UNKNOWN.,"Named own usable heat/cold store or validated thermal inertia with operating window; cooling, absorption chilling, production tanks and glass melt mass alone do not establish storage. 2013 pulse-plating research and future-tense heat pump not current deployment;2023 carbon offsets not plant savings.",NEEDS_RESEARCH,Codex AI-assisted first-pass coding; independent human review pending,2026-10-07,,,
P41,"Galvano Weis, Weis GmbH & Co., Galvanische-Werkstätte KG",grid_power_quality_relevance,incremental_load_score,,8,UNKNOWN; no supported numeric anchor,UNKNOWN,S-P41-03,Public firm-specific evidence reviewed. 2013 pulse-plating research and future-tense heat pump not current deployment;2023 carbon offsets not plant savings. Missing public evidence is not proof of non-deployment; UNKNOWN remains UNKNOWN.,"Defined additional thermal electrification route and ordinal new-load materiality; existing electric assets, PV expansion and EV charging are not an additional heat-route load. 2013 pulse-plating research and future-tense heat pump not current deployment;2023 carbon offsets not plant savings.",NEEDS_RESEARCH,Codex AI-assisted first-pass coding; independent human review pending,2026-10-07,,,
P41,"Galvano Weis, Weis GmbH & Co., Galvanische-Werkstätte KG",grid_power_quality_relevance,power_quality_score,1,4,possible electrochemical converter effects,C,S-P41-06,"Actual own electrochemical process supports possible power-quality relevance only; no measured site harmonics, reactive power or peak constraint.",,AWAITING_HUMAN_REVIEW,Codex AI-assisted first-pass coding; independent human review pending,2026-10-07,,,
P41,"Galvano Weis, Weis GmbH & Co., Galvanische-Werkstätte KG",grid_power_quality_relevance,onsite_integration_score,,3,UNKNOWN; no supported numeric anchor,UNKNOWN,S-P41-03,Public firm-specific evidence reviewed. 2013 pulse-plating research and future-tense heat pump not current deployment;2023 carbon offsets not plant savings. Missing public evidence is not proof of non-deployment; UNKNOWN remains UNKNOWN.,Own PV/battery/microgrid/load-management use case and actual integration; supplier green power and customer applications are not own deployment. 2013 pulse-plating research and future-tense heat pump not current deployment;2023 carbon offsets not plant savings.,NEEDS_RESEARCH,Codex AI-assisted first-pass coding; independent human review pending,2026-10-07,,,
P41,"Galvano Weis, Weis GmbH & Co., Galvanische-Werkstätte KG",observed_transition_gap,measures_gap_score,,10,UNKNOWN; no supported numeric anchor,UNKNOWN,S-P41-03,Public firm-specific evidence reviewed. 2013 pulse-plating research and future-tense heat pump not current deployment;2023 carbon offsets not plant savings. Missing public evidence is not proof of non-deployment; UNKNOWN remains UNKNOWN.,"Current concrete plant energy-transition measures or adequate confirmed inventory; general sustainability, certification, customer products and historical pilots do not establish current deployment or absence. 2013 pulse-plating research and future-tense heat pump not current deployment;2023 carbon offsets not plant savings.",NEEDS_RESEARCH,Codex AI-assisted first-pass coding; independent human review pending,2026-10-07,,,
P41,"Galvano Weis, Weis GmbH & Co., Galvanische-Werkstätte KG",observed_transition_gap,management_gap_score,2,5,current exact-site environmental system,B,S-P41-03 | S-P41-06,Current ISO14001 at exact address and own imprint linking abbreviated holder support partial environmental system; canonical legal name remains unchanged.,,AWAITING_HUMAN_REVIEW,Codex AI-assisted first-pass coding; independent human review pending,2026-10-07,,,
P41,"Galvano Weis, Weis GmbH & Co., Galvanische-Werkstätte KG",observed_transition_gap,targets_gap_score,3,5,undated environmental ambition,B,S-P41-04,Current environmental ambition lacks dated energy roadmap in defined own/public-funder/certificate/exact-name target checks.2023 offset claim is not plant reduction;2013 research objective not current firm target.,,AWAITING_HUMAN_REVIEW,Codex AI-assisted first-pass coding; independent human review pending,2026-10-07,,,
P41,"Galvano Weis, Weis GmbH & Co., Galvanische-Werkstätte KG",observed_transition_gap,investment_gap_score,,5,UNKNOWN; no supported numeric anchor,UNKNOWN,S-P41-03,Public firm-specific evidence reviewed. 2013 pulse-plating research and future-tense heat pump not current deployment;2023 carbon offsets not plant savings. Missing public evidence is not proof of non-deployment; UNKNOWN remains UNKNOWN.,"Dated completed energy-transition investment within2021-10-07 to2026-10-07; old projects, certificate renewal, crawl dates and undifferentiated capacity/wastewater expansion are insufficient. 2013 pulse-plating research and future-tense heat pump not current deployment;2023 carbon offsets not plant savings.",NEEDS_RESEARCH,Codex AI-assisted first-pass coding; independent human review pending,2026-10-07,,,
P44,OXIDKERAMIK J. Cardenas GmbH,process_electrification_potential,temperature_fit_score,,10,UNKNOWN; no supported numeric anchor,UNKNOWN,S-P44-03,Public firm-specific evidence reviewed. Material ratings and customer PV/wind/hydro applications not owned kilns/generation. Missing public evidence is not proof of non-deployment; UNKNOWN remains UNKNOWN.,"Actual process-heating temperatures and supported electric-heat fit, rather than part dimensions, cold maturation, material/customer ratings or historical boiler baselines. Material ratings and customer PV/wind/hydro applications not owned kilns/generation.",NEEDS_RESEARCH,Codex AI-assisted first-pass coding; independent human review pending,2026-10-07,,,
P44,OXIDKERAMIK J. Cardenas GmbH,process_electrification_potential,process_electrification_score,,10,UNKNOWN; no supported numeric anchor,UNKNOWN,S-P44-03,Public firm-specific evidence reviewed. Material ratings and customer PV/wind/hydro applications not owned kilns/generation. Missing public evidence is not proof of non-deployment; UNKNOWN remains UNKNOWN.,"Named own actual/planned electric thermal route; electrochemical coating, generic production or customer energy applications alone do not establish electric process heat. Material ratings and customer PV/wind/hydro applications not owned kilns/generation.",NEEDS_RESEARCH,Codex AI-assisted first-pass coding; independent human review pending,2026-10-07,,,
P44,OXIDKERAMIK J. Cardenas GmbH,process_electrification_potential,fossil_heat_displacement_score,,5,UNKNOWN; no supported numeric anchor,UNKNOWN,S-P44-03,Public firm-specific evidence reviewed. Material ratings and customer PV/wind/hydro applications not owned kilns/generation. Missing public evidence is not proof of non-deployment; UNKNOWN remains UNKNOWN.,"Actual current fossil thermal carrier, centrality and displacement materiality; unspecified CHP/ovens and historic gas baselines do not establish remaining fuel mix. Material ratings and customer PV/wind/hydro applications not owned kilns/generation.",NEEDS_RESEARCH,Codex AI-assisted first-pass coding; independent human review pending,2026-10-07,,,
P44,OXIDKERAMIK J. Cardenas GmbH,power_electronics_relevance,motor_drive_score,,8,UNKNOWN; no supported numeric anchor,UNKNOWN,S-P44-03,Public firm-specific evidence reviewed. Material ratings and customer PV/wind/hydro applications not owned kilns/generation. Missing public evidence is not proof of non-deployment; UNKNOWN remains UNKNOWN.,Named current owned motor/pump/compressor/drive applications and their materiality; production sector and historical steam/ice machines alone are insufficient. Material ratings and customer PV/wind/hydro applications not owned kilns/generation.,NEEDS_RESEARCH,Codex AI-assisted first-pass coding; independent human review pending,2026-10-07,,,
P44,OXIDKERAMIK J. Cardenas GmbH,power_electronics_relevance,power_conversion_score,,8,UNKNOWN; no supported numeric anchor,UNKNOWN,S-P44-03,Public firm-specific evidence reviewed. Material ratings and customer PV/wind/hydro applications not owned kilns/generation. Missing public evidence is not proof of non-deployment; UNKNOWN remains UNKNOWN.,"Named current own material rectifier/converter/controlled-heat use case; customer product applications, AC charging sockets and unspecified machine carriers are insufficient. Material ratings and customer PV/wind/hydro applications not owned kilns/generation.",NEEDS_RESEARCH,Codex AI-assisted first-pass coding; independent human review pending,2026-10-07,,,
P44,OXIDKERAMIK J. Cardenas GmbH,power_electronics_relevance,automation_control_score,1,4,limited own measurement relevance,C,S-P44-04,Named own modern dimensional/tolerance control devices support limited sensing relevance; no integrated or energy control established.,,AWAITING_HUMAN_REVIEW,Codex AI-assisted first-pass coding; independent human review pending,2026-10-07,,,
P44,OXIDKERAMIK J. Cardenas GmbH,load_flexibility_potential,scheduling_flex_score,,8,UNKNOWN; no supported numeric anchor,UNKNOWN,S-P44-03,Public firm-specific evidence reviewed. Material ratings and customer PV/wind/hydro applications not owned kilns/generation. Missing public evidence is not proof of non-deployment; UNKNOWN remains UNKNOWN.,"Admissible operating/start/interruption windows and actual buffers; product maturation, process cycles or programmable furnace recipes are not dispatch permission. Material ratings and customer PV/wind/hydro applications not owned kilns/generation.",NEEDS_RESEARCH,Codex AI-assisted first-pass coding; independent human review pending,2026-10-07,,,
P44,OXIDKERAMIK J. Cardenas GmbH,load_flexibility_potential,thermal_storage_flex_score,,7,UNKNOWN; no supported numeric anchor,UNKNOWN,S-P44-03,Public firm-specific evidence reviewed. Material ratings and customer PV/wind/hydro applications not owned kilns/generation. Missing public evidence is not proof of non-deployment; UNKNOWN remains UNKNOWN.,"Named own usable heat/cold store or validated thermal inertia with operating window; cooling, absorption chilling, production tanks and glass melt mass alone do not establish storage. Material ratings and customer PV/wind/hydro applications not owned kilns/generation.",NEEDS_RESEARCH,Codex AI-assisted first-pass coding; independent human review pending,2026-10-07,,,
P44,OXIDKERAMIK J. Cardenas GmbH,grid_power_quality_relevance,incremental_load_score,,8,UNKNOWN; no supported numeric anchor,UNKNOWN,S-P44-03,Public firm-specific evidence reviewed. Material ratings and customer PV/wind/hydro applications not owned kilns/generation. Missing public evidence is not proof of non-deployment; UNKNOWN remains UNKNOWN.,"Defined additional thermal electrification route and ordinal new-load materiality; existing electric assets, PV expansion and EV charging are not an additional heat-route load. Material ratings and customer PV/wind/hydro applications not owned kilns/generation.",NEEDS_RESEARCH,Codex AI-assisted first-pass coding; independent human review pending,2026-10-07,,,
P44,OXIDKERAMIK J. Cardenas GmbH,grid_power_quality_relevance,power_quality_score,,4,UNKNOWN; no supported numeric anchor,UNKNOWN,S-P44-03,Public firm-specific evidence reviewed. Material ratings and customer PV/wind/hydro applications not owned kilns/generation. Missing public evidence is not proof of non-deployment; UNKNOWN remains UNKNOWN.,Current firm-specific converter/peak/reactive-power signals; grid connection or a transformer alone is not a measured power-quality issue. Material ratings and customer PV/wind/hydro applications not owned kilns/generation.,NEEDS_RESEARCH,Codex AI-assisted first-pass coding; independent human review pending,2026-10-07,,,
P44,OXIDKERAMIK J. Cardenas GmbH,grid_power_quality_relevance,onsite_integration_score,,3,UNKNOWN; no supported numeric anchor,UNKNOWN,S-P44-03,Public firm-specific evidence reviewed. Material ratings and customer PV/wind/hydro applications not owned kilns/generation. Missing public evidence is not proof of non-deployment; UNKNOWN remains UNKNOWN.,Own PV/battery/microgrid/load-management use case and actual integration; supplier green power and customer applications are not own deployment. Material ratings and customer PV/wind/hydro applications not owned kilns/generation.,NEEDS_RESEARCH,Codex AI-assisted first-pass coding; independent human review pending,2026-10-07,,,
P44,OXIDKERAMIK J. Cardenas GmbH,observed_transition_gap,measures_gap_score,,10,UNKNOWN; no supported numeric anchor,UNKNOWN,S-P44-03,Public firm-specific evidence reviewed. Material ratings and customer PV/wind/hydro applications not owned kilns/generation. Missing public evidence is not proof of non-deployment; UNKNOWN remains UNKNOWN.,"Current concrete plant energy-transition measures or adequate confirmed inventory; general sustainability, certification, customer products and historical pilots do not establish current deployment or absence. Material ratings and customer PV/wind/hydro applications not owned kilns/generation.",NEEDS_RESEARCH,Codex AI-assisted first-pass coding; independent human review pending,2026-10-07,,,
P44,OXIDKERAMIK J. Cardenas GmbH,observed_transition_gap,management_gap_score,,5,UNKNOWN; no supported numeric anchor,UNKNOWN,S-P44-03,Public firm-specific evidence reviewed. Material ratings and customer PV/wind/hydro applications not owned kilns/generation. Missing public evidence is not proof of non-deployment; UNKNOWN remains UNKNOWN.,"Current verified site EnMS/environmental system or bounded claim; ISO9001, an inaccessible/staging certificate page and missing evidence are not certified mature EnMS. Material ratings and customer PV/wind/hydro applications not owned kilns/generation.",NEEDS_RESEARCH,Codex AI-assisted first-pass coding; independent human review pending,2026-10-07,,,
P44,OXIDKERAMIK J. Cardenas GmbH,observed_transition_gap,targets_gap_score,5,5,no energy target found in defined public checks,B,S-P44-03 | S-P44-04 | S-P44-05 | S-P44-06,"Owned company/quality/energy-applications/download sections and exact-name public energy-target/certification searches checked07/10/2026. No dated energy target or explicit own energy ambition found in that scope; customer applications excluded. This is public documentation gap, not absence of internal targets.",,AWAITING_HUMAN_REVIEW,Codex AI-assisted first-pass coding; independent human review pending,2026-10-07,,,
P44,OXIDKERAMIK J. Cardenas GmbH,observed_transition_gap,investment_gap_score,,5,UNKNOWN; no supported numeric anchor,UNKNOWN,S-P44-03,Public firm-specific evidence reviewed. Material ratings and customer PV/wind/hydro applications not owned kilns/generation. Missing public evidence is not proof of non-deployment; UNKNOWN remains UNKNOWN.,"Dated completed energy-transition investment within2021-10-07 to2026-10-07; old projects, certificate renewal, crawl dates and undifferentiated capacity/wastewater expansion are insufficient. Material ratings and customer PV/wind/hydro applications not owned kilns/generation.",NEEDS_RESEARCH,Codex AI-assisted first-pass coding; independent human review pending,2026-10-07,,,
P45,Glasmanufaktur HARZKRISTALL GmbH,process_electrification_potential,temperature_fit_score,,10,UNKNOWN; no supported numeric anchor,UNKNOWN,S-P45-03,"Public firm-specific evidence reviewed. Owned electric melting/reheat and programmable cooling;130 kg is glass mass, not electrical load/storage. Missing public evidence is not proof of non-deployment; UNKNOWN remains UNKNOWN.","Actual process-heating temperatures and supported electric-heat fit, rather than part dimensions, cold maturation, material/customer ratings or historical boiler baselines. Owned electric melting/reheat and programmable cooling;130 kg is glass mass, not electrical load/storage.",NEEDS_RESEARCH,Codex AI-assisted first-pass coding; independent human review pending,2026-10-07,,,
P45,Glasmanufaktur HARZKRISTALL GmbH,process_electrification_potential,process_electrification_score,10,10,two explicitly owned electric thermal applications,B,S-P45-03,"Own electric melt furnace and electric reheating drum establish two strongly supported thermal use cases. Furnace capacity130 kg not kW, incremental load or temperature; not all plant heat presumed electric.",,AWAITING_HUMAN_REVIEW,Codex AI-assisted first-pass coding; independent human review pending,2026-10-07,,,
P45,Glasmanufaktur HARZKRISTALL GmbH,process_electrification_potential,fossil_heat_displacement_score,,5,UNKNOWN; no supported numeric anchor,UNKNOWN,S-P45-03,"Public firm-specific evidence reviewed. Owned electric melting/reheat and programmable cooling;130 kg is glass mass, not electrical load/storage. Missing public evidence is not proof of non-deployment; UNKNOWN remains UNKNOWN.","Actual current fossil thermal carrier, centrality and displacement materiality; unspecified CHP/ovens and historic gas baselines do not establish remaining fuel mix. Owned electric melting/reheat and programmable cooling;130 kg is glass mass, not electrical load/storage.",NEEDS_RESEARCH,Codex AI-assisted first-pass coding; independent human review pending,2026-10-07,,,
P45,Glasmanufaktur HARZKRISTALL GmbH,power_electronics_relevance,motor_drive_score,5,8,material own cold-machining drives,B,S-P45-03 | S-P45-04,"Named own grinding/polishing wheels, horizontal/vertical saws and drilling support material drives, without rated or intensive machine-load inventory.",,AWAITING_HUMAN_REVIEW,Codex AI-assisted first-pass coding; independent human review pending,2026-10-07,,,
P45,Glasmanufaktur HARZKRISTALL GmbH,power_electronics_relevance,power_conversion_score,5,8,one controlled electric-heat conversion context,C,S-P45-03,Explicit owned electric melt/reheat plus programmable cooling furnace support one controlled-heat relevance as engineering inference; converter topology/count not established and two electric heaters not counted as separate verified converters.,,AWAITING_HUMAN_REVIEW,Codex AI-assisted first-pass coding; independent human review pending,2026-10-07,,,
P45,Glasmanufaktur HARZKRISTALL GmbH,power_electronics_relevance,automation_control_score,3,4,clear programmable cooling control,B,S-P45-03,"Own cooling oven with settable programmes establishes clear thermal process control, not flexible scheduling or energy coordination.",,AWAITING_HUMAN_REVIEW,Codex AI-assisted first-pass coding; independent human review pending,2026-10-07,,,
P45,Glasmanufaktur HARZKRISTALL GmbH,load_flexibility_potential,scheduling_flex_score,,8,UNKNOWN; no supported numeric anchor,UNKNOWN,S-P45-03,"Public firm-specific evidence reviewed. Owned electric melting/reheat and programmable cooling;130 kg is glass mass, not electrical load/storage. Missing public evidence is not proof of non-deployment; UNKNOWN remains UNKNOWN.","Admissible operating/start/interruption windows and actual buffers; product maturation, process cycles or programmable furnace recipes are not dispatch permission. Owned electric melting/reheat and programmable cooling;130 kg is glass mass, not electrical load/storage.",NEEDS_RESEARCH,Codex AI-assisted first-pass coding; independent human review pending,2026-10-07,,,
P45,Glasmanufaktur HARZKRISTALL GmbH,load_flexibility_potential,thermal_storage_flex_score,,7,UNKNOWN; no supported numeric anchor,UNKNOWN,S-P45-03,"Public firm-specific evidence reviewed. Owned electric melting/reheat and programmable cooling;130 kg is glass mass, not electrical load/storage. Missing public evidence is not proof of non-deployment; UNKNOWN remains UNKNOWN.","Named own usable heat/cold store or validated thermal inertia with operating window; cooling, absorption chilling, production tanks and glass melt mass alone do not establish storage. Owned electric melting/reheat and programmable cooling;130 kg is glass mass, not electrical load/storage.",NEEDS_RESEARCH,Codex AI-assisted first-pass coding; independent human review pending,2026-10-07,,,
P45,Glasmanufaktur HARZKRISTALL GmbH,grid_power_quality_relevance,incremental_load_score,,8,UNKNOWN; no supported numeric anchor,UNKNOWN,S-P45-03,"Public firm-specific evidence reviewed. Owned electric melting/reheat and programmable cooling;130 kg is glass mass, not electrical load/storage. Missing public evidence is not proof of non-deployment; UNKNOWN remains UNKNOWN.","Defined additional thermal electrification route and ordinal new-load materiality; existing electric assets, PV expansion and EV charging are not an additional heat-route load. Owned electric melting/reheat and programmable cooling;130 kg is glass mass, not electrical load/storage.",NEEDS_RESEARCH,Codex AI-assisted first-pass coding; independent human review pending,2026-10-07,,,
P45,Glasmanufaktur HARZKRISTALL GmbH,grid_power_quality_relevance,power_quality_score,1,4,possible controlled electric-heat effects,C,S-P45-03,Owned electric furnace context supports possible power-quality relevance only; measured harmonics/peaks/reactive power unresolved.,,AWAITING_HUMAN_REVIEW,Codex AI-assisted first-pass coding; independent human review pending,2026-10-07,,,
P45,Glasmanufaktur HARZKRISTALL GmbH,grid_power_quality_relevance,onsite_integration_score,2,3,one clear site EV-charging use case,B,S-P45-01,Own site lists four car and six bicycle charging stations; clear site charging use case without PV/storage or actual converter ratings inferred.,,AWAITING_HUMAN_REVIEW,Codex AI-assisted first-pass coding; independent human review pending,2026-10-07,,,
P45,Glasmanufaktur HARZKRISTALL GmbH,observed_transition_gap,measures_gap_score,3,10,some actual electrical measures,B,S-P45-03 | S-P45-01,"Own electric process furnaces and site EV charging are concrete energy-relevant installations; commissioning or baseline savings unknown, so no new investment/whole-site fossil-free claim.",,AWAITING_HUMAN_REVIEW,Codex AI-assisted first-pass coding; independent human review pending,2026-10-07,,,
P45,Glasmanufaktur HARZKRISTALL GmbH,observed_transition_gap,management_gap_score,,5,UNKNOWN; no supported numeric anchor,UNKNOWN,S-P45-03,"Public firm-specific evidence reviewed. Owned electric melting/reheat and programmable cooling;130 kg is glass mass, not electrical load/storage. Missing public evidence is not proof of non-deployment; UNKNOWN remains UNKNOWN.","Current verified site EnMS/environmental system or bounded claim; ISO9001, an inaccessible/staging certificate page and missing evidence are not certified mature EnMS. Owned electric melting/reheat and programmable cooling;130 kg is glass mass, not electrical load/storage.",NEEDS_RESEARCH,Codex AI-assisted first-pass coding; independent human review pending,2026-10-07,,,
P45,Glasmanufaktur HARZKRISTALL GmbH,observed_transition_gap,targets_gap_score,5,5,no specific energy target found in defined checks,B,S-P45-03 | S-P45-04 | S-P45-01,Own company/manufacturing/brochure/site and exact-name public target/certification searches checked07/10/2026. Generic brochure Nachhaltigkeit and heritage mission do not specify a plant energy target; internal target absence not inferred.,,AWAITING_HUMAN_REVIEW,Codex AI-assisted first-pass coding; independent human review pending,2026-10-07,,,
P45,Glasmanufaktur HARZKRISTALL GmbH,observed_transition_gap,investment_gap_score,,5,UNKNOWN; no supported numeric anchor,UNKNOWN,S-P45-03,"Public firm-specific evidence reviewed. Owned electric melting/reheat and programmable cooling;130 kg is glass mass, not electrical load/storage. Missing public evidence is not proof of non-deployment; UNKNOWN remains UNKNOWN.","Dated completed energy-transition investment within2021-10-07 to2026-10-07; old projects, certificate renewal, crawl dates and undifferentiated capacity/wastewater expansion are insufficient. Owned electric melting/reheat and programmable cooling;130 kg is glass mass, not electrical load/storage.",NEEDS_RESEARCH,Codex AI-assisted first-pass coding; independent human review pending,2026-10-07,,,
P50,Brauerei Aying Franz Inselkammer KG,process_electrification_potential,temperature_fit_score,10,10,actual83 C heat-pump application,B,S-P50-04,"dena documents actual83 C heat-pump heater supply to washer bath: strong established fit.135 C is old gas-boiler baseline,150 kW thermal not electrical load; other site temperatures unknown.",,AWAITING_HUMAN_REVIEW,Codex AI-assisted first-pass coding; independent human review pending,2026-10-07,,,
P50,Brauerei Aying Franz Inselkammer KG,process_electrification_potential,process_electrification_score,7,10,one actual heat-pump thermal application,B,S-P50-04 | S-P50-05,Own installed washer heat pump is one clear electric thermal use case with CHP/cooling heat recovery.2018/2019 commissioning discrepancy remains explicit; does not establish several applications or fossil-free site.,,AWAITING_HUMAN_REVIEW,Codex AI-assisted first-pass coding; independent human review pending,2026-10-07,,,
P50,Brauerei Aying Franz Inselkammer KG,process_electrification_potential,fossil_heat_displacement_score,,5,UNKNOWN; no supported numeric anchor,UNKNOWN,S-P50-07 | S-P50-04,Public firm-specific evidence reviewed. Historical bottle-washer heat-pump case83 C/150 kWthermal;2018/2019 date discrepancy outside lookback;2023 report is older than2026 active EMAS list. Missing public evidence is not proof of non-deployment; UNKNOWN remains UNKNOWN.,Current remaining fossil heat/service mix and substitution materiality.2023 report documents2022 gas/CHP; washer heat electrification does not establish current whole-plant fuel mix.,NEEDS_RESEARCH,Codex AI-assisted first-pass coding; independent human review pending,2026-10-07,,,
P50,Brauerei Aying Franz Inselkammer KG,power_electronics_relevance,motor_drive_score,5,8,material own heat-pump drive relevance,B,S-P50-04 | S-P50-05,Documented150 kWthermal heat pump supports material compressor-drive relevance as engineering interpretation;COP approximately4 not verified electrical rating or multiple intensive drive inventory.,,AWAITING_HUMAN_REVIEW,Codex AI-assisted first-pass coding; independent human review pending,2026-10-07,,,
P50,Brauerei Aying Franz Inselkammer KG,power_electronics_relevance,power_conversion_score,2,8,limited heat-pump conversion relevance,C,S-P50-04,Actual heat-pump drive gives limited conversion relevance as engineering interpretation; VSD/converter topology not specified.,,AWAITING_HUMAN_REVIEW,Codex AI-assisted first-pass coding; independent human review pending,2026-10-07,,,
P50,Brauerei Aying Franz Inselkammer KG,power_electronics_relevance,automation_control_score,3,4,clear integrated washer heat control,B,S-P50-04 | S-P50-05,Actual cascade exchangers/heat pump/bottle-washer integration supports clear process control relevance; verified electricity dispatch architecture not established.,,AWAITING_HUMAN_REVIEW,Codex AI-assisted first-pass coding; independent human review pending,2026-10-07,,,
P50,Brauerei Aying Franz Inselkammer KG,load_flexibility_potential,scheduling_flex_score,,8,UNKNOWN; no supported numeric anchor,UNKNOWN,S-P50-07 | S-P50-04,Public firm-specific evidence reviewed. Historical bottle-washer heat-pump case83 C/150 kWthermal;2018/2019 date discrepancy outside lookback;2023 report is older than2026 active EMAS list. Missing public evidence is not proof of non-deployment; UNKNOWN remains UNKNOWN.,"Admissible operating/start/interruption windows and actual buffers; product maturation, process cycles or programmable furnace recipes are not dispatch permission. Historical bottle-washer heat-pump case83 C/150 kWthermal;2018/2019 date discrepancy outside lookback;2023 report is older than2026 active EMAS list.",NEEDS_RESEARCH,Codex AI-assisted first-pass coding; independent human review pending,2026-10-07,,,
P50,Brauerei Aying Franz Inselkammer KG,load_flexibility_potential,thermal_storage_flex_score,,7,UNKNOWN; no supported numeric anchor,UNKNOWN,S-P50-07 | S-P50-04,Public firm-specific evidence reviewed. Historical bottle-washer heat-pump case83 C/150 kWthermal;2018/2019 date discrepancy outside lookback;2023 report is older than2026 active EMAS list. Missing public evidence is not proof of non-deployment; UNKNOWN remains UNKNOWN.,"Actual completed usable heat/cold store and operating window;2023 report energy-store project2023-2030 is planned, not current deployment. Washer heat recovery is not itself storage.",NEEDS_RESEARCH,Codex AI-assisted first-pass coding; independent human review pending,2026-10-07,,,
P50,Brauerei Aying Franz Inselkammer KG,grid_power_quality_relevance,incremental_load_score,,8,UNKNOWN; no supported numeric anchor,UNKNOWN,S-P50-07 | S-P50-04,Public firm-specific evidence reviewed. Historical bottle-washer heat-pump case83 C/150 kWthermal;2018/2019 date discrepancy outside lookback;2023 report is older than2026 active EMAS list. Missing public evidence is not proof of non-deployment; UNKNOWN remains UNKNOWN.,"Defined additional thermal electrification route and ordinal new-load materiality; existing electric assets, PV expansion and EV charging are not an additional heat-route load. Historical bottle-washer heat-pump case83 C/150 kWthermal;2018/2019 date discrepancy outside lookback;2023 report is older than2026 active EMAS list.",NEEDS_RESEARCH,Codex AI-assisted first-pass coding; independent human review pending,2026-10-07,,,
P50,Brauerei Aying Franz Inselkammer KG,grid_power_quality_relevance,power_quality_score,1,4,possible electric-drive effects,C,S-P50-04,Actual heat-pump drive supports possible relevance; no harmonic/reactive/peak-load measurement inferred.,,AWAITING_HUMAN_REVIEW,Codex AI-assisted first-pass coding; independent human review pending,2026-10-07,,,
P50,Brauerei Aying Franz Inselkammer KG,grid_power_quality_relevance,onsite_integration_score,3,3,coordinated CHP/heat-pump integration,B,S-P50-04 | S-P50-05,"Actual CHP own electricity powers washer heat pump; CHP and recovered cooling heat feed its heat source. This is a coordinated site generation/load/heat use case, not PV/battery deployment.",,AWAITING_HUMAN_REVIEW,Codex AI-assisted first-pass coding; independent human review pending,2026-10-07,,,
P50,Brauerei Aying Franz Inselkammer KG,observed_transition_gap,measures_gap_score,0,10,several concrete integrated energy measures,B,S-P50-04 | S-P50-05,"Actual CHP, washer-cooling heat recovery and high-temperature heat pump are separately named actual installations;81% and87% savings scopes differ and are not averaged.",,AWAITING_HUMAN_REVIEW,Codex AI-assisted first-pass coding; independent human review pending,2026-10-07,,,
P50,Brauerei Aying Franz Inselkammer KG,observed_transition_gap,management_gap_score,0,5,officially registered mature EMAS system,B,S-P50-06,"Official active register01/09/2026 exact company/site DE-155-00168 supports mature EMAS, independent of2023 report/upload path. Registration-since date not validation/expiry; no human score approval.",,AWAITING_HUMAN_REVIEW,Codex AI-assisted first-pass coding; independent human review pending,2026-10-07,,,
P50,Brauerei Aying Franz Inselkammer KG,observed_transition_gap,targets_gap_score,,5,UNKNOWN; no supported numeric anchor,UNKNOWN,S-P50-07 | S-P50-04,Public firm-specific evidence reviewed. Historical bottle-washer heat-pump case83 C/150 kWthermal;2018/2019 date discrepancy outside lookback;2023 report is older than2026 active EMAS list. Missing public evidence is not proof of non-deployment; UNKNOWN remains UNKNOWN.,Current dated target/roadmap or current bounded ambition.2023 statement contains2020-2024 targets and next-target intentions; current2026 programme not established. Expired roadmap not treated as current or absent.,NEEDS_RESEARCH,Codex AI-assisted first-pass coding; independent human review pending,2026-10-07,,,
P50,Brauerei Aying Franz Inselkammer KG,observed_transition_gap,investment_gap_score,,5,UNKNOWN; no supported numeric anchor,UNKNOWN,S-P50-07 | S-P50-04,Public firm-specific evidence reviewed. Historical bottle-washer heat-pump case83 C/150 kWthermal;2018/2019 date discrepancy outside lookback;2023 report is older than2026 active EMAS list. Missing public evidence is not proof of non-deployment; UNKNOWN remains UNKNOWN.,Completed energy investment within2021-10-07 to2026-10-07.2012CHP/2019PV/2018-19 washer/heat pump excluded.2023 in-planning/in-implementation roof/compressor/control and planned2023-26 logistics not silently completed as of2026; truckEuro6 substitution is not proven energy-transition saving.,NEEDS_RESEARCH,Codex AI-assisted first-pass coding; independent human review pending,2026-10-07,,,
P51,Distelhäuser Brauerei Ernst Bauer GmbH & Co. KG,process_electrification_potential,temperature_fit_score,,10,UNKNOWN; no supported numeric anchor,UNKNOWN,S-P51-03,Public firm-specific evidence reviewed. Owned0 C maturation/heat recovery;2022 certification claim has no verified current validity. Missing public evidence is not proof of non-deployment; UNKNOWN remains UNKNOWN.,"Actual process-heating temperatures and supported electric-heat fit, rather than part dimensions, cold maturation, material/customer ratings or historical boiler baselines. Owned0 C maturation/heat recovery;2022 certification claim has no verified current validity.",NEEDS_RESEARCH,Codex AI-assisted first-pass coding; independent human review pending,2026-10-07,,,
P51,Distelhäuser Brauerei Ernst Bauer GmbH & Co. KG,process_electrification_potential,process_electrification_score,,10,UNKNOWN; no supported numeric anchor,UNKNOWN,S-P51-03,Public firm-specific evidence reviewed. Owned0 C maturation/heat recovery;2022 certification claim has no verified current validity. Missing public evidence is not proof of non-deployment; UNKNOWN remains UNKNOWN.,"Named own actual/planned electric thermal route; electrochemical coating, generic production or customer energy applications alone do not establish electric process heat. Owned0 C maturation/heat recovery;2022 certification claim has no verified current validity.",NEEDS_RESEARCH,Codex AI-assisted first-pass coding; independent human review pending,2026-10-07,,,
P51,Distelhäuser Brauerei Ernst Bauer GmbH & Co. KG,process_electrification_potential,fossil_heat_displacement_score,,5,UNKNOWN; no supported numeric anchor,UNKNOWN,S-P51-03,Public firm-specific evidence reviewed. Owned0 C maturation/heat recovery;2022 certification claim has no verified current validity. Missing public evidence is not proof of non-deployment; UNKNOWN remains UNKNOWN.,"Actual current fossil thermal carrier, centrality and displacement materiality; unspecified CHP/ovens and historic gas baselines do not establish remaining fuel mix. Owned0 C maturation/heat recovery;2022 certification claim has no verified current validity.",NEEDS_RESEARCH,Codex AI-assisted first-pass coding; independent human review pending,2026-10-07,,,
P51,Distelhäuser Brauerei Ernst Bauer GmbH & Co. KG,power_electronics_relevance,motor_drive_score,,8,UNKNOWN; no supported numeric anchor,UNKNOWN,S-P51-03,Public firm-specific evidence reviewed. Owned0 C maturation/heat recovery;2022 certification claim has no verified current validity. Missing public evidence is not proof of non-deployment; UNKNOWN remains UNKNOWN.,Named current owned motor/pump/compressor/drive applications and their materiality; production sector and historical steam/ice machines alone are insufficient. Owned0 C maturation/heat recovery;2022 certification claim has no verified current validity.,NEEDS_RESEARCH,Codex AI-assisted first-pass coding; independent human review pending,2026-10-07,,,
P51,Distelhäuser Brauerei Ernst Bauer GmbH & Co. KG,power_electronics_relevance,power_conversion_score,,8,UNKNOWN; no supported numeric anchor,UNKNOWN,S-P51-03,Public firm-specific evidence reviewed. Owned0 C maturation/heat recovery;2022 certification claim has no verified current validity. Missing public evidence is not proof of non-deployment; UNKNOWN remains UNKNOWN.,"Named current own material rectifier/converter/controlled-heat use case; customer product applications, AC charging sockets and unspecified machine carriers are insufficient. Owned0 C maturation/heat recovery;2022 certification claim has no verified current validity.",NEEDS_RESEARCH,Codex AI-assisted first-pass coding; independent human review pending,2026-10-07,,,
P51,Distelhäuser Brauerei Ernst Bauer GmbH & Co. KG,power_electronics_relevance,automation_control_score,1,4,limited named process-control relevance,C,S-P51-02 | S-P51-04,"Own regionality/process description mentions modern technology/automation and quality checks; limited inference only, no energy coordination or dispatch.",,AWAITING_HUMAN_REVIEW,Codex AI-assisted first-pass coding; independent human review pending,2026-10-07,,,
P51,Distelhäuser Brauerei Ernst Bauer GmbH & Co. KG,load_flexibility_potential,scheduling_flex_score,,8,UNKNOWN; no supported numeric anchor,UNKNOWN,S-P51-03,Public firm-specific evidence reviewed. Owned0 C maturation/heat recovery;2022 certification claim has no verified current validity. Missing public evidence is not proof of non-deployment; UNKNOWN remains UNKNOWN.,"Admissible operating/start/interruption windows and actual buffers; product maturation, process cycles or programmable furnace recipes are not dispatch permission. Owned0 C maturation/heat recovery;2022 certification claim has no verified current validity.",NEEDS_RESEARCH,Codex AI-assisted first-pass coding; independent human review pending,2026-10-07,,,
P51,Distelhäuser Brauerei Ernst Bauer GmbH & Co. KG,load_flexibility_potential,thermal_storage_flex_score,,7,UNKNOWN; no supported numeric anchor,UNKNOWN,S-P51-03,Public firm-specific evidence reviewed. Owned0 C maturation/heat recovery;2022 certification claim has no verified current validity. Missing public evidence is not proof of non-deployment; UNKNOWN remains UNKNOWN.,"Named own usable heat/cold store or validated thermal inertia with operating window; cooling, absorption chilling, production tanks and glass melt mass alone do not establish storage. Owned0 C maturation/heat recovery;2022 certification claim has no verified current validity.",NEEDS_RESEARCH,Codex AI-assisted first-pass coding; independent human review pending,2026-10-07,,,
P51,Distelhäuser Brauerei Ernst Bauer GmbH & Co. KG,grid_power_quality_relevance,incremental_load_score,,8,UNKNOWN; no supported numeric anchor,UNKNOWN,S-P51-03,Public firm-specific evidence reviewed. Owned0 C maturation/heat recovery;2022 certification claim has no verified current validity. Missing public evidence is not proof of non-deployment; UNKNOWN remains UNKNOWN.,"Defined additional thermal electrification route and ordinal new-load materiality; existing electric assets, PV expansion and EV charging are not an additional heat-route load. Owned0 C maturation/heat recovery;2022 certification claim has no verified current validity.",NEEDS_RESEARCH,Codex AI-assisted first-pass coding; independent human review pending,2026-10-07,,,
P51,Distelhäuser Brauerei Ernst Bauer GmbH & Co. KG,grid_power_quality_relevance,power_quality_score,,4,UNKNOWN; no supported numeric anchor,UNKNOWN,S-P51-03,Public firm-specific evidence reviewed. Owned0 C maturation/heat recovery;2022 certification claim has no verified current validity. Missing public evidence is not proof of non-deployment; UNKNOWN remains UNKNOWN.,Current firm-specific converter/peak/reactive-power signals; grid connection or a transformer alone is not a measured power-quality issue. Owned0 C maturation/heat recovery;2022 certification claim has no verified current validity.,NEEDS_RESEARCH,Codex AI-assisted first-pass coding; independent human review pending,2026-10-07,,,
P51,Distelhäuser Brauerei Ernst Bauer GmbH & Co. KG,grid_power_quality_relevance,onsite_integration_score,,3,UNKNOWN; no supported numeric anchor,UNKNOWN,S-P51-03,Public firm-specific evidence reviewed. Owned0 C maturation/heat recovery;2022 certification claim has no verified current validity. Missing public evidence is not proof of non-deployment; UNKNOWN remains UNKNOWN.,Own PV/battery/microgrid/load-management use case and actual integration; supplier green power and customer applications are not own deployment. Owned0 C maturation/heat recovery;2022 certification claim has no verified current validity.,NEEDS_RESEARCH,Codex AI-assisted first-pass coding; independent human review pending,2026-10-07,,,
P51,Distelhäuser Brauerei Ernst Bauer GmbH & Co. KG,observed_transition_gap,measures_gap_score,3,10,one concrete heat-recovery measure,B,S-P51-02,"Own page documents near-complete wort-cooling waste-heat recovery for hot water. Heat recovery not itself thermal store, heat pump or proof of fossil-free heat.",,AWAITING_HUMAN_REVIEW,Codex AI-assisted first-pass coding; independent human review pending,2026-10-07,,,
P51,Distelhäuser Brauerei Ernst Bauer GmbH & Co. KG,observed_transition_gap,management_gap_score,3,5,historical unverified current certification claim,C,S-P51-03,"Own2022 ISO14001 renewal is a certification claim with no direct current validity. Unverified-claim anchor only, not VALID/current partial system or noncertification.",,AWAITING_HUMAN_REVIEW,Codex AI-assisted first-pass coding; independent human review pending,2026-10-07,,,
P51,Distelhäuser Brauerei Ernst Bauer GmbH & Co. KG,observed_transition_gap,targets_gap_score,3,5,vague environmental ambition,B,S-P51-03 | S-P51-02,"Own continuous climate/resource-improvement ambition lacks dated roadmap in checked current pages and exact-name public target searches;2022 certification announcement not target achievement, internal absence not presumed.",,AWAITING_HUMAN_REVIEW,Codex AI-assisted first-pass coding; independent human review pending,2026-10-07,,,
P51,Distelhäuser Brauerei Ernst Bauer GmbH & Co. KG,observed_transition_gap,investment_gap_score,,5,UNKNOWN; no supported numeric anchor,UNKNOWN,S-P51-03,Public firm-specific evidence reviewed. Owned0 C maturation/heat recovery;2022 certification claim has no verified current validity. Missing public evidence is not proof of non-deployment; UNKNOWN remains UNKNOWN.,"Dated completed energy-transition investment within2021-10-07 to2026-10-07; old projects, certificate renewal, crawl dates and undifferentiated capacity/wastewater expansion are insufficient. Owned0 C maturation/heat recovery;2022 certification claim has no verified current validity.",NEEDS_RESEARCH,Codex AI-assisted first-pass coding; independent human review pending,2026-10-07,,,
P52,Glauner GmbH,process_electrification_potential,temperature_fit_score,,10,UNKNOWN; no supported numeric anchor,UNKNOWN,S-P52-04,Public firm-specific evidence reviewed. Recovered raw-material page and historical1893/1895/1925 machines do not replace broken environmental page or current assets. Missing public evidence is not proof of non-deployment; UNKNOWN remains UNKNOWN.,"Actual process-heating temperatures and supported electric-heat fit, rather than part dimensions, cold maturation, material/customer ratings or historical boiler baselines. Recovered raw-material page and historical1893/1895/1925 machines do not replace broken environmental page or current assets.",NEEDS_RESEARCH,Codex AI-assisted first-pass coding; independent human review pending,2026-10-07,,,
P52,Glauner GmbH,process_electrification_potential,process_electrification_score,,10,UNKNOWN; no supported numeric anchor,UNKNOWN,S-P52-04,Public firm-specific evidence reviewed. Recovered raw-material page and historical1893/1895/1925 machines do not replace broken environmental page or current assets. Missing public evidence is not proof of non-deployment; UNKNOWN remains UNKNOWN.,"Named own actual/planned electric thermal route; electrochemical coating, generic production or customer energy applications alone do not establish electric process heat. Recovered raw-material page and historical1893/1895/1925 machines do not replace broken environmental page or current assets.",NEEDS_RESEARCH,Codex AI-assisted first-pass coding; independent human review pending,2026-10-07,,,
P52,Glauner GmbH,process_electrification_potential,fossil_heat_displacement_score,,5,UNKNOWN; no supported numeric anchor,UNKNOWN,S-P52-04,Public firm-specific evidence reviewed. Recovered raw-material page and historical1893/1895/1925 machines do not replace broken environmental page or current assets. Missing public evidence is not proof of non-deployment; UNKNOWN remains UNKNOWN.,"Actual current fossil thermal carrier, centrality and displacement materiality; unspecified CHP/ovens and historic gas baselines do not establish remaining fuel mix. Recovered raw-material page and historical1893/1895/1925 machines do not replace broken environmental page or current assets.",NEEDS_RESEARCH,Codex AI-assisted first-pass coding; independent human review pending,2026-10-07,,,
P52,Glauner GmbH,power_electronics_relevance,motor_drive_score,,8,UNKNOWN; no supported numeric anchor,UNKNOWN,S-P52-04,Public firm-specific evidence reviewed. Recovered raw-material page and historical1893/1895/1925 machines do not replace broken environmental page or current assets. Missing public evidence is not proof of non-deployment; UNKNOWN remains UNKNOWN.,Named current owned motor/pump/compressor/drive applications and their materiality; production sector and historical steam/ice machines alone are insufficient. Recovered raw-material page and historical1893/1895/1925 machines do not replace broken environmental page or current assets.,NEEDS_RESEARCH,Codex AI-assisted first-pass coding; independent human review pending,2026-10-07,,,
P52,Glauner GmbH,power_electronics_relevance,power_conversion_score,,8,UNKNOWN; no supported numeric anchor,UNKNOWN,S-P52-04,Public firm-specific evidence reviewed. Recovered raw-material page and historical1893/1895/1925 machines do not replace broken environmental page or current assets. Missing public evidence is not proof of non-deployment; UNKNOWN remains UNKNOWN.,"Named current own material rectifier/converter/controlled-heat use case; customer product applications, AC charging sockets and unspecified machine carriers are insufficient. Recovered raw-material page and historical1893/1895/1925 machines do not replace broken environmental page or current assets.",NEEDS_RESEARCH,Codex AI-assisted first-pass coding; independent human review pending,2026-10-07,,,
P52,Glauner GmbH,power_electronics_relevance,automation_control_score,,4,UNKNOWN; no supported numeric anchor,UNKNOWN,S-P52-04,Public firm-specific evidence reviewed. Recovered raw-material page and historical1893/1895/1925 machines do not replace broken environmental page or current assets. Missing public evidence is not proof of non-deployment; UNKNOWN remains UNKNOWN.,Actual current owned sensing/control applications and coordination; generic modernity or staging-site claims need corroboration. Recovered raw-material page and historical1893/1895/1925 machines do not replace broken environmental page or current assets.,NEEDS_RESEARCH,Codex AI-assisted first-pass coding; independent human review pending,2026-10-07,,,
P52,Glauner GmbH,load_flexibility_potential,scheduling_flex_score,,8,UNKNOWN; no supported numeric anchor,UNKNOWN,S-P52-04,Public firm-specific evidence reviewed. Recovered raw-material page and historical1893/1895/1925 machines do not replace broken environmental page or current assets. Missing public evidence is not proof of non-deployment; UNKNOWN remains UNKNOWN.,"Admissible operating/start/interruption windows and actual buffers; product maturation, process cycles or programmable furnace recipes are not dispatch permission. Recovered raw-material page and historical1893/1895/1925 machines do not replace broken environmental page or current assets.",NEEDS_RESEARCH,Codex AI-assisted first-pass coding; independent human review pending,2026-10-07,,,
P52,Glauner GmbH,load_flexibility_potential,thermal_storage_flex_score,,7,UNKNOWN; no supported numeric anchor,UNKNOWN,S-P52-04,Public firm-specific evidence reviewed. Recovered raw-material page and historical1893/1895/1925 machines do not replace broken environmental page or current assets. Missing public evidence is not proof of non-deployment; UNKNOWN remains UNKNOWN.,"Named own usable heat/cold store or validated thermal inertia with operating window; cooling, absorption chilling, production tanks and glass melt mass alone do not establish storage. Recovered raw-material page and historical1893/1895/1925 machines do not replace broken environmental page or current assets.",NEEDS_RESEARCH,Codex AI-assisted first-pass coding; independent human review pending,2026-10-07,,,
P52,Glauner GmbH,grid_power_quality_relevance,incremental_load_score,,8,UNKNOWN; no supported numeric anchor,UNKNOWN,S-P52-04,Public firm-specific evidence reviewed. Recovered raw-material page and historical1893/1895/1925 machines do not replace broken environmental page or current assets. Missing public evidence is not proof of non-deployment; UNKNOWN remains UNKNOWN.,"Defined additional thermal electrification route and ordinal new-load materiality; existing electric assets, PV expansion and EV charging are not an additional heat-route load. Recovered raw-material page and historical1893/1895/1925 machines do not replace broken environmental page or current assets.",NEEDS_RESEARCH,Codex AI-assisted first-pass coding; independent human review pending,2026-10-07,,,
P52,Glauner GmbH,grid_power_quality_relevance,power_quality_score,,4,UNKNOWN; no supported numeric anchor,UNKNOWN,S-P52-04,Public firm-specific evidence reviewed. Recovered raw-material page and historical1893/1895/1925 machines do not replace broken environmental page or current assets. Missing public evidence is not proof of non-deployment; UNKNOWN remains UNKNOWN.,Current firm-specific converter/peak/reactive-power signals; grid connection or a transformer alone is not a measured power-quality issue. Recovered raw-material page and historical1893/1895/1925 machines do not replace broken environmental page or current assets.,NEEDS_RESEARCH,Codex AI-assisted first-pass coding; independent human review pending,2026-10-07,,,
P52,Glauner GmbH,grid_power_quality_relevance,onsite_integration_score,,3,UNKNOWN; no supported numeric anchor,UNKNOWN,S-P52-04,Public firm-specific evidence reviewed. Recovered raw-material page and historical1893/1895/1925 machines do not replace broken environmental page or current assets. Missing public evidence is not proof of non-deployment; UNKNOWN remains UNKNOWN.,Own PV/battery/microgrid/load-management use case and actual integration; supplier green power and customer applications are not own deployment. Recovered raw-material page and historical1893/1895/1925 machines do not replace broken environmental page or current assets.,NEEDS_RESEARCH,Codex AI-assisted first-pass coding; independent human review pending,2026-10-07,,,
P52,Glauner GmbH,observed_transition_gap,measures_gap_score,,10,UNKNOWN; no supported numeric anchor,UNKNOWN,S-P52-04,Public firm-specific evidence reviewed. Recovered raw-material page and historical1893/1895/1925 machines do not replace broken environmental page or current assets. Missing public evidence is not proof of non-deployment; UNKNOWN remains UNKNOWN.,"Current concrete plant energy-transition measures or adequate confirmed inventory; general sustainability, certification, customer products and historical pilots do not establish current deployment or absence. Recovered raw-material page and historical1893/1895/1925 machines do not replace broken environmental page or current assets.",NEEDS_RESEARCH,Codex AI-assisted first-pass coding; independent human review pending,2026-10-07,,,
P52,Glauner GmbH,observed_transition_gap,management_gap_score,,5,UNKNOWN; no supported numeric anchor,UNKNOWN,S-P52-04,Public firm-specific evidence reviewed. Recovered raw-material page and historical1893/1895/1925 machines do not replace broken environmental page or current assets. Missing public evidence is not proof of non-deployment; UNKNOWN remains UNKNOWN.,"Current verified site EnMS/environmental system or bounded claim; ISO9001, an inaccessible/staging certificate page and missing evidence are not certified mature EnMS. Recovered raw-material page and historical1893/1895/1925 machines do not replace broken environmental page or current assets.",NEEDS_RESEARCH,Codex AI-assisted first-pass coding; independent human review pending,2026-10-07,,,
P52,Glauner GmbH,observed_transition_gap,targets_gap_score,5,5,no target found in retrievable defined scope,B,S-P52-03 | S-P52-04,Current own raw-material/history/brand pages and exact-name energy-target/certification searches checked07/10/2026. No specific plant energy target found; broken old values page is not current evidence.1893/1895/1925 assets not present installations. This documentation gap does not prove absent internal targets.,,AWAITING_HUMAN_REVIEW,Codex AI-assisted first-pass coding; independent human review pending,2026-10-07,,,
P52,Glauner GmbH,observed_transition_gap,investment_gap_score,,5,UNKNOWN; no supported numeric anchor,UNKNOWN,S-P52-04,Public firm-specific evidence reviewed. Recovered raw-material page and historical1893/1895/1925 machines do not replace broken environmental page or current assets. Missing public evidence is not proof of non-deployment; UNKNOWN remains UNKNOWN.,"Dated completed energy-transition investment within2021-10-07 to2026-10-07; old projects, certificate renewal, crawl dates and undifferentiated capacity/wastewater expansion are insufficient. Recovered raw-material page and historical1893/1895/1925 machines do not replace broken environmental page or current assets.",NEEDS_RESEARCH,Codex AI-assisted first-pass coding; independent human review pending,2026-10-07,,,
P54,Privatbrauerei Waldhaus Joh. Schmid GmbH,process_electrification_potential,temperature_fit_score,,10,UNKNOWN; no supported numeric anchor,UNKNOWN,S-P54-03,"Public firm-specific evidence reviewed. 2017 PV458.4 kWp,75% of PV generation self-used, not75% site demand; outside investment lookback. Missing public evidence is not proof of non-deployment; UNKNOWN remains UNKNOWN.","Actual process-heating temperatures and supported electric-heat fit, rather than part dimensions, cold maturation, material/customer ratings or historical boiler baselines. 2017 PV458.4 kWp,75% of PV generation self-used, not75% site demand; outside investment lookback.",NEEDS_RESEARCH,Codex AI-assisted first-pass coding; independent human review pending,2026-10-07,,,
P54,Privatbrauerei Waldhaus Joh. Schmid GmbH,process_electrification_potential,process_electrification_score,,10,UNKNOWN; no supported numeric anchor,UNKNOWN,S-P54-03,"Public firm-specific evidence reviewed. 2017 PV458.4 kWp,75% of PV generation self-used, not75% site demand; outside investment lookback. Missing public evidence is not proof of non-deployment; UNKNOWN remains UNKNOWN.","Named own actual/planned electric thermal route; electrochemical coating, generic production or customer energy applications alone do not establish electric process heat. 2017 PV458.4 kWp,75% of PV generation self-used, not75% site demand; outside investment lookback.",NEEDS_RESEARCH,Codex AI-assisted first-pass coding; independent human review pending,2026-10-07,,,
P54,Privatbrauerei Waldhaus Joh. Schmid GmbH,process_electrification_potential,fossil_heat_displacement_score,,5,UNKNOWN; no supported numeric anchor,UNKNOWN,S-P54-03,"Public firm-specific evidence reviewed. 2017 PV458.4 kWp,75% of PV generation self-used, not75% site demand; outside investment lookback. Missing public evidence is not proof of non-deployment; UNKNOWN remains UNKNOWN.","Actual current fossil thermal carrier, centrality and displacement materiality; unspecified CHP/ovens and historic gas baselines do not establish remaining fuel mix. 2017 PV458.4 kWp,75% of PV generation self-used, not75% site demand; outside investment lookback.",NEEDS_RESEARCH,Codex AI-assisted first-pass coding; independent human review pending,2026-10-07,,,
P54,Privatbrauerei Waldhaus Joh. Schmid GmbH,power_electronics_relevance,motor_drive_score,,8,UNKNOWN; no supported numeric anchor,UNKNOWN,S-P54-03,"Public firm-specific evidence reviewed. 2017 PV458.4 kWp,75% of PV generation self-used, not75% site demand; outside investment lookback. Missing public evidence is not proof of non-deployment; UNKNOWN remains UNKNOWN.","Named current owned motor/pump/compressor/drive applications and their materiality; production sector and historical steam/ice machines alone are insufficient. 2017 PV458.4 kWp,75% of PV generation self-used, not75% site demand; outside investment lookback.",NEEDS_RESEARCH,Codex AI-assisted first-pass coding; independent human review pending,2026-10-07,,,
P54,Privatbrauerei Waldhaus Joh. Schmid GmbH,power_electronics_relevance,power_conversion_score,5,8,one owned PV conversion case,C,S-P54-03,Owned458.4 kWp PV establishes one material solar-conversion use case as engineering inference; outputkWh and inverter topology unknown.,,AWAITING_HUMAN_REVIEW,Codex AI-assisted first-pass coding; independent human review pending,2026-10-07,,,
P54,Privatbrauerei Waldhaus Joh. Schmid GmbH,power_electronics_relevance,automation_control_score,,4,UNKNOWN; no supported numeric anchor,UNKNOWN,S-P54-03,"Public firm-specific evidence reviewed. 2017 PV458.4 kWp,75% of PV generation self-used, not75% site demand; outside investment lookback. Missing public evidence is not proof of non-deployment; UNKNOWN remains UNKNOWN.","Actual current owned sensing/control applications and coordination; generic modernity or staging-site claims need corroboration. 2017 PV458.4 kWp,75% of PV generation self-used, not75% site demand; outside investment lookback.",NEEDS_RESEARCH,Codex AI-assisted first-pass coding; independent human review pending,2026-10-07,,,
P54,Privatbrauerei Waldhaus Joh. Schmid GmbH,load_flexibility_potential,scheduling_flex_score,,8,UNKNOWN; no supported numeric anchor,UNKNOWN,S-P54-03,"Public firm-specific evidence reviewed. 2017 PV458.4 kWp,75% of PV generation self-used, not75% site demand; outside investment lookback. Missing public evidence is not proof of non-deployment; UNKNOWN remains UNKNOWN.","Admissible operating/start/interruption windows and actual buffers; product maturation, process cycles or programmable furnace recipes are not dispatch permission. 2017 PV458.4 kWp,75% of PV generation self-used, not75% site demand; outside investment lookback.",NEEDS_RESEARCH,Codex AI-assisted first-pass coding; independent human review pending,2026-10-07,,,
P54,Privatbrauerei Waldhaus Joh. Schmid GmbH,load_flexibility_potential,thermal_storage_flex_score,,7,UNKNOWN; no supported numeric anchor,UNKNOWN,S-P54-03,"Public firm-specific evidence reviewed. 2017 PV458.4 kWp,75% of PV generation self-used, not75% site demand; outside investment lookback. Missing public evidence is not proof of non-deployment; UNKNOWN remains UNKNOWN.","Named own usable heat/cold store or validated thermal inertia with operating window; cooling, absorption chilling, production tanks and glass melt mass alone do not establish storage. 2017 PV458.4 kWp,75% of PV generation self-used, not75% site demand; outside investment lookback.",NEEDS_RESEARCH,Codex AI-assisted first-pass coding; independent human review pending,2026-10-07,,,
P54,Privatbrauerei Waldhaus Joh. Schmid GmbH,grid_power_quality_relevance,incremental_load_score,,8,UNKNOWN; no supported numeric anchor,UNKNOWN,S-P54-03,"Public firm-specific evidence reviewed. 2017 PV458.4 kWp,75% of PV generation self-used, not75% site demand; outside investment lookback. Missing public evidence is not proof of non-deployment; UNKNOWN remains UNKNOWN.","Defined additional thermal electrification route and ordinal new-load materiality; existing electric assets, PV expansion and EV charging are not an additional heat-route load. 2017 PV458.4 kWp,75% of PV generation self-used, not75% site demand; outside investment lookback.",NEEDS_RESEARCH,Codex AI-assisted first-pass coding; independent human review pending,2026-10-07,,,
P54,Privatbrauerei Waldhaus Joh. Schmid GmbH,grid_power_quality_relevance,power_quality_score,1,4,possible own solar conversion effects,C,S-P54-03,Own PV supports possible converter-related power-quality relevance; no measured site issue or grid constraint.,,AWAITING_HUMAN_REVIEW,Codex AI-assisted first-pass coding; independent human review pending,2026-10-07,,,
P54,Privatbrauerei Waldhaus Joh. Schmid GmbH,grid_power_quality_relevance,onsite_integration_score,2,3,one own PV self-consumption case,B,S-P54-03,"Explicit self-consumption of75% PV generation supports one clear onsite use case; not75% site load, coordinated storage or EMS.",,AWAITING_HUMAN_REVIEW,Codex AI-assisted first-pass coding; independent human review pending,2026-10-07,,,
P54,Privatbrauerei Waldhaus Joh. Schmid GmbH,observed_transition_gap,measures_gap_score,3,10,some actual energy measures,B,S-P54-03,Own PV and renewable electricity procurement establish some concrete energy measures; purchased hydropower is not own hydro plant or process-heat electrification.,,AWAITING_HUMAN_REVIEW,Codex AI-assisted first-pass coding; independent human review pending,2026-10-07,,,
P54,Privatbrauerei Waldhaus Joh. Schmid GmbH,observed_transition_gap,management_gap_score,,5,UNKNOWN; no supported numeric anchor,UNKNOWN,S-P54-03,"Public firm-specific evidence reviewed. 2017 PV458.4 kWp,75% of PV generation self-used, not75% site demand; outside investment lookback. Missing public evidence is not proof of non-deployment; UNKNOWN remains UNKNOWN.","Current verified site EnMS/environmental system or bounded claim; ISO9001, an inaccessible/staging certificate page and missing evidence are not certified mature EnMS. 2017 PV458.4 kWp,75% of PV generation self-used, not75% site demand; outside investment lookback.",NEEDS_RESEARCH,Codex AI-assisted first-pass coding; independent human review pending,2026-10-07,,,
P54,Privatbrauerei Waldhaus Joh. Schmid GmbH,observed_transition_gap,targets_gap_score,3,5,undated environmental/renewable ambition,B,S-P54-03,Current regional/renewable-electricity ambition is undated; actual75% PV self-consumption achievement not dated forward target. Company/history/environment/exact-name energy-target checks do not establish roadmap; internal absence not presumed.,,AWAITING_HUMAN_REVIEW,Codex AI-assisted first-pass coding; independent human review pending,2026-10-07,,,
P54,Privatbrauerei Waldhaus Joh. Schmid GmbH,observed_transition_gap,investment_gap_score,,5,UNKNOWN; no supported numeric anchor,UNKNOWN,S-P54-03,"Public firm-specific evidence reviewed. 2017 PV458.4 kWp,75% of PV generation self-used, not75% site demand; outside investment lookback. Missing public evidence is not proof of non-deployment; UNKNOWN remains UNKNOWN.","Dated completed energy-transition investment within2021-10-07 to2026-10-07; old projects, certificate renewal, crawl dates and undifferentiated capacity/wastewater expansion are insufficient. 2017 PV458.4 kWp,75% of PV generation self-used, not75% site demand; outside investment lookback.",NEEDS_RESEARCH,Codex AI-assisted first-pass coding; independent human review pending,2026-10-07,,,
P55,Merschbrock Kunststoff Spritzguss GmbH,process_electrification_potential,temperature_fit_score,,10,UNKNOWN; no supported numeric anchor,UNKNOWN,S-P55-03,"Public firm-specific evidence reviewed. PV2022/2025,CHP2014/2020,absorption cooling and2025/2026 EV supply; fuel/load/store/dispatch unverified. Missing public evidence is not proof of non-deployment; UNKNOWN remains UNKNOWN.","Actual process-heating temperatures and supported electric-heat fit, rather than part dimensions, cold maturation, material/customer ratings or historical boiler baselines. PV2022/2025,CHP2014/2020,absorption cooling and2025/2026 EV supply; fuel/load/store/dispatch unverified.",NEEDS_RESEARCH,Codex AI-assisted first-pass coding; independent human review pending,2026-10-07,,,
P55,Merschbrock Kunststoff Spritzguss GmbH,process_electrification_potential,process_electrification_score,,10,UNKNOWN; no supported numeric anchor,UNKNOWN,S-P55-03,"Public firm-specific evidence reviewed. PV2022/2025,CHP2014/2020,absorption cooling and2025/2026 EV supply; fuel/load/store/dispatch unverified. Missing public evidence is not proof of non-deployment; UNKNOWN remains UNKNOWN.","Named own actual/planned electric thermal route; electrochemical coating, generic production or customer energy applications alone do not establish electric process heat. PV2022/2025,CHP2014/2020,absorption cooling and2025/2026 EV supply; fuel/load/store/dispatch unverified.",NEEDS_RESEARCH,Codex AI-assisted first-pass coding; independent human review pending,2026-10-07,,,
P55,Merschbrock Kunststoff Spritzguss GmbH,process_electrification_potential,fossil_heat_displacement_score,,5,UNKNOWN; no supported numeric anchor,UNKNOWN,S-P55-03,"Public firm-specific evidence reviewed. PV2022/2025,CHP2014/2020,absorption cooling and2025/2026 EV supply; fuel/load/store/dispatch unverified. Missing public evidence is not proof of non-deployment; UNKNOWN remains UNKNOWN.","Actual current fossil thermal carrier, centrality and displacement materiality; unspecified CHP/ovens and historic gas baselines do not establish remaining fuel mix. PV2022/2025,CHP2014/2020,absorption cooling and2025/2026 EV supply; fuel/load/store/dispatch unverified.",NEEDS_RESEARCH,Codex AI-assisted first-pass coding; independent human review pending,2026-10-07,,,
P55,Merschbrock Kunststoff Spritzguss GmbH,power_electronics_relevance,motor_drive_score,8,8,multiple intensive owned drive applications,B,S-P55-05 | S-P55-06,"Own compressed-air equipment and CNC high-speed electrode/milling plus robot handling support multiple intensive drive applications, without nominal power or operating hours inferred.",,AWAITING_HUMAN_REVIEW,Codex AI-assisted first-pass coding; independent human review pending,2026-10-07,,,
P55,Merschbrock Kunststoff Spritzguss GmbH,power_electronics_relevance,power_conversion_score,8,8,several central own conversion cases,B,S-P55-03 | S-P55-05 | S-P55-06,"Own material PV, wire/sinker EDM and electric charging are distinct conversion contexts. EDM machining directly requires controlled discharge; topologies/ratings not inferred. CHPs and PV1200 kWp not aggregated into electrical load.",,AWAITING_HUMAN_REVIEW,Codex AI-assisted first-pass coding; independent human review pending,2026-10-07,,,
P55,Merschbrock Kunststoff Spritzguss GmbH,power_electronics_relevance,automation_control_score,3,4,clear own robot/camera quality control,B,S-P55-06,Own fully automated production/robot/camera QA establish clear control; energy-management coordination architecture remains unverified.,,AWAITING_HUMAN_REVIEW,Codex AI-assisted first-pass coding; independent human review pending,2026-10-07,,,
P55,Merschbrock Kunststoff Spritzguss GmbH,load_flexibility_potential,scheduling_flex_score,,8,UNKNOWN; no supported numeric anchor,UNKNOWN,S-P55-03,"Public firm-specific evidence reviewed. PV2022/2025,CHP2014/2020,absorption cooling and2025/2026 EV supply; fuel/load/store/dispatch unverified. Missing public evidence is not proof of non-deployment; UNKNOWN remains UNKNOWN.","Admissible operating/start/interruption windows and actual buffers; product maturation, process cycles or programmable furnace recipes are not dispatch permission. PV2022/2025,CHP2014/2020,absorption cooling and2025/2026 EV supply; fuel/load/store/dispatch unverified.",NEEDS_RESEARCH,Codex AI-assisted first-pass coding; independent human review pending,2026-10-07,,,
P55,Merschbrock Kunststoff Spritzguss GmbH,load_flexibility_potential,thermal_storage_flex_score,,7,UNKNOWN; no supported numeric anchor,UNKNOWN,S-P55-03,"Public firm-specific evidence reviewed. PV2022/2025,CHP2014/2020,absorption cooling and2025/2026 EV supply; fuel/load/store/dispatch unverified. Missing public evidence is not proof of non-deployment; UNKNOWN remains UNKNOWN.","Named own usable heat/cold store or validated thermal inertia with operating window; cooling, absorption chilling, production tanks and glass melt mass alone do not establish storage. PV2022/2025,CHP2014/2020,absorption cooling and2025/2026 EV supply; fuel/load/store/dispatch unverified.",NEEDS_RESEARCH,Codex AI-assisted first-pass coding; independent human review pending,2026-10-07,,,
P55,Merschbrock Kunststoff Spritzguss GmbH,grid_power_quality_relevance,incremental_load_score,,8,UNKNOWN; no supported numeric anchor,UNKNOWN,S-P55-03,"Public firm-specific evidence reviewed. PV2022/2025,CHP2014/2020,absorption cooling and2025/2026 EV supply; fuel/load/store/dispatch unverified. Missing public evidence is not proof of non-deployment; UNKNOWN remains UNKNOWN.","Defined additional thermal electrification route and ordinal new-load materiality; existing electric assets, PV expansion and EV charging are not an additional heat-route load. PV2022/2025,CHP2014/2020,absorption cooling and2025/2026 EV supply; fuel/load/store/dispatch unverified.",NEEDS_RESEARCH,Codex AI-assisted first-pass coding; independent human review pending,2026-10-07,,,
P55,Merschbrock Kunststoff Spritzguss GmbH,grid_power_quality_relevance,power_quality_score,1,4,possible converter-related effects,C,S-P55-05 | S-P55-06,"Own EDM/PV/charging supports possible relevance only;2025 transformer does not prove harmonics, reactive-power compensation or peak constraint.",,AWAITING_HUMAN_REVIEW,Codex AI-assisted first-pass coding; independent human review pending,2026-10-07,,,
P55,Merschbrock Kunststoff Spritzguss GmbH,grid_power_quality_relevance,onsite_integration_score,3,3,coordinated site generation/heat/cold/load use,B,S-P55-03 | S-P55-05,Own PV feeds charging transformer and CHP waste heat heats buildings/supplies absorption chiller. Actual linked production of power/heat/cold supports coordination; no storage or grid-dispatch claim.,,AWAITING_HUMAN_REVIEW,Codex AI-assisted first-pass coding; independent human review pending,2026-10-07,,,
P55,Merschbrock Kunststoff Spritzguss GmbH,observed_transition_gap,measures_gap_score,0,10,several concrete energy measures,B,S-P55-03 | S-P55-05,"Own PV, CHP waste-heat use/absorption cooling, efficient compressed air, LED and electric transport/charging are concrete measures. Combined90% own electricity not PV-only/all energy or fossil-free CHP.",,AWAITING_HUMAN_REVIEW,Codex AI-assisted first-pass coding; independent human review pending,2026-10-07,,,
P55,Merschbrock Kunststoff Spritzguss GmbH,observed_transition_gap,management_gap_score,2,5,verified current environmental system,B,S-P55-04,"Exact-holder ISO14001 valid on07/10/2026 until15/10/2026 supports partial environmental system; near expiry disclosed, not mature ISO50001.",,AWAITING_HUMAN_REVIEW,Codex AI-assisted first-pass coding; independent human review pending,2026-10-07,,,
P55,Merschbrock Kunststoff Spritzguss GmbH,observed_transition_gap,targets_gap_score,3,5,vague neutral-energy ambition,B,S-P55-03,Current near-neutral energy ambition lacks dated roadmap in defined own/company/download/certification/exact-name target checks. Annual1100t claim is not independently verified achievement or a dated target; internal absence not inferred.,,AWAITING_HUMAN_REVIEW,Codex AI-assisted first-pass coding; independent human review pending,2026-10-07,,,
P55,Merschbrock Kunststoff Spritzguss GmbH,observed_transition_gap,investment_gap_score,0,5,several recent actual energy investments,B,S-P55-03 | S-P55-05,PV commissioned2022 and2025 plus charging transformer2025 and public charging2026 are multiple dated completed energy projects in actual2021-2026 window. CHP2014/2020 excluded; undated compressor/LED not dated recent projects.,,AWAITING_HUMAN_REVIEW,Codex AI-assisted first-pass coding; independent human review pending,2026-10-07,,,
P56,Spritzguß Müller GmbH,process_electrification_potential,temperature_fit_score,,10,UNKNOWN; no supported numeric anchor,UNKNOWN,S-P56-03,"Firm-specific public evidence reviewed. Actual own CNC/EDM/TIG/SPS/assembly, not unreported injection heater/drive mix or current energy project. Missing public evidence is not proof of non-deployment; UNKNOWN remains UNKNOWN.","Actual process-heating temperatures and supported electric-heat fit, rather than part dimensions, cold maturation, material/customer ratings or historical boiler baselines. Actual own CNC/EDM/TIG/SPS/assembly, not unreported injection heater/drive mix or current energy project.",NEEDS_RESEARCH,Codex AI-assisted first-pass coding; independent human review pending,2026-10-07,,,
P56,Spritzguß Müller GmbH,process_electrification_potential,process_electrification_score,,10,UNKNOWN; no supported numeric anchor,UNKNOWN,S-P56-03,"Firm-specific public evidence reviewed. Actual own CNC/EDM/TIG/SPS/assembly, not unreported injection heater/drive mix or current energy project. Missing public evidence is not proof of non-deployment; UNKNOWN remains UNKNOWN.","Named own actual/planned electric thermal route; electrochemical coating, generic production or customer energy applications alone do not establish electric process heat. Actual own CNC/EDM/TIG/SPS/assembly, not unreported injection heater/drive mix or current energy project.",NEEDS_RESEARCH,Codex AI-assisted first-pass coding; independent human review pending,2026-10-07,,,
P56,Spritzguß Müller GmbH,process_electrification_potential,fossil_heat_displacement_score,,5,UNKNOWN; no supported numeric anchor,UNKNOWN,S-P56-03,"Firm-specific public evidence reviewed. Actual own CNC/EDM/TIG/SPS/assembly, not unreported injection heater/drive mix or current energy project. Missing public evidence is not proof of non-deployment; UNKNOWN remains UNKNOWN.","Actual current fossil thermal carrier, centrality and displacement materiality; unspecified CHP/ovens and historic gas baselines do not establish remaining fuel mix. Actual own CNC/EDM/TIG/SPS/assembly, not unreported injection heater/drive mix or current energy project.",NEEDS_RESEARCH,Codex AI-assisted first-pass coding; independent human review pending,2026-10-07,,,
P56,Spritzguß Müller GmbH,power_electronics_relevance,motor_drive_score,8,8,multiple intensive owned drives,B,S-P56-04,"Own four mills, Spinner centre, two lathes and grinder support multiple actual drive applications, not invented power from closing force.",,AWAITING_HUMAN_REVIEW,Codex AI-assisted first-pass coding; independent human review pending,2026-10-07,,,
P56,Spritzguß Müller GmbH,power_electronics_relevance,power_conversion_score,5,8,one material owned EDM conversion case,C,S-P56-03 | S-P56-04,"Named own AGIE EDM supports material conversion as engineering inference; laser marking/TIG are bounded additional cases, not central thermal-electric route.",,AWAITING_HUMAN_REVIEW,Codex AI-assisted first-pass coding; independent human review pending,2026-10-07,,,
P56,Spritzguß Müller GmbH,power_electronics_relevance,automation_control_score,3,4,clear actual machine control,B,S-P56-03 | S-P56-04,"Own Siemens Step7 SPS, CAD/CAM and automatic assembly establish clear process-control relevance, not energy dispatch.",,AWAITING_HUMAN_REVIEW,Codex AI-assisted first-pass coding; independent human review pending,2026-10-07,,,
P56,Spritzguß Müller GmbH,load_flexibility_potential,scheduling_flex_score,,8,UNKNOWN; no supported numeric anchor,UNKNOWN,S-P56-03,"Firm-specific public evidence reviewed. Actual own CNC/EDM/TIG/SPS/assembly, not unreported injection heater/drive mix or current energy project. Missing public evidence is not proof of non-deployment; UNKNOWN remains UNKNOWN.","Admissible operating/start/interruption windows and actual buffers; product maturation, process cycles or programmable furnace recipes are not dispatch permission. Actual own CNC/EDM/TIG/SPS/assembly, not unreported injection heater/drive mix or current energy project.",NEEDS_RESEARCH,Codex AI-assisted first-pass coding; independent human review pending,2026-10-07,,,
P56,Spritzguß Müller GmbH,load_flexibility_potential,thermal_storage_flex_score,,7,UNKNOWN; no supported numeric anchor,UNKNOWN,S-P56-03,"Firm-specific public evidence reviewed. Actual own CNC/EDM/TIG/SPS/assembly, not unreported injection heater/drive mix or current energy project. Missing public evidence is not proof of non-deployment; UNKNOWN remains UNKNOWN.","Named own usable heat/cold store or validated thermal inertia with operating window; cooling, absorption chilling, production tanks and glass melt mass alone do not establish storage. Actual own CNC/EDM/TIG/SPS/assembly, not unreported injection heater/drive mix or current energy project.",NEEDS_RESEARCH,Codex AI-assisted first-pass coding; independent human review pending,2026-10-07,,,
P56,Spritzguß Müller GmbH,grid_power_quality_relevance,incremental_load_score,,8,UNKNOWN; no supported numeric anchor,UNKNOWN,S-P56-03,"Firm-specific public evidence reviewed. Actual own CNC/EDM/TIG/SPS/assembly, not unreported injection heater/drive mix or current energy project. Missing public evidence is not proof of non-deployment; UNKNOWN remains UNKNOWN.","Defined additional thermal electrification route and ordinal new-load materiality; existing electric assets, PV expansion and EV charging are not an additional heat-route load. Actual own CNC/EDM/TIG/SPS/assembly, not unreported injection heater/drive mix or current energy project.",NEEDS_RESEARCH,Codex AI-assisted first-pass coding; independent human review pending,2026-10-07,,,
P56,Spritzguß Müller GmbH,grid_power_quality_relevance,power_quality_score,1,4,possible conversion-related effects,C,S-P56-04,Own EDM/TIG supports possible converter-related effects; no measured harmonics/peaks/reactive-power data.,,AWAITING_HUMAN_REVIEW,Codex AI-assisted first-pass coding; independent human review pending,2026-10-07,,,
P56,Spritzguß Müller GmbH,grid_power_quality_relevance,onsite_integration_score,,3,UNKNOWN; no supported numeric anchor,UNKNOWN,S-P56-03,"Firm-specific public evidence reviewed. Actual own CNC/EDM/TIG/SPS/assembly, not unreported injection heater/drive mix or current energy project. Missing public evidence is not proof of non-deployment; UNKNOWN remains UNKNOWN.","Own PV/battery/microgrid/load-management use case and actual integration; supplier green power and customer applications are not own deployment. Actual own CNC/EDM/TIG/SPS/assembly, not unreported injection heater/drive mix or current energy project.",NEEDS_RESEARCH,Codex AI-assisted first-pass coding; independent human review pending,2026-10-07,,,
P56,Spritzguß Müller GmbH,observed_transition_gap,measures_gap_score,,10,UNKNOWN; no supported numeric anchor,UNKNOWN,S-P56-03,"Firm-specific public evidence reviewed. Actual own CNC/EDM/TIG/SPS/assembly, not unreported injection heater/drive mix or current energy project. Missing public evidence is not proof of non-deployment; UNKNOWN remains UNKNOWN.","Current concrete plant energy-transition measures or adequate confirmed inventory; general sustainability, certification, customer products and historical pilots do not establish current deployment or absence. Actual own CNC/EDM/TIG/SPS/assembly, not unreported injection heater/drive mix or current energy project.",NEEDS_RESEARCH,Codex AI-assisted first-pass coding; independent human review pending,2026-10-07,,,
P56,Spritzguß Müller GmbH,observed_transition_gap,management_gap_score,,5,UNKNOWN; no supported numeric anchor,UNKNOWN,S-P56-03,"Firm-specific public evidence reviewed. Actual own CNC/EDM/TIG/SPS/assembly, not unreported injection heater/drive mix or current energy project. Missing public evidence is not proof of non-deployment; UNKNOWN remains UNKNOWN.","Current verified site EnMS/environmental system or bounded claim; ISO9001, an inaccessible/staging certificate page and missing evidence are not certified mature EnMS. Actual own CNC/EDM/TIG/SPS/assembly, not unreported injection heater/drive mix or current energy project.",NEEDS_RESEARCH,Codex AI-assisted first-pass coding; independent human review pending,2026-10-07,,,
P56,Spritzguß Müller GmbH,observed_transition_gap,targets_gap_score,5,5,no public energy target after defined checks,B,S-P56-03 | S-P56-04 | S-P56-05,Current own/company/production/history/document and exact-name certification/energy-target checks found no attributed dated energy target. This is public-documentation gap only; internal target absence not inferred.,,AWAITING_HUMAN_REVIEW,Codex AI-assisted first-pass coding; independent human review pending,2026-10-07,,,
P56,Spritzguß Müller GmbH,observed_transition_gap,investment_gap_score,,5,UNKNOWN; no supported numeric anchor,UNKNOWN,S-P56-03,"Firm-specific public evidence reviewed. Actual own CNC/EDM/TIG/SPS/assembly, not unreported injection heater/drive mix or current energy project. Missing public evidence is not proof of non-deployment; UNKNOWN remains UNKNOWN.","Dated completed energy-transition investment within2021-10-07 to2026-10-07; old projects, certificate renewal, crawl dates and undifferentiated capacity/wastewater expansion are insufficient. Actual own CNC/EDM/TIG/SPS/assembly, not unreported injection heater/drive mix or current energy project.",NEEDS_RESEARCH,Codex AI-assisted first-pass coding; independent human review pending,2026-10-07,,,
P57,Stocker Kunststoff GmbH,process_electrification_potential,temperature_fit_score,,10,UNKNOWN; no supported numeric anchor,UNKNOWN,S-P57-03,"Firm-specific public evidence reviewed. Nine own injection machines; mould manufacture outsourced, stock photos and theoretical SPC not owned machines/control. Missing public evidence is not proof of non-deployment; UNKNOWN remains UNKNOWN.","Actual process-heating temperatures and supported electric-heat fit, rather than part dimensions, cold maturation, material/customer ratings or historical boiler baselines. Nine own injection machines; mould manufacture outsourced, stock photos and theoretical SPC not owned machines/control.",NEEDS_RESEARCH,Codex AI-assisted first-pass coding; independent human review pending,2026-10-07,,,
P57,Stocker Kunststoff GmbH,process_electrification_potential,process_electrification_score,,10,UNKNOWN; no supported numeric anchor,UNKNOWN,S-P57-03,"Firm-specific public evidence reviewed. Nine own injection machines; mould manufacture outsourced, stock photos and theoretical SPC not owned machines/control. Missing public evidence is not proof of non-deployment; UNKNOWN remains UNKNOWN.","Named own actual/planned electric thermal route; electrochemical coating, generic production or customer energy applications alone do not establish electric process heat. Nine own injection machines; mould manufacture outsourced, stock photos and theoretical SPC not owned machines/control.",NEEDS_RESEARCH,Codex AI-assisted first-pass coding; independent human review pending,2026-10-07,,,
P57,Stocker Kunststoff GmbH,process_electrification_potential,fossil_heat_displacement_score,,5,UNKNOWN; no supported numeric anchor,UNKNOWN,S-P57-03,"Firm-specific public evidence reviewed. Nine own injection machines; mould manufacture outsourced, stock photos and theoretical SPC not owned machines/control. Missing public evidence is not proof of non-deployment; UNKNOWN remains UNKNOWN.","Actual current fossil thermal carrier, centrality and displacement materiality; unspecified CHP/ovens and historic gas baselines do not establish remaining fuel mix. Nine own injection machines; mould manufacture outsourced, stock photos and theoretical SPC not owned machines/control.",NEEDS_RESEARCH,Codex AI-assisted first-pass coding; independent human review pending,2026-10-07,,,
P57,Stocker Kunststoff GmbH,power_electronics_relevance,motor_drive_score,,8,UNKNOWN; no supported numeric anchor,UNKNOWN,S-P57-03,"Firm-specific public evidence reviewed. Nine own injection machines; mould manufacture outsourced, stock photos and theoretical SPC not owned machines/control. Missing public evidence is not proof of non-deployment; UNKNOWN remains UNKNOWN.","Named current owned motor/pump/compressor/drive applications and their materiality; production sector and historical steam/ice machines alone are insufficient. Nine own injection machines; mould manufacture outsourced, stock photos and theoretical SPC not owned machines/control.",NEEDS_RESEARCH,Codex AI-assisted first-pass coding; independent human review pending,2026-10-07,,,
P57,Stocker Kunststoff GmbH,power_electronics_relevance,power_conversion_score,,8,UNKNOWN; no supported numeric anchor,UNKNOWN,S-P57-03,"Firm-specific public evidence reviewed. Nine own injection machines; mould manufacture outsourced, stock photos and theoretical SPC not owned machines/control. Missing public evidence is not proof of non-deployment; UNKNOWN remains UNKNOWN.","Named current own material rectifier/converter/controlled-heat use case; customer product applications, AC charging sockets and unspecified machine carriers are insufficient. Nine own injection machines; mould manufacture outsourced, stock photos and theoretical SPC not owned machines/control.",NEEDS_RESEARCH,Codex AI-assisted first-pass coding; independent human review pending,2026-10-07,,,
P57,Stocker Kunststoff GmbH,power_electronics_relevance,automation_control_score,,4,UNKNOWN; no supported numeric anchor,UNKNOWN,S-P57-03,"Firm-specific public evidence reviewed. Nine own injection machines; mould manufacture outsourced, stock photos and theoretical SPC not owned machines/control. Missing public evidence is not proof of non-deployment; UNKNOWN remains UNKNOWN.","Actual current owned sensing/control applications and coordination; generic modernity or staging-site claims need corroboration. Nine own injection machines; mould manufacture outsourced, stock photos and theoretical SPC not owned machines/control.",NEEDS_RESEARCH,Codex AI-assisted first-pass coding; independent human review pending,2026-10-07,,,
P57,Stocker Kunststoff GmbH,load_flexibility_potential,scheduling_flex_score,,8,UNKNOWN; no supported numeric anchor,UNKNOWN,S-P57-03,"Firm-specific public evidence reviewed. Nine own injection machines; mould manufacture outsourced, stock photos and theoretical SPC not owned machines/control. Missing public evidence is not proof of non-deployment; UNKNOWN remains UNKNOWN.","Admissible operating/start/interruption windows and actual buffers; product maturation, process cycles or programmable furnace recipes are not dispatch permission. Nine own injection machines; mould manufacture outsourced, stock photos and theoretical SPC not owned machines/control.",NEEDS_RESEARCH,Codex AI-assisted first-pass coding; independent human review pending,2026-10-07,,,
P57,Stocker Kunststoff GmbH,load_flexibility_potential,thermal_storage_flex_score,,7,UNKNOWN; no supported numeric anchor,UNKNOWN,S-P57-03,"Firm-specific public evidence reviewed. Nine own injection machines; mould manufacture outsourced, stock photos and theoretical SPC not owned machines/control. Missing public evidence is not proof of non-deployment; UNKNOWN remains UNKNOWN.","Named own usable heat/cold store or validated thermal inertia with operating window; cooling, absorption chilling, production tanks and glass melt mass alone do not establish storage. Nine own injection machines; mould manufacture outsourced, stock photos and theoretical SPC not owned machines/control.",NEEDS_RESEARCH,Codex AI-assisted first-pass coding; independent human review pending,2026-10-07,,,
P57,Stocker Kunststoff GmbH,grid_power_quality_relevance,incremental_load_score,,8,UNKNOWN; no supported numeric anchor,UNKNOWN,S-P57-03,"Firm-specific public evidence reviewed. Nine own injection machines; mould manufacture outsourced, stock photos and theoretical SPC not owned machines/control. Missing public evidence is not proof of non-deployment; UNKNOWN remains UNKNOWN.","Defined additional thermal electrification route and ordinal new-load materiality; existing electric assets, PV expansion and EV charging are not an additional heat-route load. Nine own injection machines; mould manufacture outsourced, stock photos and theoretical SPC not owned machines/control.",NEEDS_RESEARCH,Codex AI-assisted first-pass coding; independent human review pending,2026-10-07,,,
P57,Stocker Kunststoff GmbH,grid_power_quality_relevance,power_quality_score,,4,UNKNOWN; no supported numeric anchor,UNKNOWN,S-P57-03,"Firm-specific public evidence reviewed. Nine own injection machines; mould manufacture outsourced, stock photos and theoretical SPC not owned machines/control. Missing public evidence is not proof of non-deployment; UNKNOWN remains UNKNOWN.","Current firm-specific converter/peak/reactive-power signals; grid connection or a transformer alone is not a measured power-quality issue. Nine own injection machines; mould manufacture outsourced, stock photos and theoretical SPC not owned machines/control.",NEEDS_RESEARCH,Codex AI-assisted first-pass coding; independent human review pending,2026-10-07,,,
P57,Stocker Kunststoff GmbH,grid_power_quality_relevance,onsite_integration_score,,3,UNKNOWN; no supported numeric anchor,UNKNOWN,S-P57-03,"Firm-specific public evidence reviewed. Nine own injection machines; mould manufacture outsourced, stock photos and theoretical SPC not owned machines/control. Missing public evidence is not proof of non-deployment; UNKNOWN remains UNKNOWN.","Own PV/battery/microgrid/load-management use case and actual integration; supplier green power and customer applications are not own deployment. Nine own injection machines; mould manufacture outsourced, stock photos and theoretical SPC not owned machines/control.",NEEDS_RESEARCH,Codex AI-assisted first-pass coding; independent human review pending,2026-10-07,,,
P57,Stocker Kunststoff GmbH,observed_transition_gap,measures_gap_score,,10,UNKNOWN; no supported numeric anchor,UNKNOWN,S-P57-03,"Firm-specific public evidence reviewed. Nine own injection machines; mould manufacture outsourced, stock photos and theoretical SPC not owned machines/control. Missing public evidence is not proof of non-deployment; UNKNOWN remains UNKNOWN.","Current concrete plant energy-transition measures or adequate confirmed inventory; general sustainability, certification, customer products and historical pilots do not establish current deployment or absence. Nine own injection machines; mould manufacture outsourced, stock photos and theoretical SPC not owned machines/control.",NEEDS_RESEARCH,Codex AI-assisted first-pass coding; independent human review pending,2026-10-07,,,
P57,Stocker Kunststoff GmbH,observed_transition_gap,management_gap_score,,5,UNKNOWN; no supported numeric anchor,UNKNOWN,S-P57-03,"Firm-specific public evidence reviewed. Nine own injection machines; mould manufacture outsourced, stock photos and theoretical SPC not owned machines/control. Missing public evidence is not proof of non-deployment; UNKNOWN remains UNKNOWN.","Current verified site EnMS/environmental system or bounded claim; ISO9001, an inaccessible/staging certificate page and missing evidence are not certified mature EnMS. Nine own injection machines; mould manufacture outsourced, stock photos and theoretical SPC not owned machines/control.",NEEDS_RESEARCH,Codex AI-assisted first-pass coding; independent human review pending,2026-10-07,,,
P57,Stocker Kunststoff GmbH,observed_transition_gap,targets_gap_score,5,5,no public energy target after defined checks,B,S-P57-03 | S-P57-04,Own machine/quality/company/document and exact-name public energy/certificate checks found no attributed energy/decarbonisation target. ISO9001 and theoretical quality methods not energy targets; internal absence not inferred.,,AWAITING_HUMAN_REVIEW,Codex AI-assisted first-pass coding; independent human review pending,2026-10-07,,,
P57,Stocker Kunststoff GmbH,observed_transition_gap,investment_gap_score,,5,UNKNOWN; no supported numeric anchor,UNKNOWN,S-P57-03,"Firm-specific public evidence reviewed. Nine own injection machines; mould manufacture outsourced, stock photos and theoretical SPC not owned machines/control. Missing public evidence is not proof of non-deployment; UNKNOWN remains UNKNOWN.","Dated completed energy-transition investment within2021-10-07 to2026-10-07; old projects, certificate renewal, crawl dates and undifferentiated capacity/wastewater expansion are insufficient. Nine own injection machines; mould manufacture outsourced, stock photos and theoretical SPC not owned machines/control.",NEEDS_RESEARCH,Codex AI-assisted first-pass coding; independent human review pending,2026-10-07,,,
P58,Dorn Spritzguss GmbH,process_electrification_potential,temperature_fit_score,,10,UNKNOWN; no supported numeric anchor,UNKNOWN,S-P58-03,"Firm-specific public evidence reviewed. Own2022 PV and undated950kWh ELECTRICAL battery, current ISO14001 and CNC/EDM/laser; battery not thermal storage or dated additional investment. Missing public evidence is not proof of non-deployment; UNKNOWN remains UNKNOWN.","Actual process-heating temperatures and supported electric-heat fit, rather than part dimensions, cold maturation, material/customer ratings or historical boiler baselines. Own2022 PV and undated950kWh ELECTRICAL battery, current ISO14001 and CNC/EDM/laser; battery not thermal storage or dated additional investment.",NEEDS_RESEARCH,Codex AI-assisted first-pass coding; independent human review pending,2026-10-07,,,
P58,Dorn Spritzguss GmbH,process_electrification_potential,process_electrification_score,,10,UNKNOWN; no supported numeric anchor,UNKNOWN,S-P58-03,"Firm-specific public evidence reviewed. Own2022 PV and undated950kWh ELECTRICAL battery, current ISO14001 and CNC/EDM/laser; battery not thermal storage or dated additional investment. Missing public evidence is not proof of non-deployment; UNKNOWN remains UNKNOWN.","Named own actual/planned electric thermal route; electrochemical coating, generic production or customer energy applications alone do not establish electric process heat. Own2022 PV and undated950kWh ELECTRICAL battery, current ISO14001 and CNC/EDM/laser; battery not thermal storage or dated additional investment.",NEEDS_RESEARCH,Codex AI-assisted first-pass coding; independent human review pending,2026-10-07,,,
P58,Dorn Spritzguss GmbH,process_electrification_potential,fossil_heat_displacement_score,,5,UNKNOWN; no supported numeric anchor,UNKNOWN,S-P58-03,"Firm-specific public evidence reviewed. Own2022 PV and undated950kWh ELECTRICAL battery, current ISO14001 and CNC/EDM/laser; battery not thermal storage or dated additional investment. Missing public evidence is not proof of non-deployment; UNKNOWN remains UNKNOWN.","Actual current fossil thermal carrier, centrality and displacement materiality; unspecified CHP/ovens and historic gas baselines do not establish remaining fuel mix. Own2022 PV and undated950kWh ELECTRICAL battery, current ISO14001 and CNC/EDM/laser; battery not thermal storage or dated additional investment.",NEEDS_RESEARCH,Codex AI-assisted first-pass coding; independent human review pending,2026-10-07,,,
P58,Dorn Spritzguss GmbH,power_electronics_relevance,motor_drive_score,8,8,multiple intensive own toolshop drives,B,S-P58-06,"Actual own CNC/HSC milling, turning and grinding support multiple intensive applications; machinery ratings unknown.",,AWAITING_HUMAN_REVIEW,Codex AI-assisted first-pass coding; independent human review pending,2026-10-07,,,
P58,Dorn Spritzguss GmbH,power_electronics_relevance,power_conversion_score,8,8,multiple own material conversion cases,C,S-P58-03 | S-P58-06,"Own wire/sinker EDM, laser welding and PV/battery give multiple real conversion cases by engineering inference.950kWh is stored electrical energy, not converter kW or thermal capacity.",,AWAITING_HUMAN_REVIEW,Codex AI-assisted first-pass coding; independent human review pending,2026-10-07,,,
P58,Dorn Spritzguss GmbH,power_electronics_relevance,automation_control_score,1,4,limited actual quality/process sensing,B,S-P58-07,Own predefined measurement/control cycles and process-capability checks support limited control evidence; no coordinated energy-control topology established.,,AWAITING_HUMAN_REVIEW,Codex AI-assisted first-pass coding; independent human review pending,2026-10-07,,,
P58,Dorn Spritzguss GmbH,load_flexibility_potential,scheduling_flex_score,,8,UNKNOWN; no supported numeric anchor,UNKNOWN,S-P58-03,"Firm-specific public evidence reviewed. Own2022 PV and undated950kWh ELECTRICAL battery, current ISO14001 and CNC/EDM/laser; battery not thermal storage or dated additional investment. Missing public evidence is not proof of non-deployment; UNKNOWN remains UNKNOWN.","Admissible operating/start/interruption windows and actual buffers; product maturation, process cycles or programmable furnace recipes are not dispatch permission. Own2022 PV and undated950kWh ELECTRICAL battery, current ISO14001 and CNC/EDM/laser; battery not thermal storage or dated additional investment.",NEEDS_RESEARCH,Codex AI-assisted first-pass coding; independent human review pending,2026-10-07,,,
P58,Dorn Spritzguss GmbH,load_flexibility_potential,thermal_storage_flex_score,,7,UNKNOWN; no supported numeric anchor,UNKNOWN,S-P58-03,"Firm-specific public evidence reviewed. Own2022 PV and undated950kWh ELECTRICAL battery, current ISO14001 and CNC/EDM/laser; battery not thermal storage or dated additional investment. Missing public evidence is not proof of non-deployment; UNKNOWN remains UNKNOWN.","Named own usable heat/cold store or validated thermal inertia with operating window; cooling, absorption chilling, production tanks and glass melt mass alone do not establish storage. Own2022 PV and undated950kWh ELECTRICAL battery, current ISO14001 and CNC/EDM/laser; battery not thermal storage or dated additional investment.",NEEDS_RESEARCH,Codex AI-assisted first-pass coding; independent human review pending,2026-10-07,,,
P58,Dorn Spritzguss GmbH,grid_power_quality_relevance,incremental_load_score,,8,UNKNOWN; no supported numeric anchor,UNKNOWN,S-P58-03,"Firm-specific public evidence reviewed. Own2022 PV and undated950kWh ELECTRICAL battery, current ISO14001 and CNC/EDM/laser; battery not thermal storage or dated additional investment. Missing public evidence is not proof of non-deployment; UNKNOWN remains UNKNOWN.","Defined additional thermal electrification route and ordinal new-load materiality; existing electric assets, PV expansion and EV charging are not an additional heat-route load. Own2022 PV and undated950kWh ELECTRICAL battery, current ISO14001 and CNC/EDM/laser; battery not thermal storage or dated additional investment.",NEEDS_RESEARCH,Codex AI-assisted first-pass coding; independent human review pending,2026-10-07,,,
P58,Dorn Spritzguss GmbH,grid_power_quality_relevance,power_quality_score,1,4,possible conversion/grid relevance,C,S-P58-03 | S-P58-06,Own EDM/PV/battery and net-bottleneck avoidance claim support possible relevance; no measured harmonic/reactive-power or verified peak constraint.,,AWAITING_HUMAN_REVIEW,Codex AI-assisted first-pass coding; independent human review pending,2026-10-07,,,
P58,Dorn Spritzguss GmbH,grid_power_quality_relevance,onsite_integration_score,3,3,actual linked PV and electrical storage,B,S-P58-03,Own950kWh battery stores onsite PV surplus; actual linked generation/storage supports coordinated integration. Not thermal storage;50-60% self-reported electricity share not all energy.,,AWAITING_HUMAN_REVIEW,Codex AI-assisted first-pass coding; independent human review pending,2026-10-07,,,
P58,Dorn Spritzguss GmbH,observed_transition_gap,measures_gap_score,3,10,some concrete own energy measures,B,S-P58-03,Own PV and electrical storage are two concrete measures; certification and new production hall are not extra energy technologies.,,AWAITING_HUMAN_REVIEW,Codex AI-assisted first-pass coding; independent human review pending,2026-10-07,,,
P58,Dorn Spritzguss GmbH,observed_transition_gap,management_gap_score,2,5,current verified environmental system,B,S-P58-05,"Exact-holder DEKRA ISO14001 current2025-11-28 to2028-11-27 supports environmental/other-system anchor, not mature certified EnMS.",,AWAITING_HUMAN_REVIEW,Codex AI-assisted first-pass coding; independent human review pending,2026-10-07,,,
P58,Dorn Spritzguss GmbH,observed_transition_gap,targets_gap_score,3,5,vague renewable/independence ambition,B,S-P58-03,Own climate and fossil-independence ambition lacks dated roadmap in defined current own/history/documents/certification and exact-name checks. Emission factor and annual generation are not dated target.,,AWAITING_HUMAN_REVIEW,Codex AI-assisted first-pass coding; independent human review pending,2026-10-07,,,
P58,Dorn Spritzguss GmbH,observed_transition_gap,investment_gap_score,2,5,one safely dated recent energy investment,B,S-P58-03 | S-P58-04,Actual PV installed2022 inside2021-10-07 to2026-10-07;950kWh battery acquisition undated and1500m2 new hall not a second proven energy project. No date invented.,,AWAITING_HUMAN_REVIEW,Codex AI-assisted first-pass coding; independent human review pending,2026-10-07,,,
P59,AK Kunststoffspritzguss GmbH & Co. KG,process_electrification_potential,temperature_fit_score,,10,UNKNOWN; no supported numeric anchor,UNKNOWN,S-P59-03,Firm-specific public evidence reviewed. Own picker/robot/QS/ERP and cooling/exhaust recovery for underfloor building heat; external toolshops not own CNC; slab not validated thermal store. Missing public evidence is not proof of non-deployment; UNKNOWN remains UNKNOWN.,"Actual process-heating temperatures and supported electric-heat fit, rather than part dimensions, cold maturation, material/customer ratings or historical boiler baselines. Own picker/robot/QS/ERP and cooling/exhaust recovery for underfloor building heat; external toolshops not own CNC; slab not validated thermal store.",NEEDS_RESEARCH,Codex AI-assisted first-pass coding; independent human review pending,2026-10-07,,,
P59,AK Kunststoffspritzguss GmbH & Co. KG,process_electrification_potential,process_electrification_score,,10,UNKNOWN; no supported numeric anchor,UNKNOWN,S-P59-03,Firm-specific public evidence reviewed. Own picker/robot/QS/ERP and cooling/exhaust recovery for underfloor building heat; external toolshops not own CNC; slab not validated thermal store. Missing public evidence is not proof of non-deployment; UNKNOWN remains UNKNOWN.,"Named own actual/planned electric thermal route; electrochemical coating, generic production or customer energy applications alone do not establish electric process heat. Own picker/robot/QS/ERP and cooling/exhaust recovery for underfloor building heat; external toolshops not own CNC; slab not validated thermal store.",NEEDS_RESEARCH,Codex AI-assisted first-pass coding; independent human review pending,2026-10-07,,,
P59,AK Kunststoffspritzguss GmbH & Co. KG,process_electrification_potential,fossil_heat_displacement_score,,5,UNKNOWN; no supported numeric anchor,UNKNOWN,S-P59-03,Firm-specific public evidence reviewed. Own picker/robot/QS/ERP and cooling/exhaust recovery for underfloor building heat; external toolshops not own CNC; slab not validated thermal store. Missing public evidence is not proof of non-deployment; UNKNOWN remains UNKNOWN.,"Actual current fossil thermal carrier, centrality and displacement materiality; unspecified CHP/ovens and historic gas baselines do not establish remaining fuel mix. Own picker/robot/QS/ERP and cooling/exhaust recovery for underfloor building heat; external toolshops not own CNC; slab not validated thermal store.",NEEDS_RESEARCH,Codex AI-assisted first-pass coding; independent human review pending,2026-10-07,,,
P59,AK Kunststoffspritzguss GmbH & Co. KG,power_electronics_relevance,motor_drive_score,2,8,limited named robotic drives,C,S-P59-03,Own picker/robot on injection machines supports limited actual drive applications as engineering inference; no drive intensity/ratings from35-150t closing force or external tools.,,AWAITING_HUMAN_REVIEW,Codex AI-assisted first-pass coding; independent human review pending,2026-10-07,,,
P59,AK Kunststoffspritzguss GmbH & Co. KG,power_electronics_relevance,power_conversion_score,,8,UNKNOWN; no supported numeric anchor,UNKNOWN,S-P59-03,Firm-specific public evidence reviewed. Own picker/robot/QS/ERP and cooling/exhaust recovery for underfloor building heat; external toolshops not own CNC; slab not validated thermal store. Missing public evidence is not proof of non-deployment; UNKNOWN remains UNKNOWN.,"Named current own material rectifier/converter/controlled-heat use case; customer product applications, AC charging sockets and unspecified machine carriers are insufficient. Own picker/robot/QS/ERP and cooling/exhaust recovery for underfloor building heat; external toolshops not own CNC; slab not validated thermal store.",NEEDS_RESEARCH,Codex AI-assisted first-pass coding; independent human review pending,2026-10-07,,,
P59,AK Kunststoffspritzguss GmbH & Co. KG,power_electronics_relevance,automation_control_score,3,4,clear robot and process traceability,B,S-P59-03 | S-P59-04,Actual robots and own QS/ERP batch trace support clear control relevance; no grid/energy coordination inferred.,,AWAITING_HUMAN_REVIEW,Codex AI-assisted first-pass coding; independent human review pending,2026-10-07,,,
P59,AK Kunststoffspritzguss GmbH & Co. KG,load_flexibility_potential,scheduling_flex_score,,8,UNKNOWN; no supported numeric anchor,UNKNOWN,S-P59-03,Firm-specific public evidence reviewed. Own picker/robot/QS/ERP and cooling/exhaust recovery for underfloor building heat; external toolshops not own CNC; slab not validated thermal store. Missing public evidence is not proof of non-deployment; UNKNOWN remains UNKNOWN.,"Admissible operating/start/interruption windows and actual buffers; product maturation, process cycles or programmable furnace recipes are not dispatch permission. Own picker/robot/QS/ERP and cooling/exhaust recovery for underfloor building heat; external toolshops not own CNC; slab not validated thermal store.",NEEDS_RESEARCH,Codex AI-assisted first-pass coding; independent human review pending,2026-10-07,,,
P59,AK Kunststoffspritzguss GmbH & Co. KG,load_flexibility_potential,thermal_storage_flex_score,,7,UNKNOWN; no supported numeric anchor,UNKNOWN,S-P59-03,Firm-specific public evidence reviewed. Own picker/robot/QS/ERP and cooling/exhaust recovery for underfloor building heat; external toolshops not own CNC; slab not validated thermal store. Missing public evidence is not proof of non-deployment; UNKNOWN remains UNKNOWN.,"Named own usable heat/cold store or validated thermal inertia with operating window; cooling, absorption chilling, production tanks and glass melt mass alone do not establish storage. Own picker/robot/QS/ERP and cooling/exhaust recovery for underfloor building heat; external toolshops not own CNC; slab not validated thermal store.",NEEDS_RESEARCH,Codex AI-assisted first-pass coding; independent human review pending,2026-10-07,,,
P59,AK Kunststoffspritzguss GmbH & Co. KG,grid_power_quality_relevance,incremental_load_score,,8,UNKNOWN; no supported numeric anchor,UNKNOWN,S-P59-03,Firm-specific public evidence reviewed. Own picker/robot/QS/ERP and cooling/exhaust recovery for underfloor building heat; external toolshops not own CNC; slab not validated thermal store. Missing public evidence is not proof of non-deployment; UNKNOWN remains UNKNOWN.,"Defined additional thermal electrification route and ordinal new-load materiality; existing electric assets, PV expansion and EV charging are not an additional heat-route load. Own picker/robot/QS/ERP and cooling/exhaust recovery for underfloor building heat; external toolshops not own CNC; slab not validated thermal store.",NEEDS_RESEARCH,Codex AI-assisted first-pass coding; independent human review pending,2026-10-07,,,
P59,AK Kunststoffspritzguss GmbH & Co. KG,grid_power_quality_relevance,power_quality_score,,4,UNKNOWN; no supported numeric anchor,UNKNOWN,S-P59-03,Firm-specific public evidence reviewed. Own picker/robot/QS/ERP and cooling/exhaust recovery for underfloor building heat; external toolshops not own CNC; slab not validated thermal store. Missing public evidence is not proof of non-deployment; UNKNOWN remains UNKNOWN.,Current firm-specific converter/peak/reactive-power signals; grid connection or a transformer alone is not a measured power-quality issue. Own picker/robot/QS/ERP and cooling/exhaust recovery for underfloor building heat; external toolshops not own CNC; slab not validated thermal store.,NEEDS_RESEARCH,Codex AI-assisted first-pass coding; independent human review pending,2026-10-07,,,
P59,AK Kunststoffspritzguss GmbH & Co. KG,grid_power_quality_relevance,onsite_integration_score,,3,UNKNOWN; no supported numeric anchor,UNKNOWN,S-P59-03,Firm-specific public evidence reviewed. Own picker/robot/QS/ERP and cooling/exhaust recovery for underfloor building heat; external toolshops not own CNC; slab not validated thermal store. Missing public evidence is not proof of non-deployment; UNKNOWN remains UNKNOWN.,Own PV/battery/microgrid/load-management use case and actual integration; supplier green power and customer applications are not own deployment. Own picker/robot/QS/ERP and cooling/exhaust recovery for underfloor building heat; external toolshops not own CNC; slab not validated thermal store.,NEEDS_RESEARCH,Codex AI-assisted first-pass coding; independent human review pending,2026-10-07,,,
P59,AK Kunststoffspritzguss GmbH & Co. KG,observed_transition_gap,measures_gap_score,3,10,some actual heat-recovery measures,B,S-P59-02,"Own cooling-water/exhaust heat supplies complete building underfloor heating. Concrete heat recovery, not absence of other technologies or proven process-fuel displacement.",,AWAITING_HUMAN_REVIEW,Codex AI-assisted first-pass coding; independent human review pending,2026-10-07,,,
P59,AK Kunststoffspritzguss GmbH & Co. KG,observed_transition_gap,management_gap_score,,5,UNKNOWN; no supported numeric anchor,UNKNOWN,S-P59-03,Firm-specific public evidence reviewed. Own picker/robot/QS/ERP and cooling/exhaust recovery for underfloor building heat; external toolshops not own CNC; slab not validated thermal store. Missing public evidence is not proof of non-deployment; UNKNOWN remains UNKNOWN.,"Current verified site EnMS/environmental system or bounded claim; ISO9001, an inaccessible/staging certificate page and missing evidence are not certified mature EnMS. Own picker/robot/QS/ERP and cooling/exhaust recovery for underfloor building heat; external toolshops not own CNC; slab not validated thermal store.",NEEDS_RESEARCH,Codex AI-assisted first-pass coding; independent human review pending,2026-10-07,,,
P59,AK Kunststoffspritzguss GmbH & Co. KG,observed_transition_gap,targets_gap_score,3,5,vague energy/resource ambition,B,S-P59-02 | S-P59-03 | S-P59-04,Own energy-conscious/resource-recycling position lacks dated roadmap in defined own/company/production/quality/certificate and exact-name checks; internal targets unknown.,,AWAITING_HUMAN_REVIEW,Codex AI-assisted first-pass coding; independent human review pending,2026-10-07,,,
P59,AK Kunststoffspritzguss GmbH & Co. KG,observed_transition_gap,investment_gap_score,,5,UNKNOWN; no supported numeric anchor,UNKNOWN,S-P59-03,Firm-specific public evidence reviewed. Own picker/robot/QS/ERP and cooling/exhaust recovery for underfloor building heat; external toolshops not own CNC; slab not validated thermal store. Missing public evidence is not proof of non-deployment; UNKNOWN remains UNKNOWN.,"Dated completed energy-transition investment within2021-10-07 to2026-10-07; old projects, certificate renewal, crawl dates and undifferentiated capacity/wastewater expansion are insufficient. Own picker/robot/QS/ERP and cooling/exhaust recovery for underfloor building heat; external toolshops not own CNC; slab not validated thermal store.",NEEDS_RESEARCH,Codex AI-assisted first-pass coding; independent human review pending,2026-10-07,,,
P61,Galvanik-Horstmann GmbH,process_electrification_potential,temperature_fit_score,,10,UNKNOWN; no supported numeric anchor,UNKNOWN,S-P61-03,Firm-specific public evidence reviewed. Own galvanic services and XRF;250C solderability TEST not bath temperature. Historical2020-upload brochure KWKK+PV50-55% combined electricity lacks2026 continuity. Missing public evidence is not proof of non-deployment; UNKNOWN remains UNKNOWN.,"Actual process-heating temperatures and supported electric-heat fit, rather than part dimensions, cold maturation, material/customer ratings or historical boiler baselines. Own galvanic services and XRF;250C solderability TEST not bath temperature. Historical2020-upload brochure KWKK+PV50-55% combined electricity lacks2026 continuity.",NEEDS_RESEARCH,Codex AI-assisted first-pass coding; independent human review pending,2026-10-07,,,
P61,Galvanik-Horstmann GmbH,process_electrification_potential,process_electrification_score,,10,UNKNOWN; no supported numeric anchor,UNKNOWN,S-P61-03,Firm-specific public evidence reviewed. Own galvanic services and XRF;250C solderability TEST not bath temperature. Historical2020-upload brochure KWKK+PV50-55% combined electricity lacks2026 continuity. Missing public evidence is not proof of non-deployment; UNKNOWN remains UNKNOWN.,"Named own actual/planned electric thermal route; electrochemical coating, generic production or customer energy applications alone do not establish electric process heat. Own galvanic services and XRF;250C solderability TEST not bath temperature. Historical2020-upload brochure KWKK+PV50-55% combined electricity lacks2026 continuity.",NEEDS_RESEARCH,Codex AI-assisted first-pass coding; independent human review pending,2026-10-07,,,
P61,Galvanik-Horstmann GmbH,process_electrification_potential,fossil_heat_displacement_score,,5,UNKNOWN; no supported numeric anchor,UNKNOWN,S-P61-03,Firm-specific public evidence reviewed. Own galvanic services and XRF;250C solderability TEST not bath temperature. Historical2020-upload brochure KWKK+PV50-55% combined electricity lacks2026 continuity. Missing public evidence is not proof of non-deployment; UNKNOWN remains UNKNOWN.,"Actual current fossil thermal carrier, centrality and displacement materiality; unspecified CHP/ovens and historic gas baselines do not establish remaining fuel mix. Own galvanic services and XRF;250C solderability TEST not bath temperature. Historical2020-upload brochure KWKK+PV50-55% combined electricity lacks2026 continuity.",NEEDS_RESEARCH,Codex AI-assisted first-pass coding; independent human review pending,2026-10-07,,,
P61,Galvanik-Horstmann GmbH,power_electronics_relevance,motor_drive_score,,8,UNKNOWN; no supported numeric anchor,UNKNOWN,S-P61-03,Firm-specific public evidence reviewed. Own galvanic services and XRF;250C solderability TEST not bath temperature. Historical2020-upload brochure KWKK+PV50-55% combined electricity lacks2026 continuity. Missing public evidence is not proof of non-deployment; UNKNOWN remains UNKNOWN.,Named current owned motor/pump/compressor/drive applications and their materiality; production sector and historical steam/ice machines alone are insufficient. Own galvanic services and XRF;250C solderability TEST not bath temperature. Historical2020-upload brochure KWKK+PV50-55% combined electricity lacks2026 continuity.,NEEDS_RESEARCH,Codex AI-assisted first-pass coding; independent human review pending,2026-10-07,,,
P61,Galvanik-Horstmann GmbH,power_electronics_relevance,power_conversion_score,5,8,one material owned galvanic conversion case,C,S-P61-03,"Named own electrolytic coatings imply material DC rectification as engineering inference; not electricity-driven process HEAT, no ratings invented.",,AWAITING_HUMAN_REVIEW,Codex AI-assisted first-pass coding; independent human review pending,2026-10-07,,,
P61,Galvanik-Horstmann GmbH,power_electronics_relevance,automation_control_score,1,4,limited actual measurement,B,S-P61-04,"Own XRF/eddy-current/magnetic measurements establish limited actual process/QA sensing, not coordinated energy control.",,AWAITING_HUMAN_REVIEW,Codex AI-assisted first-pass coding; independent human review pending,2026-10-07,,,
P61,Galvanik-Horstmann GmbH,load_flexibility_potential,scheduling_flex_score,,8,UNKNOWN; no supported numeric anchor,UNKNOWN,S-P61-03,Firm-specific public evidence reviewed. Own galvanic services and XRF;250C solderability TEST not bath temperature. Historical2020-upload brochure KWKK+PV50-55% combined electricity lacks2026 continuity. Missing public evidence is not proof of non-deployment; UNKNOWN remains UNKNOWN.,"Admissible operating/start/interruption windows and actual buffers; product maturation, process cycles or programmable furnace recipes are not dispatch permission. Own galvanic services and XRF;250C solderability TEST not bath temperature. Historical2020-upload brochure KWKK+PV50-55% combined electricity lacks2026 continuity.",NEEDS_RESEARCH,Codex AI-assisted first-pass coding; independent human review pending,2026-10-07,,,
P61,Galvanik-Horstmann GmbH,load_flexibility_potential,thermal_storage_flex_score,,7,UNKNOWN; no supported numeric anchor,UNKNOWN,S-P61-03,Firm-specific public evidence reviewed. Own galvanic services and XRF;250C solderability TEST not bath temperature. Historical2020-upload brochure KWKK+PV50-55% combined electricity lacks2026 continuity. Missing public evidence is not proof of non-deployment; UNKNOWN remains UNKNOWN.,"Named own usable heat/cold store or validated thermal inertia with operating window; cooling, absorption chilling, production tanks and glass melt mass alone do not establish storage. Own galvanic services and XRF;250C solderability TEST not bath temperature. Historical2020-upload brochure KWKK+PV50-55% combined electricity lacks2026 continuity.",NEEDS_RESEARCH,Codex AI-assisted first-pass coding; independent human review pending,2026-10-07,,,
P61,Galvanik-Horstmann GmbH,grid_power_quality_relevance,incremental_load_score,,8,UNKNOWN; no supported numeric anchor,UNKNOWN,S-P61-03,Firm-specific public evidence reviewed. Own galvanic services and XRF;250C solderability TEST not bath temperature. Historical2020-upload brochure KWKK+PV50-55% combined electricity lacks2026 continuity. Missing public evidence is not proof of non-deployment; UNKNOWN remains UNKNOWN.,"Defined additional thermal electrification route and ordinal new-load materiality; existing electric assets, PV expansion and EV charging are not an additional heat-route load. Own galvanic services and XRF;250C solderability TEST not bath temperature. Historical2020-upload brochure KWKK+PV50-55% combined electricity lacks2026 continuity.",NEEDS_RESEARCH,Codex AI-assisted first-pass coding; independent human review pending,2026-10-07,,,
P61,Galvanik-Horstmann GmbH,grid_power_quality_relevance,power_quality_score,1,4,possible rectification effects,C,S-P61-03,Own galvanic production supports possible conversion-related effects; no measured harmonic/reactive-power/peak issue.,,AWAITING_HUMAN_REVIEW,Codex AI-assisted first-pass coding; independent human review pending,2026-10-07,,,
P61,Galvanik-Horstmann GmbH,grid_power_quality_relevance,onsite_integration_score,,3,UNKNOWN; no supported numeric anchor,UNKNOWN,S-P61-03,Firm-specific public evidence reviewed. Own galvanic services and XRF;250C solderability TEST not bath temperature. Historical2020-upload brochure KWKK+PV50-55% combined electricity lacks2026 continuity. Missing public evidence is not proof of non-deployment; UNKNOWN remains UNKNOWN.,Own PV/battery/microgrid/load-management use case and actual integration; supplier green power and customer applications are not own deployment. Own galvanic services and XRF;250C solderability TEST not bath temperature. Historical2020-upload brochure KWKK+PV50-55% combined electricity lacks2026 continuity.,NEEDS_RESEARCH,Codex AI-assisted first-pass coding; independent human review pending,2026-10-07,,,
P61,Galvanik-Horstmann GmbH,observed_transition_gap,measures_gap_score,,10,UNKNOWN; no supported numeric anchor,UNKNOWN,S-P61-03,Firm-specific public evidence reviewed. Own galvanic services and XRF;250C solderability TEST not bath temperature. Historical2020-upload brochure KWKK+PV50-55% combined electricity lacks2026 continuity. Missing public evidence is not proof of non-deployment; UNKNOWN remains UNKNOWN.,"Current concrete plant energy-transition measures or adequate confirmed inventory; general sustainability, certification, customer products and historical pilots do not establish current deployment or absence. Own galvanic services and XRF;250C solderability TEST not bath temperature. Historical2020-upload brochure KWKK+PV50-55% combined electricity lacks2026 continuity.",NEEDS_RESEARCH,Codex AI-assisted first-pass coding; independent human review pending,2026-10-07,,,
P61,Galvanik-Horstmann GmbH,observed_transition_gap,management_gap_score,,5,UNKNOWN; no supported numeric anchor,UNKNOWN,S-P61-03,Firm-specific public evidence reviewed. Own galvanic services and XRF;250C solderability TEST not bath temperature. Historical2020-upload brochure KWKK+PV50-55% combined electricity lacks2026 continuity. Missing public evidence is not proof of non-deployment; UNKNOWN remains UNKNOWN.,"Current verified site EnMS/environmental system or bounded claim; ISO9001, an inaccessible/staging certificate page and missing evidence are not certified mature EnMS. Own galvanic services and XRF;250C solderability TEST not bath temperature. Historical2020-upload brochure KWKK+PV50-55% combined electricity lacks2026 continuity.",NEEDS_RESEARCH,Codex AI-assisted first-pass coding; independent human review pending,2026-10-07,,,
P61,Galvanik-Horstmann GmbH,observed_transition_gap,targets_gap_score,3,5,vague own environmental ambition,B,S-P61-05 | S-P61-06,Current environmental-improvement policy lacks dated energy target/roadmap in own/process/docs/certification/exact-name checks. Historical KWKK+PV50-55% COMBINED electricity claim is not target or confirmed2026 energy inventory.,,AWAITING_HUMAN_REVIEW,Codex AI-assisted first-pass coding; independent human review pending,2026-10-07,,,
P61,Galvanik-Horstmann GmbH,observed_transition_gap,investment_gap_score,,5,UNKNOWN; no supported numeric anchor,UNKNOWN,S-P61-03,Firm-specific public evidence reviewed. Own galvanic services and XRF;250C solderability TEST not bath temperature. Historical2020-upload brochure KWKK+PV50-55% combined electricity lacks2026 continuity. Missing public evidence is not proof of non-deployment; UNKNOWN remains UNKNOWN.,"Dated completed energy-transition investment within2021-10-07 to2026-10-07; old projects, certificate renewal, crawl dates and undifferentiated capacity/wastewater expansion are insufficient. Own galvanic services and XRF;250C solderability TEST not bath temperature. Historical2020-upload brochure KWKK+PV50-55% combined electricity lacks2026 continuity.",NEEDS_RESEARCH,Codex AI-assisted first-pass coding; independent human review pending,2026-10-07,,,
P63,OTK Oberflächentechnik Kaltenkirchen GmbH,process_electrification_potential,temperature_fit_score,,10,UNKNOWN; no supported numeric anchor,UNKNOWN,S-P63-03,Firm-specific public evidence reviewed. Exact Kaltenkirchen production automaton; other OTK firms and adviser contact hours not owned certificate or production window. Missing public evidence is not proof of non-deployment; UNKNOWN remains UNKNOWN.,"Actual process-heating temperatures and supported electric-heat fit, rather than part dimensions, cold maturation, material/customer ratings or historical boiler baselines. Exact Kaltenkirchen production automaton; other OTK firms and adviser contact hours not owned certificate or production window.",NEEDS_RESEARCH,Codex AI-assisted first-pass coding; independent human review pending,2026-10-07,,,
P63,OTK Oberflächentechnik Kaltenkirchen GmbH,process_electrification_potential,process_electrification_score,,10,UNKNOWN; no supported numeric anchor,UNKNOWN,S-P63-03,Firm-specific public evidence reviewed. Exact Kaltenkirchen production automaton; other OTK firms and adviser contact hours not owned certificate or production window. Missing public evidence is not proof of non-deployment; UNKNOWN remains UNKNOWN.,"Named own actual/planned electric thermal route; electrochemical coating, generic production or customer energy applications alone do not establish electric process heat. Exact Kaltenkirchen production automaton; other OTK firms and adviser contact hours not owned certificate or production window.",NEEDS_RESEARCH,Codex AI-assisted first-pass coding; independent human review pending,2026-10-07,,,
P63,OTK Oberflächentechnik Kaltenkirchen GmbH,process_electrification_potential,fossil_heat_displacement_score,,5,UNKNOWN; no supported numeric anchor,UNKNOWN,S-P63-03,Firm-specific public evidence reviewed. Exact Kaltenkirchen production automaton; other OTK firms and adviser contact hours not owned certificate or production window. Missing public evidence is not proof of non-deployment; UNKNOWN remains UNKNOWN.,"Actual current fossil thermal carrier, centrality and displacement materiality; unspecified CHP/ovens and historic gas baselines do not establish remaining fuel mix. Exact Kaltenkirchen production automaton; other OTK firms and adviser contact hours not owned certificate or production window.",NEEDS_RESEARCH,Codex AI-assisted first-pass coding; independent human review pending,2026-10-07,,,
P63,OTK Oberflächentechnik Kaltenkirchen GmbH,power_electronics_relevance,motor_drive_score,,8,UNKNOWN; no supported numeric anchor,UNKNOWN,S-P63-03,Firm-specific public evidence reviewed. Exact Kaltenkirchen production automaton; other OTK firms and adviser contact hours not owned certificate or production window. Missing public evidence is not proof of non-deployment; UNKNOWN remains UNKNOWN.,Named current owned motor/pump/compressor/drive applications and their materiality; production sector and historical steam/ice machines alone are insufficient. Exact Kaltenkirchen production automaton; other OTK firms and adviser contact hours not owned certificate or production window.,NEEDS_RESEARCH,Codex AI-assisted first-pass coding; independent human review pending,2026-10-07,,,
P63,OTK Oberflächentechnik Kaltenkirchen GmbH,power_electronics_relevance,power_conversion_score,5,8,one actual galvanic conversion case,C,S-P63-01 | S-P63-03,Exact Kaltenkirchen galvanic/anodising production supports material DC conversion as engineering inference. Other OTK companies excluded.,,AWAITING_HUMAN_REVIEW,Codex AI-assisted first-pass coding; independent human review pending,2026-10-07,,,
P63,OTK Oberflächentechnik Kaltenkirchen GmbH,power_electronics_relevance,automation_control_score,1,4,limited actual production automaton,C,S-P63-03,Own production automaton/bath-line caption establishes limited automation; no precise installed sensing/dispatch topology.,,AWAITING_HUMAN_REVIEW,Codex AI-assisted first-pass coding; independent human review pending,2026-10-07,,,
P63,OTK Oberflächentechnik Kaltenkirchen GmbH,load_flexibility_potential,scheduling_flex_score,,8,UNKNOWN; no supported numeric anchor,UNKNOWN,S-P63-03,Firm-specific public evidence reviewed. Exact Kaltenkirchen production automaton; other OTK firms and adviser contact hours not owned certificate or production window. Missing public evidence is not proof of non-deployment; UNKNOWN remains UNKNOWN.,"Admissible operating/start/interruption windows and actual buffers; product maturation, process cycles or programmable furnace recipes are not dispatch permission. Exact Kaltenkirchen production automaton; other OTK firms and adviser contact hours not owned certificate or production window.",NEEDS_RESEARCH,Codex AI-assisted first-pass coding; independent human review pending,2026-10-07,,,
P63,OTK Oberflächentechnik Kaltenkirchen GmbH,load_flexibility_potential,thermal_storage_flex_score,,7,UNKNOWN; no supported numeric anchor,UNKNOWN,S-P63-03,Firm-specific public evidence reviewed. Exact Kaltenkirchen production automaton; other OTK firms and adviser contact hours not owned certificate or production window. Missing public evidence is not proof of non-deployment; UNKNOWN remains UNKNOWN.,"Named own usable heat/cold store or validated thermal inertia with operating window; cooling, absorption chilling, production tanks and glass melt mass alone do not establish storage. Exact Kaltenkirchen production automaton; other OTK firms and adviser contact hours not owned certificate or production window.",NEEDS_RESEARCH,Codex AI-assisted first-pass coding; independent human review pending,2026-10-07,,,
P63,OTK Oberflächentechnik Kaltenkirchen GmbH,grid_power_quality_relevance,incremental_load_score,,8,UNKNOWN; no supported numeric anchor,UNKNOWN,S-P63-03,Firm-specific public evidence reviewed. Exact Kaltenkirchen production automaton; other OTK firms and adviser contact hours not owned certificate or production window. Missing public evidence is not proof of non-deployment; UNKNOWN remains UNKNOWN.,"Defined additional thermal electrification route and ordinal new-load materiality; existing electric assets, PV expansion and EV charging are not an additional heat-route load. Exact Kaltenkirchen production automaton; other OTK firms and adviser contact hours not owned certificate or production window.",NEEDS_RESEARCH,Codex AI-assisted first-pass coding; independent human review pending,2026-10-07,,,
P63,OTK Oberflächentechnik Kaltenkirchen GmbH,grid_power_quality_relevance,power_quality_score,1,4,possible conversion effects,C,S-P63-01 | S-P63-03,Actual galvanic/anodising context supports possible converter effects only; measured network issue unknown.,,AWAITING_HUMAN_REVIEW,Codex AI-assisted first-pass coding; independent human review pending,2026-10-07,,,
P63,OTK Oberflächentechnik Kaltenkirchen GmbH,grid_power_quality_relevance,onsite_integration_score,,3,UNKNOWN; no supported numeric anchor,UNKNOWN,S-P63-03,Firm-specific public evidence reviewed. Exact Kaltenkirchen production automaton; other OTK firms and adviser contact hours not owned certificate or production window. Missing public evidence is not proof of non-deployment; UNKNOWN remains UNKNOWN.,Own PV/battery/microgrid/load-management use case and actual integration; supplier green power and customer applications are not own deployment. Exact Kaltenkirchen production automaton; other OTK firms and adviser contact hours not owned certificate or production window.,NEEDS_RESEARCH,Codex AI-assisted first-pass coding; independent human review pending,2026-10-07,,,
P63,OTK Oberflächentechnik Kaltenkirchen GmbH,observed_transition_gap,measures_gap_score,,10,UNKNOWN; no supported numeric anchor,UNKNOWN,S-P63-03,Firm-specific public evidence reviewed. Exact Kaltenkirchen production automaton; other OTK firms and adviser contact hours not owned certificate or production window. Missing public evidence is not proof of non-deployment; UNKNOWN remains UNKNOWN.,"Current concrete plant energy-transition measures or adequate confirmed inventory; general sustainability, certification, customer products and historical pilots do not establish current deployment or absence. Exact Kaltenkirchen production automaton; other OTK firms and adviser contact hours not owned certificate or production window.",NEEDS_RESEARCH,Codex AI-assisted first-pass coding; independent human review pending,2026-10-07,,,
P63,OTK Oberflächentechnik Kaltenkirchen GmbH,observed_transition_gap,management_gap_score,,5,UNKNOWN; no supported numeric anchor,UNKNOWN,S-P63-03,Firm-specific public evidence reviewed. Exact Kaltenkirchen production automaton; other OTK firms and adviser contact hours not owned certificate or production window. Missing public evidence is not proof of non-deployment; UNKNOWN remains UNKNOWN.,"Current verified site EnMS/environmental system or bounded claim; ISO9001, an inaccessible/staging certificate page and missing evidence are not certified mature EnMS. Exact Kaltenkirchen production automaton; other OTK firms and adviser contact hours not owned certificate or production window.",NEEDS_RESEARCH,Codex AI-assisted first-pass coding; independent human review pending,2026-10-07,,,
P63,OTK Oberflächentechnik Kaltenkirchen GmbH,observed_transition_gap,targets_gap_score,5,5,no public energy target after defined checks,B,S-P63-01 | S-P63-03,Own exact-company/production/technique/document and exact-name primary certification/energy checks found no attributed energy target. Other OTK entities excluded; adviser hours not production window; internal absence not inferred.,,AWAITING_HUMAN_REVIEW,Codex AI-assisted first-pass coding; independent human review pending,2026-10-07,,,
P63,OTK Oberflächentechnik Kaltenkirchen GmbH,observed_transition_gap,investment_gap_score,,5,UNKNOWN; no supported numeric anchor,UNKNOWN,S-P63-03,Firm-specific public evidence reviewed. Exact Kaltenkirchen production automaton; other OTK firms and adviser contact hours not owned certificate or production window. Missing public evidence is not proof of non-deployment; UNKNOWN remains UNKNOWN.,"Dated completed energy-transition investment within2021-10-07 to2026-10-07; old projects, certificate renewal, crawl dates and undifferentiated capacity/wastewater expansion are insufficient. Exact Kaltenkirchen production automaton; other OTK firms and adviser contact hours not owned certificate or production window.",NEEDS_RESEARCH,Codex AI-assisted first-pass coding; independent human review pending,2026-10-07,,,
P64,Wieland Metalloberflächentechnik GmbH,process_electrification_potential,temperature_fit_score,,10,UNKNOWN; no supported numeric anchor,UNKNOWN,S-P64-03,Firm-specific public evidence reviewed. Exact Schwetzingen own rack/drum/manual plating; PV/wind CUSTOMER applications and Wieland Group facts not own energy portfolio. Missing public evidence is not proof of non-deployment; UNKNOWN remains UNKNOWN.,"Actual process-heating temperatures and supported electric-heat fit, rather than part dimensions, cold maturation, material/customer ratings or historical boiler baselines. Exact Schwetzingen own rack/drum/manual plating; PV/wind CUSTOMER applications and Wieland Group facts not own energy portfolio.",NEEDS_RESEARCH,Codex AI-assisted first-pass coding; independent human review pending,2026-10-07,,,
P64,Wieland Metalloberflächentechnik GmbH,process_electrification_potential,process_electrification_score,,10,UNKNOWN; no supported numeric anchor,UNKNOWN,S-P64-03,Firm-specific public evidence reviewed. Exact Schwetzingen own rack/drum/manual plating; PV/wind CUSTOMER applications and Wieland Group facts not own energy portfolio. Missing public evidence is not proof of non-deployment; UNKNOWN remains UNKNOWN.,"Named own actual/planned electric thermal route; electrochemical coating, generic production or customer energy applications alone do not establish electric process heat. Exact Schwetzingen own rack/drum/manual plating; PV/wind CUSTOMER applications and Wieland Group facts not own energy portfolio.",NEEDS_RESEARCH,Codex AI-assisted first-pass coding; independent human review pending,2026-10-07,,,
P64,Wieland Metalloberflächentechnik GmbH,process_electrification_potential,fossil_heat_displacement_score,,5,UNKNOWN; no supported numeric anchor,UNKNOWN,S-P64-03,Firm-specific public evidence reviewed. Exact Schwetzingen own rack/drum/manual plating; PV/wind CUSTOMER applications and Wieland Group facts not own energy portfolio. Missing public evidence is not proof of non-deployment; UNKNOWN remains UNKNOWN.,"Actual current fossil thermal carrier, centrality and displacement materiality; unspecified CHP/ovens and historic gas baselines do not establish remaining fuel mix. Exact Schwetzingen own rack/drum/manual plating; PV/wind CUSTOMER applications and Wieland Group facts not own energy portfolio.",NEEDS_RESEARCH,Codex AI-assisted first-pass coding; independent human review pending,2026-10-07,,,
P64,Wieland Metalloberflächentechnik GmbH,power_electronics_relevance,motor_drive_score,2,8,limited own carrier/drum drives,C,S-P64-02 | S-P64-03,Own rack automats/drum plants support limited actual carrier/drum drives as engineering inference; no intensity or rated power established.,,AWAITING_HUMAN_REVIEW,Codex AI-assisted first-pass coding; independent human review pending,2026-10-07,,,
P64,Wieland Metalloberflächentechnik GmbH,power_electronics_relevance,power_conversion_score,5,8,one material own plating conversion case,C,S-P64-02,Actual own copper/nickel/silver/zinc/tin galvanic service establishes one material rectification case by engineering inference; customer energy assets not counted.,,AWAITING_HUMAN_REVIEW,Codex AI-assisted first-pass coding; independent human review pending,2026-10-07,,,
P64,Wieland Metalloberflächentechnik GmbH,power_electronics_relevance,automation_control_score,3,4,clear own plant/process control,B,S-P64-02 | S-P64-03,"Own automated rack/drum plants and actual bath-parameter checking establish clear process control, not coordinated energy dispatch.",,AWAITING_HUMAN_REVIEW,Codex AI-assisted first-pass coding; independent human review pending,2026-10-07,,,
P64,Wieland Metalloberflächentechnik GmbH,load_flexibility_potential,scheduling_flex_score,,8,UNKNOWN; no supported numeric anchor,UNKNOWN,S-P64-03,Firm-specific public evidence reviewed. Exact Schwetzingen own rack/drum/manual plating; PV/wind CUSTOMER applications and Wieland Group facts not own energy portfolio. Missing public evidence is not proof of non-deployment; UNKNOWN remains UNKNOWN.,"Admissible operating/start/interruption windows and actual buffers; product maturation, process cycles or programmable furnace recipes are not dispatch permission. Exact Schwetzingen own rack/drum/manual plating; PV/wind CUSTOMER applications and Wieland Group facts not own energy portfolio.",NEEDS_RESEARCH,Codex AI-assisted first-pass coding; independent human review pending,2026-10-07,,,
P64,Wieland Metalloberflächentechnik GmbH,load_flexibility_potential,thermal_storage_flex_score,,7,UNKNOWN; no supported numeric anchor,UNKNOWN,S-P64-03,Firm-specific public evidence reviewed. Exact Schwetzingen own rack/drum/manual plating; PV/wind CUSTOMER applications and Wieland Group facts not own energy portfolio. Missing public evidence is not proof of non-deployment; UNKNOWN remains UNKNOWN.,"Named own usable heat/cold store or validated thermal inertia with operating window; cooling, absorption chilling, production tanks and glass melt mass alone do not establish storage. Exact Schwetzingen own rack/drum/manual plating; PV/wind CUSTOMER applications and Wieland Group facts not own energy portfolio.",NEEDS_RESEARCH,Codex AI-assisted first-pass coding; independent human review pending,2026-10-07,,,
P64,Wieland Metalloberflächentechnik GmbH,grid_power_quality_relevance,incremental_load_score,,8,UNKNOWN; no supported numeric anchor,UNKNOWN,S-P64-03,Firm-specific public evidence reviewed. Exact Schwetzingen own rack/drum/manual plating; PV/wind CUSTOMER applications and Wieland Group facts not own energy portfolio. Missing public evidence is not proof of non-deployment; UNKNOWN remains UNKNOWN.,"Defined additional thermal electrification route and ordinal new-load materiality; existing electric assets, PV expansion and EV charging are not an additional heat-route load. Exact Schwetzingen own rack/drum/manual plating; PV/wind CUSTOMER applications and Wieland Group facts not own energy portfolio.",NEEDS_RESEARCH,Codex AI-assisted first-pass coding; independent human review pending,2026-10-07,,,
P64,Wieland Metalloberflächentechnik GmbH,grid_power_quality_relevance,power_quality_score,1,4,possible rectification effects,C,S-P64-02,Own plating supports possible converter-related effects only; no measured harm/reactive-power/peak data.,,AWAITING_HUMAN_REVIEW,Codex AI-assisted first-pass coding; independent human review pending,2026-10-07,,,
P64,Wieland Metalloberflächentechnik GmbH,grid_power_quality_relevance,onsite_integration_score,,3,UNKNOWN; no supported numeric anchor,UNKNOWN,S-P64-03,Firm-specific public evidence reviewed. Exact Schwetzingen own rack/drum/manual plating; PV/wind CUSTOMER applications and Wieland Group facts not own energy portfolio. Missing public evidence is not proof of non-deployment; UNKNOWN remains UNKNOWN.,Own PV/battery/microgrid/load-management use case and actual integration; supplier green power and customer applications are not own deployment. Exact Schwetzingen own rack/drum/manual plating; PV/wind CUSTOMER applications and Wieland Group facts not own energy portfolio.,NEEDS_RESEARCH,Codex AI-assisted first-pass coding; independent human review pending,2026-10-07,,,
P64,Wieland Metalloberflächentechnik GmbH,observed_transition_gap,measures_gap_score,,10,UNKNOWN; no supported numeric anchor,UNKNOWN,S-P64-03,Firm-specific public evidence reviewed. Exact Schwetzingen own rack/drum/manual plating; PV/wind CUSTOMER applications and Wieland Group facts not own energy portfolio. Missing public evidence is not proof of non-deployment; UNKNOWN remains UNKNOWN.,"Current concrete plant energy-transition measures or adequate confirmed inventory; general sustainability, certification, customer products and historical pilots do not establish current deployment or absence. Exact Schwetzingen own rack/drum/manual plating; PV/wind CUSTOMER applications and Wieland Group facts not own energy portfolio.",NEEDS_RESEARCH,Codex AI-assisted first-pass coding; independent human review pending,2026-10-07,,,
P64,Wieland Metalloberflächentechnik GmbH,observed_transition_gap,management_gap_score,,5,UNKNOWN; no supported numeric anchor,UNKNOWN,S-P64-03,Firm-specific public evidence reviewed. Exact Schwetzingen own rack/drum/manual plating; PV/wind CUSTOMER applications and Wieland Group facts not own energy portfolio. Missing public evidence is not proof of non-deployment; UNKNOWN remains UNKNOWN.,"Current verified site EnMS/environmental system or bounded claim; ISO9001, an inaccessible/staging certificate page and missing evidence are not certified mature EnMS. Exact Schwetzingen own rack/drum/manual plating; PV/wind CUSTOMER applications and Wieland Group facts not own energy portfolio.",NEEDS_RESEARCH,Codex AI-assisted first-pass coding; independent human review pending,2026-10-07,,,
P64,Wieland Metalloberflächentechnik GmbH,observed_transition_gap,targets_gap_score,5,5,no public own energy target after defined checks,B,S-P64-01 | S-P64-02 | S-P64-03,Exact Schwetzingen company/imprint/process/docs and exact-name energy/certification checks found no own energy/decarbonisation target. Customer-part longevity/PV/wind and unrelated Wieland Group targets excluded; internal absence unknown.,,AWAITING_HUMAN_REVIEW,Codex AI-assisted first-pass coding; independent human review pending,2026-10-07,,,
P64,Wieland Metalloberflächentechnik GmbH,observed_transition_gap,investment_gap_score,,5,UNKNOWN; no supported numeric anchor,UNKNOWN,S-P64-03,Firm-specific public evidence reviewed. Exact Schwetzingen own rack/drum/manual plating; PV/wind CUSTOMER applications and Wieland Group facts not own energy portfolio. Missing public evidence is not proof of non-deployment; UNKNOWN remains UNKNOWN.,"Dated completed energy-transition investment within2021-10-07 to2026-10-07; old projects, certificate renewal, crawl dates and undifferentiated capacity/wastewater expansion are insufficient. Exact Schwetzingen own rack/drum/manual plating; PV/wind CUSTOMER applications and Wieland Group facts not own energy portfolio.",NEEDS_RESEARCH,Codex AI-assisted first-pass coding; independent human review pending,2026-10-07,,,
P66,KPM Königliche Porzellan-Manufaktur Berlin GmbH,process_electrification_potential,temperature_fit_score,3,10,difficult high-temperature fit,B,S-P66-03,Actual owned biscuit980C/high firing1420C establishes difficult high-temperature electric-fit context.110C recovery water is not kiln temperature; no electric conversion technology or fuel assumed.,,AWAITING_HUMAN_REVIEW,Codex AI-assisted first-pass coding; independent human review pending,2026-10-07,,,
P66,KPM Königliche Porzellan-Manufaktur Berlin GmbH,process_electrification_potential,process_electrification_score,,10,UNKNOWN; no supported numeric anchor,UNKNOWN,S-P66-03,"Firm-specific public evidence reviewed. Own980/1420C firing;2017 heat export described by provider2023,110C recovered water not kiln temperature. Adjacent Siemens heat-pump project not KPM. Missing public evidence is not proof of non-deployment; UNKNOWN remains UNKNOWN.","Named own actual/planned electric thermal route; electrochemical coating, generic production or customer energy applications alone do not establish electric process heat. Own980/1420C firing;2017 heat export described by provider2023,110C recovered water not kiln temperature. Adjacent Siemens heat-pump project not KPM.",NEEDS_RESEARCH,Codex AI-assisted first-pass coding; independent human review pending,2026-10-07,,,
P66,KPM Königliche Porzellan-Manufaktur Berlin GmbH,process_electrification_potential,fossil_heat_displacement_score,,5,UNKNOWN; no supported numeric anchor,UNKNOWN,S-P66-03,"Firm-specific public evidence reviewed. Own980/1420C firing;2017 heat export described by provider2023,110C recovered water not kiln temperature. Adjacent Siemens heat-pump project not KPM. Missing public evidence is not proof of non-deployment; UNKNOWN remains UNKNOWN.","Actual current fossil thermal carrier, centrality and displacement materiality; unspecified CHP/ovens and historic gas baselines do not establish remaining fuel mix. Own980/1420C firing;2017 heat export described by provider2023,110C recovered water not kiln temperature. Adjacent Siemens heat-pump project not KPM.",NEEDS_RESEARCH,Codex AI-assisted first-pass coding; independent human review pending,2026-10-07,,,
P66,KPM Königliche Porzellan-Manufaktur Berlin GmbH,power_electronics_relevance,motor_drive_score,,8,UNKNOWN; no supported numeric anchor,UNKNOWN,S-P66-03,"Firm-specific public evidence reviewed. Own980/1420C firing;2017 heat export described by provider2023,110C recovered water not kiln temperature. Adjacent Siemens heat-pump project not KPM. Missing public evidence is not proof of non-deployment; UNKNOWN remains UNKNOWN.","Named current owned motor/pump/compressor/drive applications and their materiality; production sector and historical steam/ice machines alone are insufficient. Own980/1420C firing;2017 heat export described by provider2023,110C recovered water not kiln temperature. Adjacent Siemens heat-pump project not KPM.",NEEDS_RESEARCH,Codex AI-assisted first-pass coding; independent human review pending,2026-10-07,,,
P66,KPM Königliche Porzellan-Manufaktur Berlin GmbH,power_electronics_relevance,power_conversion_score,,8,UNKNOWN; no supported numeric anchor,UNKNOWN,S-P66-03,"Firm-specific public evidence reviewed. Own980/1420C firing;2017 heat export described by provider2023,110C recovered water not kiln temperature. Adjacent Siemens heat-pump project not KPM. Missing public evidence is not proof of non-deployment; UNKNOWN remains UNKNOWN.","Named current own material rectifier/converter/controlled-heat use case; customer product applications, AC charging sockets and unspecified machine carriers are insufficient. Own980/1420C firing;2017 heat export described by provider2023,110C recovered water not kiln temperature. Adjacent Siemens heat-pump project not KPM.",NEEDS_RESEARCH,Codex AI-assisted first-pass coding; independent human review pending,2026-10-07,,,
P66,KPM Königliche Porzellan-Manufaktur Berlin GmbH,power_electronics_relevance,automation_control_score,,4,UNKNOWN; no supported numeric anchor,UNKNOWN,S-P66-03,"Firm-specific public evidence reviewed. Own980/1420C firing;2017 heat export described by provider2023,110C recovered water not kiln temperature. Adjacent Siemens heat-pump project not KPM. Missing public evidence is not proof of non-deployment; UNKNOWN remains UNKNOWN.","Actual current owned sensing/control applications and coordination; generic modernity or staging-site claims need corroboration. Own980/1420C firing;2017 heat export described by provider2023,110C recovered water not kiln temperature. Adjacent Siemens heat-pump project not KPM.",NEEDS_RESEARCH,Codex AI-assisted first-pass coding; independent human review pending,2026-10-07,,,
P66,KPM Königliche Porzellan-Manufaktur Berlin GmbH,load_flexibility_potential,scheduling_flex_score,,8,UNKNOWN; no supported numeric anchor,UNKNOWN,S-P66-03,"Firm-specific public evidence reviewed. Own980/1420C firing;2017 heat export described by provider2023,110C recovered water not kiln temperature. Adjacent Siemens heat-pump project not KPM. Missing public evidence is not proof of non-deployment; UNKNOWN remains UNKNOWN.","Admissible operating/start/interruption windows and actual buffers; product maturation, process cycles or programmable furnace recipes are not dispatch permission. Own980/1420C firing;2017 heat export described by provider2023,110C recovered water not kiln temperature. Adjacent Siemens heat-pump project not KPM.",NEEDS_RESEARCH,Codex AI-assisted first-pass coding; independent human review pending,2026-10-07,,,
P66,KPM Königliche Porzellan-Manufaktur Berlin GmbH,load_flexibility_potential,thermal_storage_flex_score,,7,UNKNOWN; no supported numeric anchor,UNKNOWN,S-P66-03,"Firm-specific public evidence reviewed. Own980/1420C firing;2017 heat export described by provider2023,110C recovered water not kiln temperature. Adjacent Siemens heat-pump project not KPM. Missing public evidence is not proof of non-deployment; UNKNOWN remains UNKNOWN.","Named own usable heat/cold store or validated thermal inertia with operating window; cooling, absorption chilling, production tanks and glass melt mass alone do not establish storage. Own980/1420C firing;2017 heat export described by provider2023,110C recovered water not kiln temperature. Adjacent Siemens heat-pump project not KPM.",NEEDS_RESEARCH,Codex AI-assisted first-pass coding; independent human review pending,2026-10-07,,,
P66,KPM Königliche Porzellan-Manufaktur Berlin GmbH,grid_power_quality_relevance,incremental_load_score,,8,UNKNOWN; no supported numeric anchor,UNKNOWN,S-P66-03,"Firm-specific public evidence reviewed. Own980/1420C firing;2017 heat export described by provider2023,110C recovered water not kiln temperature. Adjacent Siemens heat-pump project not KPM. Missing public evidence is not proof of non-deployment; UNKNOWN remains UNKNOWN.","Defined additional thermal electrification route and ordinal new-load materiality; existing electric assets, PV expansion and EV charging are not an additional heat-route load. Own980/1420C firing;2017 heat export described by provider2023,110C recovered water not kiln temperature. Adjacent Siemens heat-pump project not KPM.",NEEDS_RESEARCH,Codex AI-assisted first-pass coding; independent human review pending,2026-10-07,,,
P66,KPM Königliche Porzellan-Manufaktur Berlin GmbH,grid_power_quality_relevance,power_quality_score,,4,UNKNOWN; no supported numeric anchor,UNKNOWN,S-P66-03,"Firm-specific public evidence reviewed. Own980/1420C firing;2017 heat export described by provider2023,110C recovered water not kiln temperature. Adjacent Siemens heat-pump project not KPM. Missing public evidence is not proof of non-deployment; UNKNOWN remains UNKNOWN.","Current firm-specific converter/peak/reactive-power signals; grid connection or a transformer alone is not a measured power-quality issue. Own980/1420C firing;2017 heat export described by provider2023,110C recovered water not kiln temperature. Adjacent Siemens heat-pump project not KPM.",NEEDS_RESEARCH,Codex AI-assisted first-pass coding; independent human review pending,2026-10-07,,,
P66,KPM Königliche Porzellan-Manufaktur Berlin GmbH,grid_power_quality_relevance,onsite_integration_score,,3,UNKNOWN; no supported numeric anchor,UNKNOWN,S-P66-03,"Firm-specific public evidence reviewed. Own980/1420C firing;2017 heat export described by provider2023,110C recovered water not kiln temperature. Adjacent Siemens heat-pump project not KPM. Missing public evidence is not proof of non-deployment; UNKNOWN remains UNKNOWN.","Own PV/battery/microgrid/load-management use case and actual integration; supplier green power and customer applications are not own deployment. Own980/1420C firing;2017 heat export described by provider2023,110C recovered water not kiln temperature. Adjacent Siemens heat-pump project not KPM.",NEEDS_RESEARCH,Codex AI-assisted first-pass coding; independent human review pending,2026-10-07,,,
P66,KPM Königliche Porzellan-Manufaktur Berlin GmbH,observed_transition_gap,measures_gap_score,3,10,some evidenced heat-recovery measures,C,S-P66-04 | S-P66-05,"Provider2023 describes actual kiln waste-heat export, VDI case anchors2017. Bounded public historical/project evidence, current2026 portfolio not exhaustive; Siemens heat-pump pilot elsewhere excluded.",,AWAITING_HUMAN_REVIEW,Codex AI-assisted first-pass coding; independent human review pending,2026-10-07,,,
P66,KPM Königliche Porzellan-Manufaktur Berlin GmbH,observed_transition_gap,management_gap_score,,5,UNKNOWN; no supported numeric anchor,UNKNOWN,S-P66-03,"Firm-specific public evidence reviewed. Own980/1420C firing;2017 heat export described by provider2023,110C recovered water not kiln temperature. Adjacent Siemens heat-pump project not KPM. Missing public evidence is not proof of non-deployment; UNKNOWN remains UNKNOWN.","Current verified site EnMS/environmental system or bounded claim; ISO9001, an inaccessible/staging certificate page and missing evidence are not certified mature EnMS. Own980/1420C firing;2017 heat export described by provider2023,110C recovered water not kiln temperature. Adjacent Siemens heat-pump project not KPM.",NEEDS_RESEARCH,Codex AI-assisted first-pass coding; independent human review pending,2026-10-07,,,
P66,KPM Königliche Porzellan-Manufaktur Berlin GmbH,observed_transition_gap,targets_gap_score,5,5,no public company energy target after defined checks,B,S-P66-01 | S-P66-03 | S-P66-04 | S-P66-05,Own manufacturing/company/document and exact-name public certificate/energy-target checks found no attributed dated KPM energy target. Network-provider fossil-free goals and adjacent-site pilots excluded; internal target absence unknown.,,AWAITING_HUMAN_REVIEW,Codex AI-assisted first-pass coding; independent human review pending,2026-10-07,,,
P66,KPM Königliche Porzellan-Manufaktur Berlin GmbH,observed_transition_gap,investment_gap_score,,5,UNKNOWN; no supported numeric anchor,UNKNOWN,S-P66-03,"Firm-specific public evidence reviewed. Own980/1420C firing;2017 heat export described by provider2023,110C recovered water not kiln temperature. Adjacent Siemens heat-pump project not KPM. Missing public evidence is not proof of non-deployment; UNKNOWN remains UNKNOWN.","Dated completed energy-transition investment within2021-10-07 to2026-10-07; old projects, certificate renewal, crawl dates and undifferentiated capacity/wastewater expansion are insufficient. Own980/1420C firing;2017 heat export described by provider2023,110C recovered water not kiln temperature. Adjacent Siemens heat-pump project not KPM.",NEEDS_RESEARCH,Codex AI-assisted first-pass coding; independent human review pending,2026-10-07,,,
P68,TechnoKer GmbH,process_electrification_potential,temperature_fit_score,,10,UNKNOWN; no supported numeric anchor,UNKNOWN,S-P68-03,Firm-specific public evidence reviewed. Own2022 PV205kWp; regional-biogas claim distinct from2023 BIO-LPG delivery4436litres. Customer electric heaters not own electric kilns;2023 planned digitalisation unconfirmed;2021 kiln month unknown at window boundary. Missing public evidence is not proof of non-deployment; UNKNOWN remains UNKNOWN.,"Actual process-heating temperatures and supported electric-heat fit, rather than part dimensions, cold maturation, material/customer ratings or historical boiler baselines. Own2022 PV205kWp; regional-biogas claim distinct from2023 BIO-LPG delivery4436litres. Customer electric heaters not own electric kilns;2023 planned digitalisation unconfirmed;2021 kiln month unknown at window boundary.",NEEDS_RESEARCH,Codex AI-assisted first-pass coding; independent human review pending,2026-10-07,,,
P68,TechnoKer GmbH,process_electrification_potential,process_electrification_score,,10,UNKNOWN; no supported numeric anchor,UNKNOWN,S-P68-03,Firm-specific public evidence reviewed. Own2022 PV205kWp; regional-biogas claim distinct from2023 BIO-LPG delivery4436litres. Customer electric heaters not own electric kilns;2023 planned digitalisation unconfirmed;2021 kiln month unknown at window boundary. Missing public evidence is not proof of non-deployment; UNKNOWN remains UNKNOWN.,"Named own actual/planned electric thermal route; electrochemical coating, generic production or customer energy applications alone do not establish electric process heat. Own2022 PV205kWp; regional-biogas claim distinct from2023 BIO-LPG delivery4436litres. Customer electric heaters not own electric kilns;2023 planned digitalisation unconfirmed;2021 kiln month unknown at window boundary.",NEEDS_RESEARCH,Codex AI-assisted first-pass coding; independent human review pending,2026-10-07,,,
P68,TechnoKer GmbH,process_electrification_potential,fossil_heat_displacement_score,,5,UNKNOWN; no supported numeric anchor,UNKNOWN,S-P68-03,Firm-specific public evidence reviewed. Own2022 PV205kWp; regional-biogas claim distinct from2023 BIO-LPG delivery4436litres. Customer electric heaters not own electric kilns;2023 planned digitalisation unconfirmed;2021 kiln month unknown at window boundary. Missing public evidence is not proof of non-deployment; UNKNOWN remains UNKNOWN.,"Actual current fossil thermal carrier, centrality and displacement materiality; unspecified CHP/ovens and historic gas baselines do not establish remaining fuel mix. Own2022 PV205kWp; regional-biogas claim distinct from2023 BIO-LPG delivery4436litres. Customer electric heaters not own electric kilns;2023 planned digitalisation unconfirmed;2021 kiln month unknown at window boundary.",NEEDS_RESEARCH,Codex AI-assisted first-pass coding; independent human review pending,2026-10-07,,,
P68,TechnoKer GmbH,power_electronics_relevance,motor_drive_score,,8,UNKNOWN; no supported numeric anchor,UNKNOWN,S-P68-03,Firm-specific public evidence reviewed. Own2022 PV205kWp; regional-biogas claim distinct from2023 BIO-LPG delivery4436litres. Customer electric heaters not own electric kilns;2023 planned digitalisation unconfirmed;2021 kiln month unknown at window boundary. Missing public evidence is not proof of non-deployment; UNKNOWN remains UNKNOWN.,Named current owned motor/pump/compressor/drive applications and their materiality; production sector and historical steam/ice machines alone are insufficient. Own2022 PV205kWp; regional-biogas claim distinct from2023 BIO-LPG delivery4436litres. Customer electric heaters not own electric kilns;2023 planned digitalisation unconfirmed;2021 kiln month unknown at window boundary.,NEEDS_RESEARCH,Codex AI-assisted first-pass coding; independent human review pending,2026-10-07,,,
P68,TechnoKer GmbH,power_electronics_relevance,power_conversion_score,5,8,one actual own PV conversion case,C,S-P68-02 | S-P68-03,"Own2022 PV205kWp supports one material solar-conversion case;205kWp is nameplate, not process demand/electrical kiln or inverter rating.",,AWAITING_HUMAN_REVIEW,Codex AI-assisted first-pass coding; independent human review pending,2026-10-07,,,
P68,TechnoKer GmbH,power_electronics_relevance,automation_control_score,,4,UNKNOWN; no supported numeric anchor,UNKNOWN,S-P68-03,Firm-specific public evidence reviewed. Own2022 PV205kWp; regional-biogas claim distinct from2023 BIO-LPG delivery4436litres. Customer electric heaters not own electric kilns;2023 planned digitalisation unconfirmed;2021 kiln month unknown at window boundary. Missing public evidence is not proof of non-deployment; UNKNOWN remains UNKNOWN.,Actual current owned sensing/control applications and coordination; generic modernity or staging-site claims need corroboration. Own2022 PV205kWp; regional-biogas claim distinct from2023 BIO-LPG delivery4436litres. Customer electric heaters not own electric kilns;2023 planned digitalisation unconfirmed;2021 kiln month unknown at window boundary.,NEEDS_RESEARCH,Codex AI-assisted first-pass coding; independent human review pending,2026-10-07,,,
P68,TechnoKer GmbH,load_flexibility_potential,scheduling_flex_score,,8,UNKNOWN; no supported numeric anchor,UNKNOWN,S-P68-03,Firm-specific public evidence reviewed. Own2022 PV205kWp; regional-biogas claim distinct from2023 BIO-LPG delivery4436litres. Customer electric heaters not own electric kilns;2023 planned digitalisation unconfirmed;2021 kiln month unknown at window boundary. Missing public evidence is not proof of non-deployment; UNKNOWN remains UNKNOWN.,"Admissible operating/start/interruption windows and actual buffers; product maturation, process cycles or programmable furnace recipes are not dispatch permission. Own2022 PV205kWp; regional-biogas claim distinct from2023 BIO-LPG delivery4436litres. Customer electric heaters not own electric kilns;2023 planned digitalisation unconfirmed;2021 kiln month unknown at window boundary.",NEEDS_RESEARCH,Codex AI-assisted first-pass coding; independent human review pending,2026-10-07,,,
P68,TechnoKer GmbH,load_flexibility_potential,thermal_storage_flex_score,,7,UNKNOWN; no supported numeric anchor,UNKNOWN,S-P68-03,Firm-specific public evidence reviewed. Own2022 PV205kWp; regional-biogas claim distinct from2023 BIO-LPG delivery4436litres. Customer electric heaters not own electric kilns;2023 planned digitalisation unconfirmed;2021 kiln month unknown at window boundary. Missing public evidence is not proof of non-deployment; UNKNOWN remains UNKNOWN.,"Named own usable heat/cold store or validated thermal inertia with operating window; cooling, absorption chilling, production tanks and glass melt mass alone do not establish storage. Own2022 PV205kWp; regional-biogas claim distinct from2023 BIO-LPG delivery4436litres. Customer electric heaters not own electric kilns;2023 planned digitalisation unconfirmed;2021 kiln month unknown at window boundary.",NEEDS_RESEARCH,Codex AI-assisted first-pass coding; independent human review pending,2026-10-07,,,
P68,TechnoKer GmbH,grid_power_quality_relevance,incremental_load_score,,8,UNKNOWN; no supported numeric anchor,UNKNOWN,S-P68-03,Firm-specific public evidence reviewed. Own2022 PV205kWp; regional-biogas claim distinct from2023 BIO-LPG delivery4436litres. Customer electric heaters not own electric kilns;2023 planned digitalisation unconfirmed;2021 kiln month unknown at window boundary. Missing public evidence is not proof of non-deployment; UNKNOWN remains UNKNOWN.,"Defined additional thermal electrification route and ordinal new-load materiality; existing electric assets, PV expansion and EV charging are not an additional heat-route load. Own2022 PV205kWp; regional-biogas claim distinct from2023 BIO-LPG delivery4436litres. Customer electric heaters not own electric kilns;2023 planned digitalisation unconfirmed;2021 kiln month unknown at window boundary.",NEEDS_RESEARCH,Codex AI-assisted first-pass coding; independent human review pending,2026-10-07,,,
P68,TechnoKer GmbH,grid_power_quality_relevance,power_quality_score,1,4,possible PV conversion effects,C,S-P68-02 | S-P68-03,Actual owned PV supports possible conversion-related effects; no measured network issue or converter topology established.,,AWAITING_HUMAN_REVIEW,Codex AI-assisted first-pass coding; independent human review pending,2026-10-07,,,
P68,TechnoKer GmbH,grid_power_quality_relevance,onsite_integration_score,2,3,one own solar use case,B,S-P68-02 | S-P68-03,Own PV supplies site energy; one actual onsite integration case. Customer electric-heater products are not own electric heat or load-management topology.,,AWAITING_HUMAN_REVIEW,Codex AI-assisted first-pass coding; independent human review pending,2026-10-07,,,
P68,TechnoKer GmbH,observed_transition_gap,measures_gap_score,3,10,some concrete own energy measures,B,S-P68-02 | S-P68-03 | S-P68-05,"Current own PV and biogas supply for thermal afterburner support some measures. Bio-LPG delivery4436litres in2023 is distinct from regional biogas, not fossil-free whole plant;2018 recovery history retained without silently proving2026 portfolio.",,AWAITING_HUMAN_REVIEW,Codex AI-assisted first-pass coding; independent human review pending,2026-10-07,,,
P68,TechnoKer GmbH,observed_transition_gap,management_gap_score,,5,UNKNOWN; no supported numeric anchor,UNKNOWN,S-P68-03,Firm-specific public evidence reviewed. Own2022 PV205kWp; regional-biogas claim distinct from2023 BIO-LPG delivery4436litres. Customer electric heaters not own electric kilns;2023 planned digitalisation unconfirmed;2021 kiln month unknown at window boundary. Missing public evidence is not proof of non-deployment; UNKNOWN remains UNKNOWN.,"Current verified site EnMS/environmental system or bounded claim; ISO9001, an inaccessible/staging certificate page and missing evidence are not certified mature EnMS. Own2022 PV205kWp; regional-biogas claim distinct from2023 BIO-LPG delivery4436litres. Customer electric heaters not own electric kilns;2023 planned digitalisation unconfirmed;2021 kiln month unknown at window boundary.",NEEDS_RESEARCH,Codex AI-assisted first-pass coding; independent human review pending,2026-10-07,,,
P68,TechnoKer GmbH,observed_transition_gap,targets_gap_score,3,5,vague fossil-independence ambition,B,S-P68-02 | S-P68-03 | S-P68-04,Own fossil-independence/energy-efficiency ambition lacks dated roadmap in current/company/docs/certification/exact-name checks. Planned digitalisation by end2023 is not confirmed complete or a current energy target.,,AWAITING_HUMAN_REVIEW,Codex AI-assisted first-pass coding; independent human review pending,2026-10-07,,,
P68,TechnoKer GmbH,observed_transition_gap,investment_gap_score,2,5,one safely dated recent energy investment,B,S-P68-03 | S-P68-05,"2022 PV205kWp inside actualwindow.2021 kiln month unavailable, could precede2021-10-07; exclude rather than invent date.2022 gas-supply switch/2023 fuel delivery do not establish separate physical CAPEX;2018 recovery outsidewindow.",,AWAITING_HUMAN_REVIEW,Codex AI-assisted first-pass coding; independent human review pending,2026-10-07,,,
P70,ceram GmbH,process_electrification_potential,temperature_fit_score,,10,UNKNOWN; no supported numeric anchor,UNKNOWN,S-P70-03,"Firm-specific public evidence reviewed. Own milling/air classification/XRF/sinter/melt; current ISO14001CLAIM_ONLY, oldPDF404, no current direct body. Customer material ratings not own heat carrier/temperature. Missing public evidence is not proof of non-deployment; UNKNOWN remains UNKNOWN.","Actual process-heating temperatures and supported electric-heat fit, rather than part dimensions, cold maturation, material/customer ratings or historical boiler baselines. Own milling/air classification/XRF/sinter/melt; current ISO14001CLAIM_ONLY, oldPDF404, no current direct body. Customer material ratings not own heat carrier/temperature.",NEEDS_RESEARCH,Codex AI-assisted first-pass coding; independent human review pending,2026-10-07,,,
P70,ceram GmbH,process_electrification_potential,process_electrification_score,,10,UNKNOWN; no supported numeric anchor,UNKNOWN,S-P70-03,"Firm-specific public evidence reviewed. Own milling/air classification/XRF/sinter/melt; current ISO14001CLAIM_ONLY, oldPDF404, no current direct body. Customer material ratings not own heat carrier/temperature. Missing public evidence is not proof of non-deployment; UNKNOWN remains UNKNOWN.","Named own actual/planned electric thermal route; electrochemical coating, generic production or customer energy applications alone do not establish electric process heat. Own milling/air classification/XRF/sinter/melt; current ISO14001CLAIM_ONLY, oldPDF404, no current direct body. Customer material ratings not own heat carrier/temperature.",NEEDS_RESEARCH,Codex AI-assisted first-pass coding; independent human review pending,2026-10-07,,,
P70,ceram GmbH,process_electrification_potential,fossil_heat_displacement_score,,5,UNKNOWN; no supported numeric anchor,UNKNOWN,S-P70-03,"Firm-specific public evidence reviewed. Own milling/air classification/XRF/sinter/melt; current ISO14001CLAIM_ONLY, oldPDF404, no current direct body. Customer material ratings not own heat carrier/temperature. Missing public evidence is not proof of non-deployment; UNKNOWN remains UNKNOWN.","Actual current fossil thermal carrier, centrality and displacement materiality; unspecified CHP/ovens and historic gas baselines do not establish remaining fuel mix. Own milling/air classification/XRF/sinter/melt; current ISO14001CLAIM_ONLY, oldPDF404, no current direct body. Customer material ratings not own heat carrier/temperature.",NEEDS_RESEARCH,Codex AI-assisted first-pass coding; independent human review pending,2026-10-07,,,
P70,ceram GmbH,power_electronics_relevance,motor_drive_score,5,8,material named milling/classification drives,B,S-P70-02,"Actual owned contract milling, grinding and air-classification support material mechanical drive use; no ratings, kiln fuel or electric heat inferred.",,AWAITING_HUMAN_REVIEW,Codex AI-assisted first-pass coding; independent human review pending,2026-10-07,,,
P70,ceram GmbH,power_electronics_relevance,power_conversion_score,,8,UNKNOWN; no supported numeric anchor,UNKNOWN,S-P70-03,"Firm-specific public evidence reviewed. Own milling/air classification/XRF/sinter/melt; current ISO14001CLAIM_ONLY, oldPDF404, no current direct body. Customer material ratings not own heat carrier/temperature. Missing public evidence is not proof of non-deployment; UNKNOWN remains UNKNOWN.","Named current own material rectifier/converter/controlled-heat use case; customer product applications, AC charging sockets and unspecified machine carriers are insufficient. Own milling/air classification/XRF/sinter/melt; current ISO14001CLAIM_ONLY, oldPDF404, no current direct body. Customer material ratings not own heat carrier/temperature.",NEEDS_RESEARCH,Codex AI-assisted first-pass coding; independent human review pending,2026-10-07,,,
P70,ceram GmbH,power_electronics_relevance,automation_control_score,1,4,limited own analytical sensing,B,S-P70-02,Actual own XRF and laser-diffraction measurement establish limited analytical sensing; no integrated energy dispatch.,,AWAITING_HUMAN_REVIEW,Codex AI-assisted first-pass coding; independent human review pending,2026-10-07,,,
P70,ceram GmbH,load_flexibility_potential,scheduling_flex_score,,8,UNKNOWN; no supported numeric anchor,UNKNOWN,S-P70-03,"Firm-specific public evidence reviewed. Own milling/air classification/XRF/sinter/melt; current ISO14001CLAIM_ONLY, oldPDF404, no current direct body. Customer material ratings not own heat carrier/temperature. Missing public evidence is not proof of non-deployment; UNKNOWN remains UNKNOWN.","Admissible operating/start/interruption windows and actual buffers; product maturation, process cycles or programmable furnace recipes are not dispatch permission. Own milling/air classification/XRF/sinter/melt; current ISO14001CLAIM_ONLY, oldPDF404, no current direct body. Customer material ratings not own heat carrier/temperature.",NEEDS_RESEARCH,Codex AI-assisted first-pass coding; independent human review pending,2026-10-07,,,
P70,ceram GmbH,load_flexibility_potential,thermal_storage_flex_score,,7,UNKNOWN; no supported numeric anchor,UNKNOWN,S-P70-03,"Firm-specific public evidence reviewed. Own milling/air classification/XRF/sinter/melt; current ISO14001CLAIM_ONLY, oldPDF404, no current direct body. Customer material ratings not own heat carrier/temperature. Missing public evidence is not proof of non-deployment; UNKNOWN remains UNKNOWN.","Named own usable heat/cold store or validated thermal inertia with operating window; cooling, absorption chilling, production tanks and glass melt mass alone do not establish storage. Own milling/air classification/XRF/sinter/melt; current ISO14001CLAIM_ONLY, oldPDF404, no current direct body. Customer material ratings not own heat carrier/temperature.",NEEDS_RESEARCH,Codex AI-assisted first-pass coding; independent human review pending,2026-10-07,,,
P70,ceram GmbH,grid_power_quality_relevance,incremental_load_score,,8,UNKNOWN; no supported numeric anchor,UNKNOWN,S-P70-03,"Firm-specific public evidence reviewed. Own milling/air classification/XRF/sinter/melt; current ISO14001CLAIM_ONLY, oldPDF404, no current direct body. Customer material ratings not own heat carrier/temperature. Missing public evidence is not proof of non-deployment; UNKNOWN remains UNKNOWN.","Defined additional thermal electrification route and ordinal new-load materiality; existing electric assets, PV expansion and EV charging are not an additional heat-route load. Own milling/air classification/XRF/sinter/melt; current ISO14001CLAIM_ONLY, oldPDF404, no current direct body. Customer material ratings not own heat carrier/temperature.",NEEDS_RESEARCH,Codex AI-assisted first-pass coding; independent human review pending,2026-10-07,,,
P70,ceram GmbH,grid_power_quality_relevance,power_quality_score,,4,UNKNOWN; no supported numeric anchor,UNKNOWN,S-P70-03,"Firm-specific public evidence reviewed. Own milling/air classification/XRF/sinter/melt; current ISO14001CLAIM_ONLY, oldPDF404, no current direct body. Customer material ratings not own heat carrier/temperature. Missing public evidence is not proof of non-deployment; UNKNOWN remains UNKNOWN.","Current firm-specific converter/peak/reactive-power signals; grid connection or a transformer alone is not a measured power-quality issue. Own milling/air classification/XRF/sinter/melt; current ISO14001CLAIM_ONLY, oldPDF404, no current direct body. Customer material ratings not own heat carrier/temperature.",NEEDS_RESEARCH,Codex AI-assisted first-pass coding; independent human review pending,2026-10-07,,,
P70,ceram GmbH,grid_power_quality_relevance,onsite_integration_score,,3,UNKNOWN; no supported numeric anchor,UNKNOWN,S-P70-03,"Firm-specific public evidence reviewed. Own milling/air classification/XRF/sinter/melt; current ISO14001CLAIM_ONLY, oldPDF404, no current direct body. Customer material ratings not own heat carrier/temperature. Missing public evidence is not proof of non-deployment; UNKNOWN remains UNKNOWN.","Own PV/battery/microgrid/load-management use case and actual integration; supplier green power and customer applications are not own deployment. Own milling/air classification/XRF/sinter/melt; current ISO14001CLAIM_ONLY, oldPDF404, no current direct body. Customer material ratings not own heat carrier/temperature.",NEEDS_RESEARCH,Codex AI-assisted first-pass coding; independent human review pending,2026-10-07,,,
P70,ceram GmbH,observed_transition_gap,measures_gap_score,,10,UNKNOWN; no supported numeric anchor,UNKNOWN,S-P70-03,"Firm-specific public evidence reviewed. Own milling/air classification/XRF/sinter/melt; current ISO14001CLAIM_ONLY, oldPDF404, no current direct body. Customer material ratings not own heat carrier/temperature. Missing public evidence is not proof of non-deployment; UNKNOWN remains UNKNOWN.","Current concrete plant energy-transition measures or adequate confirmed inventory; general sustainability, certification, customer products and historical pilots do not establish current deployment or absence. Own milling/air classification/XRF/sinter/melt; current ISO14001CLAIM_ONLY, oldPDF404, no current direct body. Customer material ratings not own heat carrier/temperature.",NEEDS_RESEARCH,Codex AI-assisted first-pass coding; independent human review pending,2026-10-07,,,
P70,ceram GmbH,observed_transition_gap,management_gap_score,3,5,unverified environmental-system claim,C,S-P70-03 | S-P70-04,"Own ISO14001 claim only; direct historicalPDF404. No current body/holder/validity verified, cached2026 filename/date not expiry proof; neither VALID nor VERIFIED_EXPIRED. No certification discontinuation inferred.",,AWAITING_HUMAN_REVIEW,Codex AI-assisted first-pass coding; independent human review pending,2026-10-07,,,
P70,ceram GmbH,observed_transition_gap,targets_gap_score,5,5,no public own energy target after defined checks,B,S-P70-02 | S-P70-03,Own exact company/process/docs and exact-name primary certification/energy searches found no attributed energy target; material/customer properties and ISO quality claim not targets. Internal absence not inferred.,,AWAITING_HUMAN_REVIEW,Codex AI-assisted first-pass coding; independent human review pending,2026-10-07,,,
P70,ceram GmbH,observed_transition_gap,investment_gap_score,,5,UNKNOWN; no supported numeric anchor,UNKNOWN,S-P70-03,"Firm-specific public evidence reviewed. Own milling/air classification/XRF/sinter/melt; current ISO14001CLAIM_ONLY, oldPDF404, no current direct body. Customer material ratings not own heat carrier/temperature. Missing public evidence is not proof of non-deployment; UNKNOWN remains UNKNOWN.","Dated completed energy-transition investment within2021-10-07 to2026-10-07; old projects, certificate renewal, crawl dates and undifferentiated capacity/wastewater expansion are insufficient. Own milling/air classification/XRF/sinter/melt; current ISO14001CLAIM_ONLY, oldPDF404, no current direct body. Customer material ratings not own heat carrier/temperature.",NEEDS_RESEARCH,Codex AI-assisted first-pass coding; independent human review pending,2026-10-07,,,
P75,Privatbrauerei J.B. Falter Regen KG,process_electrification_potential,temperature_fit_score,,10,UNKNOWN; no supported numeric anchor,UNKNOWN,S-P75-03,"Firm-specific public evidence reviewed. Own beer pumping, unquantified mash heating and vague resource ambition;4-6weeks maturation not flexible store;2018/2024 cellar capacity not proved energy CAPEX. Missing public evidence is not proof of non-deployment; UNKNOWN remains UNKNOWN.","Actual process-heating temperatures and supported electric-heat fit, rather than part dimensions, cold maturation, material/customer ratings or historical boiler baselines. Own beer pumping, unquantified mash heating and vague resource ambition;4-6weeks maturation not flexible store;2018/2024 cellar capacity not proved energy CAPEX.",NEEDS_RESEARCH,Codex AI-assisted first-pass coding; independent human review pending,2026-10-07,,,
P75,Privatbrauerei J.B. Falter Regen KG,process_electrification_potential,process_electrification_score,,10,UNKNOWN; no supported numeric anchor,UNKNOWN,S-P75-03,"Firm-specific public evidence reviewed. Own beer pumping, unquantified mash heating and vague resource ambition;4-6weeks maturation not flexible store;2018/2024 cellar capacity not proved energy CAPEX. Missing public evidence is not proof of non-deployment; UNKNOWN remains UNKNOWN.","Named own actual/planned electric thermal route; electrochemical coating, generic production or customer energy applications alone do not establish electric process heat. Own beer pumping, unquantified mash heating and vague resource ambition;4-6weeks maturation not flexible store;2018/2024 cellar capacity not proved energy CAPEX.",NEEDS_RESEARCH,Codex AI-assisted first-pass coding; independent human review pending,2026-10-07,,,
P75,Privatbrauerei J.B. Falter Regen KG,process_electrification_potential,fossil_heat_displacement_score,,5,UNKNOWN; no supported numeric anchor,UNKNOWN,S-P75-03,"Firm-specific public evidence reviewed. Own beer pumping, unquantified mash heating and vague resource ambition;4-6weeks maturation not flexible store;2018/2024 cellar capacity not proved energy CAPEX. Missing public evidence is not proof of non-deployment; UNKNOWN remains UNKNOWN.","Actual current fossil thermal carrier, centrality and displacement materiality; unspecified CHP/ovens and historic gas baselines do not establish remaining fuel mix. Own beer pumping, unquantified mash heating and vague resource ambition;4-6weeks maturation not flexible store;2018/2024 cellar capacity not proved energy CAPEX.",NEEDS_RESEARCH,Codex AI-assisted first-pass coding; independent human review pending,2026-10-07,,,
P75,Privatbrauerei J.B. Falter Regen KG,power_electronics_relevance,motor_drive_score,2,8,limited actual brewery pumping,C,S-P75-03,"Own beer explicitly pumped into lager tanks; limited actual drive application by engineering inference, no machine rating/intensity from brewery sector.",,AWAITING_HUMAN_REVIEW,Codex AI-assisted first-pass coding; independent human review pending,2026-10-07,,,
P75,Privatbrauerei J.B. Falter Regen KG,power_electronics_relevance,power_conversion_score,,8,UNKNOWN; no supported numeric anchor,UNKNOWN,S-P75-03,"Firm-specific public evidence reviewed. Own beer pumping, unquantified mash heating and vague resource ambition;4-6weeks maturation not flexible store;2018/2024 cellar capacity not proved energy CAPEX. Missing public evidence is not proof of non-deployment; UNKNOWN remains UNKNOWN.","Named current own material rectifier/converter/controlled-heat use case; customer product applications, AC charging sockets and unspecified machine carriers are insufficient. Own beer pumping, unquantified mash heating and vague resource ambition;4-6weeks maturation not flexible store;2018/2024 cellar capacity not proved energy CAPEX.",NEEDS_RESEARCH,Codex AI-assisted first-pass coding; independent human review pending,2026-10-07,,,
P75,Privatbrauerei J.B. Falter Regen KG,power_electronics_relevance,automation_control_score,,4,UNKNOWN; no supported numeric anchor,UNKNOWN,S-P75-03,"Firm-specific public evidence reviewed. Own beer pumping, unquantified mash heating and vague resource ambition;4-6weeks maturation not flexible store;2018/2024 cellar capacity not proved energy CAPEX. Missing public evidence is not proof of non-deployment; UNKNOWN remains UNKNOWN.","Actual current owned sensing/control applications and coordination; generic modernity or staging-site claims need corroboration. Own beer pumping, unquantified mash heating and vague resource ambition;4-6weeks maturation not flexible store;2018/2024 cellar capacity not proved energy CAPEX.",NEEDS_RESEARCH,Codex AI-assisted first-pass coding; independent human review pending,2026-10-07,,,
P75,Privatbrauerei J.B. Falter Regen KG,load_flexibility_potential,scheduling_flex_score,,8,UNKNOWN; no supported numeric anchor,UNKNOWN,S-P75-03,"Firm-specific public evidence reviewed. Own beer pumping, unquantified mash heating and vague resource ambition;4-6weeks maturation not flexible store;2018/2024 cellar capacity not proved energy CAPEX. Missing public evidence is not proof of non-deployment; UNKNOWN remains UNKNOWN.","Admissible operating/start/interruption windows and actual buffers; product maturation, process cycles or programmable furnace recipes are not dispatch permission. Own beer pumping, unquantified mash heating and vague resource ambition;4-6weeks maturation not flexible store;2018/2024 cellar capacity not proved energy CAPEX.",NEEDS_RESEARCH,Codex AI-assisted first-pass coding; independent human review pending,2026-10-07,,,
P75,Privatbrauerei J.B. Falter Regen KG,load_flexibility_potential,thermal_storage_flex_score,,7,UNKNOWN; no supported numeric anchor,UNKNOWN,S-P75-03,"Firm-specific public evidence reviewed. Own beer pumping, unquantified mash heating and vague resource ambition;4-6weeks maturation not flexible store;2018/2024 cellar capacity not proved energy CAPEX. Missing public evidence is not proof of non-deployment; UNKNOWN remains UNKNOWN.","Named own usable heat/cold store or validated thermal inertia with operating window; cooling, absorption chilling, production tanks and glass melt mass alone do not establish storage. Own beer pumping, unquantified mash heating and vague resource ambition;4-6weeks maturation not flexible store;2018/2024 cellar capacity not proved energy CAPEX.",NEEDS_RESEARCH,Codex AI-assisted first-pass coding; independent human review pending,2026-10-07,,,
P75,Privatbrauerei J.B. Falter Regen KG,grid_power_quality_relevance,incremental_load_score,,8,UNKNOWN; no supported numeric anchor,UNKNOWN,S-P75-03,"Firm-specific public evidence reviewed. Own beer pumping, unquantified mash heating and vague resource ambition;4-6weeks maturation not flexible store;2018/2024 cellar capacity not proved energy CAPEX. Missing public evidence is not proof of non-deployment; UNKNOWN remains UNKNOWN.","Defined additional thermal electrification route and ordinal new-load materiality; existing electric assets, PV expansion and EV charging are not an additional heat-route load. Own beer pumping, unquantified mash heating and vague resource ambition;4-6weeks maturation not flexible store;2018/2024 cellar capacity not proved energy CAPEX.",NEEDS_RESEARCH,Codex AI-assisted first-pass coding; independent human review pending,2026-10-07,,,
P75,Privatbrauerei J.B. Falter Regen KG,grid_power_quality_relevance,power_quality_score,,4,UNKNOWN; no supported numeric anchor,UNKNOWN,S-P75-03,"Firm-specific public evidence reviewed. Own beer pumping, unquantified mash heating and vague resource ambition;4-6weeks maturation not flexible store;2018/2024 cellar capacity not proved energy CAPEX. Missing public evidence is not proof of non-deployment; UNKNOWN remains UNKNOWN.","Current firm-specific converter/peak/reactive-power signals; grid connection or a transformer alone is not a measured power-quality issue. Own beer pumping, unquantified mash heating and vague resource ambition;4-6weeks maturation not flexible store;2018/2024 cellar capacity not proved energy CAPEX.",NEEDS_RESEARCH,Codex AI-assisted first-pass coding; independent human review pending,2026-10-07,,,
P75,Privatbrauerei J.B. Falter Regen KG,grid_power_quality_relevance,onsite_integration_score,,3,UNKNOWN; no supported numeric anchor,UNKNOWN,S-P75-03,"Firm-specific public evidence reviewed. Own beer pumping, unquantified mash heating and vague resource ambition;4-6weeks maturation not flexible store;2018/2024 cellar capacity not proved energy CAPEX. Missing public evidence is not proof of non-deployment; UNKNOWN remains UNKNOWN.","Own PV/battery/microgrid/load-management use case and actual integration; supplier green power and customer applications are not own deployment. Own beer pumping, unquantified mash heating and vague resource ambition;4-6weeks maturation not flexible store;2018/2024 cellar capacity not proved energy CAPEX.",NEEDS_RESEARCH,Codex AI-assisted first-pass coding; independent human review pending,2026-10-07,,,
P75,Privatbrauerei J.B. Falter Regen KG,observed_transition_gap,measures_gap_score,,10,UNKNOWN; no supported numeric anchor,UNKNOWN,S-P75-03,"Firm-specific public evidence reviewed. Own beer pumping, unquantified mash heating and vague resource ambition;4-6weeks maturation not flexible store;2018/2024 cellar capacity not proved energy CAPEX. Missing public evidence is not proof of non-deployment; UNKNOWN remains UNKNOWN.","Current concrete plant energy-transition measures or adequate confirmed inventory; general sustainability, certification, customer products and historical pilots do not establish current deployment or absence. Own beer pumping, unquantified mash heating and vague resource ambition;4-6weeks maturation not flexible store;2018/2024 cellar capacity not proved energy CAPEX.",NEEDS_RESEARCH,Codex AI-assisted first-pass coding; independent human review pending,2026-10-07,,,
P75,Privatbrauerei J.B. Falter Regen KG,observed_transition_gap,management_gap_score,,5,UNKNOWN; no supported numeric anchor,UNKNOWN,S-P75-03,"Firm-specific public evidence reviewed. Own beer pumping, unquantified mash heating and vague resource ambition;4-6weeks maturation not flexible store;2018/2024 cellar capacity not proved energy CAPEX. Missing public evidence is not proof of non-deployment; UNKNOWN remains UNKNOWN.","Current verified site EnMS/environmental system or bounded claim; ISO9001, an inaccessible/staging certificate page and missing evidence are not certified mature EnMS. Own beer pumping, unquantified mash heating and vague resource ambition;4-6weeks maturation not flexible store;2018/2024 cellar capacity not proved energy CAPEX.",NEEDS_RESEARCH,Codex AI-assisted first-pass coding; independent human review pending,2026-10-07,,,
P75,Privatbrauerei J.B. Falter Regen KG,observed_transition_gap,targets_gap_score,3,5,vague own resource ambition,B,S-P75-03 | S-P75-06 | S-P75-07,Own bottling claims sustainable/resource-saving design but no dated energy roadmap after current production/company/docs/certification/exact-name checks. Alcohol-responsibility policy not energy target;2024 cellar capacity not energy investment.,,AWAITING_HUMAN_REVIEW,Codex AI-assisted first-pass coding; independent human review pending,2026-10-07,,,
P75,Privatbrauerei J.B. Falter Regen KG,observed_transition_gap,investment_gap_score,,5,UNKNOWN; no supported numeric anchor,UNKNOWN,S-P75-03,"Firm-specific public evidence reviewed. Own beer pumping, unquantified mash heating and vague resource ambition;4-6weeks maturation not flexible store;2018/2024 cellar capacity not proved energy CAPEX. Missing public evidence is not proof of non-deployment; UNKNOWN remains UNKNOWN.","Dated completed energy-transition investment within2021-10-07 to2026-10-07; old projects, certificate renewal, crawl dates and undifferentiated capacity/wastewater expansion are insufficient. Own beer pumping, unquantified mash heating and vague resource ambition;4-6weeks maturation not flexible store;2018/2024 cellar capacity not proved energy CAPEX.",NEEDS_RESEARCH,Codex AI-assisted first-pass coding; independent human review pending,2026-10-07,,,
P76,Si-Tech Singer GmbH,process_electrification_potential,temperature_fit_score,,10,UNKNOWN; no supported numeric anchor,UNKNOWN,S-P76-04,"Firm-specific public evidence reviewed. Own PV, robots/automatic handling and current ISO14001 incl Siemens15 assembly annex; tools outsourced, PV commissioning undated;2018/2020 projects outsidewindow. Missing public evidence is not proof of non-deployment; UNKNOWN remains UNKNOWN.","Actual process-heating temperatures and supported electric-heat fit, rather than part dimensions, cold maturation, material/customer ratings or historical boiler baselines. Own PV, robots/automatic handling and current ISO14001 incl Siemens15 assembly annex; tools outsourced, PV commissioning undated;2018/2020 projects outsidewindow.",NEEDS_RESEARCH,Codex AI-assisted first-pass coding; independent human review pending,2026-10-07,,,
P76,Si-Tech Singer GmbH,process_electrification_potential,process_electrification_score,,10,UNKNOWN; no supported numeric anchor,UNKNOWN,S-P76-04,"Firm-specific public evidence reviewed. Own PV, robots/automatic handling and current ISO14001 incl Siemens15 assembly annex; tools outsourced, PV commissioning undated;2018/2020 projects outsidewindow. Missing public evidence is not proof of non-deployment; UNKNOWN remains UNKNOWN.","Named own actual/planned electric thermal route; electrochemical coating, generic production or customer energy applications alone do not establish electric process heat. Own PV, robots/automatic handling and current ISO14001 incl Siemens15 assembly annex; tools outsourced, PV commissioning undated;2018/2020 projects outsidewindow.",NEEDS_RESEARCH,Codex AI-assisted first-pass coding; independent human review pending,2026-10-07,,,
P76,Si-Tech Singer GmbH,process_electrification_potential,fossil_heat_displacement_score,,5,UNKNOWN; no supported numeric anchor,UNKNOWN,S-P76-04,"Firm-specific public evidence reviewed. Own PV, robots/automatic handling and current ISO14001 incl Siemens15 assembly annex; tools outsourced, PV commissioning undated;2018/2020 projects outsidewindow. Missing public evidence is not proof of non-deployment; UNKNOWN remains UNKNOWN.","Actual current fossil thermal carrier, centrality and displacement materiality; unspecified CHP/ovens and historic gas baselines do not establish remaining fuel mix. Own PV, robots/automatic handling and current ISO14001 incl Siemens15 assembly annex; tools outsourced, PV commissioning undated;2018/2020 projects outsidewindow.",NEEDS_RESEARCH,Codex AI-assisted first-pass coding; independent human review pending,2026-10-07,,,
P76,Si-Tech Singer GmbH,power_electronics_relevance,motor_drive_score,2,8,limited named own robotic drives,C,S-P76-06 | S-P76-07,"Actual own robots/handling support limited drives;40+ injection machines closing force not drive intensity. Toolmaking by partners, no owned CNC/EDM inherited.",,AWAITING_HUMAN_REVIEW,Codex AI-assisted first-pass coding; independent human review pending,2026-10-07,,,
P76,Si-Tech Singer GmbH,power_electronics_relevance,power_conversion_score,5,8,one own PV conversion case,C,S-P76-04,"Actual own onsite PV supports one material conversion case; significant share unquantified, no load or converter rating invented.",,AWAITING_HUMAN_REVIEW,Codex AI-assisted first-pass coding; independent human review pending,2026-10-07,,,
P76,Si-Tech Singer GmbH,power_electronics_relevance,automation_control_score,3,4,clear actual robot/planning control,B,S-P76-06,"Own fully automatic handling/packaging, robot systems and production-planning system establish clear actual control relevance; three-shift operation not flexibility permission.",,AWAITING_HUMAN_REVIEW,Codex AI-assisted first-pass coding; independent human review pending,2026-10-07,,,
P76,Si-Tech Singer GmbH,load_flexibility_potential,scheduling_flex_score,,8,UNKNOWN; no supported numeric anchor,UNKNOWN,S-P76-04,"Firm-specific public evidence reviewed. Own PV, robots/automatic handling and current ISO14001 incl Siemens15 assembly annex; tools outsourced, PV commissioning undated;2018/2020 projects outsidewindow. Missing public evidence is not proof of non-deployment; UNKNOWN remains UNKNOWN.","Admissible operating/start/interruption windows and actual buffers; product maturation, process cycles or programmable furnace recipes are not dispatch permission. Own PV, robots/automatic handling and current ISO14001 incl Siemens15 assembly annex; tools outsourced, PV commissioning undated;2018/2020 projects outsidewindow.",NEEDS_RESEARCH,Codex AI-assisted first-pass coding; independent human review pending,2026-10-07,,,
P76,Si-Tech Singer GmbH,load_flexibility_potential,thermal_storage_flex_score,,7,UNKNOWN; no supported numeric anchor,UNKNOWN,S-P76-04,"Firm-specific public evidence reviewed. Own PV, robots/automatic handling and current ISO14001 incl Siemens15 assembly annex; tools outsourced, PV commissioning undated;2018/2020 projects outsidewindow. Missing public evidence is not proof of non-deployment; UNKNOWN remains UNKNOWN.","Named own usable heat/cold store or validated thermal inertia with operating window; cooling, absorption chilling, production tanks and glass melt mass alone do not establish storage. Own PV, robots/automatic handling and current ISO14001 incl Siemens15 assembly annex; tools outsourced, PV commissioning undated;2018/2020 projects outsidewindow.",NEEDS_RESEARCH,Codex AI-assisted first-pass coding; independent human review pending,2026-10-07,,,
P76,Si-Tech Singer GmbH,grid_power_quality_relevance,incremental_load_score,,8,UNKNOWN; no supported numeric anchor,UNKNOWN,S-P76-04,"Firm-specific public evidence reviewed. Own PV, robots/automatic handling and current ISO14001 incl Siemens15 assembly annex; tools outsourced, PV commissioning undated;2018/2020 projects outsidewindow. Missing public evidence is not proof of non-deployment; UNKNOWN remains UNKNOWN.","Defined additional thermal electrification route and ordinal new-load materiality; existing electric assets, PV expansion and EV charging are not an additional heat-route load. Own PV, robots/automatic handling and current ISO14001 incl Siemens15 assembly annex; tools outsourced, PV commissioning undated;2018/2020 projects outsidewindow.",NEEDS_RESEARCH,Codex AI-assisted first-pass coding; independent human review pending,2026-10-07,,,
P76,Si-Tech Singer GmbH,grid_power_quality_relevance,power_quality_score,1,4,possible PV conversion effects,C,S-P76-04,Own PV supports possible converter relevance only; no measured harmonic/reactive-power/peak signals.,,AWAITING_HUMAN_REVIEW,Codex AI-assisted first-pass coding; independent human review pending,2026-10-07,,,
P76,Si-Tech Singer GmbH,grid_power_quality_relevance,onsite_integration_score,2,3,one actual owned PV integration case,B,S-P76-04,"Own PV meets unquantified significant site demand; actual onsite use, no battery or coordinated microgrid inferred.",,AWAITING_HUMAN_REVIEW,Codex AI-assisted first-pass coding; independent human review pending,2026-10-07,,,
P76,Si-Tech Singer GmbH,observed_transition_gap,measures_gap_score,3,10,some concrete own energy measures,B,S-P76-04,"Own PV concrete measure; generic efficient technologies, EcoVadis and certificates not additional named energy deployments.",,AWAITING_HUMAN_REVIEW,Codex AI-assisted first-pass coding; independent human review pending,2026-10-07,,,
P76,Si-Tech Singer GmbH,observed_transition_gap,management_gap_score,2,5,verified current environmental system,B,S-P76-05 | S-P76-09,SKZ exact-holder ISO14001 current2025-11-29 to2028-11-28 incl annexSiemens15 assembly. Integrated-system claim does not establish mature certified EnMS.,,AWAITING_HUMAN_REVIEW,Codex AI-assisted first-pass coding; independent human review pending,2026-10-07,,,
P76,Si-Tech Singer GmbH,observed_transition_gap,targets_gap_score,3,5,vague resource/emission ambition,B,S-P76-04 | S-P76-09,Current own resource/emission/energy-improvement ambition lacks dated roadmap in current/company/docs/certificate and exact-name checks; internal targets unknown.,,AWAITING_HUMAN_REVIEW,Codex AI-assisted first-pass coding; independent human review pending,2026-10-07,,,
P76,Si-Tech Singer GmbH,observed_transition_gap,investment_gap_score,,5,UNKNOWN; no supported numeric anchor,UNKNOWN,S-P76-04,"Firm-specific public evidence reviewed. Own PV, robots/automatic handling and current ISO14001 incl Siemens15 assembly annex; tools outsourced, PV commissioning undated;2018/2020 projects outsidewindow. Missing public evidence is not proof of non-deployment; UNKNOWN remains UNKNOWN.","Dated completed energy-transition investment within2021-10-07 to2026-10-07; old projects, certificate renewal, crawl dates and undifferentiated capacity/wastewater expansion are insufficient. Own PV, robots/automatic handling and current ISO14001 incl Siemens15 assembly annex; tools outsourced, PV commissioning undated;2018/2020 projects outsidewindow.",NEEDS_RESEARCH,Codex AI-assisted first-pass coding; independent human review pending,2026-10-07,,,
P77,metak GmbH & Co. KG,process_electrification_potential,temperature_fit_score,,10,UNKNOWN; no supported numeric anchor,UNKNOWN,S-P77-03,"Firm-specific public evidence reviewed. Own CNC/EDM/robots/free-cooling/heat-recovery, current ISO50001/14001; historical energy recovery outsidewindow, IIOT network not confirmed completed. Missing public evidence is not proof of non-deployment; UNKNOWN remains UNKNOWN.","Actual process-heating temperatures and supported electric-heat fit, rather than part dimensions, cold maturation, material/customer ratings or historical boiler baselines. Own CNC/EDM/robots/free-cooling/heat-recovery, current ISO50001/14001; historical energy recovery outsidewindow, IIOT network not confirmed completed.",NEEDS_RESEARCH,Codex AI-assisted first-pass coding; independent human review pending,2026-10-07,,,
P77,metak GmbH & Co. KG,process_electrification_potential,process_electrification_score,,10,UNKNOWN; no supported numeric anchor,UNKNOWN,S-P77-03,"Firm-specific public evidence reviewed. Own CNC/EDM/robots/free-cooling/heat-recovery, current ISO50001/14001; historical energy recovery outsidewindow, IIOT network not confirmed completed. Missing public evidence is not proof of non-deployment; UNKNOWN remains UNKNOWN.","Named own actual/planned electric thermal route; electrochemical coating, generic production or customer energy applications alone do not establish electric process heat. Own CNC/EDM/robots/free-cooling/heat-recovery, current ISO50001/14001; historical energy recovery outsidewindow, IIOT network not confirmed completed.",NEEDS_RESEARCH,Codex AI-assisted first-pass coding; independent human review pending,2026-10-07,,,
P77,metak GmbH & Co. KG,process_electrification_potential,fossil_heat_displacement_score,2,5,possible named fossil process heat substitution,C,S-P77-03,"Own current policy names heating oil for heating AND process purposes reduced by recovery. Possible remaining fossil thermal service, not full fuel inventory, centrality or quantified load.",,AWAITING_HUMAN_REVIEW,Codex AI-assisted first-pass coding; independent human review pending,2026-10-07,,,
P77,metak GmbH & Co. KG,power_electronics_relevance,motor_drive_score,8,8,multiple actual intensive drives,B,S-P77-03 | S-P77-04 | S-P77-05,"Own CNC milling, robots/full-electric machine, grinding/mills and vacuum/material feed plus compressor support multiple intensive mechanical applications; closing force not power.",,AWAITING_HUMAN_REVIEW,Codex AI-assisted first-pass coding; independent human review pending,2026-10-07,,,
P77,metak GmbH & Co. KG,power_electronics_relevance,power_conversion_score,5,8,one material own EDM conversion case,C,S-P77-04 | S-P77-05,Actual own EDM supports material conversion as engineering inference; full-electric machines support drives but not electric heat carrier or rated converter data.,,AWAITING_HUMAN_REVIEW,Codex AI-assisted first-pass coding; independent human review pending,2026-10-07,,,
P77,metak GmbH & Co. KG,power_electronics_relevance,automation_control_score,3,4,clear actual own automatic handling/feed,B,S-P77-03 | S-P77-05,"Own robots/automated insertion/removal and automatic vacuum-line cleaning support clear process control. IIOT customer/logistics coordination is future intention, not strong installed energy-network control.",,AWAITING_HUMAN_REVIEW,Codex AI-assisted first-pass coding; independent human review pending,2026-10-07,,,
P77,metak GmbH & Co. KG,load_flexibility_potential,scheduling_flex_score,,8,UNKNOWN; no supported numeric anchor,UNKNOWN,S-P77-03,"Firm-specific public evidence reviewed. Own CNC/EDM/robots/free-cooling/heat-recovery, current ISO50001/14001; historical energy recovery outsidewindow, IIOT network not confirmed completed. Missing public evidence is not proof of non-deployment; UNKNOWN remains UNKNOWN.","Admissible operating/start/interruption windows and actual buffers; product maturation, process cycles or programmable furnace recipes are not dispatch permission. Own CNC/EDM/robots/free-cooling/heat-recovery, current ISO50001/14001; historical energy recovery outsidewindow, IIOT network not confirmed completed.",NEEDS_RESEARCH,Codex AI-assisted first-pass coding; independent human review pending,2026-10-07,,,
P77,metak GmbH & Co. KG,load_flexibility_potential,thermal_storage_flex_score,,7,UNKNOWN; no supported numeric anchor,UNKNOWN,S-P77-03,"Firm-specific public evidence reviewed. Own CNC/EDM/robots/free-cooling/heat-recovery, current ISO50001/14001; historical energy recovery outsidewindow, IIOT network not confirmed completed. Missing public evidence is not proof of non-deployment; UNKNOWN remains UNKNOWN.","Named own usable heat/cold store or validated thermal inertia with operating window; cooling, absorption chilling, production tanks and glass melt mass alone do not establish storage. Own CNC/EDM/robots/free-cooling/heat-recovery, current ISO50001/14001; historical energy recovery outsidewindow, IIOT network not confirmed completed.",NEEDS_RESEARCH,Codex AI-assisted first-pass coding; independent human review pending,2026-10-07,,,
P77,metak GmbH & Co. KG,grid_power_quality_relevance,incremental_load_score,,8,UNKNOWN; no supported numeric anchor,UNKNOWN,S-P77-03,"Firm-specific public evidence reviewed. Own CNC/EDM/robots/free-cooling/heat-recovery, current ISO50001/14001; historical energy recovery outsidewindow, IIOT network not confirmed completed. Missing public evidence is not proof of non-deployment; UNKNOWN remains UNKNOWN.","Defined additional thermal electrification route and ordinal new-load materiality; existing electric assets, PV expansion and EV charging are not an additional heat-route load. Own CNC/EDM/robots/free-cooling/heat-recovery, current ISO50001/14001; historical energy recovery outsidewindow, IIOT network not confirmed completed.",NEEDS_RESEARCH,Codex AI-assisted first-pass coding; independent human review pending,2026-10-07,,,
P77,metak GmbH & Co. KG,grid_power_quality_relevance,power_quality_score,1,4,possible converter effects,C,S-P77-04 | S-P77-05,"Own EDM/electric-machine context supports possible conversion effects, without measured peak/harmonic/reactive-power issue.",,AWAITING_HUMAN_REVIEW,Codex AI-assisted first-pass coding; independent human review pending,2026-10-07,,,
P77,metak GmbH & Co. KG,grid_power_quality_relevance,onsite_integration_score,,3,UNKNOWN; no supported numeric anchor,UNKNOWN,S-P77-03,"Firm-specific public evidence reviewed. Own CNC/EDM/robots/free-cooling/heat-recovery, current ISO50001/14001; historical energy recovery outsidewindow, IIOT network not confirmed completed. Missing public evidence is not proof of non-deployment; UNKNOWN remains UNKNOWN.","Own PV/battery/microgrid/load-management use case and actual integration; supplier green power and customer applications are not own deployment. Own CNC/EDM/robots/free-cooling/heat-recovery, current ISO50001/14001; historical energy recovery outsidewindow, IIOT network not confirmed completed.",NEEDS_RESEARCH,Codex AI-assisted first-pass coding; independent human review pending,2026-10-07,,,
P77,metak GmbH & Co. KG,observed_transition_gap,measures_gap_score,0,10,several named owned energy measures,B,S-P77-03 | S-P77-05,"Own heat recovery, free cooling and servo/full-electric efficient machinery support several concrete energy measures. Certification and recycling not additional energy installations.",,AWAITING_HUMAN_REVIEW,Codex AI-assisted first-pass coding; independent human review pending,2026-10-07,,,
P77,metak GmbH & Co. KG,observed_transition_gap,management_gap_score,0,5,current verified mature EnMS,B,S-P77-06 | S-P77-07,SKZ ISO50001 exact firm/all consumed energies current2026-09-23 to2029-09-22; separate ISO14001 current. This numeric proposal is not human approval.,,AWAITING_HUMAN_REVIEW,Codex AI-assisted first-pass coding; independent human review pending,2026-10-07,,,
P77,metak GmbH & Co. KG,observed_transition_gap,targets_gap_score,3,5,undated own energy/resource ambition,B,S-P77-03,Current energy reduction/environment targets have no dated quantified roadmap after own/process/docs/certifier/exact-name target checks. IIOT aspiration is not energy target; internal targets unknown.,,AWAITING_HUMAN_REVIEW,Codex AI-assisted first-pass coding; independent human review pending,2026-10-07,,,
P77,metak GmbH & Co. KG,observed_transition_gap,investment_gap_score,,5,UNKNOWN; no supported numeric anchor,UNKNOWN,S-P77-03,"Firm-specific public evidence reviewed. Own CNC/EDM/robots/free-cooling/heat-recovery, current ISO50001/14001; historical energy recovery outsidewindow, IIOT network not confirmed completed. Missing public evidence is not proof of non-deployment; UNKNOWN remains UNKNOWN.","Dated completed energy-transition investment within2021-10-07 to2026-10-07; old projects, certificate renewal, crawl dates and undifferentiated capacity/wastewater expansion are insufficient. Own CNC/EDM/robots/free-cooling/heat-recovery, current ISO50001/14001; historical energy recovery outsidewindow, IIOT network not confirmed completed.",NEEDS_RESEARCH,Codex AI-assisted first-pass coding; independent human review pending,2026-10-07,,,
P79,Langer GmbH & Co. KG,process_electrification_potential,temperature_fit_score,,10,UNKNOWN; no supported numeric anchor,UNKNOWN,S-P79-03,Firm-specific public evidence reviewed. Actual base PV301.76kWp/2024converter/mill/control; September2026 PV675kWp/battery400kWh still EXPECTED;2030targets distinct from achieved inventory. Missing public evidence is not proof of non-deployment; UNKNOWN remains UNKNOWN.,"Actual process-heating temperatures and supported electric-heat fit, rather than part dimensions, cold maturation, material/customer ratings or historical boiler baselines. Actual base PV301.76kWp/2024converter/mill/control; September2026 PV675kWp/battery400kWh still EXPECTED;2030targets distinct from achieved inventory.",NEEDS_RESEARCH,Codex AI-assisted first-pass coding; independent human review pending,2026-10-07,,,
P79,Langer GmbH & Co. KG,process_electrification_potential,process_electrification_score,,10,UNKNOWN; no supported numeric anchor,UNKNOWN,S-P79-03,Firm-specific public evidence reviewed. Actual base PV301.76kWp/2024converter/mill/control; September2026 PV675kWp/battery400kWh still EXPECTED;2030targets distinct from achieved inventory. Missing public evidence is not proof of non-deployment; UNKNOWN remains UNKNOWN.,"Named own actual/planned electric thermal route; electrochemical coating, generic production or customer energy applications alone do not establish electric process heat. Actual base PV301.76kWp/2024converter/mill/control; September2026 PV675kWp/battery400kWh still EXPECTED;2030targets distinct from achieved inventory.",NEEDS_RESEARCH,Codex AI-assisted first-pass coding; independent human review pending,2026-10-07,,,
P79,Langer GmbH & Co. KG,process_electrification_potential,fossil_heat_displacement_score,,5,UNKNOWN; no supported numeric anchor,UNKNOWN,S-P79-03,Firm-specific public evidence reviewed. Actual base PV301.76kWp/2024converter/mill/control; September2026 PV675kWp/battery400kWh still EXPECTED;2030targets distinct from achieved inventory. Missing public evidence is not proof of non-deployment; UNKNOWN remains UNKNOWN.,"Actual current fossil thermal carrier, centrality and displacement materiality; unspecified CHP/ovens and historic gas baselines do not establish remaining fuel mix. Actual base PV301.76kWp/2024converter/mill/control; September2026 PV675kWp/battery400kWh still EXPECTED;2030targets distinct from achieved inventory.",NEEDS_RESEARCH,Codex AI-assisted first-pass coding; independent human review pending,2026-10-07,,,
P79,Langer GmbH & Co. KG,power_electronics_relevance,motor_drive_score,8,8,multiple own intensive machinery drives,B,S-P79-06,"DNK2024 actual own efficient milling, extraction fan/frequency drive and compressor/moulding equipment support multiple drive applications. No ratings inferred.",,AWAITING_HUMAN_REVIEW,Codex AI-assisted first-pass coding; independent human review pending,2026-10-07,,,
P79,Langer GmbH & Co. KG,power_electronics_relevance,power_conversion_score,5,8,one material owned frequency-converter case,B,S-P79-03 | S-P79-06,Concrete2024 installed extraction frequency converter and existingPV support material conversion; planned storage/expansion not counted as actual hardware.,,AWAITING_HUMAN_REVIEW,Codex AI-assisted first-pass coding; independent human review pending,2026-10-07,,,
P79,Langer GmbH & Co. KG,power_electronics_relevance,automation_control_score,4,4,strong named coordinated process/energy control,B,S-P79-06,"Actual bus-connected sensing/monitoring, BDE, weather-driven ventilation and air/extraction shutoff after last machine impulse establish strong linked control relevance. No grid-dispatch permission claimed.",,AWAITING_HUMAN_REVIEW,Codex AI-assisted first-pass coding; independent human review pending,2026-10-07,,,
P79,Langer GmbH & Co. KG,load_flexibility_potential,scheduling_flex_score,,8,UNKNOWN; no supported numeric anchor,UNKNOWN,S-P79-03,Firm-specific public evidence reviewed. Actual base PV301.76kWp/2024converter/mill/control; September2026 PV675kWp/battery400kWh still EXPECTED;2030targets distinct from achieved inventory. Missing public evidence is not proof of non-deployment; UNKNOWN remains UNKNOWN.,"Admissible operating/start/interruption windows and actual buffers; product maturation, process cycles or programmable furnace recipes are not dispatch permission. Actual base PV301.76kWp/2024converter/mill/control; September2026 PV675kWp/battery400kWh still EXPECTED;2030targets distinct from achieved inventory.",NEEDS_RESEARCH,Codex AI-assisted first-pass coding; independent human review pending,2026-10-07,,,
P79,Langer GmbH & Co. KG,load_flexibility_potential,thermal_storage_flex_score,,7,UNKNOWN; no supported numeric anchor,UNKNOWN,S-P79-03,Firm-specific public evidence reviewed. Actual base PV301.76kWp/2024converter/mill/control; September2026 PV675kWp/battery400kWh still EXPECTED;2030targets distinct from achieved inventory. Missing public evidence is not proof of non-deployment; UNKNOWN remains UNKNOWN.,"Named own usable heat/cold store or validated thermal inertia with operating window; cooling, absorption chilling, production tanks and glass melt mass alone do not establish storage. Actual base PV301.76kWp/2024converter/mill/control; September2026 PV675kWp/battery400kWh still EXPECTED;2030targets distinct from achieved inventory.",NEEDS_RESEARCH,Codex AI-assisted first-pass coding; independent human review pending,2026-10-07,,,
P79,Langer GmbH & Co. KG,grid_power_quality_relevance,incremental_load_score,,8,UNKNOWN; no supported numeric anchor,UNKNOWN,S-P79-03,Firm-specific public evidence reviewed. Actual base PV301.76kWp/2024converter/mill/control; September2026 PV675kWp/battery400kWh still EXPECTED;2030targets distinct from achieved inventory. Missing public evidence is not proof of non-deployment; UNKNOWN remains UNKNOWN.,"Defined additional thermal electrification route and ordinal new-load materiality; existing electric assets, PV expansion and EV charging are not an additional heat-route load. Actual base PV301.76kWp/2024converter/mill/control; September2026 PV675kWp/battery400kWh still EXPECTED;2030targets distinct from achieved inventory.",NEEDS_RESEARCH,Codex AI-assisted first-pass coding; independent human review pending,2026-10-07,,,
P79,Langer GmbH & Co. KG,grid_power_quality_relevance,power_quality_score,1,4,possible converter/peak-management relevance,C,S-P79-03 | S-P79-06,"Own PV/frequency converter support possible effects.2030peak-reduction/storage targets are plans, not measured current peaks/harmonics or installed storage.",,AWAITING_HUMAN_REVIEW,Codex AI-assisted first-pass coding; independent human review pending,2026-10-07,,,
P79,Langer GmbH & Co. KG,grid_power_quality_relevance,onsite_integration_score,2,3,one actual base PV case,B,S-P79-03 | S-P79-06,"Current base301.76kWp PV is actual onsite generation.675kWp expansion/400kWh battery expectedSeptember2026 not proven complete, no calendar-based upgrade to coordinated storage.",,AWAITING_HUMAN_REVIEW,Codex AI-assisted first-pass coding; independent human review pending,2026-10-07,,,
P79,Langer GmbH & Co. KG,observed_transition_gap,measures_gap_score,0,10,several concrete owned energy measures,B,S-P79-03 | S-P79-06,ExistingPV and concrete2024 frequency-converter/efficient-mill/automatic-window cooling plus permanent air optimisation support several measures; planned2026/2027 expansion excluded.,,AWAITING_HUMAN_REVIEW,Codex AI-assisted first-pass coding; independent human review pending,2026-10-07,,,
P79,Langer GmbH & Co. KG,observed_transition_gap,management_gap_score,0,5,current verified mature EnMS,B,S-P79-04 | S-P79-05,DEKRA ISO50001 exact Langer valid2024-11-19 to2027-11-18; separate ISO14001. Previous expiry not current start.,,AWAITING_HUMAN_REVIEW,Codex AI-assisted first-pass coding; independent human review pending,2026-10-07,,,
P79,Langer GmbH & Co. KG,observed_transition_gap,targets_gap_score,0,5,dated2030targets with roadmap,B,S-P79-06,DNK2024/report2025 states40% ownPV/storage electricity and60% Scope1/2 reduction vs2019 by2030; staged PV/storage/LED/control roadmap and quarterly oversight. Targets not achieved shares;2024/2025 goals not silently current.,,AWAITING_HUMAN_REVIEW,Codex AI-assisted first-pass coding; independent human review pending,2026-10-07,,,
P79,Langer GmbH & Co. KG,observed_transition_gap,investment_gap_score,0,5,several dated2024completed energy investments,B,S-P79-06,"Concrete2024 section lists efficient-mill replacement, installed extraction frequency converter and automatic-window night cooling. Current page2026PV/storage remains EXPECTED, excluded until completion corroborated; dates not invented.",,AWAITING_HUMAN_REVIEW,Codex AI-assisted first-pass coding; independent human review pending,2026-10-07,,,
P80,MKT Metall- und Kunststofftechnik GmbH,process_electrification_potential,temperature_fit_score,,10,UNKNOWN; no supported numeric anchor,UNKNOWN,S-P80-03,Firm-specific public evidence reviewed. Own CNC/robots/optics and electric-machine claim plus purchased hydropower; Chinese partner tools and supplier hydro not owned generation/electric process heat. Missing public evidence is not proof of non-deployment; UNKNOWN remains UNKNOWN.,"Actual process-heating temperatures and supported electric-heat fit, rather than part dimensions, cold maturation, material/customer ratings or historical boiler baselines. Own CNC/robots/optics and electric-machine claim plus purchased hydropower; Chinese partner tools and supplier hydro not owned generation/electric process heat.",NEEDS_RESEARCH,Codex AI-assisted first-pass coding; independent human review pending,2026-10-07,,,
P80,MKT Metall- und Kunststofftechnik GmbH,process_electrification_potential,process_electrification_score,,10,UNKNOWN; no supported numeric anchor,UNKNOWN,S-P80-03,Firm-specific public evidence reviewed. Own CNC/robots/optics and electric-machine claim plus purchased hydropower; Chinese partner tools and supplier hydro not owned generation/electric process heat. Missing public evidence is not proof of non-deployment; UNKNOWN remains UNKNOWN.,"Named own actual/planned electric thermal route; electrochemical coating, generic production or customer energy applications alone do not establish electric process heat. Own CNC/robots/optics and electric-machine claim plus purchased hydropower; Chinese partner tools and supplier hydro not owned generation/electric process heat.",NEEDS_RESEARCH,Codex AI-assisted first-pass coding; independent human review pending,2026-10-07,,,
P80,MKT Metall- und Kunststofftechnik GmbH,process_electrification_potential,fossil_heat_displacement_score,,5,UNKNOWN; no supported numeric anchor,UNKNOWN,S-P80-03,Firm-specific public evidence reviewed. Own CNC/robots/optics and electric-machine claim plus purchased hydropower; Chinese partner tools and supplier hydro not owned generation/electric process heat. Missing public evidence is not proof of non-deployment; UNKNOWN remains UNKNOWN.,"Actual current fossil thermal carrier, centrality and displacement materiality; unspecified CHP/ovens and historic gas baselines do not establish remaining fuel mix. Own CNC/robots/optics and electric-machine claim plus purchased hydropower; Chinese partner tools and supplier hydro not owned generation/electric process heat.",NEEDS_RESEARCH,Codex AI-assisted first-pass coding; independent human review pending,2026-10-07,,,
P80,MKT Metall- und Kunststofftechnik GmbH,power_electronics_relevance,motor_drive_score,5,8,material actual own CNC/handling drives,B,S-P80-03 | S-P80-04,Own inhouse CNC and automatic handling establish material mechanical drive applications; partner toolshops and21machines alone not own intensive-drive count.,,AWAITING_HUMAN_REVIEW,Codex AI-assisted first-pass coding; independent human review pending,2026-10-07,,,
P80,MKT Metall- und Kunststofftechnik GmbH,power_electronics_relevance,power_conversion_score,2,8,limited own electric-machine conversion relevance,C,S-P80-04 | S-P80-05,Own electric Arburg-machine claim supports limited drive-conversion relevance as engineering inference; no installed heater carrier/topology or full converter ratings established.,,AWAITING_HUMAN_REVIEW,Codex AI-assisted first-pass coding; independent human review pending,2026-10-07,,,
P80,MKT Metall- und Kunststofftechnik GmbH,power_electronics_relevance,automation_control_score,3,4,clear handling/optical/ERP control,B,S-P80-02 | S-P80-04 | S-P80-05,Actual automatic handling/optical process control plus integrated ERP support clear relevance; not coordinated energy dispatch.,,AWAITING_HUMAN_REVIEW,Codex AI-assisted first-pass coding; independent human review pending,2026-10-07,,,
P80,MKT Metall- und Kunststofftechnik GmbH,load_flexibility_potential,scheduling_flex_score,,8,UNKNOWN; no supported numeric anchor,UNKNOWN,S-P80-03,Firm-specific public evidence reviewed. Own CNC/robots/optics and electric-machine claim plus purchased hydropower; Chinese partner tools and supplier hydro not owned generation/electric process heat. Missing public evidence is not proof of non-deployment; UNKNOWN remains UNKNOWN.,"Admissible operating/start/interruption windows and actual buffers; product maturation, process cycles or programmable furnace recipes are not dispatch permission. Own CNC/robots/optics and electric-machine claim plus purchased hydropower; Chinese partner tools and supplier hydro not owned generation/electric process heat.",NEEDS_RESEARCH,Codex AI-assisted first-pass coding; independent human review pending,2026-10-07,,,
P80,MKT Metall- und Kunststofftechnik GmbH,load_flexibility_potential,thermal_storage_flex_score,,7,UNKNOWN; no supported numeric anchor,UNKNOWN,S-P80-03,Firm-specific public evidence reviewed. Own CNC/robots/optics and electric-machine claim plus purchased hydropower; Chinese partner tools and supplier hydro not owned generation/electric process heat. Missing public evidence is not proof of non-deployment; UNKNOWN remains UNKNOWN.,"Named own usable heat/cold store or validated thermal inertia with operating window; cooling, absorption chilling, production tanks and glass melt mass alone do not establish storage. Own CNC/robots/optics and electric-machine claim plus purchased hydropower; Chinese partner tools and supplier hydro not owned generation/electric process heat.",NEEDS_RESEARCH,Codex AI-assisted first-pass coding; independent human review pending,2026-10-07,,,
P80,MKT Metall- und Kunststofftechnik GmbH,grid_power_quality_relevance,incremental_load_score,,8,UNKNOWN; no supported numeric anchor,UNKNOWN,S-P80-03,Firm-specific public evidence reviewed. Own CNC/robots/optics and electric-machine claim plus purchased hydropower; Chinese partner tools and supplier hydro not owned generation/electric process heat. Missing public evidence is not proof of non-deployment; UNKNOWN remains UNKNOWN.,"Defined additional thermal electrification route and ordinal new-load materiality; existing electric assets, PV expansion and EV charging are not an additional heat-route load. Own CNC/robots/optics and electric-machine claim plus purchased hydropower; Chinese partner tools and supplier hydro not owned generation/electric process heat.",NEEDS_RESEARCH,Codex AI-assisted first-pass coding; independent human review pending,2026-10-07,,,
P80,MKT Metall- und Kunststofftechnik GmbH,grid_power_quality_relevance,power_quality_score,1,4,possible drive-conversion effects,C,S-P80-04 | S-P80-05,"Own electric-machine/automatic-handling context supports possible converter effects only, no measured power-quality issue.",,AWAITING_HUMAN_REVIEW,Codex AI-assisted first-pass coding; independent human review pending,2026-10-07,,,
P80,MKT Metall- und Kunststofftechnik GmbH,grid_power_quality_relevance,onsite_integration_score,,3,UNKNOWN; no supported numeric anchor,UNKNOWN,S-P80-03,Firm-specific public evidence reviewed. Own CNC/robots/optics and electric-machine claim plus purchased hydropower; Chinese partner tools and supplier hydro not owned generation/electric process heat. Missing public evidence is not proof of non-deployment; UNKNOWN remains UNKNOWN.,Own PV/battery/microgrid/load-management use case and actual integration; supplier green power and customer applications are not own deployment. Own CNC/robots/optics and electric-machine claim plus purchased hydropower; Chinese partner tools and supplier hydro not owned generation/electric process heat.,NEEDS_RESEARCH,Codex AI-assisted first-pass coding; independent human review pending,2026-10-07,,,
P80,MKT Metall- und Kunststofftechnik GmbH,observed_transition_gap,measures_gap_score,3,10,some named own energy measures,B,S-P80-05 | S-P80-07,"Actual electricity procurement2026hydropower and energy-efficient electric-machine investment claim support some measures. Purchased hydro not own generation;285.08t saving is supplier baseline estimate, not verified measured reduction.",,AWAITING_HUMAN_REVIEW,Codex AI-assisted first-pass coding; independent human review pending,2026-10-07,,,
P80,MKT Metall- und Kunststofftechnik GmbH,observed_transition_gap,management_gap_score,2,5,verified current environmental system,B,S-P80-06,"TÜV SÜD exact-site ISO14001 valid2025-12-02 to2028-12-01 supports partial/other system, not mature EnMS; supply certificate not ISO50001.",,AWAITING_HUMAN_REVIEW,Codex AI-assisted first-pass coding; independent human review pending,2026-10-07,,,
P80,MKT Metall- und Kunststofftechnik GmbH,observed_transition_gap,targets_gap_score,3,5,vague own energy-efficiency ambition,B,S-P80-05 | S-P80-07,Own efficiency intention lacks dated reduction roadmap in own/company/process/docs/certification/exact-name checks. Supplier estimate/supply period not own dated energy target; internal absence unknown.,,AWAITING_HUMAN_REVIEW,Codex AI-assisted first-pass coding; independent human review pending,2026-10-07,,,
P80,MKT Metall- und Kunststofftechnik GmbH,observed_transition_gap,investment_gap_score,,5,UNKNOWN; no supported numeric anchor,UNKNOWN,S-P80-03,Firm-specific public evidence reviewed. Own CNC/robots/optics and electric-machine claim plus purchased hydropower; Chinese partner tools and supplier hydro not owned generation/electric process heat. Missing public evidence is not proof of non-deployment; UNKNOWN remains UNKNOWN.,"Dated completed energy-transition investment within2021-10-07 to2026-10-07; old projects, certificate renewal, crawl dates and undifferentiated capacity/wastewater expansion are insufficient. Own CNC/robots/optics and electric-machine claim plus purchased hydropower; Chinese partner tools and supplier hydro not owned generation/electric process heat.",NEEDS_RESEARCH,Codex AI-assisted first-pass coding; independent human review pending,2026-10-07,,,
P81,Eloxalwerk Ludwigsburg Helmut Zerrer GmbH,process_electrification_potential,temperature_fit_score,,10,UNKNOWN; no supported numeric anchor,UNKNOWN,S-P81-03,"Firm-specific public evidence reviewed. Own PEO/anodising/automated ultrasonic clean/geothermal;2000C coating resistance not process heating, no electric HP topology inferred. Missing public evidence is not proof of non-deployment; UNKNOWN remains UNKNOWN.","Actual process-heating temperatures and supported electric-heat fit, rather than part dimensions, cold maturation, material/customer ratings or historical boiler baselines. Own PEO/anodising/automated ultrasonic clean/geothermal;2000C coating resistance not process heating, no electric HP topology inferred.",NEEDS_RESEARCH,Codex AI-assisted first-pass coding; independent human review pending,2026-10-07,,,
P81,Eloxalwerk Ludwigsburg Helmut Zerrer GmbH,process_electrification_potential,process_electrification_score,,10,UNKNOWN; no supported numeric anchor,UNKNOWN,S-P81-03,"Firm-specific public evidence reviewed. Own PEO/anodising/automated ultrasonic clean/geothermal;2000C coating resistance not process heating, no electric HP topology inferred. Missing public evidence is not proof of non-deployment; UNKNOWN remains UNKNOWN.","Named own actual/planned electric thermal route; electrochemical coating, generic production or customer energy applications alone do not establish electric process heat. Own PEO/anodising/automated ultrasonic clean/geothermal;2000C coating resistance not process heating, no electric HP topology inferred.",NEEDS_RESEARCH,Codex AI-assisted first-pass coding; independent human review pending,2026-10-07,,,
P81,Eloxalwerk Ludwigsburg Helmut Zerrer GmbH,process_electrification_potential,fossil_heat_displacement_score,,5,UNKNOWN; no supported numeric anchor,UNKNOWN,S-P81-03,"Firm-specific public evidence reviewed. Own PEO/anodising/automated ultrasonic clean/geothermal;2000C coating resistance not process heating, no electric HP topology inferred. Missing public evidence is not proof of non-deployment; UNKNOWN remains UNKNOWN.","Actual current fossil thermal carrier, centrality and displacement materiality; unspecified CHP/ovens and historic gas baselines do not establish remaining fuel mix. Own PEO/anodising/automated ultrasonic clean/geothermal;2000C coating resistance not process heating, no electric HP topology inferred.",NEEDS_RESEARCH,Codex AI-assisted first-pass coding; independent human review pending,2026-10-07,,,
P81,Eloxalwerk Ludwigsburg Helmut Zerrer GmbH,power_electronics_relevance,motor_drive_score,,8,UNKNOWN; no supported numeric anchor,UNKNOWN,S-P81-03,"Firm-specific public evidence reviewed. Own PEO/anodising/automated ultrasonic clean/geothermal;2000C coating resistance not process heating, no electric HP topology inferred. Missing public evidence is not proof of non-deployment; UNKNOWN remains UNKNOWN.","Named current owned motor/pump/compressor/drive applications and their materiality; production sector and historical steam/ice machines alone are insufficient. Own PEO/anodising/automated ultrasonic clean/geothermal;2000C coating resistance not process heating, no electric HP topology inferred.",NEEDS_RESEARCH,Codex AI-assisted first-pass coding; independent human review pending,2026-10-07,,,
P81,Eloxalwerk Ludwigsburg Helmut Zerrer GmbH,power_electronics_relevance,power_conversion_score,8,8,several actual material conversion applications,C,S-P81-02 | S-P81-03 | S-P81-04,"Own anodising, plasma electrolytic oxidation and ultrasonic cleaning establish distinct conversion applications by engineering inference; no converter ratings or2000C process heat inferred.",,AWAITING_HUMAN_REVIEW,Codex AI-assisted first-pass coding; independent human review pending,2026-10-07,,,
P81,Eloxalwerk Ludwigsburg Helmut Zerrer GmbH,power_electronics_relevance,automation_control_score,3,4,clear actual automated production,B,S-P81-03,"Exact Ludwigsburg own fully automated ultrasonic cleaning establishes clear process-control relevance, not energy-grid coordination.",,AWAITING_HUMAN_REVIEW,Codex AI-assisted first-pass coding; independent human review pending,2026-10-07,,,
P81,Eloxalwerk Ludwigsburg Helmut Zerrer GmbH,load_flexibility_potential,scheduling_flex_score,,8,UNKNOWN; no supported numeric anchor,UNKNOWN,S-P81-03,"Firm-specific public evidence reviewed. Own PEO/anodising/automated ultrasonic clean/geothermal;2000C coating resistance not process heating, no electric HP topology inferred. Missing public evidence is not proof of non-deployment; UNKNOWN remains UNKNOWN.","Admissible operating/start/interruption windows and actual buffers; product maturation, process cycles or programmable furnace recipes are not dispatch permission. Own PEO/anodising/automated ultrasonic clean/geothermal;2000C coating resistance not process heating, no electric HP topology inferred.",NEEDS_RESEARCH,Codex AI-assisted first-pass coding; independent human review pending,2026-10-07,,,
P81,Eloxalwerk Ludwigsburg Helmut Zerrer GmbH,load_flexibility_potential,thermal_storage_flex_score,,7,UNKNOWN; no supported numeric anchor,UNKNOWN,S-P81-03,"Firm-specific public evidence reviewed. Own PEO/anodising/automated ultrasonic clean/geothermal;2000C coating resistance not process heating, no electric HP topology inferred. Missing public evidence is not proof of non-deployment; UNKNOWN remains UNKNOWN.","Named own usable heat/cold store or validated thermal inertia with operating window; cooling, absorption chilling, production tanks and glass melt mass alone do not establish storage. Own PEO/anodising/automated ultrasonic clean/geothermal;2000C coating resistance not process heating, no electric HP topology inferred.",NEEDS_RESEARCH,Codex AI-assisted first-pass coding; independent human review pending,2026-10-07,,,
P81,Eloxalwerk Ludwigsburg Helmut Zerrer GmbH,grid_power_quality_relevance,incremental_load_score,,8,UNKNOWN; no supported numeric anchor,UNKNOWN,S-P81-03,"Firm-specific public evidence reviewed. Own PEO/anodising/automated ultrasonic clean/geothermal;2000C coating resistance not process heating, no electric HP topology inferred. Missing public evidence is not proof of non-deployment; UNKNOWN remains UNKNOWN.","Defined additional thermal electrification route and ordinal new-load materiality; existing electric assets, PV expansion and EV charging are not an additional heat-route load. Own PEO/anodising/automated ultrasonic clean/geothermal;2000C coating resistance not process heating, no electric HP topology inferred.",NEEDS_RESEARCH,Codex AI-assisted first-pass coding; independent human review pending,2026-10-07,,,
P81,Eloxalwerk Ludwigsburg Helmut Zerrer GmbH,grid_power_quality_relevance,power_quality_score,1,4,possible electrochemical/ultrasonic conversion effects,C,S-P81-02 | S-P81-03 | S-P81-04,Actual owned anodising/PEO/ultrasonic applications support possible effects only; no measured harmonics/reactive power/peaks.,,AWAITING_HUMAN_REVIEW,Codex AI-assisted first-pass coding; independent human review pending,2026-10-07,,,
P81,Eloxalwerk Ludwigsburg Helmut Zerrer GmbH,grid_power_quality_relevance,onsite_integration_score,,3,UNKNOWN; no supported numeric anchor,UNKNOWN,S-P81-03,"Firm-specific public evidence reviewed. Own PEO/anodising/automated ultrasonic clean/geothermal;2000C coating resistance not process heating, no electric HP topology inferred. Missing public evidence is not proof of non-deployment; UNKNOWN remains UNKNOWN.","Own PV/battery/microgrid/load-management use case and actual integration; supplier green power and customer applications are not own deployment. Own PEO/anodising/automated ultrasonic clean/geothermal;2000C coating resistance not process heating, no electric HP topology inferred.",NEEDS_RESEARCH,Codex AI-assisted first-pass coding; independent human review pending,2026-10-07,,,
P81,Eloxalwerk Ludwigsburg Helmut Zerrer GmbH,observed_transition_gap,measures_gap_score,3,10,some concrete own energy measures,B,S-P81-03,Own geothermal heating/cooling and renewable purchased energy are concrete energy-relevant measures. Geothermal system does not establish specific electric heat-pump topology or process heat electrification.,,AWAITING_HUMAN_REVIEW,Codex AI-assisted first-pass coding; independent human review pending,2026-10-07,,,
P81,Eloxalwerk Ludwigsburg Helmut Zerrer GmbH,observed_transition_gap,management_gap_score,,5,UNKNOWN; no supported numeric anchor,UNKNOWN,S-P81-03,"Firm-specific public evidence reviewed. Own PEO/anodising/automated ultrasonic clean/geothermal;2000C coating resistance not process heating, no electric HP topology inferred. Missing public evidence is not proof of non-deployment; UNKNOWN remains UNKNOWN.","Current verified site EnMS/environmental system or bounded claim; ISO9001, an inaccessible/staging certificate page and missing evidence are not certified mature EnMS. Own PEO/anodising/automated ultrasonic clean/geothermal;2000C coating resistance not process heating, no electric HP topology inferred.",NEEDS_RESEARCH,Codex AI-assisted first-pass coding; independent human review pending,2026-10-07,,,
P81,Eloxalwerk Ludwigsburg Helmut Zerrer GmbH,observed_transition_gap,targets_gap_score,3,5,vague own environmental ambition,B,S-P81-03,Current own resource/energy policy lacks dated roadmap in primary company/process/docs and exact-name energy/certificate/target checks. Customer coating durability not company decarbonisation target; internal absence unknown.,,AWAITING_HUMAN_REVIEW,Codex AI-assisted first-pass coding; independent human review pending,2026-10-07,,,
P81,Eloxalwerk Ludwigsburg Helmut Zerrer GmbH,observed_transition_gap,investment_gap_score,,5,UNKNOWN; no supported numeric anchor,UNKNOWN,S-P81-03,"Firm-specific public evidence reviewed. Own PEO/anodising/automated ultrasonic clean/geothermal;2000C coating resistance not process heating, no electric HP topology inferred. Missing public evidence is not proof of non-deployment; UNKNOWN remains UNKNOWN.","Dated completed energy-transition investment within2021-10-07 to2026-10-07; old projects, certificate renewal, crawl dates and undifferentiated capacity/wastewater expansion are insufficient. Own PEO/anodising/automated ultrasonic clean/geothermal;2000C coating resistance not process heating, no electric HP topology inferred.",NEEDS_RESEARCH,Codex AI-assisted first-pass coding; independent human review pending,2026-10-07,,,
P83,Gerbracht & Mönch Galvanotechnik GmbH,process_electrification_potential,temperature_fit_score,,10,UNKNOWN; no supported numeric anchor,UNKNOWN,S-P83-03,Firm-specific public evidence reviewed. Own automated rack/drum galvanics;555000EUR ministry capacity GRW grant not actual completed energy investment. Missing public evidence is not proof of non-deployment; UNKNOWN remains UNKNOWN.,"Actual process-heating temperatures and supported electric-heat fit, rather than part dimensions, cold maturation, material/customer ratings or historical boiler baselines. Own automated rack/drum galvanics;555000EUR ministry capacity GRW grant not actual completed energy investment.",NEEDS_RESEARCH,Codex AI-assisted first-pass coding; independent human review pending,2026-10-07,,,
P83,Gerbracht & Mönch Galvanotechnik GmbH,process_electrification_potential,process_electrification_score,,10,UNKNOWN; no supported numeric anchor,UNKNOWN,S-P83-03,Firm-specific public evidence reviewed. Own automated rack/drum galvanics;555000EUR ministry capacity GRW grant not actual completed energy investment. Missing public evidence is not proof of non-deployment; UNKNOWN remains UNKNOWN.,"Named own actual/planned electric thermal route; electrochemical coating, generic production or customer energy applications alone do not establish electric process heat. Own automated rack/drum galvanics;555000EUR ministry capacity GRW grant not actual completed energy investment.",NEEDS_RESEARCH,Codex AI-assisted first-pass coding; independent human review pending,2026-10-07,,,
P83,Gerbracht & Mönch Galvanotechnik GmbH,process_electrification_potential,fossil_heat_displacement_score,,5,UNKNOWN; no supported numeric anchor,UNKNOWN,S-P83-03,Firm-specific public evidence reviewed. Own automated rack/drum galvanics;555000EUR ministry capacity GRW grant not actual completed energy investment. Missing public evidence is not proof of non-deployment; UNKNOWN remains UNKNOWN.,"Actual current fossil thermal carrier, centrality and displacement materiality; unspecified CHP/ovens and historic gas baselines do not establish remaining fuel mix. Own automated rack/drum galvanics;555000EUR ministry capacity GRW grant not actual completed energy investment.",NEEDS_RESEARCH,Codex AI-assisted first-pass coding; independent human review pending,2026-10-07,,,
P83,Gerbracht & Mönch Galvanotechnik GmbH,power_electronics_relevance,motor_drive_score,2,8,limited actual carrier/drum drives,C,S-P83-02,"Owned automatic rack/drum plating supports limited drives as engineering inference; no ratings/intensity from dimensions, grants or staff.",,AWAITING_HUMAN_REVIEW,Codex AI-assisted first-pass coding; independent human review pending,2026-10-07,,,
P83,Gerbracht & Mönch Galvanotechnik GmbH,power_electronics_relevance,power_conversion_score,5,8,one material owned galvanic conversion case,C,S-P83-02,Actual own zinc/nickel/anodising services support material DC rectification by engineering inference; chemical nickel alone not rectification or electric process heat.,,AWAITING_HUMAN_REVIEW,Codex AI-assisted first-pass coding; independent human review pending,2026-10-07,,,
P83,Gerbracht & Mönch Galvanotechnik GmbH,power_electronics_relevance,automation_control_score,3,4,clear actual automatic lines,B,S-P83-02,Current own automatic rack coating/anodising supports clear process control; ministry futurecapacity not current installed energy-management architecture.,,AWAITING_HUMAN_REVIEW,Codex AI-assisted first-pass coding; independent human review pending,2026-10-07,,,
P83,Gerbracht & Mönch Galvanotechnik GmbH,load_flexibility_potential,scheduling_flex_score,,8,UNKNOWN; no supported numeric anchor,UNKNOWN,S-P83-03,Firm-specific public evidence reviewed. Own automated rack/drum galvanics;555000EUR ministry capacity GRW grant not actual completed energy investment. Missing public evidence is not proof of non-deployment; UNKNOWN remains UNKNOWN.,"Admissible operating/start/interruption windows and actual buffers; product maturation, process cycles or programmable furnace recipes are not dispatch permission. Own automated rack/drum galvanics;555000EUR ministry capacity GRW grant not actual completed energy investment.",NEEDS_RESEARCH,Codex AI-assisted first-pass coding; independent human review pending,2026-10-07,,,
P83,Gerbracht & Mönch Galvanotechnik GmbH,load_flexibility_potential,thermal_storage_flex_score,,7,UNKNOWN; no supported numeric anchor,UNKNOWN,S-P83-03,Firm-specific public evidence reviewed. Own automated rack/drum galvanics;555000EUR ministry capacity GRW grant not actual completed energy investment. Missing public evidence is not proof of non-deployment; UNKNOWN remains UNKNOWN.,"Named own usable heat/cold store or validated thermal inertia with operating window; cooling, absorption chilling, production tanks and glass melt mass alone do not establish storage. Own automated rack/drum galvanics;555000EUR ministry capacity GRW grant not actual completed energy investment.",NEEDS_RESEARCH,Codex AI-assisted first-pass coding; independent human review pending,2026-10-07,,,
P83,Gerbracht & Mönch Galvanotechnik GmbH,grid_power_quality_relevance,incremental_load_score,,8,UNKNOWN; no supported numeric anchor,UNKNOWN,S-P83-03,Firm-specific public evidence reviewed. Own automated rack/drum galvanics;555000EUR ministry capacity GRW grant not actual completed energy investment. Missing public evidence is not proof of non-deployment; UNKNOWN remains UNKNOWN.,"Defined additional thermal electrification route and ordinal new-load materiality; existing electric assets, PV expansion and EV charging are not an additional heat-route load. Own automated rack/drum galvanics;555000EUR ministry capacity GRW grant not actual completed energy investment.",NEEDS_RESEARCH,Codex AI-assisted first-pass coding; independent human review pending,2026-10-07,,,
P83,Gerbracht & Mönch Galvanotechnik GmbH,grid_power_quality_relevance,power_quality_score,1,4,possible plating conversion effects,C,S-P83-02,Actual galvanic context supports possible converter effects only; no measured network constraint.,,AWAITING_HUMAN_REVIEW,Codex AI-assisted first-pass coding; independent human review pending,2026-10-07,,,
P83,Gerbracht & Mönch Galvanotechnik GmbH,grid_power_quality_relevance,onsite_integration_score,,3,UNKNOWN; no supported numeric anchor,UNKNOWN,S-P83-03,Firm-specific public evidence reviewed. Own automated rack/drum galvanics;555000EUR ministry capacity GRW grant not actual completed energy investment. Missing public evidence is not proof of non-deployment; UNKNOWN remains UNKNOWN.,Own PV/battery/microgrid/load-management use case and actual integration; supplier green power and customer applications are not own deployment. Own automated rack/drum galvanics;555000EUR ministry capacity GRW grant not actual completed energy investment.,NEEDS_RESEARCH,Codex AI-assisted first-pass coding; independent human review pending,2026-10-07,,,
P83,Gerbracht & Mönch Galvanotechnik GmbH,observed_transition_gap,measures_gap_score,,10,UNKNOWN; no supported numeric anchor,UNKNOWN,S-P83-03,Firm-specific public evidence reviewed. Own automated rack/drum galvanics;555000EUR ministry capacity GRW grant not actual completed energy investment. Missing public evidence is not proof of non-deployment; UNKNOWN remains UNKNOWN.,"Current concrete plant energy-transition measures or adequate confirmed inventory; general sustainability, certification, customer products and historical pilots do not establish current deployment or absence. Own automated rack/drum galvanics;555000EUR ministry capacity GRW grant not actual completed energy investment.",NEEDS_RESEARCH,Codex AI-assisted first-pass coding; independent human review pending,2026-10-07,,,
P83,Gerbracht & Mönch Galvanotechnik GmbH,observed_transition_gap,management_gap_score,,5,UNKNOWN; no supported numeric anchor,UNKNOWN,S-P83-03,Firm-specific public evidence reviewed. Own automated rack/drum galvanics;555000EUR ministry capacity GRW grant not actual completed energy investment. Missing public evidence is not proof of non-deployment; UNKNOWN remains UNKNOWN.,"Current verified site EnMS/environmental system or bounded claim; ISO9001, an inaccessible/staging certificate page and missing evidence are not certified mature EnMS. Own automated rack/drum galvanics;555000EUR ministry capacity GRW grant not actual completed energy investment.",NEEDS_RESEARCH,Codex AI-assisted first-pass coding; independent human review pending,2026-10-07,,,
P83,Gerbracht & Mönch Galvanotechnik GmbH,observed_transition_gap,targets_gap_score,5,5,no attributed public energy target after defined checks,B,S-P83-01 | S-P83-02 | S-P83-03,Own company/process/docs and exact-name primary energy/certification/target checks found no attributed dated energy target.555000EUR GRWcapacity grant and generic efficient processes not energy roadmap; internal absence unknown.,,AWAITING_HUMAN_REVIEW,Codex AI-assisted first-pass coding; independent human review pending,2026-10-07,,,
P83,Gerbracht & Mönch Galvanotechnik GmbH,observed_transition_gap,investment_gap_score,,5,UNKNOWN; no supported numeric anchor,UNKNOWN,S-P83-03,Firm-specific public evidence reviewed. Own automated rack/drum galvanics;555000EUR ministry capacity GRW grant not actual completed energy investment. Missing public evidence is not proof of non-deployment; UNKNOWN remains UNKNOWN.,"Dated completed energy-transition investment within2021-10-07 to2026-10-07; old projects, certificate renewal, crawl dates and undifferentiated capacity/wastewater expansion are insufficient. Own automated rack/drum galvanics;555000EUR ministry capacity GRW grant not actual completed energy investment.",NEEDS_RESEARCH,Codex AI-assisted first-pass coding; independent human review pending,2026-10-07,,,
P84,Sauer Oberflächentechnik GmbH,process_electrification_potential,temperature_fit_score,,10,UNKNOWN; no supported numeric anchor,UNKNOWN,S-P84-03,"Firm-specific public evidence reviewed. Own Durst powder line2019/2020; part dimensions/traverse masses/shift/customer flexibility not heat, drive or dispatch evidence. Missing public evidence is not proof of non-deployment; UNKNOWN remains UNKNOWN.","Actual process-heating temperatures and supported electric-heat fit, rather than part dimensions, cold maturation, material/customer ratings or historical boiler baselines. Own Durst powder line2019/2020; part dimensions/traverse masses/shift/customer flexibility not heat, drive or dispatch evidence.",NEEDS_RESEARCH,Codex AI-assisted first-pass coding; independent human review pending,2026-10-07,,,
P84,Sauer Oberflächentechnik GmbH,process_electrification_potential,process_electrification_score,,10,UNKNOWN; no supported numeric anchor,UNKNOWN,S-P84-03,"Firm-specific public evidence reviewed. Own Durst powder line2019/2020; part dimensions/traverse masses/shift/customer flexibility not heat, drive or dispatch evidence. Missing public evidence is not proof of non-deployment; UNKNOWN remains UNKNOWN.","Named own actual/planned electric thermal route; electrochemical coating, generic production or customer energy applications alone do not establish electric process heat. Own Durst powder line2019/2020; part dimensions/traverse masses/shift/customer flexibility not heat, drive or dispatch evidence.",NEEDS_RESEARCH,Codex AI-assisted first-pass coding; independent human review pending,2026-10-07,,,
P84,Sauer Oberflächentechnik GmbH,process_electrification_potential,fossil_heat_displacement_score,,5,UNKNOWN; no supported numeric anchor,UNKNOWN,S-P84-03,"Firm-specific public evidence reviewed. Own Durst powder line2019/2020; part dimensions/traverse masses/shift/customer flexibility not heat, drive or dispatch evidence. Missing public evidence is not proof of non-deployment; UNKNOWN remains UNKNOWN.","Actual current fossil thermal carrier, centrality and displacement materiality; unspecified CHP/ovens and historic gas baselines do not establish remaining fuel mix. Own Durst powder line2019/2020; part dimensions/traverse masses/shift/customer flexibility not heat, drive or dispatch evidence.",NEEDS_RESEARCH,Codex AI-assisted first-pass coding; independent human review pending,2026-10-07,,,
P84,Sauer Oberflächentechnik GmbH,power_electronics_relevance,motor_drive_score,,8,UNKNOWN; no supported numeric anchor,UNKNOWN,S-P84-03,"Firm-specific public evidence reviewed. Own Durst powder line2019/2020; part dimensions/traverse masses/shift/customer flexibility not heat, drive or dispatch evidence. Missing public evidence is not proof of non-deployment; UNKNOWN remains UNKNOWN.","Named current owned motor/pump/compressor/drive applications and their materiality; production sector and historical steam/ice machines alone are insufficient. Own Durst powder line2019/2020; part dimensions/traverse masses/shift/customer flexibility not heat, drive or dispatch evidence.",NEEDS_RESEARCH,Codex AI-assisted first-pass coding; independent human review pending,2026-10-07,,,
P84,Sauer Oberflächentechnik GmbH,power_electronics_relevance,power_conversion_score,,8,UNKNOWN; no supported numeric anchor,UNKNOWN,S-P84-03,"Firm-specific public evidence reviewed. Own Durst powder line2019/2020; part dimensions/traverse masses/shift/customer flexibility not heat, drive or dispatch evidence. Missing public evidence is not proof of non-deployment; UNKNOWN remains UNKNOWN.","Named current own material rectifier/converter/controlled-heat use case; customer product applications, AC charging sockets and unspecified machine carriers are insufficient. Own Durst powder line2019/2020; part dimensions/traverse masses/shift/customer flexibility not heat, drive or dispatch evidence.",NEEDS_RESEARCH,Codex AI-assisted first-pass coding; independent human review pending,2026-10-07,,,
P84,Sauer Oberflächentechnik GmbH,power_electronics_relevance,automation_control_score,,4,UNKNOWN; no supported numeric anchor,UNKNOWN,S-P84-03,"Firm-specific public evidence reviewed. Own Durst powder line2019/2020; part dimensions/traverse masses/shift/customer flexibility not heat, drive or dispatch evidence. Missing public evidence is not proof of non-deployment; UNKNOWN remains UNKNOWN.","Actual current owned sensing/control applications and coordination; generic modernity or staging-site claims need corroboration. Own Durst powder line2019/2020; part dimensions/traverse masses/shift/customer flexibility not heat, drive or dispatch evidence.",NEEDS_RESEARCH,Codex AI-assisted first-pass coding; independent human review pending,2026-10-07,,,
P84,Sauer Oberflächentechnik GmbH,load_flexibility_potential,scheduling_flex_score,,8,UNKNOWN; no supported numeric anchor,UNKNOWN,S-P84-03,"Firm-specific public evidence reviewed. Own Durst powder line2019/2020; part dimensions/traverse masses/shift/customer flexibility not heat, drive or dispatch evidence. Missing public evidence is not proof of non-deployment; UNKNOWN remains UNKNOWN.","Admissible operating/start/interruption windows and actual buffers; product maturation, process cycles or programmable furnace recipes are not dispatch permission. Own Durst powder line2019/2020; part dimensions/traverse masses/shift/customer flexibility not heat, drive or dispatch evidence.",NEEDS_RESEARCH,Codex AI-assisted first-pass coding; independent human review pending,2026-10-07,,,
P84,Sauer Oberflächentechnik GmbH,load_flexibility_potential,thermal_storage_flex_score,,7,UNKNOWN; no supported numeric anchor,UNKNOWN,S-P84-03,"Firm-specific public evidence reviewed. Own Durst powder line2019/2020; part dimensions/traverse masses/shift/customer flexibility not heat, drive or dispatch evidence. Missing public evidence is not proof of non-deployment; UNKNOWN remains UNKNOWN.","Named own usable heat/cold store or validated thermal inertia with operating window; cooling, absorption chilling, production tanks and glass melt mass alone do not establish storage. Own Durst powder line2019/2020; part dimensions/traverse masses/shift/customer flexibility not heat, drive or dispatch evidence.",NEEDS_RESEARCH,Codex AI-assisted first-pass coding; independent human review pending,2026-10-07,,,
P84,Sauer Oberflächentechnik GmbH,grid_power_quality_relevance,incremental_load_score,,8,UNKNOWN; no supported numeric anchor,UNKNOWN,S-P84-03,"Firm-specific public evidence reviewed. Own Durst powder line2019/2020; part dimensions/traverse masses/shift/customer flexibility not heat, drive or dispatch evidence. Missing public evidence is not proof of non-deployment; UNKNOWN remains UNKNOWN.","Defined additional thermal electrification route and ordinal new-load materiality; existing electric assets, PV expansion and EV charging are not an additional heat-route load. Own Durst powder line2019/2020; part dimensions/traverse masses/shift/customer flexibility not heat, drive or dispatch evidence.",NEEDS_RESEARCH,Codex AI-assisted first-pass coding; independent human review pending,2026-10-07,,,
P84,Sauer Oberflächentechnik GmbH,grid_power_quality_relevance,power_quality_score,,4,UNKNOWN; no supported numeric anchor,UNKNOWN,S-P84-03,"Firm-specific public evidence reviewed. Own Durst powder line2019/2020; part dimensions/traverse masses/shift/customer flexibility not heat, drive or dispatch evidence. Missing public evidence is not proof of non-deployment; UNKNOWN remains UNKNOWN.","Current firm-specific converter/peak/reactive-power signals; grid connection or a transformer alone is not a measured power-quality issue. Own Durst powder line2019/2020; part dimensions/traverse masses/shift/customer flexibility not heat, drive or dispatch evidence.",NEEDS_RESEARCH,Codex AI-assisted first-pass coding; independent human review pending,2026-10-07,,,
P84,Sauer Oberflächentechnik GmbH,grid_power_quality_relevance,onsite_integration_score,,3,UNKNOWN; no supported numeric anchor,UNKNOWN,S-P84-03,"Firm-specific public evidence reviewed. Own Durst powder line2019/2020; part dimensions/traverse masses/shift/customer flexibility not heat, drive or dispatch evidence. Missing public evidence is not proof of non-deployment; UNKNOWN remains UNKNOWN.","Own PV/battery/microgrid/load-management use case and actual integration; supplier green power and customer applications are not own deployment. Own Durst powder line2019/2020; part dimensions/traverse masses/shift/customer flexibility not heat, drive or dispatch evidence.",NEEDS_RESEARCH,Codex AI-assisted first-pass coding; independent human review pending,2026-10-07,,,
P84,Sauer Oberflächentechnik GmbH,observed_transition_gap,measures_gap_score,,10,UNKNOWN; no supported numeric anchor,UNKNOWN,S-P84-03,"Firm-specific public evidence reviewed. Own Durst powder line2019/2020; part dimensions/traverse masses/shift/customer flexibility not heat, drive or dispatch evidence. Missing public evidence is not proof of non-deployment; UNKNOWN remains UNKNOWN.","Current concrete plant energy-transition measures or adequate confirmed inventory; general sustainability, certification, customer products and historical pilots do not establish current deployment or absence. Own Durst powder line2019/2020; part dimensions/traverse masses/shift/customer flexibility not heat, drive or dispatch evidence.",NEEDS_RESEARCH,Codex AI-assisted first-pass coding; independent human review pending,2026-10-07,,,
P84,Sauer Oberflächentechnik GmbH,observed_transition_gap,management_gap_score,,5,UNKNOWN; no supported numeric anchor,UNKNOWN,S-P84-03,"Firm-specific public evidence reviewed. Own Durst powder line2019/2020; part dimensions/traverse masses/shift/customer flexibility not heat, drive or dispatch evidence. Missing public evidence is not proof of non-deployment; UNKNOWN remains UNKNOWN.","Current verified site EnMS/environmental system or bounded claim; ISO9001, an inaccessible/staging certificate page and missing evidence are not certified mature EnMS. Own Durst powder line2019/2020; part dimensions/traverse masses/shift/customer flexibility not heat, drive or dispatch evidence.",NEEDS_RESEARCH,Codex AI-assisted first-pass coding; independent human review pending,2026-10-07,,,
P84,Sauer Oberflächentechnik GmbH,observed_transition_gap,targets_gap_score,3,5,vague own efficiency/resource ambition,B,S-P84-02 | S-P84-03 | S-P84-04,Own powder-line efficiency/resource claim lacks dated energy roadmap in company/process/docs/exact-name primary energy/certificate checks. Customer flexibility and2019/2020site construction not energy targets; internal absence unknown.,,AWAITING_HUMAN_REVIEW,Codex AI-assisted first-pass coding; independent human review pending,2026-10-07,,,
P84,Sauer Oberflächentechnik GmbH,observed_transition_gap,investment_gap_score,,5,UNKNOWN; no supported numeric anchor,UNKNOWN,S-P84-03,"Firm-specific public evidence reviewed. Own Durst powder line2019/2020; part dimensions/traverse masses/shift/customer flexibility not heat, drive or dispatch evidence. Missing public evidence is not proof of non-deployment; UNKNOWN remains UNKNOWN.","Dated completed energy-transition investment within2021-10-07 to2026-10-07; old projects, certificate renewal, crawl dates and undifferentiated capacity/wastewater expansion are insufficient. Own Durst powder line2019/2020; part dimensions/traverse masses/shift/customer flexibility not heat, drive or dispatch evidence.",NEEDS_RESEARCH,Codex AI-assisted first-pass coding; independent human review pending,2026-10-07,,,
P87,Ceramany GmbH,process_electrification_potential,temperature_fit_score,,10,UNKNOWN; no supported numeric anchor,UNKNOWN,S-P87-03,"Firm-specific public evidence reviewed. German Menden entity versus foreign Yixing holders/sites: production/assets/staff/energy attribution unresolved. ISO9001 body2026-2029 despite old filename, not German energy certification. Missing public evidence is not proof of non-deployment; UNKNOWN remains UNKNOWN.","Actual process-heating temperatures and supported electric-heat fit, rather than part dimensions, cold maturation, material/customer ratings or historical boiler baselines. German Menden entity versus foreign Yixing holders/sites: production/assets/staff/energy attribution unresolved. ISO9001 body2026-2029 despite old filename, not German energy certification.",NEEDS_RESEARCH,Codex AI-assisted first-pass coding; independent human review pending,2026-10-07,,,
P87,Ceramany GmbH,process_electrification_potential,process_electrification_score,,10,UNKNOWN; no supported numeric anchor,UNKNOWN,S-P87-03,"Firm-specific public evidence reviewed. German Menden entity versus foreign Yixing holders/sites: production/assets/staff/energy attribution unresolved. ISO9001 body2026-2029 despite old filename, not German energy certification. Missing public evidence is not proof of non-deployment; UNKNOWN remains UNKNOWN.","Named own actual/planned electric thermal route; electrochemical coating, generic production or customer energy applications alone do not establish electric process heat. German Menden entity versus foreign Yixing holders/sites: production/assets/staff/energy attribution unresolved. ISO9001 body2026-2029 despite old filename, not German energy certification.",NEEDS_RESEARCH,Codex AI-assisted first-pass coding; independent human review pending,2026-10-07,,,
P87,Ceramany GmbH,process_electrification_potential,fossil_heat_displacement_score,,5,UNKNOWN; no supported numeric anchor,UNKNOWN,S-P87-03,"Firm-specific public evidence reviewed. German Menden entity versus foreign Yixing holders/sites: production/assets/staff/energy attribution unresolved. ISO9001 body2026-2029 despite old filename, not German energy certification. Missing public evidence is not proof of non-deployment; UNKNOWN remains UNKNOWN.","Actual current fossil thermal carrier, centrality and displacement materiality; unspecified CHP/ovens and historic gas baselines do not establish remaining fuel mix. German Menden entity versus foreign Yixing holders/sites: production/assets/staff/energy attribution unresolved. ISO9001 body2026-2029 despite old filename, not German energy certification.",NEEDS_RESEARCH,Codex AI-assisted first-pass coding; independent human review pending,2026-10-07,,,
P87,Ceramany GmbH,power_electronics_relevance,motor_drive_score,,8,UNKNOWN; no supported numeric anchor,UNKNOWN,S-P87-03,"Firm-specific public evidence reviewed. German Menden entity versus foreign Yixing holders/sites: production/assets/staff/energy attribution unresolved. ISO9001 body2026-2029 despite old filename, not German energy certification. Missing public evidence is not proof of non-deployment; UNKNOWN remains UNKNOWN.","Named current owned motor/pump/compressor/drive applications and their materiality; production sector and historical steam/ice machines alone are insufficient. German Menden entity versus foreign Yixing holders/sites: production/assets/staff/energy attribution unresolved. ISO9001 body2026-2029 despite old filename, not German energy certification.",NEEDS_RESEARCH,Codex AI-assisted first-pass coding; independent human review pending,2026-10-07,,,
P87,Ceramany GmbH,power_electronics_relevance,power_conversion_score,,8,UNKNOWN; no supported numeric anchor,UNKNOWN,S-P87-03,"Firm-specific public evidence reviewed. German Menden entity versus foreign Yixing holders/sites: production/assets/staff/energy attribution unresolved. ISO9001 body2026-2029 despite old filename, not German energy certification. Missing public evidence is not proof of non-deployment; UNKNOWN remains UNKNOWN.","Named current own material rectifier/converter/controlled-heat use case; customer product applications, AC charging sockets and unspecified machine carriers are insufficient. German Menden entity versus foreign Yixing holders/sites: production/assets/staff/energy attribution unresolved. ISO9001 body2026-2029 despite old filename, not German energy certification.",NEEDS_RESEARCH,Codex AI-assisted first-pass coding; independent human review pending,2026-10-07,,,
P87,Ceramany GmbH,power_electronics_relevance,automation_control_score,,4,UNKNOWN; no supported numeric anchor,UNKNOWN,S-P87-03,"Firm-specific public evidence reviewed. German Menden entity versus foreign Yixing holders/sites: production/assets/staff/energy attribution unresolved. ISO9001 body2026-2029 despite old filename, not German energy certification. Missing public evidence is not proof of non-deployment; UNKNOWN remains UNKNOWN.","Actual current owned sensing/control applications and coordination; generic modernity or staging-site claims need corroboration. German Menden entity versus foreign Yixing holders/sites: production/assets/staff/energy attribution unresolved. ISO9001 body2026-2029 despite old filename, not German energy certification.",NEEDS_RESEARCH,Codex AI-assisted first-pass coding; independent human review pending,2026-10-07,,,
P87,Ceramany GmbH,load_flexibility_potential,scheduling_flex_score,,8,UNKNOWN; no supported numeric anchor,UNKNOWN,S-P87-03,"Firm-specific public evidence reviewed. German Menden entity versus foreign Yixing holders/sites: production/assets/staff/energy attribution unresolved. ISO9001 body2026-2029 despite old filename, not German energy certification. Missing public evidence is not proof of non-deployment; UNKNOWN remains UNKNOWN.","Admissible operating/start/interruption windows and actual buffers; product maturation, process cycles or programmable furnace recipes are not dispatch permission. German Menden entity versus foreign Yixing holders/sites: production/assets/staff/energy attribution unresolved. ISO9001 body2026-2029 despite old filename, not German energy certification.",NEEDS_RESEARCH,Codex AI-assisted first-pass coding; independent human review pending,2026-10-07,,,
P87,Ceramany GmbH,load_flexibility_potential,thermal_storage_flex_score,,7,UNKNOWN; no supported numeric anchor,UNKNOWN,S-P87-03,"Firm-specific public evidence reviewed. German Menden entity versus foreign Yixing holders/sites: production/assets/staff/energy attribution unresolved. ISO9001 body2026-2029 despite old filename, not German energy certification. Missing public evidence is not proof of non-deployment; UNKNOWN remains UNKNOWN.","Named own usable heat/cold store or validated thermal inertia with operating window; cooling, absorption chilling, production tanks and glass melt mass alone do not establish storage. German Menden entity versus foreign Yixing holders/sites: production/assets/staff/energy attribution unresolved. ISO9001 body2026-2029 despite old filename, not German energy certification.",NEEDS_RESEARCH,Codex AI-assisted first-pass coding; independent human review pending,2026-10-07,,,
P87,Ceramany GmbH,grid_power_quality_relevance,incremental_load_score,,8,UNKNOWN; no supported numeric anchor,UNKNOWN,S-P87-03,"Firm-specific public evidence reviewed. German Menden entity versus foreign Yixing holders/sites: production/assets/staff/energy attribution unresolved. ISO9001 body2026-2029 despite old filename, not German energy certification. Missing public evidence is not proof of non-deployment; UNKNOWN remains UNKNOWN.","Defined additional thermal electrification route and ordinal new-load materiality; existing electric assets, PV expansion and EV charging are not an additional heat-route load. German Menden entity versus foreign Yixing holders/sites: production/assets/staff/energy attribution unresolved. ISO9001 body2026-2029 despite old filename, not German energy certification.",NEEDS_RESEARCH,Codex AI-assisted first-pass coding; independent human review pending,2026-10-07,,,
P87,Ceramany GmbH,grid_power_quality_relevance,power_quality_score,,4,UNKNOWN; no supported numeric anchor,UNKNOWN,S-P87-03,"Firm-specific public evidence reviewed. German Menden entity versus foreign Yixing holders/sites: production/assets/staff/energy attribution unresolved. ISO9001 body2026-2029 despite old filename, not German energy certification. Missing public evidence is not proof of non-deployment; UNKNOWN remains UNKNOWN.","Current firm-specific converter/peak/reactive-power signals; grid connection or a transformer alone is not a measured power-quality issue. German Menden entity versus foreign Yixing holders/sites: production/assets/staff/energy attribution unresolved. ISO9001 body2026-2029 despite old filename, not German energy certification.",NEEDS_RESEARCH,Codex AI-assisted first-pass coding; independent human review pending,2026-10-07,,,
P87,Ceramany GmbH,grid_power_quality_relevance,onsite_integration_score,,3,UNKNOWN; no supported numeric anchor,UNKNOWN,S-P87-03,"Firm-specific public evidence reviewed. German Menden entity versus foreign Yixing holders/sites: production/assets/staff/energy attribution unresolved. ISO9001 body2026-2029 despite old filename, not German energy certification. Missing public evidence is not proof of non-deployment; UNKNOWN remains UNKNOWN.","Own PV/battery/microgrid/load-management use case and actual integration; supplier green power and customer applications are not own deployment. German Menden entity versus foreign Yixing holders/sites: production/assets/staff/energy attribution unresolved. ISO9001 body2026-2029 despite old filename, not German energy certification.",NEEDS_RESEARCH,Codex AI-assisted first-pass coding; independent human review pending,2026-10-07,,,
P87,Ceramany GmbH,observed_transition_gap,measures_gap_score,,10,UNKNOWN; no supported numeric anchor,UNKNOWN,S-P87-03,"Firm-specific public evidence reviewed. German Menden entity versus foreign Yixing holders/sites: production/assets/staff/energy attribution unresolved. ISO9001 body2026-2029 despite old filename, not German energy certification. Missing public evidence is not proof of non-deployment; UNKNOWN remains UNKNOWN.","Current concrete plant energy-transition measures or adequate confirmed inventory; general sustainability, certification, customer products and historical pilots do not establish current deployment or absence. German Menden entity versus foreign Yixing holders/sites: production/assets/staff/energy attribution unresolved. ISO9001 body2026-2029 despite old filename, not German energy certification.",NEEDS_RESEARCH,Codex AI-assisted first-pass coding; independent human review pending,2026-10-07,,,
P87,Ceramany GmbH,observed_transition_gap,management_gap_score,,5,UNKNOWN; no supported numeric anchor,UNKNOWN,S-P87-03,"Firm-specific public evidence reviewed. German Menden entity versus foreign Yixing holders/sites: production/assets/staff/energy attribution unresolved. ISO9001 body2026-2029 despite old filename, not German energy certification. Missing public evidence is not proof of non-deployment; UNKNOWN remains UNKNOWN.","Current verified site EnMS/environmental system or bounded claim; ISO9001, an inaccessible/staging certificate page and missing evidence are not certified mature EnMS. German Menden entity versus foreign Yixing holders/sites: production/assets/staff/energy attribution unresolved. ISO9001 body2026-2029 despite old filename, not German energy certification.",NEEDS_RESEARCH,Codex AI-assisted first-pass coding; independent human review pending,2026-10-07,,,
P87,Ceramany GmbH,observed_transition_gap,targets_gap_score,,5,UNKNOWN; no supported numeric anchor,UNKNOWN,S-P87-03,"Firm-specific public evidence reviewed. German Menden entity versus foreign Yixing holders/sites: production/assets/staff/energy attribution unresolved. ISO9001 body2026-2029 despite old filename, not German energy certification. Missing public evidence is not proof of non-deployment; UNKNOWN remains UNKNOWN.","Current attributed energy/decarbonisation target or bounded public-documentation ambition; historical/staging claims require current confirmation. German Menden entity versus foreign Yixing holders/sites: production/assets/staff/energy attribution unresolved. ISO9001 body2026-2029 despite old filename, not German energy certification.",NEEDS_RESEARCH,Codex AI-assisted first-pass coding; independent human review pending,2026-10-07,,,
P87,Ceramany GmbH,observed_transition_gap,investment_gap_score,,5,UNKNOWN; no supported numeric anchor,UNKNOWN,S-P87-03,"Firm-specific public evidence reviewed. German Menden entity versus foreign Yixing holders/sites: production/assets/staff/energy attribution unresolved. ISO9001 body2026-2029 despite old filename, not German energy certification. Missing public evidence is not proof of non-deployment; UNKNOWN remains UNKNOWN.","Dated completed energy-transition investment within2021-10-07 to2026-10-07; old projects, certificate renewal, crawl dates and undifferentiated capacity/wastewater expansion are insufficient. German Menden entity versus foreign Yixing holders/sites: production/assets/staff/energy attribution unresolved. ISO9001 body2026-2029 despite old filename, not German energy certification.",NEEDS_RESEARCH,Codex AI-assisted first-pass coding; independent human review pending,2026-10-07,,,
P90,InnoKeramik & Technik GmbH,process_electrification_potential,temperature_fit_score,,10,UNKNOWN; no supported numeric anchor,UNKNOWN,S-P90-03,Firm-specific public evidence reviewed. Own cold finishing centre for purchased plates; supplier KITO firing>1200C/15000t pressing and customer machine sales not own kiln/control. Missing public evidence is not proof of non-deployment; UNKNOWN remains UNKNOWN.,"Actual process-heating temperatures and supported electric-heat fit, rather than part dimensions, cold maturation, material/customer ratings or historical boiler baselines. Own cold finishing centre for purchased plates; supplier KITO firing>1200C/15000t pressing and customer machine sales not own kiln/control.",NEEDS_RESEARCH,Codex AI-assisted first-pass coding; independent human review pending,2026-10-07,,,
P90,InnoKeramik & Technik GmbH,process_electrification_potential,process_electrification_score,,10,UNKNOWN; no supported numeric anchor,UNKNOWN,S-P90-03,Firm-specific public evidence reviewed. Own cold finishing centre for purchased plates; supplier KITO firing>1200C/15000t pressing and customer machine sales not own kiln/control. Missing public evidence is not proof of non-deployment; UNKNOWN remains UNKNOWN.,"Named own actual/planned electric thermal route; electrochemical coating, generic production or customer energy applications alone do not establish electric process heat. Own cold finishing centre for purchased plates; supplier KITO firing>1200C/15000t pressing and customer machine sales not own kiln/control.",NEEDS_RESEARCH,Codex AI-assisted first-pass coding; independent human review pending,2026-10-07,,,
P90,InnoKeramik & Technik GmbH,process_electrification_potential,fossil_heat_displacement_score,,5,UNKNOWN; no supported numeric anchor,UNKNOWN,S-P90-03,Firm-specific public evidence reviewed. Own cold finishing centre for purchased plates; supplier KITO firing>1200C/15000t pressing and customer machine sales not own kiln/control. Missing public evidence is not proof of non-deployment; UNKNOWN remains UNKNOWN.,"Actual current fossil thermal carrier, centrality and displacement materiality; unspecified CHP/ovens and historic gas baselines do not establish remaining fuel mix. Own cold finishing centre for purchased plates; supplier KITO firing>1200C/15000t pressing and customer machine sales not own kiln/control.",NEEDS_RESEARCH,Codex AI-assisted first-pass coding; independent human review pending,2026-10-07,,,
P90,InnoKeramik & Technik GmbH,power_electronics_relevance,motor_drive_score,2,8,limited actual own cold-machining drives,C,S-P90-03 | S-P90-04,"Company expressly owns plate-finishing centre for worktops/stairs/windows. Limited mechanical-drive relevance as engineering inference; exact own machine list unresolved, partner CNC/waterjet sales not intensive owned-drive count.",,AWAITING_HUMAN_REVIEW,Codex AI-assisted first-pass coding; independent human review pending,2026-10-07,,,
P90,InnoKeramik & Technik GmbH,power_electronics_relevance,power_conversion_score,,8,UNKNOWN; no supported numeric anchor,UNKNOWN,S-P90-03,Firm-specific public evidence reviewed. Own cold finishing centre for purchased plates; supplier KITO firing>1200C/15000t pressing and customer machine sales not own kiln/control. Missing public evidence is not proof of non-deployment; UNKNOWN remains UNKNOWN.,"Named current own material rectifier/converter/controlled-heat use case; customer product applications, AC charging sockets and unspecified machine carriers are insufficient. Own cold finishing centre for purchased plates; supplier KITO firing>1200C/15000t pressing and customer machine sales not own kiln/control.",NEEDS_RESEARCH,Codex AI-assisted first-pass coding; independent human review pending,2026-10-07,,,
P90,InnoKeramik & Technik GmbH,power_electronics_relevance,automation_control_score,,4,UNKNOWN; no supported numeric anchor,UNKNOWN,S-P90-03,Firm-specific public evidence reviewed. Own cold finishing centre for purchased plates; supplier KITO firing>1200C/15000t pressing and customer machine sales not own kiln/control. Missing public evidence is not proof of non-deployment; UNKNOWN remains UNKNOWN.,Actual current owned sensing/control applications and coordination; generic modernity or staging-site claims need corroboration. Own cold finishing centre for purchased plates; supplier KITO firing>1200C/15000t pressing and customer machine sales not own kiln/control.,NEEDS_RESEARCH,Codex AI-assisted first-pass coding; independent human review pending,2026-10-07,,,
P90,InnoKeramik & Technik GmbH,load_flexibility_potential,scheduling_flex_score,,8,UNKNOWN; no supported numeric anchor,UNKNOWN,S-P90-03,Firm-specific public evidence reviewed. Own cold finishing centre for purchased plates; supplier KITO firing>1200C/15000t pressing and customer machine sales not own kiln/control. Missing public evidence is not proof of non-deployment; UNKNOWN remains UNKNOWN.,"Admissible operating/start/interruption windows and actual buffers; product maturation, process cycles or programmable furnace recipes are not dispatch permission. Own cold finishing centre for purchased plates; supplier KITO firing>1200C/15000t pressing and customer machine sales not own kiln/control.",NEEDS_RESEARCH,Codex AI-assisted first-pass coding; independent human review pending,2026-10-07,,,
P90,InnoKeramik & Technik GmbH,load_flexibility_potential,thermal_storage_flex_score,,7,UNKNOWN; no supported numeric anchor,UNKNOWN,S-P90-03,Firm-specific public evidence reviewed. Own cold finishing centre for purchased plates; supplier KITO firing>1200C/15000t pressing and customer machine sales not own kiln/control. Missing public evidence is not proof of non-deployment; UNKNOWN remains UNKNOWN.,"Named own usable heat/cold store or validated thermal inertia with operating window; cooling, absorption chilling, production tanks and glass melt mass alone do not establish storage. Own cold finishing centre for purchased plates; supplier KITO firing>1200C/15000t pressing and customer machine sales not own kiln/control.",NEEDS_RESEARCH,Codex AI-assisted first-pass coding; independent human review pending,2026-10-07,,,
P90,InnoKeramik & Technik GmbH,grid_power_quality_relevance,incremental_load_score,,8,UNKNOWN; no supported numeric anchor,UNKNOWN,S-P90-03,Firm-specific public evidence reviewed. Own cold finishing centre for purchased plates; supplier KITO firing>1200C/15000t pressing and customer machine sales not own kiln/control. Missing public evidence is not proof of non-deployment; UNKNOWN remains UNKNOWN.,"Defined additional thermal electrification route and ordinal new-load materiality; existing electric assets, PV expansion and EV charging are not an additional heat-route load. Own cold finishing centre for purchased plates; supplier KITO firing>1200C/15000t pressing and customer machine sales not own kiln/control.",NEEDS_RESEARCH,Codex AI-assisted first-pass coding; independent human review pending,2026-10-07,,,
P90,InnoKeramik & Technik GmbH,grid_power_quality_relevance,power_quality_score,,4,UNKNOWN; no supported numeric anchor,UNKNOWN,S-P90-03,Firm-specific public evidence reviewed. Own cold finishing centre for purchased plates; supplier KITO firing>1200C/15000t pressing and customer machine sales not own kiln/control. Missing public evidence is not proof of non-deployment; UNKNOWN remains UNKNOWN.,Current firm-specific converter/peak/reactive-power signals; grid connection or a transformer alone is not a measured power-quality issue. Own cold finishing centre for purchased plates; supplier KITO firing>1200C/15000t pressing and customer machine sales not own kiln/control.,NEEDS_RESEARCH,Codex AI-assisted first-pass coding; independent human review pending,2026-10-07,,,
P90,InnoKeramik & Technik GmbH,grid_power_quality_relevance,onsite_integration_score,,3,UNKNOWN; no supported numeric anchor,UNKNOWN,S-P90-03,Firm-specific public evidence reviewed. Own cold finishing centre for purchased plates; supplier KITO firing>1200C/15000t pressing and customer machine sales not own kiln/control. Missing public evidence is not proof of non-deployment; UNKNOWN remains UNKNOWN.,Own PV/battery/microgrid/load-management use case and actual integration; supplier green power and customer applications are not own deployment. Own cold finishing centre for purchased plates; supplier KITO firing>1200C/15000t pressing and customer machine sales not own kiln/control.,NEEDS_RESEARCH,Codex AI-assisted first-pass coding; independent human review pending,2026-10-07,,,
P90,InnoKeramik & Technik GmbH,observed_transition_gap,measures_gap_score,,10,UNKNOWN; no supported numeric anchor,UNKNOWN,S-P90-03,Firm-specific public evidence reviewed. Own cold finishing centre for purchased plates; supplier KITO firing>1200C/15000t pressing and customer machine sales not own kiln/control. Missing public evidence is not proof of non-deployment; UNKNOWN remains UNKNOWN.,"Current concrete plant energy-transition measures or adequate confirmed inventory; general sustainability, certification, customer products and historical pilots do not establish current deployment or absence. Own cold finishing centre for purchased plates; supplier KITO firing>1200C/15000t pressing and customer machine sales not own kiln/control.",NEEDS_RESEARCH,Codex AI-assisted first-pass coding; independent human review pending,2026-10-07,,,
P90,InnoKeramik & Technik GmbH,observed_transition_gap,management_gap_score,,5,UNKNOWN; no supported numeric anchor,UNKNOWN,S-P90-03,Firm-specific public evidence reviewed. Own cold finishing centre for purchased plates; supplier KITO firing>1200C/15000t pressing and customer machine sales not own kiln/control. Missing public evidence is not proof of non-deployment; UNKNOWN remains UNKNOWN.,"Current verified site EnMS/environmental system or bounded claim; ISO9001, an inaccessible/staging certificate page and missing evidence are not certified mature EnMS. Own cold finishing centre for purchased plates; supplier KITO firing>1200C/15000t pressing and customer machine sales not own kiln/control.",NEEDS_RESEARCH,Codex AI-assisted first-pass coding; independent human review pending,2026-10-07,,,
P90,InnoKeramik & Technik GmbH,observed_transition_gap,targets_gap_score,5,5,no own public energy target after defined checks,B,S-P90-01 | S-P90-03 | S-P90-04,Exact company/own-centre/partner/docs and public primary energy/certificate searches found no attributed own dated energy target. Partner efficiency/digital advice and supplier firing not company targets; internal absence not inferred.,,AWAITING_HUMAN_REVIEW,Codex AI-assisted first-pass coding; independent human review pending,2026-10-07,,,
P90,InnoKeramik & Technik GmbH,observed_transition_gap,investment_gap_score,,5,UNKNOWN; no supported numeric anchor,UNKNOWN,S-P90-03,Firm-specific public evidence reviewed. Own cold finishing centre for purchased plates; supplier KITO firing>1200C/15000t pressing and customer machine sales not own kiln/control. Missing public evidence is not proof of non-deployment; UNKNOWN remains UNKNOWN.,"Dated completed energy-transition investment within2021-10-07 to2026-10-07; old projects, certificate renewal, crawl dates and undifferentiated capacity/wastewater expansion are insufficient. Own cold finishing centre for purchased plates; supplier KITO firing>1200C/15000t pressing and customer machine sales not own kiln/control.",NEEDS_RESEARCH,Codex AI-assisted first-pass coding; independent human review pending,2026-10-07,,,
P91,Brauerei S. Riegele Inh. Riegele KG,process_electrification_potential,temperature_fit_score,,10,UNKNOWN; no supported numeric anchor,UNKNOWN,S-P91-03,"Firm-specific public evidence reviewed. Statement2025/data2024 signed2025-12-17 plus current EMASlist; actual2023forklift/2025PV, plans2026/2027not done;4.3MWh boiler Leistung unit inconsistent, not MW repaired. Missing public evidence is not proof of non-deployment; UNKNOWN remains UNKNOWN.","Actual process-heating temperatures and supported electric-heat fit, rather than part dimensions, cold maturation, material/customer ratings or historical boiler baselines. Statement2025/data2024 signed2025-12-17 plus current EMASlist; actual2023forklift/2025PV, plans2026/2027not done;4.3MWh boiler Leistung unit inconsistent, not MW repaired.",NEEDS_RESEARCH,Codex AI-assisted first-pass coding; independent human review pending,2026-10-07,,,
P91,Brauerei S. Riegele Inh. Riegele KG,process_electrification_potential,process_electrification_score,,10,UNKNOWN; no supported numeric anchor,UNKNOWN,S-P91-03,"Firm-specific public evidence reviewed. Statement2025/data2024 signed2025-12-17 plus current EMASlist; actual2023forklift/2025PV, plans2026/2027not done;4.3MWh boiler Leistung unit inconsistent, not MW repaired. Missing public evidence is not proof of non-deployment; UNKNOWN remains UNKNOWN.","Named own actual/planned electric thermal route; electrochemical coating, generic production or customer energy applications alone do not establish electric process heat. Statement2025/data2024 signed2025-12-17 plus current EMASlist; actual2023forklift/2025PV, plans2026/2027not done;4.3MWh boiler Leistung unit inconsistent, not MW repaired.",NEEDS_RESEARCH,Codex AI-assisted first-pass coding; independent human review pending,2026-10-07,,,
P91,Brauerei S. Riegele Inh. Riegele KG,process_electrification_potential,fossil_heat_displacement_score,5,5,central recent reported fossil process heat,B,S-P91-04,"Validated2025statement with2024data names gas-fired production steam boiler and6197MWh2024gas heat. Central reported fossil service;2026fuel quantities unverified. Source Leistung4.3MWh unit inconsistent, not repaired to MW or used as rated load.",,AWAITING_HUMAN_REVIEW,Codex AI-assisted first-pass coding; independent human review pending,2026-10-07,,,
P91,Brauerei S. Riegele Inh. Riegele KG,power_electronics_relevance,motor_drive_score,8,8,multiple actual own machinery drives,B,S-P91-04,"Current validated report names brewery pumps, refrigeration and8bar compressors plus bottling bands/drive motors. Multiple actual drives,8bar not motor rating.",,AWAITING_HUMAN_REVIEW,Codex AI-assisted first-pass coding; independent human review pending,2026-10-07,,,
P91,Brauerei S. Riegele Inh. Riegele KG,power_electronics_relevance,power_conversion_score,5,8,one material actual owned PV conversion case,C,S-P91-04,"Actual breweryPV since2014 and completedmid2025expansion support material conversion; future logcentrePV12/2025 table not automatically done, no kW from boiler typo.",,AWAITING_HUMAN_REVIEW,Codex AI-assisted first-pass coding; independent human review pending,2026-10-07,,,
P91,Brauerei S. Riegele Inh. Riegele KG,power_electronics_relevance,automation_control_score,3,4,clear actual monitoring/process control,B,S-P91-04,"Validated actual environmental-system monitoring, quality/bottling/refrigeration control supports clear relevance. New Sudhaus control12/2026 and coolant control12/2026 remain planned, not installed upgrade.",,AWAITING_HUMAN_REVIEW,Codex AI-assisted first-pass coding; independent human review pending,2026-10-07,,,
P91,Brauerei S. Riegele Inh. Riegele KG,load_flexibility_potential,scheduling_flex_score,,8,UNKNOWN; no supported numeric anchor,UNKNOWN,S-P91-03,"Firm-specific public evidence reviewed. Statement2025/data2024 signed2025-12-17 plus current EMASlist; actual2023forklift/2025PV, plans2026/2027not done;4.3MWh boiler Leistung unit inconsistent, not MW repaired. Missing public evidence is not proof of non-deployment; UNKNOWN remains UNKNOWN.","Admissible operating/start/interruption windows and actual buffers; product maturation, process cycles or programmable furnace recipes are not dispatch permission. Statement2025/data2024 signed2025-12-17 plus current EMASlist; actual2023forklift/2025PV, plans2026/2027not done;4.3MWh boiler Leistung unit inconsistent, not MW repaired.",NEEDS_RESEARCH,Codex AI-assisted first-pass coding; independent human review pending,2026-10-07,,,
P91,Brauerei S. Riegele Inh. Riegele KG,load_flexibility_potential,thermal_storage_flex_score,,7,UNKNOWN; no supported numeric anchor,UNKNOWN,S-P91-03,"Firm-specific public evidence reviewed. Statement2025/data2024 signed2025-12-17 plus current EMASlist; actual2023forklift/2025PV, plans2026/2027not done;4.3MWh boiler Leistung unit inconsistent, not MW repaired. Missing public evidence is not proof of non-deployment; UNKNOWN remains UNKNOWN.","Named own usable heat/cold store or validated thermal inertia with operating window; cooling, absorption chilling, production tanks and glass melt mass alone do not establish storage. Statement2025/data2024 signed2025-12-17 plus current EMASlist; actual2023forklift/2025PV, plans2026/2027not done;4.3MWh boiler Leistung unit inconsistent, not MW repaired.",NEEDS_RESEARCH,Codex AI-assisted first-pass coding; independent human review pending,2026-10-07,,,
P91,Brauerei S. Riegele Inh. Riegele KG,grid_power_quality_relevance,incremental_load_score,,8,UNKNOWN; no supported numeric anchor,UNKNOWN,S-P91-03,"Firm-specific public evidence reviewed. Statement2025/data2024 signed2025-12-17 plus current EMASlist; actual2023forklift/2025PV, plans2026/2027not done;4.3MWh boiler Leistung unit inconsistent, not MW repaired. Missing public evidence is not proof of non-deployment; UNKNOWN remains UNKNOWN.","Defined additional thermal electrification route and ordinal new-load materiality; existing electric assets, PV expansion and EV charging are not an additional heat-route load. Statement2025/data2024 signed2025-12-17 plus current EMASlist; actual2023forklift/2025PV, plans2026/2027not done;4.3MWh boiler Leistung unit inconsistent, not MW repaired.",NEEDS_RESEARCH,Codex AI-assisted first-pass coding; independent human review pending,2026-10-07,,,
P91,Brauerei S. Riegele Inh. Riegele KG,grid_power_quality_relevance,power_quality_score,1,4,possible own PV/drive effects,C,S-P91-04,ActualPV/drives support possible conversion effects only; no measured harmonic/reactive-power/peak constraint.,,AWAITING_HUMAN_REVIEW,Codex AI-assisted first-pass coding; independent human review pending,2026-10-07,,,
P91,Brauerei S. Riegele Inh. Riegele KG,grid_power_quality_relevance,onsite_integration_score,2,3,one actual brewery PV use case,B,S-P91-04,"ActualAugsburgPV and2025extension meet own electricity use.2024PV171MWh is annual energy, not power; planned logcentrePV or future charging not coordinated installed storage.",,AWAITING_HUMAN_REVIEW,Codex AI-assisted first-pass coding; independent human review pending,2026-10-07,,,
P91,Brauerei S. Riegele Inh. Riegele KG,observed_transition_gap,measures_gap_score,0,10,several concrete owned energy measures,B,S-P91-04,"OwnPV, steam waste-heat reuse, refrigeration optimisation and electric forklifts are actual reported measures. Report data2024/validation2025 retained; futureCIP/control/heat alternatives excluded.",,AWAITING_HUMAN_REVIEW,Codex AI-assisted first-pass coding; independent human review pending,2026-10-07,,,
P91,Brauerei S. Riegele Inh. Riegele KG,observed_transition_gap,management_gap_score,0,5,current exact registered EMAS system,B,S-P91-04 | S-P91-05,Signed17/12/2025statement exactDE-104-00126 and officialactive01/09/2026list establish mature EMAS. Registered-since2016 and future report deadlines not validation/expiry.,,AWAITING_HUMAN_REVIEW,Codex AI-assisted first-pass coding; independent human review pending,2026-10-07,,,
P91,Brauerei S. Riegele Inh. Riegele KG,observed_transition_gap,targets_gap_score,0,5,dated targets with transformation roadmap,B,S-P91-04,Validatedreport2025 statesScope1/2minus40%by2033 andminus100%by2045 with a published transformation concept/roadmap; targets not achieved reductions. Planned2026controls/2027CIP remain future.,,AWAITING_HUMAN_REVIEW,Codex AI-assisted first-pass coding; independent human review pending,2026-10-07,,,
P91,Brauerei S. Riegele Inh. Riegele KG,observed_transition_gap,investment_gap_score,0,5,several actual recent energy investments,B,S-P91-04,"Completedmid2025breweryPV expansion andend2023fuel-to-electric forklift are distinct dated energy projects insidewindow. Future12/2025logcentrePV table,12/2026controls and12/2027heat alternatives not presumed done.",,AWAITING_HUMAN_REVIEW,Codex AI-assisted first-pass coding; independent human review pending,2026-10-07,,,
P92,Familienbrauerei M. Ketterer GmbH & Co. KG,process_electrification_potential,temperature_fit_score,,10,UNKNOWN; no supported numeric anchor,UNKNOWN,S-P92-03,"Firm-specific public evidence reviewed. Own woodchip operating-heat claim, PV2021monthunknown; nitrogen dates2021/2023 conflict; biomass not electric heat, cold tanks not dispatch buffers. Missing public evidence is not proof of non-deployment; UNKNOWN remains UNKNOWN.","Actual process-heating temperatures and supported electric-heat fit, rather than part dimensions, cold maturation, material/customer ratings or historical boiler baselines. Own woodchip operating-heat claim, PV2021monthunknown; nitrogen dates2021/2023 conflict; biomass not electric heat, cold tanks not dispatch buffers.",NEEDS_RESEARCH,Codex AI-assisted first-pass coding; independent human review pending,2026-10-07,,,
P92,Familienbrauerei M. Ketterer GmbH & Co. KG,process_electrification_potential,process_electrification_score,,10,UNKNOWN; no supported numeric anchor,UNKNOWN,S-P92-03,"Firm-specific public evidence reviewed. Own woodchip operating-heat claim, PV2021monthunknown; nitrogen dates2021/2023 conflict; biomass not electric heat, cold tanks not dispatch buffers. Missing public evidence is not proof of non-deployment; UNKNOWN remains UNKNOWN.","Named own actual/planned electric thermal route; electrochemical coating, generic production or customer energy applications alone do not establish electric process heat. Own woodchip operating-heat claim, PV2021monthunknown; nitrogen dates2021/2023 conflict; biomass not electric heat, cold tanks not dispatch buffers.",NEEDS_RESEARCH,Codex AI-assisted first-pass coding; independent human review pending,2026-10-07,,,
P92,Familienbrauerei M. Ketterer GmbH & Co. KG,process_electrification_potential,fossil_heat_displacement_score,0,5,affirmative own biomass-only thermal claim,C,S-P92-03 | S-P92-04,"Own CURRENT brewery tour explicitly says ALL operating heat exclusively woodchips since2006. Bounded owner thermal-fuel statement supports no identified fossil thermal displacement; not inferred from silence, not independently audited whole-plant/fleet fossil-free or carbon neutral.",,AWAITING_HUMAN_REVIEW,Codex AI-assisted first-pass coding; independent human review pending,2026-10-07,,,
P92,Familienbrauerei M. Ketterer GmbH & Co. KG,power_electronics_relevance,motor_drive_score,2,8,limited actual brewery pumping,B,S-P92-04,"Own wort/beer explicitly pumped amongwhirlpool/fermentation/lager. Actual limited named drives, no intensity/ratings from sector.",,AWAITING_HUMAN_REVIEW,Codex AI-assisted first-pass coding; independent human review pending,2026-10-07,,,
P92,Familienbrauerei M. Ketterer GmbH & Co. KG,power_electronics_relevance,power_conversion_score,5,8,one actual owned PV case,C,S-P92-03,"Own2021PV is material solar-conversion use case by engineering inference; nameplate/ratings unavailable, purchased green electricity not own hydro.",,AWAITING_HUMAN_REVIEW,Codex AI-assisted first-pass coding; independent human review pending,2026-10-07,,,
P92,Familienbrauerei M. Ketterer GmbH & Co. KG,power_electronics_relevance,automation_control_score,1,4,limited actual temperature control,B,S-P92-04,"Own temperature-regulated yeast treatment supports limited actual sensing/control, not broad coordinated energy management or inferred dispatch.",,AWAITING_HUMAN_REVIEW,Codex AI-assisted first-pass coding; independent human review pending,2026-10-07,,,
P92,Familienbrauerei M. Ketterer GmbH & Co. KG,load_flexibility_potential,scheduling_flex_score,,8,UNKNOWN; no supported numeric anchor,UNKNOWN,S-P92-03,"Firm-specific public evidence reviewed. Own woodchip operating-heat claim, PV2021monthunknown; nitrogen dates2021/2023 conflict; biomass not electric heat, cold tanks not dispatch buffers. Missing public evidence is not proof of non-deployment; UNKNOWN remains UNKNOWN.","Admissible operating/start/interruption windows and actual buffers; product maturation, process cycles or programmable furnace recipes are not dispatch permission. Own woodchip operating-heat claim, PV2021monthunknown; nitrogen dates2021/2023 conflict; biomass not electric heat, cold tanks not dispatch buffers.",NEEDS_RESEARCH,Codex AI-assisted first-pass coding; independent human review pending,2026-10-07,,,
P92,Familienbrauerei M. Ketterer GmbH & Co. KG,load_flexibility_potential,thermal_storage_flex_score,,7,UNKNOWN; no supported numeric anchor,UNKNOWN,S-P92-03,"Firm-specific public evidence reviewed. Own woodchip operating-heat claim, PV2021monthunknown; nitrogen dates2021/2023 conflict; biomass not electric heat, cold tanks not dispatch buffers. Missing public evidence is not proof of non-deployment; UNKNOWN remains UNKNOWN.","Named own usable heat/cold store or validated thermal inertia with operating window; cooling, absorption chilling, production tanks and glass melt mass alone do not establish storage. Own woodchip operating-heat claim, PV2021monthunknown; nitrogen dates2021/2023 conflict; biomass not electric heat, cold tanks not dispatch buffers.",NEEDS_RESEARCH,Codex AI-assisted first-pass coding; independent human review pending,2026-10-07,,,
P92,Familienbrauerei M. Ketterer GmbH & Co. KG,grid_power_quality_relevance,incremental_load_score,,8,UNKNOWN; no supported numeric anchor,UNKNOWN,S-P92-03,"Firm-specific public evidence reviewed. Own woodchip operating-heat claim, PV2021monthunknown; nitrogen dates2021/2023 conflict; biomass not electric heat, cold tanks not dispatch buffers. Missing public evidence is not proof of non-deployment; UNKNOWN remains UNKNOWN.","Defined additional thermal electrification route and ordinal new-load materiality; existing electric assets, PV expansion and EV charging are not an additional heat-route load. Own woodchip operating-heat claim, PV2021monthunknown; nitrogen dates2021/2023 conflict; biomass not electric heat, cold tanks not dispatch buffers.",NEEDS_RESEARCH,Codex AI-assisted first-pass coding; independent human review pending,2026-10-07,,,
P92,Familienbrauerei M. Ketterer GmbH & Co. KG,grid_power_quality_relevance,power_quality_score,1,4,possible own solar-conversion effects,C,S-P92-03,ActualownPV supports possible effects only; no measured harmonics/reactive-power/peaks.,,AWAITING_HUMAN_REVIEW,Codex AI-assisted first-pass coding; independent human review pending,2026-10-07,,,
P92,Familienbrauerei M. Ketterer GmbH & Co. KG,grid_power_quality_relevance,onsite_integration_score,2,3,one actual own PV use case,B,S-P92-03,Current own2021PV provides onsite generation; bought green electricity and woodchip heat do not establish additional electrical storage/microgrid.,,AWAITING_HUMAN_REVIEW,Codex AI-assisted first-pass coding; independent human review pending,2026-10-07,,,
P92,Familienbrauerei M. Ketterer GmbH & Co. KG,observed_transition_gap,measures_gap_score,0,10,several actual own energy measures,B,S-P92-03 | S-P92-04,"Actualwoodchip thermal supply, onsitePV and renewableelectricity procurement establish several measures. Nitrogen resource substitution recorded separately, conflicting2021/2023dates not averaged or claimed verified energy saving.",,AWAITING_HUMAN_REVIEW,Codex AI-assisted first-pass coding; independent human review pending,2026-10-07,,,
P92,Familienbrauerei M. Ketterer GmbH & Co. KG,observed_transition_gap,management_gap_score,,5,UNKNOWN; no supported numeric anchor,UNKNOWN,S-P92-03,"Firm-specific public evidence reviewed. Own woodchip operating-heat claim, PV2021monthunknown; nitrogen dates2021/2023 conflict; biomass not electric heat, cold tanks not dispatch buffers. Missing public evidence is not proof of non-deployment; UNKNOWN remains UNKNOWN.","Current verified site EnMS/environmental system or bounded claim; ISO9001, an inaccessible/staging certificate page and missing evidence are not certified mature EnMS. Own woodchip operating-heat claim, PV2021monthunknown; nitrogen dates2021/2023 conflict; biomass not electric heat, cold tanks not dispatch buffers.",NEEDS_RESEARCH,Codex AI-assisted first-pass coding; independent human review pending,2026-10-07,,,
P92,Familienbrauerei M. Ketterer GmbH & Co. KG,observed_transition_gap,targets_gap_score,3,5,vague own fossil/CO2 reduction ambition,B,S-P92-03 | S-P92-04,Current reduction ambition lacks dated energy roadmap in current company/process/docs and exact-name primary certificate/energy-target checks. Historical climate-neutral offset claim not current measured whole-company zero; internal targets unknown.,,AWAITING_HUMAN_REVIEW,Codex AI-assisted first-pass coding; independent human review pending,2026-10-07,,,
P92,Familienbrauerei M. Ketterer GmbH & Co. KG,observed_transition_gap,investment_gap_score,,5,UNKNOWN; no supported numeric anchor,UNKNOWN,S-P92-03,"Firm-specific public evidence reviewed. Own woodchip operating-heat claim, PV2021monthunknown; nitrogen dates2021/2023 conflict; biomass not electric heat, cold tanks not dispatch buffers. Missing public evidence is not proof of non-deployment; UNKNOWN remains UNKNOWN.","Dated completed energy-transition investment within2021-10-07 to2026-10-07; old projects, certificate renewal, crawl dates and undifferentiated capacity/wastewater expansion are insufficient. Own woodchip operating-heat claim, PV2021monthunknown; nitrogen dates2021/2023 conflict; biomass not electric heat, cold tanks not dispatch buffers.",NEEDS_RESEARCH,Codex AI-assisted first-pass coding; independent human review pending,2026-10-07,,,
P93,Brauerei Schimpfle GmbH & Co. KG,process_electrification_potential,temperature_fit_score,,10,UNKNOWN; no supported numeric anchor,UNKNOWN,S-P93-04,"Firm-specific public evidence reviewed. Actual compressors/heat recovery/metering, primary2024PV908modules/1500m2 and2023transformer;0C maturation not heating fit/storage, transformer not measured harmonic issue. Missing public evidence is not proof of non-deployment; UNKNOWN remains UNKNOWN.","Actual process-heating temperatures and supported electric-heat fit, rather than part dimensions, cold maturation, material/customer ratings or historical boiler baselines. Actual compressors/heat recovery/metering, primary2024PV908modules/1500m2 and2023transformer;0C maturation not heating fit/storage, transformer not measured harmonic issue.",NEEDS_RESEARCH,Codex AI-assisted first-pass coding; independent human review pending,2026-10-07,,,
P93,Brauerei Schimpfle GmbH & Co. KG,process_electrification_potential,process_electrification_score,,10,UNKNOWN; no supported numeric anchor,UNKNOWN,S-P93-04,"Firm-specific public evidence reviewed. Actual compressors/heat recovery/metering, primary2024PV908modules/1500m2 and2023transformer;0C maturation not heating fit/storage, transformer not measured harmonic issue. Missing public evidence is not proof of non-deployment; UNKNOWN remains UNKNOWN.","Named own actual/planned electric thermal route; electrochemical coating, generic production or customer energy applications alone do not establish electric process heat. Actual compressors/heat recovery/metering, primary2024PV908modules/1500m2 and2023transformer;0C maturation not heating fit/storage, transformer not measured harmonic issue.",NEEDS_RESEARCH,Codex AI-assisted first-pass coding; independent human review pending,2026-10-07,,,
P93,Brauerei Schimpfle GmbH & Co. KG,process_electrification_potential,fossil_heat_displacement_score,,5,UNKNOWN; no supported numeric anchor,UNKNOWN,S-P93-04,"Firm-specific public evidence reviewed. Actual compressors/heat recovery/metering, primary2024PV908modules/1500m2 and2023transformer;0C maturation not heating fit/storage, transformer not measured harmonic issue. Missing public evidence is not proof of non-deployment; UNKNOWN remains UNKNOWN.","Actual current fossil thermal carrier, centrality and displacement materiality; unspecified CHP/ovens and historic gas baselines do not establish remaining fuel mix. Actual compressors/heat recovery/metering, primary2024PV908modules/1500m2 and2023transformer;0C maturation not heating fit/storage, transformer not measured harmonic issue.",NEEDS_RESEARCH,Codex AI-assisted first-pass coding; independent human review pending,2026-10-07,,,
P93,Brauerei Schimpfle GmbH & Co. KG,power_electronics_relevance,motor_drive_score,5,8,material actual refrigeration drives,B,S-P93-04,Own power-regulated refrigeration compressors establish material actual drive application; rated motor/converter data undisclosed.,,AWAITING_HUMAN_REVIEW,Codex AI-assisted first-pass coding; independent human review pending,2026-10-07,,,
P93,Brauerei Schimpfle GmbH & Co. KG,power_electronics_relevance,power_conversion_score,5,8,one material actual own PV case,C,S-P93-05,"Own14/06/2024PV commissioned/running;908modules/1500m2not kWp/kWh. Publicprimary2024case,2026operation not independently metered; no power from module count.",,AWAITING_HUMAN_REVIEW,Codex AI-assisted first-pass coding; independent human review pending,2026-10-07,,,
P93,Brauerei Schimpfle GmbH & Co. KG,power_electronics_relevance,automation_control_score,3,4,clear actual compressor/process monitoring,B,S-P93-04,Own controlled compressors and monitored water/wastewater/production-cleaning establish clear actualcontrol. Historical1978automation not installed2026upgrade; AI maintenance claim not human scoring review.,,AWAITING_HUMAN_REVIEW,Codex AI-assisted first-pass coding; independent human review pending,2026-10-07,,,
P93,Brauerei Schimpfle GmbH & Co. KG,load_flexibility_potential,scheduling_flex_score,,8,UNKNOWN; no supported numeric anchor,UNKNOWN,S-P93-04,"Firm-specific public evidence reviewed. Actual compressors/heat recovery/metering, primary2024PV908modules/1500m2 and2023transformer;0C maturation not heating fit/storage, transformer not measured harmonic issue. Missing public evidence is not proof of non-deployment; UNKNOWN remains UNKNOWN.","Admissible operating/start/interruption windows and actual buffers; product maturation, process cycles or programmable furnace recipes are not dispatch permission. Actual compressors/heat recovery/metering, primary2024PV908modules/1500m2 and2023transformer;0C maturation not heating fit/storage, transformer not measured harmonic issue.",NEEDS_RESEARCH,Codex AI-assisted first-pass coding; independent human review pending,2026-10-07,,,
P93,Brauerei Schimpfle GmbH & Co. KG,load_flexibility_potential,thermal_storage_flex_score,,7,UNKNOWN; no supported numeric anchor,UNKNOWN,S-P93-04,"Firm-specific public evidence reviewed. Actual compressors/heat recovery/metering, primary2024PV908modules/1500m2 and2023transformer;0C maturation not heating fit/storage, transformer not measured harmonic issue. Missing public evidence is not proof of non-deployment; UNKNOWN remains UNKNOWN.","Named own usable heat/cold store or validated thermal inertia with operating window; cooling, absorption chilling, production tanks and glass melt mass alone do not establish storage. Actual compressors/heat recovery/metering, primary2024PV908modules/1500m2 and2023transformer;0C maturation not heating fit/storage, transformer not measured harmonic issue.",NEEDS_RESEARCH,Codex AI-assisted first-pass coding; independent human review pending,2026-10-07,,,
P93,Brauerei Schimpfle GmbH & Co. KG,grid_power_quality_relevance,incremental_load_score,,8,UNKNOWN; no supported numeric anchor,UNKNOWN,S-P93-04,"Firm-specific public evidence reviewed. Actual compressors/heat recovery/metering, primary2024PV908modules/1500m2 and2023transformer;0C maturation not heating fit/storage, transformer not measured harmonic issue. Missing public evidence is not proof of non-deployment; UNKNOWN remains UNKNOWN.","Defined additional thermal electrification route and ordinal new-load materiality; existing electric assets, PV expansion and EV charging are not an additional heat-route load. Actual compressors/heat recovery/metering, primary2024PV908modules/1500m2 and2023transformer;0C maturation not heating fit/storage, transformer not measured harmonic issue.",NEEDS_RESEARCH,Codex AI-assisted first-pass coding; independent human review pending,2026-10-07,,,
P93,Brauerei Schimpfle GmbH & Co. KG,grid_power_quality_relevance,power_quality_score,1,4,possible actual PV/drive effects,C,S-P93-04 | S-P93-05 | S-P93-06,OwnPV/regulatedcompressors support possibleeffects; installed2023transformer enablesPV but no measured harmonics/peak/compensation issue.,,AWAITING_HUMAN_REVIEW,Codex AI-assisted first-pass coding; independent human review pending,2026-10-07,,,
P93,Brauerei Schimpfle GmbH & Co. KG,grid_power_quality_relevance,onsite_integration_score,2,3,one own PV integration case,C,S-P93-05,"Exactowner2024primarypost confirms operatingPV onproduction/logisticsroof. Oneactualsitecase, bounded2024project evidence without independently measured2026continuity; no battery/EMScoordination inferred.",,AWAITING_HUMAN_REVIEW,Codex AI-assisted first-pass coding; independent human review pending,2026-10-07,,,
P93,Brauerei Schimpfle GmbH & Co. KG,observed_transition_gap,measures_gap_score,0,10,several named own energy measures,B,S-P93-04 | S-P93-05,"Actualrefrigerationheat recovery, power-regulatedcompressors and own2024PV establish several concreteenergymeasures. Water/ROnot extra provedenergytech or storage.",,AWAITING_HUMAN_REVIEW,Codex AI-assisted first-pass coding; independent human review pending,2026-10-07,,,
P93,Brauerei Schimpfle GmbH & Co. KG,observed_transition_gap,management_gap_score,,5,UNKNOWN; no supported numeric anchor,UNKNOWN,S-P93-04,"Firm-specific public evidence reviewed. Actual compressors/heat recovery/metering, primary2024PV908modules/1500m2 and2023transformer;0C maturation not heating fit/storage, transformer not measured harmonic issue. Missing public evidence is not proof of non-deployment; UNKNOWN remains UNKNOWN.","Current verified site EnMS/environmental system or bounded claim; ISO9001, an inaccessible/staging certificate page and missing evidence are not certified mature EnMS. Actual compressors/heat recovery/metering, primary2024PV908modules/1500m2 and2023transformer;0C maturation not heating fit/storage, transformer not measured harmonic issue.",NEEDS_RESEARCH,Codex AI-assisted first-pass coding; independent human review pending,2026-10-07,,,
P93,Brauerei Schimpfle GmbH & Co. KG,observed_transition_gap,targets_gap_score,3,5,vague own energy/resource ambition,B,S-P93-04 | S-P93-05,Currentownenergy/water optimisation and2024renewablescommitment lack dated roadmap incompany/process/docs/exact-name primarycertificate/energytarget checks. Internal targets unknown.,,AWAITING_HUMAN_REVIEW,Codex AI-assisted first-pass coding; independent human review pending,2026-10-07,,,
P93,Brauerei Schimpfle GmbH & Co. KG,observed_transition_gap,investment_gap_score,0,5,several recent actual energy investments,B,S-P93-05 | S-P93-06,Actual2023transformer station installed and2024PVcommissioned are distinct completedenergyprojects insidewindow. Packing/waterhousetanks not additional provedenergyCAPEX; no powerqualityproblemfromtransformer.,,AWAITING_HUMAN_REVIEW,Codex AI-assisted first-pass coding; independent human review pending,2026-10-07,,,
P94,Brauerei zum Kuchlbauer GmbH & Co. KG,process_electrification_potential,temperature_fit_score,,10,UNKNOWN; no supported numeric anchor,UNKNOWN,S-P94-03,Firm-specific public evidence reviewed. Actual logistics PV/battery/room HP/charging; builder2024-09-21opening. Room heat not brewery process heat; electrical battery not thermal store; centre climate-positive not whole-company neutrality. Missing public evidence is not proof of non-deployment; UNKNOWN remains UNKNOWN.,"Actual process-heating temperatures and supported electric-heat fit, rather than part dimensions, cold maturation, material/customer ratings or historical boiler baselines. Actual logistics PV/battery/room HP/charging; builder2024-09-21opening. Room heat not brewery process heat; electrical battery not thermal store; centre climate-positive not whole-company neutrality.",NEEDS_RESEARCH,Codex AI-assisted first-pass coding; independent human review pending,2026-10-07,,,
P94,Brauerei zum Kuchlbauer GmbH & Co. KG,process_electrification_potential,process_electrification_score,,10,UNKNOWN; no supported numeric anchor,UNKNOWN,S-P94-03,Firm-specific public evidence reviewed. Actual logistics PV/battery/room HP/charging; builder2024-09-21opening. Room heat not brewery process heat; electrical battery not thermal store; centre climate-positive not whole-company neutrality. Missing public evidence is not proof of non-deployment; UNKNOWN remains UNKNOWN.,"Named own actual/planned electric thermal route; electrochemical coating, generic production or customer energy applications alone do not establish electric process heat. Actual logistics PV/battery/room HP/charging; builder2024-09-21opening. Room heat not brewery process heat; electrical battery not thermal store; centre climate-positive not whole-company neutrality.",NEEDS_RESEARCH,Codex AI-assisted first-pass coding; independent human review pending,2026-10-07,,,
P94,Brauerei zum Kuchlbauer GmbH & Co. KG,process_electrification_potential,fossil_heat_displacement_score,,5,UNKNOWN; no supported numeric anchor,UNKNOWN,S-P94-03,Firm-specific public evidence reviewed. Actual logistics PV/battery/room HP/charging; builder2024-09-21opening. Room heat not brewery process heat; electrical battery not thermal store; centre climate-positive not whole-company neutrality. Missing public evidence is not proof of non-deployment; UNKNOWN remains UNKNOWN.,"Actual current fossil thermal carrier, centrality and displacement materiality; unspecified CHP/ovens and historic gas baselines do not establish remaining fuel mix. Actual logistics PV/battery/room HP/charging; builder2024-09-21opening. Room heat not brewery process heat; electrical battery not thermal store; centre climate-positive not whole-company neutrality.",NEEDS_RESEARCH,Codex AI-assisted first-pass coding; independent human review pending,2026-10-07,,,
P94,Brauerei zum Kuchlbauer GmbH & Co. KG,power_electronics_relevance,motor_drive_score,2,8,limited actual site heat-pump drives,C,S-P94-03,Ownlogistics roomheating/coolingheat pump supports limited mechanicaldrive relevance asengineeringinference; actualbrewerydriveinventory/ratedtopologyunknown.,,AWAITING_HUMAN_REVIEW,Codex AI-assisted first-pass coding; independent human review pending,2026-10-07,,,
P94,Brauerei zum Kuchlbauer GmbH & Co. KG,power_electronics_relevance,power_conversion_score,5,8,one material actual logistics conversion case,C,S-P94-03,"ActualownedlogisticsPV/electricalstorage/charging support materialintegratedconversion case; roomHPnot breweryprocessheat, no converterratingsinvented.",,AWAITING_HUMAN_REVIEW,Codex AI-assisted first-pass coding; independent human review pending,2026-10-07,,,
P94,Brauerei zum Kuchlbauer GmbH & Co. KG,power_electronics_relevance,automation_control_score,,4,UNKNOWN; no supported numeric anchor,UNKNOWN,S-P94-03,Firm-specific public evidence reviewed. Actual logistics PV/battery/room HP/charging; builder2024-09-21opening. Room heat not brewery process heat; electrical battery not thermal store; centre climate-positive not whole-company neutrality. Missing public evidence is not proof of non-deployment; UNKNOWN remains UNKNOWN.,Actual current owned sensing/control applications and coordination; generic modernity or staging-site claims need corroboration. Actual logistics PV/battery/room HP/charging; builder2024-09-21opening. Room heat not brewery process heat; electrical battery not thermal store; centre climate-positive not whole-company neutrality.,NEEDS_RESEARCH,Codex AI-assisted first-pass coding; independent human review pending,2026-10-07,,,
P94,Brauerei zum Kuchlbauer GmbH & Co. KG,load_flexibility_potential,scheduling_flex_score,,8,UNKNOWN; no supported numeric anchor,UNKNOWN,S-P94-03,Firm-specific public evidence reviewed. Actual logistics PV/battery/room HP/charging; builder2024-09-21opening. Room heat not brewery process heat; electrical battery not thermal store; centre climate-positive not whole-company neutrality. Missing public evidence is not proof of non-deployment; UNKNOWN remains UNKNOWN.,"Admissible operating/start/interruption windows and actual buffers; product maturation, process cycles or programmable furnace recipes are not dispatch permission. Actual logistics PV/battery/room HP/charging; builder2024-09-21opening. Room heat not brewery process heat; electrical battery not thermal store; centre climate-positive not whole-company neutrality.",NEEDS_RESEARCH,Codex AI-assisted first-pass coding; independent human review pending,2026-10-07,,,
P94,Brauerei zum Kuchlbauer GmbH & Co. KG,load_flexibility_potential,thermal_storage_flex_score,,7,UNKNOWN; no supported numeric anchor,UNKNOWN,S-P94-03,Firm-specific public evidence reviewed. Actual logistics PV/battery/room HP/charging; builder2024-09-21opening. Room heat not brewery process heat; electrical battery not thermal store; centre climate-positive not whole-company neutrality. Missing public evidence is not proof of non-deployment; UNKNOWN remains UNKNOWN.,"Named own usable heat/cold store or validated thermal inertia with operating window; cooling, absorption chilling, production tanks and glass melt mass alone do not establish storage. Actual logistics PV/battery/room HP/charging; builder2024-09-21opening. Room heat not brewery process heat; electrical battery not thermal store; centre climate-positive not whole-company neutrality.",NEEDS_RESEARCH,Codex AI-assisted first-pass coding; independent human review pending,2026-10-07,,,
P94,Brauerei zum Kuchlbauer GmbH & Co. KG,grid_power_quality_relevance,incremental_load_score,,8,UNKNOWN; no supported numeric anchor,UNKNOWN,S-P94-03,Firm-specific public evidence reviewed. Actual logistics PV/battery/room HP/charging; builder2024-09-21opening. Room heat not brewery process heat; electrical battery not thermal store; centre climate-positive not whole-company neutrality. Missing public evidence is not proof of non-deployment; UNKNOWN remains UNKNOWN.,"Defined additional thermal electrification route and ordinal new-load materiality; existing electric assets, PV expansion and EV charging are not an additional heat-route load. Actual logistics PV/battery/room HP/charging; builder2024-09-21opening. Room heat not brewery process heat; electrical battery not thermal store; centre climate-positive not whole-company neutrality.",NEEDS_RESEARCH,Codex AI-assisted first-pass coding; independent human review pending,2026-10-07,,,
P94,Brauerei zum Kuchlbauer GmbH & Co. KG,grid_power_quality_relevance,power_quality_score,1,4,possible logistics conversion effects,C,S-P94-03,"OwnPV/battery/chargingsupport possibleeffects only, no measurednetwork/harmonic/reactiveissue.",,AWAITING_HUMAN_REVIEW,Codex AI-assisted first-pass coding; independent human review pending,2026-10-07,,,
P94,Brauerei zum Kuchlbauer GmbH & Co. KG,grid_power_quality_relevance,onsite_integration_score,3,3,actual linked PV/storage/thermal/charging site,B,S-P94-03,"OwnerexplicitlylinksPV andelectricalstorage topower,vehicles androomheat/coldheatpump. Actualcoordinatedlogisticscase, not thermalstorage orwholebreweryautarky.",,AWAITING_HUMAN_REVIEW,Codex AI-assisted first-pass coding; independent human review pending,2026-10-07,,,
P94,Brauerei zum Kuchlbauer GmbH & Co. KG,observed_transition_gap,measures_gap_score,0,10,several actual own site energy measures,B,S-P94-03,"OwnPV/electricalstorage/roomHP/charging areconcreteenergymeasures. Climatepositiveclaimcentreonly, not independently auditedwhole-companycarbonnegative.",,AWAITING_HUMAN_REVIEW,Codex AI-assisted first-pass coding; independent human review pending,2026-10-07,,,
P94,Brauerei zum Kuchlbauer GmbH & Co. KG,observed_transition_gap,management_gap_score,,5,UNKNOWN; no supported numeric anchor,UNKNOWN,S-P94-03,Firm-specific public evidence reviewed. Actual logistics PV/battery/room HP/charging; builder2024-09-21opening. Room heat not brewery process heat; electrical battery not thermal store; centre climate-positive not whole-company neutrality. Missing public evidence is not proof of non-deployment; UNKNOWN remains UNKNOWN.,"Current verified site EnMS/environmental system or bounded claim; ISO9001, an inaccessible/staging certificate page and missing evidence are not certified mature EnMS. Actual logistics PV/battery/room HP/charging; builder2024-09-21opening. Room heat not brewery process heat; electrical battery not thermal store; centre climate-positive not whole-company neutrality.",NEEDS_RESEARCH,Codex AI-assisted first-pass coding; independent human review pending,2026-10-07,,,
P94,Brauerei zum Kuchlbauer GmbH & Co. KG,observed_transition_gap,targets_gap_score,3,5,vague own climate/resource ambition,B,S-P94-03,Currentownlogisticssustainabilitypositionlacksdatedwhole-companyenergyroadmap incompany/production/docs/exact-name publiccertificate/targetchecks. Climatepositivebuildingclaim not achieved brewery-widezeroor datedtarget.,,AWAITING_HUMAN_REVIEW,Codex AI-assisted first-pass coding; independent human review pending,2026-10-07,,,
P94,Brauerei zum Kuchlbauer GmbH & Co. KG,observed_transition_gap,investment_gap_score,2,5,one dated completed integrated energy/site project,B,S-P94-03 | S-P94-04,Actualbuildercentreopening21/09/2024plusownerPV/storage/HP/charging linkedportfolio anchorsone recentintegratedproject. No separate componentcommissiondatesinvented orgrantdateused ascompletion.,,AWAITING_HUMAN_REVIEW,Codex AI-assisted first-pass coding; independent human review pending,2026-10-07,,,
P95,Winkler-Bräu GmbH & Co. KG,process_electrification_potential,temperature_fit_score,,10,Unresolved; UNKNOWN preserved,UNKNOWN,S-P95-04|S-P95-05,Checked owner/issuer/public-agency content establishes only the bounded facts recorded in the source register. This field lacks sufficient attributable evidence.,Owned process operating temperatures and actual heat/cold duties; separate product ratings and room heating.,NEEDS_RESEARCH,Codex AI-assisted public-source first pass,2026-10-07,,,
P95,Winkler-Bräu GmbH & Co. KG,process_electrification_potential,process_electrification_score,,10,Unresolved; UNKNOWN preserved,UNKNOWN,S-P95-04|S-P95-05,Checked owner/issuer/public-agency content establishes only the bounded facts recorded in the source register. This field lacks sufficient attributable evidence.,"Named owned thermal route, current heat carrier and feasible remaining substitution case; separate electric drives and room heat.",NEEDS_RESEARCH,Codex AI-assisted public-source first pass,2026-10-07,,,
P95,Winkler-Bräu GmbH & Co. KG,process_electrification_potential,fossil_heat_displacement_score,,5,Unresolved; UNKNOWN preserved,UNKNOWN,S-P95-04|S-P95-05,Checked owner/issuer/public-agency content establishes only the bounded facts recorded in the source register. This field lacks sufficient attributable evidence.,Current company/site process heat carrier mix and attributable fossil thermal duty. No public evidence is not zero fossil heat.,NEEDS_RESEARCH,Codex AI-assisted public-source first pass,2026-10-07,,,
P95,Winkler-Bräu GmbH & Co. KG,power_electronics_relevance,motor_drive_score,,8,Unresolved; UNKNOWN preserved,UNKNOWN,S-P95-04|S-P95-05,Checked owner/issuer/public-agency content establishes only the bounded facts recorded in the source register. This field lacks sufficient attributable evidence.,"Owned electrical motor/compressor inventory, process roles and duty; mechanical drive not automatically electric.",NEEDS_RESEARCH,Codex AI-assisted public-source first pass,2026-10-07,,,
P95,Winkler-Bräu GmbH & Co. KG,power_electronics_relevance,power_conversion_score,,8,Unresolved; UNKNOWN preserved,UNKNOWN,S-P95-04|S-P95-05,Checked owner/issuer/public-agency content establishes only the bounded facts recorded in the source register. This field lacks sufficient attributable evidence.,"Owned rectifier/inverter/controlled-electric-heat applications, scope and duty; mechanical water power not electricity generation.",NEEDS_RESEARCH,Codex AI-assisted public-source first pass,2026-10-07,,,
P95,Winkler-Bräu GmbH & Co. KG,power_electronics_relevance,automation_control_score,,4,Unresolved; UNKNOWN preserved,UNKNOWN,S-P95-04|S-P95-05,Checked owner/issuer/public-agency content establishes only the bounded facts recorded in the source register. This field lacks sufficient attributable evidence.,Owned process control/monitoring inventory and operational coordination; quality claims not EnMS maturity.,NEEDS_RESEARCH,Codex AI-assisted public-source first pass,2026-10-07,,,
P95,Winkler-Bräu GmbH & Co. KG,load_flexibility_potential,scheduling_flex_score,2,8,"Allowed ordinal anchor; firm-specific relevance, not deployment or final score",C,S-P95-04,"Firm-specific hand brewing and slow open fermentation support only a weak process-sequencing hypothesis. Available timing slack, temperature limits and dispatchable production remain unproven; batch is not permission to shift.",,AWAITING_HUMAN_REVIEW,Codex AI-assisted public-source first pass,2026-10-07,,,
P95,Winkler-Bräu GmbH & Co. KG,load_flexibility_potential,thermal_storage_flex_score,,7,Unresolved; UNKNOWN preserved,UNKNOWN,S-P95-04|S-P95-05,Checked owner/issuer/public-agency content establishes only the bounded facts recorded in the source register. This field lacks sufficient attributable evidence.,"Actual useful heat/cold buffer capacity, temperature, connection and timing freedom; thermal mass, room heat and electrical batteries not sufficient.",NEEDS_RESEARCH,Codex AI-assisted public-source first pass,2026-10-07,,,
P95,Winkler-Bräu GmbH & Co. KG,grid_power_quality_relevance,incremental_load_score,,8,Unresolved; UNKNOWN preserved,UNKNOWN,S-P95-04|S-P95-05,Checked owner/issuer/public-agency content establishes only the bounded facts recorded in the source register. This field lacks sufficient attributable evidence.,Owned feasible thermal substitution case and baseline remaining thermal duty; no grid capacity or kW inferred.,NEEDS_RESEARCH,Codex AI-assisted public-source first pass,2026-10-07,,,
P95,Winkler-Bräu GmbH & Co. KG,grid_power_quality_relevance,power_quality_score,,4,Unresolved; UNKNOWN preserved,UNKNOWN,S-P95-04|S-P95-05,Checked owner/issuer/public-agency content establishes only the bounded facts recorded in the source register. This field lacks sufficient attributable evidence.,Owned relevant converter/peak topology or measured harmonic/reactive/voltage findings; product resistance/current amps not measured power-quality evidence.,NEEDS_RESEARCH,Codex AI-assisted public-source first pass,2026-10-07,,,
P95,Winkler-Bräu GmbH & Co. KG,grid_power_quality_relevance,onsite_integration_score,,3,Unresolved; UNKNOWN preserved,UNKNOWN,S-P95-04|S-P95-05,Checked owner/issuer/public-agency content establishes only the bounded facts recorded in the source register. This field lacks sufficient attributable evidence.,"Owned electricity generation/storage/load-management topology; mechanical hydropower, purchased renewables or group assets not inherited.",NEEDS_RESEARCH,Codex AI-assisted public-source first pass,2026-10-07,,,
P95,Winkler-Bräu GmbH & Co. KG,observed_transition_gap,measures_gap_score,,10,Unresolved; UNKNOWN preserved,UNKNOWN,S-P95-04|S-P95-05,Checked owner/issuer/public-agency content establishes only the bounded facts recorded in the source register. This field lacks sufficient attributable evidence.,Named current implemented energy measures with exact entity/site/technology scope. Generic efficient/green production and resource recycling not adequate negative-search proof.,NEEDS_RESEARCH,Codex AI-assisted public-source first pass,2026-10-07,,,
P95,Winkler-Bräu GmbH & Co. KG,observed_transition_gap,management_gap_score,,5,Unresolved; UNKNOWN preserved,UNKNOWN,S-P95-04|S-P95-05,Checked owner/issuer/public-agency content establishes only the bounded facts recorded in the source register. This field lacks sufficient attributable evidence.,Current direct ISO 50001/14001/EMAS or operational energy-management evidence for exact holder; quality-only and absent public certificate not no-management conclusion.,NEEDS_RESEARCH,Codex AI-assisted public-source first pass,2026-10-07,,,
P95,Winkler-Bräu GmbH & Co. KG,observed_transition_gap,targets_gap_score,,5,Unresolved; UNKNOWN preserved,UNKNOWN,S-P95-04|S-P95-05,Checked owner/issuer/public-agency content establishes only the bounded facts recorded in the source register. This field lacks sufficient attributable evidence.,"Owned energy/climate target, date, scope and roadmap, or documented sufficient defined search. General quality/resource sustainability not energy target.",NEEDS_RESEARCH,Codex AI-assisted public-source first pass,2026-10-07,,,
P95,Winkler-Bräu GmbH & Co. KG,observed_transition_gap,investment_gap_score,,5,Unresolved; UNKNOWN preserved,UNKNOWN,S-P95-04|S-P95-05,Checked owner/issuer/public-agency content establishes only the bounded facts recorded in the source register. This field lacks sufficient attributable evidence.,"Completed owned energy investments with commissioning dates in 2021-10-07 to 2026-10-07. Operation/report/filename dates, generic annual CAPEX and other group companies not sufficient.",NEEDS_RESEARCH,Codex AI-assisted public-source first pass,2026-10-07,,,
P97,Peltzer & Co. GmbH,process_electrification_potential,temperature_fit_score,,10,Unresolved; UNKNOWN preserved,UNKNOWN,S-P97-03,Checked owner/issuer/public-agency content establishes only the bounded facts recorded in the source register. This field lacks sufficient attributable evidence.,Owned process operating temperatures and actual heat/cold duties; separate product ratings and room heating.,NEEDS_RESEARCH,Codex AI-assisted public-source first pass,2026-10-07,,,
P97,Peltzer & Co. GmbH,process_electrification_potential,process_electrification_score,,10,Unresolved; UNKNOWN preserved,UNKNOWN,S-P97-03,Checked owner/issuer/public-agency content establishes only the bounded facts recorded in the source register. This field lacks sufficient attributable evidence.,"Named owned thermal route, current heat carrier and feasible remaining substitution case; separate electric drives and room heat.",NEEDS_RESEARCH,Codex AI-assisted public-source first pass,2026-10-07,,,
P97,Peltzer & Co. GmbH,process_electrification_potential,fossil_heat_displacement_score,,5,Unresolved; UNKNOWN preserved,UNKNOWN,S-P97-03,Checked owner/issuer/public-agency content establishes only the bounded facts recorded in the source register. This field lacks sufficient attributable evidence.,Current company/site process heat carrier mix and attributable fossil thermal duty. No public evidence is not zero fossil heat.,NEEDS_RESEARCH,Codex AI-assisted public-source first pass,2026-10-07,,,
P97,Peltzer & Co. GmbH,power_electronics_relevance,motor_drive_score,5,8,"Allowed ordinal anchor; firm-specific relevance, not deployment or final score",C,S-P97-03,Several named owned injection machines and periphery establish material machine-drive relevance. Hydraulic/electric topology and motor ratings unresolved; closing force is not kW.,,AWAITING_HUMAN_REVIEW,Codex AI-assisted public-source first pass,2026-10-07,,,
P97,Peltzer & Co. GmbH,power_electronics_relevance,power_conversion_score,2,8,"Allowed ordinal anchor; firm-specific relevance, not deployment or final score",C,S-P97-02,Own ultrasonic welding establishes a limited conversion application; no rated rectifier/inverter inventory or several central energy conversion applications documented.,,AWAITING_HUMAN_REVIEW,Codex AI-assisted public-source first pass,2026-10-07,,,
P97,Peltzer & Co. GmbH,power_electronics_relevance,automation_control_score,3,4,"Allowed ordinal anchor; firm-specific relevance, not deployment or final score",B,S-P97-02|S-P97-03,Own automated assembly and named injection-machine periphery establish clear process-control relevance; not energy-aware coordinated site dispatch.,,AWAITING_HUMAN_REVIEW,Codex AI-assisted public-source first pass,2026-10-07,,,
P97,Peltzer & Co. GmbH,load_flexibility_potential,scheduling_flex_score,,8,Unresolved; UNKNOWN preserved,UNKNOWN,S-P97-03,Checked owner/issuer/public-agency content establishes only the bounded facts recorded in the source register. This field lacks sufficient attributable evidence.,"Permitted timing shifts, quality/cooling/order constraints and spare capacity. Batch/24h operation alone not flexibility permission.",NEEDS_RESEARCH,Codex AI-assisted public-source first pass,2026-10-07,,,
P97,Peltzer & Co. GmbH,load_flexibility_potential,thermal_storage_flex_score,,7,Unresolved; UNKNOWN preserved,UNKNOWN,S-P97-03,Checked owner/issuer/public-agency content establishes only the bounded facts recorded in the source register. This field lacks sufficient attributable evidence.,"Actual useful heat/cold buffer capacity, temperature, connection and timing freedom; thermal mass, room heat and electrical batteries not sufficient.",NEEDS_RESEARCH,Codex AI-assisted public-source first pass,2026-10-07,,,
P97,Peltzer & Co. GmbH,grid_power_quality_relevance,incremental_load_score,,8,Unresolved; UNKNOWN preserved,UNKNOWN,S-P97-03,Checked owner/issuer/public-agency content establishes only the bounded facts recorded in the source register. This field lacks sufficient attributable evidence.,Owned feasible thermal substitution case and baseline remaining thermal duty; no grid capacity or kW inferred.,NEEDS_RESEARCH,Codex AI-assisted public-source first pass,2026-10-07,,,
P97,Peltzer & Co. GmbH,grid_power_quality_relevance,power_quality_score,1,4,"Allowed ordinal anchor; firm-specific relevance, not deployment or final score",C,S-P97-03,Named machine fleet supplies a possible peak/converter relevance hypothesis only. No measured harmonic/reactive-power or transformer constraints.,,AWAITING_HUMAN_REVIEW,Codex AI-assisted public-source first pass,2026-10-07,,,
P97,Peltzer & Co. GmbH,grid_power_quality_relevance,onsite_integration_score,,3,Unresolved; UNKNOWN preserved,UNKNOWN,S-P97-03,Checked owner/issuer/public-agency content establishes only the bounded facts recorded in the source register. This field lacks sufficient attributable evidence.,"Owned electricity generation/storage/load-management topology; mechanical hydropower, purchased renewables or group assets not inherited.",NEEDS_RESEARCH,Codex AI-assisted public-source first pass,2026-10-07,,,
P97,Peltzer & Co. GmbH,observed_transition_gap,measures_gap_score,3,10,"Allowed ordinal anchor; firm-specific relevance, not deployment or final score",B,S-P97-03,Own energy-efficient machine/periphery additions are some concrete measures. Technology-specific savings and full-site transition maturity unknown.,,AWAITING_HUMAN_REVIEW,Codex AI-assisted public-source first pass,2026-10-07,,,
P97,Peltzer & Co. GmbH,observed_transition_gap,management_gap_score,,5,Unresolved; UNKNOWN preserved,UNKNOWN,S-P97-03,Checked owner/issuer/public-agency content establishes only the bounded facts recorded in the source register. This field lacks sufficient attributable evidence.,Current direct ISO 50001/14001/EMAS or operational energy-management evidence for exact holder; quality-only and absent public certificate not no-management conclusion.,NEEDS_RESEARCH,Codex AI-assisted public-source first pass,2026-10-07,,,
P97,Peltzer & Co. GmbH,observed_transition_gap,targets_gap_score,3,5,"Allowed ordinal anchor; firm-specific relevance, not deployment or final score",B,S-P97-03,Owner describes energy-efficient production ambition without a quantified dated energy target or implementation roadmap.,,AWAITING_HUMAN_REVIEW,Codex AI-assisted public-source first pass,2026-10-07,,,
P97,Peltzer & Co. GmbH,observed_transition_gap,investment_gap_score,0,5,"Allowed ordinal anchor; firm-specific relevance, not deployment or final score",B,S-P97-03,"Separate own efficient-machine additions from 2022 and 2024 fall within 2021-10-07 to 2026-10-07. Several recent investment waves; not each unit an independent project, no site CAPEX total.",,AWAITING_HUMAN_REVIEW,Codex AI-assisted public-source first pass,2026-10-07,,,
P98,Robert Frank GmbH & Co. KG,process_electrification_potential,temperature_fit_score,,10,Unresolved; UNKNOWN preserved,UNKNOWN,S-P98-03|S-P98-04,Checked owner/issuer/public-agency content establishes only the bounded facts recorded in the source register. This field lacks sufficient attributable evidence.,Owned process operating temperatures and actual heat/cold duties; separate product ratings and room heating.,NEEDS_RESEARCH,Codex AI-assisted public-source first pass,2026-10-07,,,
P98,Robert Frank GmbH & Co. KG,process_electrification_potential,process_electrification_score,,10,Unresolved; UNKNOWN preserved,UNKNOWN,S-P98-03|S-P98-04,Checked owner/issuer/public-agency content establishes only the bounded facts recorded in the source register. This field lacks sufficient attributable evidence.,"Named owned thermal route, current heat carrier and feasible remaining substitution case; separate electric drives and room heat.",NEEDS_RESEARCH,Codex AI-assisted public-source first pass,2026-10-07,,,
P98,Robert Frank GmbH & Co. KG,process_electrification_potential,fossil_heat_displacement_score,,5,Unresolved; UNKNOWN preserved,UNKNOWN,S-P98-03|S-P98-04,Checked owner/issuer/public-agency content establishes only the bounded facts recorded in the source register. This field lacks sufficient attributable evidence.,Current company/site process heat carrier mix and attributable fossil thermal duty. No public evidence is not zero fossil heat.,NEEDS_RESEARCH,Codex AI-assisted public-source first pass,2026-10-07,,,
P98,Robert Frank GmbH & Co. KG,power_electronics_relevance,motor_drive_score,5,8,"Allowed ordinal anchor; firm-specific relevance, not deployment or final score",C,S-P98-03|S-P98-04,"Owned injection production and CNC toolmaking establish material drive relevance, without rated load evidence for the highest anchor.",,AWAITING_HUMAN_REVIEW,Codex AI-assisted public-source first pass,2026-10-07,,,
P98,Robert Frank GmbH & Co. KG,power_electronics_relevance,power_conversion_score,2,8,"Allowed ordinal anchor; firm-specific relevance, not deployment or final score",C,S-P98-03,Own ultrasonic welding is a limited conversion case. Offered hot-runner tooling is not an additional owned converter application.,,AWAITING_HUMAN_REVIEW,Codex AI-assisted public-source first pass,2026-10-07,,,
P98,Robert Frank GmbH & Co. KG,power_electronics_relevance,automation_control_score,3,4,"Allowed ordinal anchor; firm-specific relevance, not deployment or final score",B,S-P98-04,Owned CNC tooling and automated handling/assembly support clear control relevance; not coordinated energy dispatch.,,AWAITING_HUMAN_REVIEW,Codex AI-assisted public-source first pass,2026-10-07,,,
P98,Robert Frank GmbH & Co. KG,load_flexibility_potential,scheduling_flex_score,,8,Unresolved; UNKNOWN preserved,UNKNOWN,S-P98-03|S-P98-04,Checked owner/issuer/public-agency content establishes only the bounded facts recorded in the source register. This field lacks sufficient attributable evidence.,"Permitted timing shifts, quality/cooling/order constraints and spare capacity. Batch/24h operation alone not flexibility permission.",NEEDS_RESEARCH,Codex AI-assisted public-source first pass,2026-10-07,,,
P98,Robert Frank GmbH & Co. KG,load_flexibility_potential,thermal_storage_flex_score,,7,Unresolved; UNKNOWN preserved,UNKNOWN,S-P98-03|S-P98-04,Checked owner/issuer/public-agency content establishes only the bounded facts recorded in the source register. This field lacks sufficient attributable evidence.,"Actual useful heat/cold buffer capacity, temperature, connection and timing freedom; thermal mass, room heat and electrical batteries not sufficient.",NEEDS_RESEARCH,Codex AI-assisted public-source first pass,2026-10-07,,,
P98,Robert Frank GmbH & Co. KG,grid_power_quality_relevance,incremental_load_score,,8,Unresolved; UNKNOWN preserved,UNKNOWN,S-P98-03|S-P98-04,Checked owner/issuer/public-agency content establishes only the bounded facts recorded in the source register. This field lacks sufficient attributable evidence.,Owned feasible thermal substitution case and baseline remaining thermal duty; no grid capacity or kW inferred.,NEEDS_RESEARCH,Codex AI-assisted public-source first pass,2026-10-07,,,
P98,Robert Frank GmbH & Co. KG,grid_power_quality_relevance,power_quality_score,1,4,"Allowed ordinal anchor; firm-specific relevance, not deployment or final score",C,S-P98-03|S-P98-04,Owned machine/CNC fleet permits possible peak/converter hypothesis; no measured electrical-quality problem claimed.,,AWAITING_HUMAN_REVIEW,Codex AI-assisted public-source first pass,2026-10-07,,,
P98,Robert Frank GmbH & Co. KG,grid_power_quality_relevance,onsite_integration_score,,3,Unresolved; UNKNOWN preserved,UNKNOWN,S-P98-03|S-P98-04,Checked owner/issuer/public-agency content establishes only the bounded facts recorded in the source register. This field lacks sufficient attributable evidence.,"Owned electricity generation/storage/load-management topology; mechanical hydropower, purchased renewables or group assets not inherited.",NEEDS_RESEARCH,Codex AI-assisted public-source first pass,2026-10-07,,,
P98,Robert Frank GmbH & Co. KG,observed_transition_gap,measures_gap_score,,10,Unresolved; UNKNOWN preserved,UNKNOWN,S-P98-03|S-P98-04,Checked owner/issuer/public-agency content establishes only the bounded facts recorded in the source register. This field lacks sufficient attributable evidence.,Named current implemented energy measures with exact entity/site/technology scope. Generic efficient/green production and resource recycling not adequate negative-search proof.,NEEDS_RESEARCH,Codex AI-assisted public-source first pass,2026-10-07,,,
P98,Robert Frank GmbH & Co. KG,observed_transition_gap,management_gap_score,,5,Unresolved; UNKNOWN preserved,UNKNOWN,S-P98-03|S-P98-04,Checked owner/issuer/public-agency content establishes only the bounded facts recorded in the source register. This field lacks sufficient attributable evidence.,Current direct ISO 50001/14001/EMAS or operational energy-management evidence for exact holder; quality-only and absent public certificate not no-management conclusion.,NEEDS_RESEARCH,Codex AI-assisted public-source first pass,2026-10-07,,,
P98,Robert Frank GmbH & Co. KG,observed_transition_gap,targets_gap_score,3,5,"Allowed ordinal anchor; firm-specific relevance, not deployment or final score",B,S-P98-03,Generic energy-efficient production and CO2-reduction ambition lacks quantified dated energy target/roadmap.,,AWAITING_HUMAN_REVIEW,Codex AI-assisted public-source first pass,2026-10-07,,,
P98,Robert Frank GmbH & Co. KG,observed_transition_gap,investment_gap_score,,5,Unresolved; UNKNOWN preserved,UNKNOWN,S-P98-03|S-P98-04,Checked owner/issuer/public-agency content establishes only the bounded facts recorded in the source register. This field lacks sufficient attributable evidence.,"Completed owned energy investments with commissioning dates in 2021-10-07 to 2026-10-07. Operation/report/filename dates, generic annual CAPEX and other group companies not sufficient.",NEEDS_RESEARCH,Codex AI-assisted public-source first pass,2026-10-07,,,
P100,Kläger Spritzguss GmbH & Co. KG,process_electrification_potential,temperature_fit_score,3,10,"Allowed ordinal anchor; firm-specific relevance, not deployment or final score",C,S-P100-05,Own ceramic sintering examples 1400/1650 C establish difficult high-temperature substitution fit. No low-temperature room-heat transfer into process score; actual furnace carrier unknown.,,AWAITING_HUMAN_REVIEW,Codex AI-assisted public-source first pass,2026-10-07,,,
P100,Kläger Spritzguss GmbH & Co. KG,process_electrification_potential,process_electrification_score,7,10,"Allowed ordinal anchor; firm-specific relevance, not deployment or final score",C,S-P100-05,"Owned sintering/debinding equipment establishes one clear conditional thermal electrification use case. Feasibility, current carrier and remaining substitution demand need evidence.",,AWAITING_HUMAN_REVIEW,Codex AI-assisted public-source first pass,2026-10-07,,,
P100,Kläger Spritzguss GmbH & Co. KG,process_electrification_potential,fossil_heat_displacement_score,,5,Unresolved; UNKNOWN preserved,UNKNOWN,S-P100-03|S-P100-04,Checked owner/issuer/public-agency content establishes only the bounded facts recorded in the source register. This field lacks sufficient attributable evidence.,Current company/site process heat carrier mix and attributable fossil thermal duty. No public evidence is not zero fossil heat.,NEEDS_RESEARCH,Codex AI-assisted public-source first pass,2026-10-07,,,
P100,Kläger Spritzguss GmbH & Co. KG,power_electronics_relevance,motor_drive_score,5,8,"Allowed ordinal anchor; firm-specific relevance, not deployment or final score",B,S-P100-04,Named own 40-machine injection fleet and CNC/EDM toolshop establish material drive relevance; kN closing force is not motor kW.,,AWAITING_HUMAN_REVIEW,Codex AI-assisted public-source first pass,2026-10-07,,,
P100,Kläger Spritzguss GmbH & Co. KG,power_electronics_relevance,power_conversion_score,8,8,"Allowed ordinal anchor; firm-specific relevance, not deployment or final score",C,S-P100-04|S-P100-03,"Several owned conversion applications: explicitly electric Zeres machines, EDM and onsite PV/heat pumps. Engineering relevance only; no aggregate electric duty or harmonics invented.",,AWAITING_HUMAN_REVIEW,Codex AI-assisted public-source first pass,2026-10-07,,,
P100,Kläger Spritzguss GmbH & Co. KG,power_electronics_relevance,automation_control_score,4,4,"Allowed ordinal anchor; firm-specific relevance, not deployment or final score",B,S-P100-04,"Own full parameter monitoring/archiving and fully automated production islands support strong coordinated process-control relevance, not verified energy dispatch.",,AWAITING_HUMAN_REVIEW,Codex AI-assisted public-source first pass,2026-10-07,,,
P100,Kläger Spritzguss GmbH & Co. KG,load_flexibility_potential,scheduling_flex_score,2,8,"Allowed ordinal anchor; firm-specific relevance, not deployment or final score",C,S-P100-05,Selectable sintering units/volumes and material-dependent cycles permit only a weak scheduling hypothesis. Three-shift production and many furnaces do not prove spare capacity or shifting permission.,,AWAITING_HUMAN_REVIEW,Codex AI-assisted public-source first pass,2026-10-07,,,
P100,Kläger Spritzguss GmbH & Co. KG,load_flexibility_potential,thermal_storage_flex_score,,7,Unresolved; UNKNOWN preserved,UNKNOWN,S-P100-03|S-P100-04,Checked owner/issuer/public-agency content establishes only the bounded facts recorded in the source register. This field lacks sufficient attributable evidence.,"Actual useful heat/cold buffer capacity, temperature, connection and timing freedom; thermal mass, room heat and electrical batteries not sufficient.",NEEDS_RESEARCH,Codex AI-assisted public-source first pass,2026-10-07,,,
P100,Kläger Spritzguss GmbH & Co. KG,grid_power_quality_relevance,incremental_load_score,5,8,"Allowed ordinal anchor; firm-specific relevance, not deployment or final score",C,S-P100-05,"Owned multi-furnace thermal route supplies material ordinal grid-growth relevance IF remaining thermal demand is electrified. No actual kW, fossil baseline, spare transformer capacity or connection estimate.",,AWAITING_HUMAN_REVIEW,Codex AI-assisted public-source first pass,2026-10-07,,,
P100,Kläger Spritzguss GmbH & Co. KG,grid_power_quality_relevance,power_quality_score,3,4,"Allowed ordinal anchor; firm-specific relevance, not deployment or final score",C,S-P100-04|S-P100-03,"Named EDM, electric injection machines and PV establish clear conversion/peak-management relevance. No measured distortion or remediation claim.",,AWAITING_HUMAN_REVIEW,Codex AI-assisted public-source first pass,2026-10-07,,,
P100,Kläger Spritzguss GmbH & Co. KG,grid_power_quality_relevance,onsite_integration_score,2,3,"Allowed ordinal anchor; firm-specific relevance, not deployment or final score",B,S-P100-03,"Own PV since 2010 is one clear onsite integration use case; no coordinated microgrid, battery or dispatch topology given.",,AWAITING_HUMAN_REVIEW,Codex AI-assisted public-source first pass,2026-10-07,,,
P100,Kläger Spritzguss GmbH & Co. KG,observed_transition_gap,measures_gap_score,0,10,"Allowed ordinal anchor; firm-specific relevance, not deployment or final score",B,S-P100-03|S-P100-04,"Several own measures: PV, process-waste-heat recovery to rooms via heat pumps/exchangers and explicitly electric machines. Room heating and machine drive are not process-heat electrification proof.",,AWAITING_HUMAN_REVIEW,Codex AI-assisted public-source first pass,2026-10-07,,,
P100,Kläger Spritzguss GmbH & Co. KG,observed_transition_gap,management_gap_score,,5,Unresolved; UNKNOWN preserved,UNKNOWN,S-P100-03|S-P100-04,Checked owner/issuer/public-agency content establishes only the bounded facts recorded in the source register. This field lacks sufficient attributable evidence.,Current direct ISO 50001/14001/EMAS or operational energy-management evidence for exact holder; quality-only and absent public certificate not no-management conclusion.,NEEDS_RESEARCH,Codex AI-assisted public-source first pass,2026-10-07,,,
P100,Kläger Spritzguss GmbH & Co. KG,observed_transition_gap,targets_gap_score,3,5,"Allowed ordinal anchor; firm-specific relevance, not deployment or final score",B,S-P100-03,Own continuous environmental optimisation ambition has no quantified dated transition target or roadmap.,,AWAITING_HUMAN_REVIEW,Codex AI-assisted public-source first pass,2026-10-07,,,
P100,Kläger Spritzguss GmbH & Co. KG,observed_transition_gap,investment_gap_score,,5,Unresolved; UNKNOWN preserved,UNKNOWN,S-P100-03|S-P100-04,Checked owner/issuer/public-agency content establishes only the bounded facts recorded in the source register. This field lacks sufficient attributable evidence.,"Completed owned energy investments with commissioning dates in 2021-10-07 to 2026-10-07. Operation/report/filename dates, generic annual CAPEX and other group companies not sufficient.",NEEDS_RESEARCH,Codex AI-assisted public-source first pass,2026-10-07,,,
P101,Metoba Metalloberflächenbearbeitung GmbH,process_electrification_potential,temperature_fit_score,,10,Unresolved; UNKNOWN preserved,UNKNOWN,S-P101-03|S-P101-04,Checked owner/issuer/public-agency content establishes only the bounded facts recorded in the source register. This field lacks sufficient attributable evidence.,Owned process operating temperatures and actual heat/cold duties; separate product ratings and room heating.,NEEDS_RESEARCH,Codex AI-assisted public-source first pass,2026-10-07,,,
P101,Metoba Metalloberflächenbearbeitung GmbH,process_electrification_potential,process_electrification_score,,10,Unresolved; UNKNOWN preserved,UNKNOWN,S-P101-03|S-P101-04,Checked owner/issuer/public-agency content establishes only the bounded facts recorded in the source register. This field lacks sufficient attributable evidence.,"Named owned thermal route, current heat carrier and feasible remaining substitution case; separate electric drives and room heat.",NEEDS_RESEARCH,Codex AI-assisted public-source first pass,2026-10-07,,,
P101,Metoba Metalloberflächenbearbeitung GmbH,process_electrification_potential,fossil_heat_displacement_score,,5,Unresolved; UNKNOWN preserved,UNKNOWN,S-P101-03|S-P101-04,Checked owner/issuer/public-agency content establishes only the bounded facts recorded in the source register. This field lacks sufficient attributable evidence.,Current company/site process heat carrier mix and attributable fossil thermal duty. No public evidence is not zero fossil heat.,NEEDS_RESEARCH,Codex AI-assisted public-source first pass,2026-10-07,,,
P101,Metoba Metalloberflächenbearbeitung GmbH,power_electronics_relevance,motor_drive_score,5,8,"Allowed ordinal anchor; firm-specific relevance, not deployment or final score",C,S-P101-03,Own band/barrel processing supplies material mechanical-drive relevance; no rated motor/compressor inventory.,,AWAITING_HUMAN_REVIEW,Codex AI-assisted public-source first pass,2026-10-07,,,
P101,Metoba Metalloberflächenbearbeitung GmbH,power_electronics_relevance,power_conversion_score,5,8,"Allowed ordinal anchor; firm-specific relevance, not deployment or final score",C,S-P101-03,Own galvanic plating supplies one material electrochemical DC/rectifier engineering use case; rectifier ratings and topology not measured.,,AWAITING_HUMAN_REVIEW,Codex AI-assisted public-source first pass,2026-10-07,,,
P101,Metoba Metalloberflächenbearbeitung GmbH,power_electronics_relevance,automation_control_score,4,4,"Allowed ordinal anchor; firm-specific relevance, not deployment or final score",B,S-P101-03,"Own brochure explicitly automatically controls/documents process data across plating operations. Strong process coordination, no energy dispatch conclusion.",,AWAITING_HUMAN_REVIEW,Codex AI-assisted public-source first pass,2026-10-07,,,
P101,Metoba Metalloberflächenbearbeitung GmbH,load_flexibility_potential,scheduling_flex_score,2,8,"Allowed ordinal anchor; firm-specific relevance, not deployment or final score",C,S-P101-03,"Owned rack/barrel/selective operations support weak batch-sequencing hypothesis alongside band production. No dispatchable shifts, free capacity or delivery slack proven.",,AWAITING_HUMAN_REVIEW,Codex AI-assisted public-source first pass,2026-10-07,,,
P101,Metoba Metalloberflächenbearbeitung GmbH,load_flexibility_potential,thermal_storage_flex_score,,7,Unresolved; UNKNOWN preserved,UNKNOWN,S-P101-03|S-P101-04,Checked owner/issuer/public-agency content establishes only the bounded facts recorded in the source register. This field lacks sufficient attributable evidence.,"Actual useful heat/cold buffer capacity, temperature, connection and timing freedom; thermal mass, room heat and electrical batteries not sufficient.",NEEDS_RESEARCH,Codex AI-assisted public-source first pass,2026-10-07,,,
P101,Metoba Metalloberflächenbearbeitung GmbH,grid_power_quality_relevance,incremental_load_score,,8,Unresolved; UNKNOWN preserved,UNKNOWN,S-P101-03|S-P101-04,Checked owner/issuer/public-agency content establishes only the bounded facts recorded in the source register. This field lacks sufficient attributable evidence.,Owned feasible thermal substitution case and baseline remaining thermal duty; no grid capacity or kW inferred.,NEEDS_RESEARCH,Codex AI-assisted public-source first pass,2026-10-07,,,
P101,Metoba Metalloberflächenbearbeitung GmbH,grid_power_quality_relevance,power_quality_score,3,4,"Allowed ordinal anchor; firm-specific relevance, not deployment or final score",C,S-P101-03,Owned electrochemical production supports clear rectifier/peak-quality relevance as engineering inference; no measured harmonic issue.,,AWAITING_HUMAN_REVIEW,Codex AI-assisted public-source first pass,2026-10-07,,,
P101,Metoba Metalloberflächenbearbeitung GmbH,grid_power_quality_relevance,onsite_integration_score,2,3,"Allowed ordinal anchor; firm-specific relevance, not deployment or final score",B,S-P101-05,"Public agency confirms actual own BHKW operation, one onsite generation/heat integration case. Fuel, power and coordinated PV/storage topology unresolved.",,AWAITING_HUMAN_REVIEW,Codex AI-assisted public-source first pass,2026-10-07,,,
P101,Metoba Metalloberflächenbearbeitung GmbH,observed_transition_gap,measures_gap_score,3,10,"Allowed ordinal anchor; firm-specific relevance, not deployment or final score",B,S-P101-05,BHKW is some concrete energy-efficiency measure; workshop and historical EnMS do not establish several implemented technologies or recent commissioning.,,AWAITING_HUMAN_REVIEW,Codex AI-assisted public-source first pass,2026-10-07,,,
P101,Metoba Metalloberflächenbearbeitung GmbH,observed_transition_gap,management_gap_score,2,5,"Allowed ordinal anchor; firm-specific relevance, not deployment or final score",B,S-P101-04|S-P101-06|S-P101-03,"Current EMAS certificate/register verify an environmental management system. Historical EnMS explicitly not ISO 50001 certified; current mature energy-system operation not proven, so partial/other system anchor.",,AWAITING_HUMAN_REVIEW,Codex AI-assisted public-source first pass,2026-10-07,,,
P101,Metoba Metalloberflächenbearbeitung GmbH,observed_transition_gap,targets_gap_score,3,5,"Allowed ordinal anchor; firm-specific relevance, not deployment or final score",B,S-P101-03,Own brochure states reducing raw materials and energy ambition with no quantified dated current target/roadmap.,,AWAITING_HUMAN_REVIEW,Codex AI-assisted public-source first pass,2026-10-07,,,
P101,Metoba Metalloberflächenbearbeitung GmbH,observed_transition_gap,investment_gap_score,,5,Unresolved; UNKNOWN preserved,UNKNOWN,S-P101-03|S-P101-04,Checked owner/issuer/public-agency content establishes only the bounded facts recorded in the source register. This field lacks sufficient attributable evidence.,"Completed owned energy investments with commissioning dates in 2021-10-07 to 2026-10-07. Operation/report/filename dates, generic annual CAPEX and other group companies not sufficient.",NEEDS_RESEARCH,Codex AI-assisted public-source first pass,2026-10-07,,,
P105,Dresdner Silber und Metallveredlung GmbH,process_electrification_potential,temperature_fit_score,,10,Unresolved; UNKNOWN preserved,UNKNOWN,S-P105-03|S-P105-04,Checked owner/issuer/public-agency content establishes only the bounded facts recorded in the source register. This field lacks sufficient attributable evidence.,Owned process operating temperatures and actual heat/cold duties; separate product ratings and room heating.,NEEDS_RESEARCH,Codex AI-assisted public-source first pass,2026-10-07,,,
P105,Dresdner Silber und Metallveredlung GmbH,process_electrification_potential,process_electrification_score,,10,Unresolved; UNKNOWN preserved,UNKNOWN,S-P105-03|S-P105-04,Checked owner/issuer/public-agency content establishes only the bounded facts recorded in the source register. This field lacks sufficient attributable evidence.,"Named owned thermal route, current heat carrier and feasible remaining substitution case; separate electric drives and room heat.",NEEDS_RESEARCH,Codex AI-assisted public-source first pass,2026-10-07,,,
P105,Dresdner Silber und Metallveredlung GmbH,process_electrification_potential,fossil_heat_displacement_score,,5,Unresolved; UNKNOWN preserved,UNKNOWN,S-P105-03|S-P105-04,Checked owner/issuer/public-agency content establishes only the bounded facts recorded in the source register. This field lacks sufficient attributable evidence.,Current company/site process heat carrier mix and attributable fossil thermal duty. No public evidence is not zero fossil heat.,NEEDS_RESEARCH,Codex AI-assisted public-source first pass,2026-10-07,,,
P105,Dresdner Silber und Metallveredlung GmbH,power_electronics_relevance,motor_drive_score,2,8,"Allowed ordinal anchor; firm-specific relevance, not deployment or final score",C,S-P105-02,Own automatically transported barrel-plating route gives limited mechanical-drive relevance; motor/pump fleet and ratings not documented.,,AWAITING_HUMAN_REVIEW,Codex AI-assisted public-source first pass,2026-10-07,,,
P105,Dresdner Silber und Metallveredlung GmbH,power_electronics_relevance,power_conversion_score,5,8,"Allowed ordinal anchor; firm-specific relevance, not deployment or final score",C,S-P105-02|S-P105-05,Own galvanic finishing is one material electrochemical DC/rectifier application as engineering inference. No specific rectifier inventory.,,AWAITING_HUMAN_REVIEW,Codex AI-assisted public-source first pass,2026-10-07,,,
P105,Dresdner Silber und Metallveredlung GmbH,power_electronics_relevance,automation_control_score,3,4,"Allowed ordinal anchor; firm-specific relevance, not deployment or final score",B,S-P105-02,"Own automatically controlled treatment line transports barrels through cleaning, plating and rinsing. Clear process-control relevance, not verified energy monitoring or dispatch.",,AWAITING_HUMAN_REVIEW,Codex AI-assisted public-source first pass,2026-10-07,,,
P105,Dresdner Silber und Metallveredlung GmbH,load_flexibility_potential,scheduling_flex_score,,8,Unresolved; UNKNOWN preserved,UNKNOWN,S-P105-03|S-P105-04,Checked owner/issuer/public-agency content establishes only the bounded facts recorded in the source register. This field lacks sufficient attributable evidence.,"Permitted timing shifts, quality/cooling/order constraints and spare capacity. Batch/24h operation alone not flexibility permission.",NEEDS_RESEARCH,Codex AI-assisted public-source first pass,2026-10-07,,,
P105,Dresdner Silber und Metallveredlung GmbH,load_flexibility_potential,thermal_storage_flex_score,,7,Unresolved; UNKNOWN preserved,UNKNOWN,S-P105-03|S-P105-04,Checked owner/issuer/public-agency content establishes only the bounded facts recorded in the source register. This field lacks sufficient attributable evidence.,"Actual useful heat/cold buffer capacity, temperature, connection and timing freedom; thermal mass, room heat and electrical batteries not sufficient.",NEEDS_RESEARCH,Codex AI-assisted public-source first pass,2026-10-07,,,
P105,Dresdner Silber und Metallveredlung GmbH,grid_power_quality_relevance,incremental_load_score,,8,Unresolved; UNKNOWN preserved,UNKNOWN,S-P105-03|S-P105-04,Checked owner/issuer/public-agency content establishes only the bounded facts recorded in the source register. This field lacks sufficient attributable evidence.,Owned feasible thermal substitution case and baseline remaining thermal duty; no grid capacity or kW inferred.,NEEDS_RESEARCH,Codex AI-assisted public-source first pass,2026-10-07,,,
P105,Dresdner Silber und Metallveredlung GmbH,grid_power_quality_relevance,power_quality_score,3,4,"Allowed ordinal anchor; firm-specific relevance, not deployment or final score",C,S-P105-02,Owned electrochemical plating establishes clear rectifier/peak-quality engineering relevance; no measured harmonics or fault claimed.,,AWAITING_HUMAN_REVIEW,Codex AI-assisted public-source first pass,2026-10-07,,,
P105,Dresdner Silber und Metallveredlung GmbH,grid_power_quality_relevance,onsite_integration_score,,3,Unresolved; UNKNOWN preserved,UNKNOWN,S-P105-03|S-P105-04,Checked owner/issuer/public-agency content establishes only the bounded facts recorded in the source register. This field lacks sufficient attributable evidence.,"Owned electricity generation/storage/load-management topology; mechanical hydropower, purchased renewables or group assets not inherited.",NEEDS_RESEARCH,Codex AI-assisted public-source first pass,2026-10-07,,,
P105,Dresdner Silber und Metallveredlung GmbH,observed_transition_gap,measures_gap_score,,10,Unresolved; UNKNOWN preserved,UNKNOWN,S-P105-03|S-P105-04,Checked owner/issuer/public-agency content establishes only the bounded facts recorded in the source register. This field lacks sufficient attributable evidence.,Named current implemented energy measures with exact entity/site/technology scope. Generic efficient/green production and resource recycling not adequate negative-search proof.,NEEDS_RESEARCH,Codex AI-assisted public-source first pass,2026-10-07,,,
P105,Dresdner Silber und Metallveredlung GmbH,observed_transition_gap,management_gap_score,2,5,"Allowed ordinal anchor; firm-specific relevance, not deployment or final score",B,S-P105-04|S-P105-05,"Current ISO 14001 certificate independently corroborated by IHK verifies other environmental system, not mature EnMS or ISO 50001 certification.",,AWAITING_HUMAN_REVIEW,Codex AI-assisted public-source first pass,2026-10-07,,,
P105,Dresdner Silber und Metallveredlung GmbH,observed_transition_gap,targets_gap_score,,5,Unresolved; UNKNOWN preserved,UNKNOWN,S-P105-03|S-P105-04,Checked owner/issuer/public-agency content establishes only the bounded facts recorded in the source register. This field lacks sufficient attributable evidence.,"Owned energy/climate target, date, scope and roadmap, or documented sufficient defined search. General quality/resource sustainability not energy target.",NEEDS_RESEARCH,Codex AI-assisted public-source first pass,2026-10-07,,,
P105,Dresdner Silber und Metallveredlung GmbH,observed_transition_gap,investment_gap_score,,5,Unresolved; UNKNOWN preserved,UNKNOWN,S-P105-03|S-P105-04,Checked owner/issuer/public-agency content establishes only the bounded facts recorded in the source register. This field lacks sufficient attributable evidence.,"Completed owned energy investments with commissioning dates in 2021-10-07 to 2026-10-07. Operation/report/filename dates, generic annual CAPEX and other group companies not sufficient.",NEEDS_RESEARCH,Codex AI-assisted public-source first pass,2026-10-07,,,
P106,Felix Vuckovic - Technische Keramik GmbH,process_electrification_potential,temperature_fit_score,,10,Unresolved; UNKNOWN preserved,UNKNOWN,S-P106-03|S-P106-04,Checked owner/issuer/public-agency content establishes only the bounded facts recorded in the source register. This field lacks sufficient attributable evidence.,Owned process operating temperatures and actual heat/cold duties; separate product ratings and room heating.,NEEDS_RESEARCH,Codex AI-assisted public-source first pass,2026-10-07,,,
P106,Felix Vuckovic - Technische Keramik GmbH,process_electrification_potential,process_electrification_score,,10,Unresolved; UNKNOWN preserved,UNKNOWN,S-P106-03|S-P106-04,Checked owner/issuer/public-agency content establishes only the bounded facts recorded in the source register. This field lacks sufficient attributable evidence.,"Named owned thermal route, current heat carrier and feasible remaining substitution case; separate electric drives and room heat.",NEEDS_RESEARCH,Codex AI-assisted public-source first pass,2026-10-07,,,
P106,Felix Vuckovic - Technische Keramik GmbH,process_electrification_potential,fossil_heat_displacement_score,,5,Unresolved; UNKNOWN preserved,UNKNOWN,S-P106-03|S-P106-04,Checked owner/issuer/public-agency content establishes only the bounded facts recorded in the source register. This field lacks sufficient attributable evidence.,Current company/site process heat carrier mix and attributable fossil thermal duty. No public evidence is not zero fossil heat.,NEEDS_RESEARCH,Codex AI-assisted public-source first pass,2026-10-07,,,
P106,Felix Vuckovic - Technische Keramik GmbH,power_electronics_relevance,motor_drive_score,5,8,"Allowed ordinal anchor; firm-specific relevance, not deployment or final score",B,S-P106-03,Own CNC grinding/honing/polishing inventory establishes material drive relevance. No owned furnace inferred from ceramic products.,,AWAITING_HUMAN_REVIEW,Codex AI-assisted public-source first pass,2026-10-07,,,
P106,Felix Vuckovic - Technische Keramik GmbH,power_electronics_relevance,power_conversion_score,2,8,"Allowed ordinal anchor; firm-specific relevance, not deployment or final score",C,S-P106-03,"Own ultrasound-assisted machining establishes a limited power-conversion case, without rated converters or thermal route.",,AWAITING_HUMAN_REVIEW,Codex AI-assisted public-source first pass,2026-10-07,,,
P106,Felix Vuckovic - Technische Keramik GmbH,power_electronics_relevance,automation_control_score,3,4,"Allowed ordinal anchor; firm-specific relevance, not deployment or final score",B,S-P106-03,"Own CNC machines programmed with CAD/CAM give clear process-control relevance, not an operational EnMS.",,AWAITING_HUMAN_REVIEW,Codex AI-assisted public-source first pass,2026-10-07,,,
P106,Felix Vuckovic - Technische Keramik GmbH,load_flexibility_potential,scheduling_flex_score,,8,Unresolved; UNKNOWN preserved,UNKNOWN,S-P106-03|S-P106-04,Checked owner/issuer/public-agency content establishes only the bounded facts recorded in the source register. This field lacks sufficient attributable evidence.,"Permitted timing shifts, quality/cooling/order constraints and spare capacity. Batch/24h operation alone not flexibility permission.",NEEDS_RESEARCH,Codex AI-assisted public-source first pass,2026-10-07,,,
P106,Felix Vuckovic - Technische Keramik GmbH,load_flexibility_potential,thermal_storage_flex_score,,7,Unresolved; UNKNOWN preserved,UNKNOWN,S-P106-03|S-P106-04,Checked owner/issuer/public-agency content establishes only the bounded facts recorded in the source register. This field lacks sufficient attributable evidence.,"Actual useful heat/cold buffer capacity, temperature, connection and timing freedom; thermal mass, room heat and electrical batteries not sufficient.",NEEDS_RESEARCH,Codex AI-assisted public-source first pass,2026-10-07,,,
P106,Felix Vuckovic - Technische Keramik GmbH,grid_power_quality_relevance,incremental_load_score,,8,Unresolved; UNKNOWN preserved,UNKNOWN,S-P106-03|S-P106-04,Checked owner/issuer/public-agency content establishes only the bounded facts recorded in the source register. This field lacks sufficient attributable evidence.,Owned feasible thermal substitution case and baseline remaining thermal duty; no grid capacity or kW inferred.,NEEDS_RESEARCH,Codex AI-assisted public-source first pass,2026-10-07,,,
P106,Felix Vuckovic - Technische Keramik GmbH,grid_power_quality_relevance,power_quality_score,1,4,"Allowed ordinal anchor; firm-specific relevance, not deployment or final score",C,S-P106-03,Owned CNC/ultrasound machining supports possible converter/peak relevance only; no measured disturbance.,,AWAITING_HUMAN_REVIEW,Codex AI-assisted public-source first pass,2026-10-07,,,
P106,Felix Vuckovic - Technische Keramik GmbH,grid_power_quality_relevance,onsite_integration_score,,3,Unresolved; UNKNOWN preserved,UNKNOWN,S-P106-03|S-P106-04,Checked owner/issuer/public-agency content establishes only the bounded facts recorded in the source register. This field lacks sufficient attributable evidence.,"Owned electricity generation/storage/load-management topology; mechanical hydropower, purchased renewables or group assets not inherited.",NEEDS_RESEARCH,Codex AI-assisted public-source first pass,2026-10-07,,,
P106,Felix Vuckovic - Technische Keramik GmbH,observed_transition_gap,measures_gap_score,,10,Unresolved; UNKNOWN preserved,UNKNOWN,S-P106-03|S-P106-04,Checked owner/issuer/public-agency content establishes only the bounded facts recorded in the source register. This field lacks sufficient attributable evidence.,Named current implemented energy measures with exact entity/site/technology scope. Generic efficient/green production and resource recycling not adequate negative-search proof.,NEEDS_RESEARCH,Codex AI-assisted public-source first pass,2026-10-07,,,
P106,Felix Vuckovic - Technische Keramik GmbH,observed_transition_gap,management_gap_score,,5,Unresolved; UNKNOWN preserved,UNKNOWN,S-P106-03|S-P106-04,Checked owner/issuer/public-agency content establishes only the bounded facts recorded in the source register. This field lacks sufficient attributable evidence.,Current direct ISO 50001/14001/EMAS or operational energy-management evidence for exact holder; quality-only and absent public certificate not no-management conclusion.,NEEDS_RESEARCH,Codex AI-assisted public-source first pass,2026-10-07,,,
P106,Felix Vuckovic - Technische Keramik GmbH,observed_transition_gap,targets_gap_score,,5,Unresolved; UNKNOWN preserved,UNKNOWN,S-P106-03|S-P106-04,Checked owner/issuer/public-agency content establishes only the bounded facts recorded in the source register. This field lacks sufficient attributable evidence.,"Owned energy/climate target, date, scope and roadmap, or documented sufficient defined search. General quality/resource sustainability not energy target.",NEEDS_RESEARCH,Codex AI-assisted public-source first pass,2026-10-07,,,
P106,Felix Vuckovic - Technische Keramik GmbH,observed_transition_gap,investment_gap_score,,5,Unresolved; UNKNOWN preserved,UNKNOWN,S-P106-03|S-P106-04,Checked owner/issuer/public-agency content establishes only the bounded facts recorded in the source register. This field lacks sufficient attributable evidence.,"Completed owned energy investments with commissioning dates in 2021-10-07 to 2026-10-07. Operation/report/filename dates, generic annual CAPEX and other group companies not sufficient.",NEEDS_RESEARCH,Codex AI-assisted public-source first pass,2026-10-07,,,
P108,Porzellanmanufaktur Reichenbach GmbH,process_electrification_potential,temperature_fit_score,3,10,"Allowed ordinal anchor; firm-specific relevance, not deployment or final score",C,S-P108-03,Owned porcelain firing at 950/1380 C supports difficult high-temperature substitution fit. Actual carrier and feasible electric retrofit remain unresolved.,,AWAITING_HUMAN_REVIEW,Codex AI-assisted public-source first pass,2026-10-07,,,
P108,Porzellanmanufaktur Reichenbach GmbH,process_electrification_potential,process_electrification_score,7,10,"Allowed ordinal anchor; firm-specific relevance, not deployment or final score",C,S-P108-03,Owned kiln route establishes one clear conditional thermal-electrification use case. Current electric/fossil baseline unknown; no completed deployment inferred.,,AWAITING_HUMAN_REVIEW,Codex AI-assisted public-source first pass,2026-10-07,,,
P108,Porzellanmanufaktur Reichenbach GmbH,process_electrification_potential,fossil_heat_displacement_score,,5,Unresolved; UNKNOWN preserved,UNKNOWN,S-P108-03|S-P108-04,Checked owner/issuer/public-agency content establishes only the bounded facts recorded in the source register. This field lacks sufficient attributable evidence.,Current company/site process heat carrier mix and attributable fossil thermal duty. No public evidence is not zero fossil heat.,NEEDS_RESEARCH,Codex AI-assisted public-source first pass,2026-10-07,,,
P108,Porzellanmanufaktur Reichenbach GmbH,power_electronics_relevance,motor_drive_score,,8,Unresolved; UNKNOWN preserved,UNKNOWN,S-P108-03|S-P108-04,Checked owner/issuer/public-agency content establishes only the bounded facts recorded in the source register. This field lacks sufficient attributable evidence.,"Owned electrical motor/compressor inventory, process roles and duty; mechanical drive not automatically electric.",NEEDS_RESEARCH,Codex AI-assisted public-source first pass,2026-10-07,,,
P108,Porzellanmanufaktur Reichenbach GmbH,power_electronics_relevance,power_conversion_score,5,8,"Allowed ordinal anchor; firm-specific relevance, not deployment or final score",C,S-P108-03,Owned firing route supplies one material controlled-electric-heat conversion use case IF electrified; current electrical furnace topology and load remain unknown.,,AWAITING_HUMAN_REVIEW,Codex AI-assisted public-source first pass,2026-10-07,,,
P108,Porzellanmanufaktur Reichenbach GmbH,power_electronics_relevance,automation_control_score,,4,Unresolved; UNKNOWN preserved,UNKNOWN,S-P108-03|S-P108-04,Checked owner/issuer/public-agency content establishes only the bounded facts recorded in the source register. This field lacks sufficient attributable evidence.,Owned process control/monitoring inventory and operational coordination; quality claims not EnMS maturity.,NEEDS_RESEARCH,Codex AI-assisted public-source first pass,2026-10-07,,,
P108,Porzellanmanufaktur Reichenbach GmbH,load_flexibility_potential,scheduling_flex_score,2,8,"Allowed ordinal anchor; firm-specific relevance, not deployment or final score",C,S-P108-03,Owned staged firing permits only weak sequencing hypothesis. Firing stages/duration are not a dispatchable shift window; quality/cooling/order constraints unresolved.,,AWAITING_HUMAN_REVIEW,Codex AI-assisted public-source first pass,2026-10-07,,,
P108,Porzellanmanufaktur Reichenbach GmbH,load_flexibility_potential,thermal_storage_flex_score,,7,Unresolved; UNKNOWN preserved,UNKNOWN,S-P108-03|S-P108-04,Checked owner/issuer/public-agency content establishes only the bounded facts recorded in the source register. This field lacks sufficient attributable evidence.,"Actual useful heat/cold buffer capacity, temperature, connection and timing freedom; thermal mass, room heat and electrical batteries not sufficient.",NEEDS_RESEARCH,Codex AI-assisted public-source first pass,2026-10-07,,,
P108,Porzellanmanufaktur Reichenbach GmbH,grid_power_quality_relevance,incremental_load_score,5,8,"Allowed ordinal anchor; firm-specific relevance, not deployment or final score",C,S-P108-03,"Owned high-temperature firing supplies material ordinal grid-growth relevance IF remaining demand electrifies. No nameplate/load, fossil baseline or grid headroom inferred.",,AWAITING_HUMAN_REVIEW,Codex AI-assisted public-source first pass,2026-10-07,,,
P108,Porzellanmanufaktur Reichenbach GmbH,grid_power_quality_relevance,power_quality_score,1,4,"Allowed ordinal anchor; firm-specific relevance, not deployment or final score",C,S-P108-03,Conditional electric controlled-heat conversion supplies only possible peak/quality relevance; no existing measured disturbance.,,AWAITING_HUMAN_REVIEW,Codex AI-assisted public-source first pass,2026-10-07,,,
P108,Porzellanmanufaktur Reichenbach GmbH,grid_power_quality_relevance,onsite_integration_score,,3,Unresolved; UNKNOWN preserved,UNKNOWN,S-P108-03|S-P108-04,Checked owner/issuer/public-agency content establishes only the bounded facts recorded in the source register. This field lacks sufficient attributable evidence.,"Owned electricity generation/storage/load-management topology; mechanical hydropower, purchased renewables or group assets not inherited.",NEEDS_RESEARCH,Codex AI-assisted public-source first pass,2026-10-07,,,
P108,Porzellanmanufaktur Reichenbach GmbH,observed_transition_gap,measures_gap_score,,10,Unresolved; UNKNOWN preserved,UNKNOWN,S-P108-03|S-P108-04,Checked owner/issuer/public-agency content establishes only the bounded facts recorded in the source register. This field lacks sufficient attributable evidence.,Named current implemented energy measures with exact entity/site/technology scope. Generic efficient/green production and resource recycling not adequate negative-search proof.,NEEDS_RESEARCH,Codex AI-assisted public-source first pass,2026-10-07,,,
P108,Porzellanmanufaktur Reichenbach GmbH,observed_transition_gap,management_gap_score,,5,Unresolved; UNKNOWN preserved,UNKNOWN,S-P108-03|S-P108-04,Checked owner/issuer/public-agency content establishes only the bounded facts recorded in the source register. This field lacks sufficient attributable evidence.,Current direct ISO 50001/14001/EMAS or operational energy-management evidence for exact holder; quality-only and absent public certificate not no-management conclusion.,NEEDS_RESEARCH,Codex AI-assisted public-source first pass,2026-10-07,,,
P108,Porzellanmanufaktur Reichenbach GmbH,observed_transition_gap,targets_gap_score,,5,Unresolved; UNKNOWN preserved,UNKNOWN,S-P108-03|S-P108-04,Checked owner/issuer/public-agency content establishes only the bounded facts recorded in the source register. This field lacks sufficient attributable evidence.,"Owned energy/climate target, date, scope and roadmap, or documented sufficient defined search. General quality/resource sustainability not energy target.",NEEDS_RESEARCH,Codex AI-assisted public-source first pass,2026-10-07,,,
P108,Porzellanmanufaktur Reichenbach GmbH,observed_transition_gap,investment_gap_score,,5,Unresolved; UNKNOWN preserved,UNKNOWN,S-P108-03|S-P108-04,Checked owner/issuer/public-agency content establishes only the bounded facts recorded in the source register. This field lacks sufficient attributable evidence.,"Completed owned energy investments with commissioning dates in 2021-10-07 to 2026-10-07. Operation/report/filename dates, generic annual CAPEX and other group companies not sufficient.",NEEDS_RESEARCH,Codex AI-assisted public-source first pass,2026-10-07,,,
P109,Porzellan Manufaktur Nymphenburg GmbH & Co. KG,process_electrification_potential,temperature_fit_score,3,10,"Allowed ordinal anchor; firm-specific relevance, not deployment or final score",C,S-P109-03,Owned porcelain firing at 950/about 1400 C supports difficult high-temperature substitution fit. Actual carrier and feasible electric retrofit remain unresolved.,,AWAITING_HUMAN_REVIEW,Codex AI-assisted public-source first pass,2026-10-07,,,
P109,Porzellan Manufaktur Nymphenburg GmbH & Co. KG,process_electrification_potential,process_electrification_score,7,10,"Allowed ordinal anchor; firm-specific relevance, not deployment or final score",C,S-P109-03,Owned kiln route establishes one clear conditional thermal-electrification use case. Current electric/fossil baseline unknown; no completed deployment inferred.,,AWAITING_HUMAN_REVIEW,Codex AI-assisted public-source first pass,2026-10-07,,,
P109,Porzellan Manufaktur Nymphenburg GmbH & Co. KG,process_electrification_potential,fossil_heat_displacement_score,,5,Unresolved; UNKNOWN preserved,UNKNOWN,S-P109-03|S-P109-04,Checked owner/issuer/public-agency content establishes only the bounded facts recorded in the source register. This field lacks sufficient attributable evidence.,Current company/site process heat carrier mix and attributable fossil thermal duty. No public evidence is not zero fossil heat.,NEEDS_RESEARCH,Codex AI-assisted public-source first pass,2026-10-07,,,
P109,Porzellan Manufaktur Nymphenburg GmbH & Co. KG,power_electronics_relevance,motor_drive_score,,8,Unresolved; UNKNOWN preserved,UNKNOWN,S-P109-03|S-P109-04,Checked owner/issuer/public-agency content establishes only the bounded facts recorded in the source register. This field lacks sufficient attributable evidence.,"Owned electrical motor/compressor inventory, process roles and duty; mechanical drive not automatically electric.",NEEDS_RESEARCH,Codex AI-assisted public-source first pass,2026-10-07,,,
P109,Porzellan Manufaktur Nymphenburg GmbH & Co. KG,power_electronics_relevance,power_conversion_score,5,8,"Allowed ordinal anchor; firm-specific relevance, not deployment or final score",C,S-P109-03,Owned firing route supplies one material controlled-electric-heat conversion use case IF electrified; current electrical furnace topology and load remain unknown.,,AWAITING_HUMAN_REVIEW,Codex AI-assisted public-source first pass,2026-10-07,,,
P109,Porzellan Manufaktur Nymphenburg GmbH & Co. KG,power_electronics_relevance,automation_control_score,,4,Unresolved; UNKNOWN preserved,UNKNOWN,S-P109-03|S-P109-04,Checked owner/issuer/public-agency content establishes only the bounded facts recorded in the source register. This field lacks sufficient attributable evidence.,Owned process control/monitoring inventory and operational coordination; quality claims not EnMS maturity.,NEEDS_RESEARCH,Codex AI-assisted public-source first pass,2026-10-07,,,
P109,Porzellan Manufaktur Nymphenburg GmbH & Co. KG,load_flexibility_potential,scheduling_flex_score,2,8,"Allowed ordinal anchor; firm-specific relevance, not deployment or final score",C,S-P109-03,Owned staged firing permits only weak sequencing hypothesis. Firing stages/duration are not a dispatchable shift window; quality/cooling/order constraints unresolved.,,AWAITING_HUMAN_REVIEW,Codex AI-assisted public-source first pass,2026-10-07,,,
P109,Porzellan Manufaktur Nymphenburg GmbH & Co. KG,load_flexibility_potential,thermal_storage_flex_score,,7,Unresolved; UNKNOWN preserved,UNKNOWN,S-P109-03|S-P109-04,Checked owner/issuer/public-agency content establishes only the bounded facts recorded in the source register. This field lacks sufficient attributable evidence.,"Actual useful heat/cold buffer capacity, temperature, connection and timing freedom; thermal mass, room heat and electrical batteries not sufficient.",NEEDS_RESEARCH,Codex AI-assisted public-source first pass,2026-10-07,,,
P109,Porzellan Manufaktur Nymphenburg GmbH & Co. KG,grid_power_quality_relevance,incremental_load_score,5,8,"Allowed ordinal anchor; firm-specific relevance, not deployment or final score",C,S-P109-03,"Owned high-temperature firing supplies material ordinal grid-growth relevance IF remaining demand electrifies. No nameplate/load, fossil baseline or grid headroom inferred.",,AWAITING_HUMAN_REVIEW,Codex AI-assisted public-source first pass,2026-10-07,,,
P109,Porzellan Manufaktur Nymphenburg GmbH & Co. KG,grid_power_quality_relevance,power_quality_score,1,4,"Allowed ordinal anchor; firm-specific relevance, not deployment or final score",C,S-P109-03,Conditional electric controlled-heat conversion supplies only possible peak/quality relevance; no existing measured disturbance.,,AWAITING_HUMAN_REVIEW,Codex AI-assisted public-source first pass,2026-10-07,,,
P109,Porzellan Manufaktur Nymphenburg GmbH & Co. KG,grid_power_quality_relevance,onsite_integration_score,,3,Unresolved; UNKNOWN preserved,UNKNOWN,S-P109-03|S-P109-04,Checked owner/issuer/public-agency content establishes only the bounded facts recorded in the source register. This field lacks sufficient attributable evidence.,"Owned electricity generation/storage/load-management topology; mechanical hydropower, purchased renewables or group assets not inherited.",NEEDS_RESEARCH,Codex AI-assisted public-source first pass,2026-10-07,,,
P109,Porzellan Manufaktur Nymphenburg GmbH & Co. KG,observed_transition_gap,measures_gap_score,3,10,"Allowed ordinal anchor; firm-specific relevance, not deployment or final score",B,S-P109-04|S-P109-05,Own mechanical water power and adapted more climate-friendly kiln technique are some concrete measures. Mechanical water power is not hydroelectric generation or an inverter asset.,,AWAITING_HUMAN_REVIEW,Codex AI-assisted public-source first pass,2026-10-07,,,
P109,Porzellan Manufaktur Nymphenburg GmbH & Co. KG,observed_transition_gap,management_gap_score,,5,Unresolved; UNKNOWN preserved,UNKNOWN,S-P109-03|S-P109-04,Checked owner/issuer/public-agency content establishes only the bounded facts recorded in the source register. This field lacks sufficient attributable evidence.,Current direct ISO 50001/14001/EMAS or operational energy-management evidence for exact holder; quality-only and absent public certificate not no-management conclusion.,NEEDS_RESEARCH,Codex AI-assisted public-source first pass,2026-10-07,,,
P109,Porzellan Manufaktur Nymphenburg GmbH & Co. KG,observed_transition_gap,targets_gap_score,3,5,"Allowed ordinal anchor; firm-specific relevance, not deployment or final score",B,S-P109-05,Own more climate-friendly firing ambition has no quantified dated target or energy roadmap.,,AWAITING_HUMAN_REVIEW,Codex AI-assisted public-source first pass,2026-10-07,,,
P109,Porzellan Manufaktur Nymphenburg GmbH & Co. KG,observed_transition_gap,investment_gap_score,,5,Unresolved; UNKNOWN preserved,UNKNOWN,S-P109-03|S-P109-04,Checked owner/issuer/public-agency content establishes only the bounded facts recorded in the source register. This field lacks sufficient attributable evidence.,"Completed owned energy investments with commissioning dates in 2021-10-07 to 2026-10-07. Operation/report/filename dates, generic annual CAPEX and other group companies not sufficient.",NEEDS_RESEARCH,Codex AI-assisted public-source first pass,2026-10-07,,,
P110,Neue Porzellanfabrik Triptis GmbH,process_electrification_potential,temperature_fit_score,,10,Unresolved; UNKNOWN preserved,UNKNOWN,S-P110-01|S-P110-03|S-P110-04,Current legal continuity and owned production of Neue Porzellanfabrik Triptis GmbH must be established; current imprint is Eschenbach Porzellan GmbH. Checked owner/issuer/public-agency content establishes only the bounded facts recorded in the source register. This field lacks sufficient attributable evidence.,Current legal continuity and owned production of Neue Porzellanfabrik Triptis GmbH must be established; current imprint is Eschenbach Porzellan GmbH. Owned process operating temperatures and actual heat/cold duties; separate product ratings and room heating.,NEEDS_RESEARCH,Codex AI-assisted public-source first pass,2026-10-07,,,
P110,Neue Porzellanfabrik Triptis GmbH,process_electrification_potential,process_electrification_score,,10,Unresolved; UNKNOWN preserved,UNKNOWN,S-P110-01|S-P110-03|S-P110-04,Current legal continuity and owned production of Neue Porzellanfabrik Triptis GmbH must be established; current imprint is Eschenbach Porzellan GmbH. Checked owner/issuer/public-agency content establishes only the bounded facts recorded in the source register. This field lacks sufficient attributable evidence.,"Current legal continuity and owned production of Neue Porzellanfabrik Triptis GmbH must be established; current imprint is Eschenbach Porzellan GmbH. Named owned thermal route, current heat carrier and feasible remaining substitution case; separate electric drives and room heat.",NEEDS_RESEARCH,Codex AI-assisted public-source first pass,2026-10-07,,,
P110,Neue Porzellanfabrik Triptis GmbH,process_electrification_potential,fossil_heat_displacement_score,,5,Unresolved; UNKNOWN preserved,UNKNOWN,S-P110-01|S-P110-03|S-P110-04,Current legal continuity and owned production of Neue Porzellanfabrik Triptis GmbH must be established; current imprint is Eschenbach Porzellan GmbH. Checked owner/issuer/public-agency content establishes only the bounded facts recorded in the source register. This field lacks sufficient attributable evidence.,Current legal continuity and owned production of Neue Porzellanfabrik Triptis GmbH must be established; current imprint is Eschenbach Porzellan GmbH. Current company/site process heat carrier mix and attributable fossil thermal duty. No public evidence is not zero fossil heat.,NEEDS_RESEARCH,Codex AI-assisted public-source first pass,2026-10-07,,,
P110,Neue Porzellanfabrik Triptis GmbH,power_electronics_relevance,motor_drive_score,,8,Unresolved; UNKNOWN preserved,UNKNOWN,S-P110-01|S-P110-03|S-P110-04,Current legal continuity and owned production of Neue Porzellanfabrik Triptis GmbH must be established; current imprint is Eschenbach Porzellan GmbH. Checked owner/issuer/public-agency content establishes only the bounded facts recorded in the source register. This field lacks sufficient attributable evidence.,"Current legal continuity and owned production of Neue Porzellanfabrik Triptis GmbH must be established; current imprint is Eschenbach Porzellan GmbH. Owned electrical motor/compressor inventory, process roles and duty; mechanical drive not automatically electric.",NEEDS_RESEARCH,Codex AI-assisted public-source first pass,2026-10-07,,,
P110,Neue Porzellanfabrik Triptis GmbH,power_electronics_relevance,power_conversion_score,,8,Unresolved; UNKNOWN preserved,UNKNOWN,S-P110-01|S-P110-03|S-P110-04,Current legal continuity and owned production of Neue Porzellanfabrik Triptis GmbH must be established; current imprint is Eschenbach Porzellan GmbH. Checked owner/issuer/public-agency content establishes only the bounded facts recorded in the source register. This field lacks sufficient attributable evidence.,"Current legal continuity and owned production of Neue Porzellanfabrik Triptis GmbH must be established; current imprint is Eschenbach Porzellan GmbH. Owned rectifier/inverter/controlled-electric-heat applications, scope and duty; mechanical water power not electricity generation.",NEEDS_RESEARCH,Codex AI-assisted public-source first pass,2026-10-07,,,
P110,Neue Porzellanfabrik Triptis GmbH,power_electronics_relevance,automation_control_score,,4,Unresolved; UNKNOWN preserved,UNKNOWN,S-P110-01|S-P110-03|S-P110-04,Current legal continuity and owned production of Neue Porzellanfabrik Triptis GmbH must be established; current imprint is Eschenbach Porzellan GmbH. Checked owner/issuer/public-agency content establishes only the bounded facts recorded in the source register. This field lacks sufficient attributable evidence.,Current legal continuity and owned production of Neue Porzellanfabrik Triptis GmbH must be established; current imprint is Eschenbach Porzellan GmbH. Owned process control/monitoring inventory and operational coordination; quality claims not EnMS maturity.,NEEDS_RESEARCH,Codex AI-assisted public-source first pass,2026-10-07,,,
P110,Neue Porzellanfabrik Triptis GmbH,load_flexibility_potential,scheduling_flex_score,,8,Unresolved; UNKNOWN preserved,UNKNOWN,S-P110-01|S-P110-03|S-P110-04,Current legal continuity and owned production of Neue Porzellanfabrik Triptis GmbH must be established; current imprint is Eschenbach Porzellan GmbH. Checked owner/issuer/public-agency content establishes only the bounded facts recorded in the source register. This field lacks sufficient attributable evidence.,"Current legal continuity and owned production of Neue Porzellanfabrik Triptis GmbH must be established; current imprint is Eschenbach Porzellan GmbH. Permitted timing shifts, quality/cooling/order constraints and spare capacity. Batch/24h operation alone not flexibility permission.",NEEDS_RESEARCH,Codex AI-assisted public-source first pass,2026-10-07,,,
P110,Neue Porzellanfabrik Triptis GmbH,load_flexibility_potential,thermal_storage_flex_score,,7,Unresolved; UNKNOWN preserved,UNKNOWN,S-P110-01|S-P110-03|S-P110-04,Current legal continuity and owned production of Neue Porzellanfabrik Triptis GmbH must be established; current imprint is Eschenbach Porzellan GmbH. Checked owner/issuer/public-agency content establishes only the bounded facts recorded in the source register. This field lacks sufficient attributable evidence.,"Current legal continuity and owned production of Neue Porzellanfabrik Triptis GmbH must be established; current imprint is Eschenbach Porzellan GmbH. Actual useful heat/cold buffer capacity, temperature, connection and timing freedom; thermal mass, room heat and electrical batteries not sufficient.",NEEDS_RESEARCH,Codex AI-assisted public-source first pass,2026-10-07,,,
P110,Neue Porzellanfabrik Triptis GmbH,grid_power_quality_relevance,incremental_load_score,,8,Unresolved; UNKNOWN preserved,UNKNOWN,S-P110-01|S-P110-03|S-P110-04,Current legal continuity and owned production of Neue Porzellanfabrik Triptis GmbH must be established; current imprint is Eschenbach Porzellan GmbH. Checked owner/issuer/public-agency content establishes only the bounded facts recorded in the source register. This field lacks sufficient attributable evidence.,Current legal continuity and owned production of Neue Porzellanfabrik Triptis GmbH must be established; current imprint is Eschenbach Porzellan GmbH. Owned feasible thermal substitution case and baseline remaining thermal duty; no grid capacity or kW inferred.,NEEDS_RESEARCH,Codex AI-assisted public-source first pass,2026-10-07,,,
P110,Neue Porzellanfabrik Triptis GmbH,grid_power_quality_relevance,power_quality_score,,4,Unresolved; UNKNOWN preserved,UNKNOWN,S-P110-01|S-P110-03|S-P110-04,Current legal continuity and owned production of Neue Porzellanfabrik Triptis GmbH must be established; current imprint is Eschenbach Porzellan GmbH. Checked owner/issuer/public-agency content establishes only the bounded facts recorded in the source register. This field lacks sufficient attributable evidence.,Current legal continuity and owned production of Neue Porzellanfabrik Triptis GmbH must be established; current imprint is Eschenbach Porzellan GmbH. Owned relevant converter/peak topology or measured harmonic/reactive/voltage findings; product resistance/current amps not measured power-quality evidence.,NEEDS_RESEARCH,Codex AI-assisted public-source first pass,2026-10-07,,,
P110,Neue Porzellanfabrik Triptis GmbH,grid_power_quality_relevance,onsite_integration_score,,3,Unresolved; UNKNOWN preserved,UNKNOWN,S-P110-01|S-P110-03|S-P110-04,Current legal continuity and owned production of Neue Porzellanfabrik Triptis GmbH must be established; current imprint is Eschenbach Porzellan GmbH. Checked owner/issuer/public-agency content establishes only the bounded facts recorded in the source register. This field lacks sufficient attributable evidence.,"Current legal continuity and owned production of Neue Porzellanfabrik Triptis GmbH must be established; current imprint is Eschenbach Porzellan GmbH. Owned electricity generation/storage/load-management topology; mechanical hydropower, purchased renewables or group assets not inherited.",NEEDS_RESEARCH,Codex AI-assisted public-source first pass,2026-10-07,,,
P110,Neue Porzellanfabrik Triptis GmbH,observed_transition_gap,measures_gap_score,,10,Unresolved; UNKNOWN preserved,UNKNOWN,S-P110-01|S-P110-03|S-P110-04,Current legal continuity and owned production of Neue Porzellanfabrik Triptis GmbH must be established; current imprint is Eschenbach Porzellan GmbH. Checked owner/issuer/public-agency content establishes only the bounded facts recorded in the source register. This field lacks sufficient attributable evidence.,Current legal continuity and owned production of Neue Porzellanfabrik Triptis GmbH must be established; current imprint is Eschenbach Porzellan GmbH. Named current implemented energy measures with exact entity/site/technology scope. Generic efficient/green production and resource recycling not adequate negative-search proof.,NEEDS_RESEARCH,Codex AI-assisted public-source first pass,2026-10-07,,,
P110,Neue Porzellanfabrik Triptis GmbH,observed_transition_gap,management_gap_score,,5,Unresolved; UNKNOWN preserved,UNKNOWN,S-P110-01|S-P110-03|S-P110-04,Current legal continuity and owned production of Neue Porzellanfabrik Triptis GmbH must be established; current imprint is Eschenbach Porzellan GmbH. Checked owner/issuer/public-agency content establishes only the bounded facts recorded in the source register. This field lacks sufficient attributable evidence.,Current legal continuity and owned production of Neue Porzellanfabrik Triptis GmbH must be established; current imprint is Eschenbach Porzellan GmbH. Current direct ISO 50001/14001/EMAS or operational energy-management evidence for exact holder; quality-only and absent public certificate not no-management conclusion.,NEEDS_RESEARCH,Codex AI-assisted public-source first pass,2026-10-07,,,
P110,Neue Porzellanfabrik Triptis GmbH,observed_transition_gap,targets_gap_score,,5,Unresolved; UNKNOWN preserved,UNKNOWN,S-P110-01|S-P110-03|S-P110-04,Current legal continuity and owned production of Neue Porzellanfabrik Triptis GmbH must be established; current imprint is Eschenbach Porzellan GmbH. Checked owner/issuer/public-agency content establishes only the bounded facts recorded in the source register. This field lacks sufficient attributable evidence.,"Current legal continuity and owned production of Neue Porzellanfabrik Triptis GmbH must be established; current imprint is Eschenbach Porzellan GmbH. Owned energy/climate target, date, scope and roadmap, or documented sufficient defined search. General quality/resource sustainability not energy target.",NEEDS_RESEARCH,Codex AI-assisted public-source first pass,2026-10-07,,,
P110,Neue Porzellanfabrik Triptis GmbH,observed_transition_gap,investment_gap_score,,5,Unresolved; UNKNOWN preserved,UNKNOWN,S-P110-01|S-P110-03|S-P110-04,Current legal continuity and owned production of Neue Porzellanfabrik Triptis GmbH must be established; current imprint is Eschenbach Porzellan GmbH. Checked owner/issuer/public-agency content establishes only the bounded facts recorded in the source register. This field lacks sufficient attributable evidence.,"Current legal continuity and owned production of Neue Porzellanfabrik Triptis GmbH must be established; current imprint is Eschenbach Porzellan GmbH. Completed owned energy investments with commissioning dates in 2021-10-07 to 2026-10-07. Operation/report/filename dates, generic annual CAPEX and other group companies not sufficient.",NEEDS_RESEARCH,Codex AI-assisted public-source first pass,2026-10-07,,,
P37,atka Kunststoffverarbeitung GmbH,process_electrification_potential,temperature_fit_score,,10,Unresolved; UNKNOWN preserved,UNKNOWN,S-P37-02|S-P37-03,Checked owner/issuer/public-agency content establishes only the bounded facts recorded in the source register. This field lacks sufficient attributable evidence.,Owned process operating temperatures and actual heat/cold duties; separate product ratings and room heating.,NEEDS_RESEARCH,Codex AI-assisted public-source first pass,2026-10-07,,,
P37,atka Kunststoffverarbeitung GmbH,process_electrification_potential,process_electrification_score,,10,Unresolved; UNKNOWN preserved,UNKNOWN,S-P37-02|S-P37-03,Checked owner/issuer/public-agency content establishes only the bounded facts recorded in the source register. This field lacks sufficient attributable evidence.,"Named owned thermal route, current heat carrier and feasible remaining substitution case; separate electric drives and room heat.",NEEDS_RESEARCH,Codex AI-assisted public-source first pass,2026-10-07,,,
P37,atka Kunststoffverarbeitung GmbH,process_electrification_potential,fossil_heat_displacement_score,,5,Unresolved; UNKNOWN preserved,UNKNOWN,S-P37-02|S-P37-03,Checked owner/issuer/public-agency content establishes only the bounded facts recorded in the source register. This field lacks sufficient attributable evidence.,Current company/site process heat carrier mix and attributable fossil thermal duty. No public evidence is not zero fossil heat.,NEEDS_RESEARCH,Codex AI-assisted public-source first pass,2026-10-07,,,
P37,atka Kunststoffverarbeitung GmbH,power_electronics_relevance,motor_drive_score,5,8,"Allowed ordinal anchor; firm-specific relevance, not deployment or final score",B,S-P37-04|S-P37-05,Own injection production and toolmaking fleet including two fully electric machines establish material drive relevance; no rated load for maximum anchor.,,AWAITING_HUMAN_REVIEW,Codex AI-assisted public-source first pass,2026-10-07,,,
P37,atka Kunststoffverarbeitung GmbH,power_electronics_relevance,power_conversion_score,5,8,"Allowed ordinal anchor; firm-specific relevance, not deployment or final score",C,S-P37-02|S-P37-04,"Own PV and explicitly electric machines establish a material conversion use case, without sitewide rated inverter inventory.",,AWAITING_HUMAN_REVIEW,Codex AI-assisted public-source first pass,2026-10-07,,,
P37,atka Kunststoffverarbeitung GmbH,power_electronics_relevance,automation_control_score,3,4,"Allowed ordinal anchor; firm-specific relevance, not deployment or final score",B,S-P37-05|S-P37-04,Own automation/injection/toolmaking capability gives clear process-control relevance; efficiency EnMS claim is not proof of energy dispatch.,,AWAITING_HUMAN_REVIEW,Codex AI-assisted public-source first pass,2026-10-07,,,
P37,atka Kunststoffverarbeitung GmbH,load_flexibility_potential,scheduling_flex_score,,8,Unresolved; UNKNOWN preserved,UNKNOWN,S-P37-02|S-P37-03,Checked owner/issuer/public-agency content establishes only the bounded facts recorded in the source register. This field lacks sufficient attributable evidence.,"Permitted timing shifts, quality/cooling/order constraints and spare capacity. Batch/24h operation alone not flexibility permission.",NEEDS_RESEARCH,Codex AI-assisted public-source first pass,2026-10-07,,,
P37,atka Kunststoffverarbeitung GmbH,load_flexibility_potential,thermal_storage_flex_score,,7,Unresolved; UNKNOWN preserved,UNKNOWN,S-P37-02|S-P37-03,Checked owner/issuer/public-agency content establishes only the bounded facts recorded in the source register. This field lacks sufficient attributable evidence.,"Actual useful heat/cold buffer capacity, temperature, connection and timing freedom; thermal mass, room heat and electrical batteries not sufficient.",NEEDS_RESEARCH,Codex AI-assisted public-source first pass,2026-10-07,,,
P37,atka Kunststoffverarbeitung GmbH,grid_power_quality_relevance,incremental_load_score,,8,Unresolved; UNKNOWN preserved,UNKNOWN,S-P37-02|S-P37-03,Checked owner/issuer/public-agency content establishes only the bounded facts recorded in the source register. This field lacks sufficient attributable evidence.,Owned feasible thermal substitution case and baseline remaining thermal duty; no grid capacity or kW inferred.,NEEDS_RESEARCH,Codex AI-assisted public-source first pass,2026-10-07,,,
P37,atka Kunststoffverarbeitung GmbH,grid_power_quality_relevance,power_quality_score,1,4,"Allowed ordinal anchor; firm-specific relevance, not deployment or final score",C,S-P37-02|S-P37-04,Owned PV/electric machine fleet suggests possible converter/peak relevance. No measured harmonic/voltage issue.,,AWAITING_HUMAN_REVIEW,Codex AI-assisted public-source first pass,2026-10-07,,,
P37,atka Kunststoffverarbeitung GmbH,grid_power_quality_relevance,onsite_integration_score,2,3,"Allowed ordinal anchor; firm-specific relevance, not deployment or final score",B,S-P37-02,"Own PV stated 630 kwP supports one clear onsite use case. Interpreted PV nameplate kWp, not generated kWh or whole-site demand; storage/microgrid topology unknown.",,AWAITING_HUMAN_REVIEW,Codex AI-assisted public-source first pass,2026-10-07,,,
P37,atka Kunststoffverarbeitung GmbH,observed_transition_gap,measures_gap_score,0,10,"Allowed ordinal anchor; firm-specific relevance, not deployment or final score",B,S-P37-02|S-P37-04,"Several own measures: PV, waste heat for rooms/halls and efficient/electric machines. Waste heat to offices is not process-heat electrification or thermal storage.",,AWAITING_HUMAN_REVIEW,Codex AI-assisted public-source first pass,2026-10-07,,,
P37,atka Kunststoffverarbeitung GmbH,observed_transition_gap,management_gap_score,2,5,"Allowed ordinal anchor; firm-specific relevance, not deployment or final score",B,S-P37-03|S-P37-02,Current ISO 14001 confirms an environmental system; own efficient EnMS claim not certified ISO 50001/mature current energy system proof. Partial/other system anchor.,,AWAITING_HUMAN_REVIEW,Codex AI-assisted public-source first pass,2026-10-07,,,
P37,atka Kunststoffverarbeitung GmbH,observed_transition_gap,targets_gap_score,3,5,"Allowed ordinal anchor; firm-specific relevance, not deployment or final score",B,S-P37-02,Own continuing efficiency/renewable ambition lacks quantified dated energy target/roadmap.,,AWAITING_HUMAN_REVIEW,Codex AI-assisted public-source first pass,2026-10-07,,,
P37,atka Kunststoffverarbeitung GmbH,observed_transition_gap,investment_gap_score,,5,Unresolved; UNKNOWN preserved,UNKNOWN,S-P37-02|S-P37-03,Checked owner/issuer/public-agency content establishes only the bounded facts recorded in the source register. This field lacks sufficient attributable evidence.,"Completed owned energy investments with commissioning dates in 2021-10-07 to 2026-10-07. Operation/report/filename dates, generic annual CAPEX and other group companies not sufficient.",NEEDS_RESEARCH,Codex AI-assisted public-source first pass,2026-10-07,,,
P60,HARTCHROM Beck GmbH,process_electrification_potential,temperature_fit_score,,10,Unresolved; UNKNOWN preserved,UNKNOWN,S-P60-04|S-P60-05,Checked owner/issuer/public-agency content establishes only the bounded facts recorded in the source register. This field lacks sufficient attributable evidence.,Owned process operating temperatures and actual heat/cold duties; separate product ratings and room heating.,NEEDS_RESEARCH,Codex AI-assisted public-source first pass,2026-10-07,,,
P60,HARTCHROM Beck GmbH,process_electrification_potential,process_electrification_score,,10,Unresolved; UNKNOWN preserved,UNKNOWN,S-P60-04|S-P60-05,Checked owner/issuer/public-agency content establishes only the bounded facts recorded in the source register. This field lacks sufficient attributable evidence.,"Named owned thermal route, current heat carrier and feasible remaining substitution case; separate electric drives and room heat.",NEEDS_RESEARCH,Codex AI-assisted public-source first pass,2026-10-07,,,
P60,HARTCHROM Beck GmbH,process_electrification_potential,fossil_heat_displacement_score,,5,Unresolved; UNKNOWN preserved,UNKNOWN,S-P60-04|S-P60-05,Checked owner/issuer/public-agency content establishes only the bounded facts recorded in the source register. This field lacks sufficient attributable evidence.,Current company/site process heat carrier mix and attributable fossil thermal duty. No public evidence is not zero fossil heat.,NEEDS_RESEARCH,Codex AI-assisted public-source first pass,2026-10-07,,,
P60,HARTCHROM Beck GmbH,power_electronics_relevance,motor_drive_score,5,8,"Allowed ordinal anchor; firm-specific relevance, not deployment or final score",B,S-P60-05,Owned CNC grinding/polishing establishes material drive relevance without rated motor inventory.,,AWAITING_HUMAN_REVIEW,Codex AI-assisted public-source first pass,2026-10-07,,,
P60,HARTCHROM Beck GmbH,power_electronics_relevance,power_conversion_score,5,8,"Allowed ordinal anchor; firm-specific relevance, not deployment or final score",C,S-P60-04,Own 60000 A plating automatic line/pulse plating supports one material DC/rectifier use case. Missing voltage prevents any conversion to kW.,,AWAITING_HUMAN_REVIEW,Codex AI-assisted public-source first pass,2026-10-07,,,
P60,HARTCHROM Beck GmbH,power_electronics_relevance,automation_control_score,3,4,"Allowed ordinal anchor; firm-specific relevance, not deployment or final score",B,S-P60-04,"Own serial chrome automatic line gives clear process-control relevance, not coordinated energy dispatch.",,AWAITING_HUMAN_REVIEW,Codex AI-assisted public-source first pass,2026-10-07,,,
P60,HARTCHROM Beck GmbH,load_flexibility_potential,scheduling_flex_score,,8,Unresolved; UNKNOWN preserved,UNKNOWN,S-P60-04|S-P60-05,Checked owner/issuer/public-agency content establishes only the bounded facts recorded in the source register. This field lacks sufficient attributable evidence.,"Permitted timing shifts, quality/cooling/order constraints and spare capacity. Batch/24h operation alone not flexibility permission.",NEEDS_RESEARCH,Codex AI-assisted public-source first pass,2026-10-07,,,
P60,HARTCHROM Beck GmbH,load_flexibility_potential,thermal_storage_flex_score,,7,Unresolved; UNKNOWN preserved,UNKNOWN,S-P60-04|S-P60-05,Checked owner/issuer/public-agency content establishes only the bounded facts recorded in the source register. This field lacks sufficient attributable evidence.,"Actual useful heat/cold buffer capacity, temperature, connection and timing freedom; thermal mass, room heat and electrical batteries not sufficient.",NEEDS_RESEARCH,Codex AI-assisted public-source first pass,2026-10-07,,,
P60,HARTCHROM Beck GmbH,grid_power_quality_relevance,incremental_load_score,,8,Unresolved; UNKNOWN preserved,UNKNOWN,S-P60-04|S-P60-05,Checked owner/issuer/public-agency content establishes only the bounded facts recorded in the source register. This field lacks sufficient attributable evidence.,Owned feasible thermal substitution case and baseline remaining thermal duty; no grid capacity or kW inferred.,NEEDS_RESEARCH,Codex AI-assisted public-source first pass,2026-10-07,,,
P60,HARTCHROM Beck GmbH,grid_power_quality_relevance,power_quality_score,3,4,"Allowed ordinal anchor; firm-specific relevance, not deployment or final score",C,S-P60-04,"High-current owned electrochemical line supplies clear rectifier/peak-quality relevance; 60000 A alone is not measured harmonic evidence, electric power or transformer headroom.",,AWAITING_HUMAN_REVIEW,Codex AI-assisted public-source first pass,2026-10-07,,,
P60,HARTCHROM Beck GmbH,grid_power_quality_relevance,onsite_integration_score,,3,Unresolved; UNKNOWN preserved,UNKNOWN,S-P60-04|S-P60-05,Checked owner/issuer/public-agency content establishes only the bounded facts recorded in the source register. This field lacks sufficient attributable evidence.,"Owned electricity generation/storage/load-management topology; mechanical hydropower, purchased renewables or group assets not inherited.",NEEDS_RESEARCH,Codex AI-assisted public-source first pass,2026-10-07,,,
P60,HARTCHROM Beck GmbH,observed_transition_gap,measures_gap_score,,10,Unresolved; UNKNOWN preserved,UNKNOWN,S-P60-04|S-P60-05,Checked owner/issuer/public-agency content establishes only the bounded facts recorded in the source register. This field lacks sufficient attributable evidence.,Named current implemented energy measures with exact entity/site/technology scope. Generic efficient/green production and resource recycling not adequate negative-search proof.,NEEDS_RESEARCH,Codex AI-assisted public-source first pass,2026-10-07,,,
P60,HARTCHROM Beck GmbH,observed_transition_gap,management_gap_score,,5,Unresolved; UNKNOWN preserved,UNKNOWN,S-P60-04|S-P60-05,Checked owner/issuer/public-agency content establishes only the bounded facts recorded in the source register. This field lacks sufficient attributable evidence.,Current direct ISO 50001/14001/EMAS or operational energy-management evidence for exact holder; quality-only and absent public certificate not no-management conclusion.,NEEDS_RESEARCH,Codex AI-assisted public-source first pass,2026-10-07,,,
P60,HARTCHROM Beck GmbH,observed_transition_gap,targets_gap_score,,5,Unresolved; UNKNOWN preserved,UNKNOWN,S-P60-04|S-P60-05,Checked owner/issuer/public-agency content establishes only the bounded facts recorded in the source register. This field lacks sufficient attributable evidence.,"Owned energy/climate target, date, scope and roadmap, or documented sufficient defined search. General quality/resource sustainability not energy target.",NEEDS_RESEARCH,Codex AI-assisted public-source first pass,2026-10-07,,,
P60,HARTCHROM Beck GmbH,observed_transition_gap,investment_gap_score,,5,Unresolved; UNKNOWN preserved,UNKNOWN,S-P60-04|S-P60-05,Checked owner/issuer/public-agency content establishes only the bounded facts recorded in the source register. This field lacks sufficient attributable evidence.,"Completed owned energy investments with commissioning dates in 2021-10-07 to 2026-10-07. Operation/report/filename dates, generic annual CAPEX and other group companies not sufficient.",NEEDS_RESEARCH,Codex AI-assisted public-source first pass,2026-10-07,,,
