candidate_id,legal_entity,standard,certificate_status,certificate_holder,certificate_number,valid_from,valid_until,issuer,direct_certificate_url,certificate_index_url,checked_date,review_status,notes
P01,Burgis GmbH,ISO 50001,NOT_FOUND_AFTER_CHECK,Burgis GmbH,,,,,,https://burgis.de/,2026-09-12,RESEARCHED,No public direct certificate or official certificate entry was located in the defined official-website and exact-legal-name checks on 2026-09-12; absence of public evidence is not proof that no certification exists.
P01,Burgis GmbH,ISO 14001,NOT_FOUND_AFTER_CHECK,Burgis GmbH,,,,,,https://burgis.de/,2026-09-12,RESEARCHED,No public direct certificate or official certificate entry was located in the defined official-website and exact-legal-name checks on 2026-09-12; absence of public evidence is not proof that no certification exists.
P01,Burgis GmbH,EMAS,NOT_FOUND_AFTER_CHECK,Burgis GmbH,,,,,,https://burgis.de/,2026-09-12,RESEARCHED,No public direct certificate or official certificate entry was located in the defined official-website and exact-legal-name checks on 2026-09-12; absence of public evidence is not proof that no certification exists.
P02,Teigwaren Riesa GmbH,ISO 50001,NOT_FOUND_AFTER_CHECK,Teigwaren Riesa GmbH,,,,,,https://www.teigwaren-riesa.de/,2026-09-12,RESEARCHED,No public direct certificate or official certificate entry was located in the defined official-website and exact-legal-name checks on 2026-09-12; absence of public evidence is not proof that no certification exists.
P02,Teigwaren Riesa GmbH,ISO 14001,NOT_FOUND_AFTER_CHECK,Teigwaren Riesa GmbH,,,,,,https://www.teigwaren-riesa.de/,2026-09-12,RESEARCHED,No public direct certificate or official certificate entry was located in the defined official-website and exact-legal-name checks on 2026-09-12; absence of public evidence is not proof that no certification exists.
P02,Teigwaren Riesa GmbH,EMAS,NOT_FOUND_AFTER_CHECK,Teigwaren Riesa GmbH,,,,,,https://www.teigwaren-riesa.de/,2026-09-12,RESEARCHED,No public direct certificate or official certificate entry was located in the defined official-website and exact-legal-name checks on 2026-09-12; absence of public evidence is not proof that no certification exists.
P03,Upländer Bauernmolkerei GmbH,ISO 50001,NOT_FOUND_AFTER_CHECK,Upländer Bauernmolkerei GmbH,,,,,,https://www.bauernmolkerei.team/,2026-09-12,RESEARCHED,No public direct certificate or official certificate entry was located in the defined official-website and exact-legal-name checks on 2026-09-12; absence of public evidence is not proof that no certification exists.
P03,Upländer Bauernmolkerei GmbH,ISO 14001,NOT_FOUND_AFTER_CHECK,Upländer Bauernmolkerei GmbH,,,,,,https://www.bauernmolkerei.team/,2026-09-12,RESEARCHED,No public direct certificate or official certificate entry was located in the defined official-website and exact-legal-name checks on 2026-09-12; absence of public evidence is not proof that no certification exists.
P03,Upländer Bauernmolkerei GmbH,EMAS,NOT_FOUND_AFTER_CHECK,Upländer Bauernmolkerei GmbH,,,,,,https://www.bauernmolkerei.team/,2026-09-12,RESEARCHED,No public direct certificate or official certificate entry was located in the defined official-website and exact-legal-name checks on 2026-09-12; absence of public evidence is not proof that no certification exists.
P04,Neumarkter Lammsbräu Gebr. Ehrnsperger KG,ISO 50001,NOT_FOUND_AFTER_CHECK,Neumarkter Lammsbräu Gebr. Ehrnsperger KG,,,,,,https://www.lammsbraeu.de/blog/unsere-zertifizierungen,2026-09-12,RESEARCHED,No public direct certificate or official certificate entry was located in the defined official-website and exact-legal-name checks on 2026-09-12; absence of public evidence is not proof that no certification exists.
P04,Neumarkter Lammsbräu Gebr. Ehrnsperger KG,ISO 14001,EXPIRED,Neumarkter Lammsbräu Gebr. Ehrnsperger KG,UG0573-2022,2022-06-02,2025-06-02,Intechnica Cert GmbH,https://www.lammsbraeu.de/hubfs/NeumarkterLammsbraeu/blog/images/2022/2022%20-%20Blog%20-%20Zertifizierungen/Zert._2022-06-02_Re-ZA%2014k_Neumarkter%20Lammsbr%C3%A4u.pdf,https://www.lammsbraeu.de/blog/unsere-zertifizierungen,2026-09-12,RESEARCHED,Direct official certificate verified; validity ended on 2025-06-02 and no current successor certificate was located in the defined checks.
P04,Neumarkter Lammsbräu Gebr. Ehrnsperger KG,EMAS,DOCUMENT_FOUND_VALIDITY_UNCLEAR,Neumarkter Lammsbräu Gebr. Ehrnsperger KG,,,,,https://www.lammsbraeu.de/hubfs/NeumarkterLammsbraeu/blog/images/2022/2022%20-%20Blog%20-%20Zertifizierungen/IHK%20Urkunde%20EMAS.pdf,https://www.lammsbraeu.de/blog/unsere-zertifizierungen,2026-09-12,RESEARCHED,Official certificate page states EMAS participation and links a direct EMAS document; exact current validity metadata could not be extracted.
P05,Einbecker Brauhaus AG,ISO 50001,NOT_FOUND_AFTER_CHECK,Einbecker Brauhaus AG,,,,,,https://www.einbecker-brauhaus.de/aktionaere/berichte,2026-09-12,RESEARCHED,No public direct certificate or official certificate entry was located in the defined official-website and exact-legal-name checks on 2026-09-12; absence of public evidence is not proof that no certification exists.
P05,Einbecker Brauhaus AG,ISO 14001,DOCUMENT_FOUND_VALIDITY_UNCLEAR,Einbecker Brauhaus AG,,,,,https://www.einbecker-brauhaus.de/files/einbecker_gruppe/content/leitbild-und-werte/nachhaltigkeit/umwelterklaerung-ebag-2025.pdf,https://www.einbecker-brauhaus.de/leitbild-werte/nachhaltigkeit,2026-09-13,RESEARCHED,The official 2025 environmental statement says ISO 14001 certification has existed since 1995; a separate current direct certificate and exact validity dates were not located.
P05,Einbecker Brauhaus AG,EMAS,DOCUMENT_FOUND_VALIDITY_UNCLEAR,Einbecker Brauhaus AG,,,,,https://www.einbecker-brauhaus.de/files/einbecker_gruppe/content/leitbild-und-werte/nachhaltigkeit/umwelterklaerung-ebag-2025.pdf,https://www.einbecker-brauhaus.de/leitbild-werte/nachhaltigkeit,2026-09-13,RESEARCHED,The official site states EMAS registration since 2025 and publishes a direct 2025 environmental statement; exact register validity metadata still requires independent verification.
P06,Bada AG,ISO 50001,VALID,Bada AG,130721BadaEM01,,2027-07-12,,https://bada.de/app/uploads/Zertifikat-Bada-50001-2024.pdf,https://bada.de/de/zertifikate,2026-09-12,RESEARCHED,Direct official certificate link verified; issuer and start date still require extraction.
P06,Bada AG,ISO 14001,VALID,Bada AG,121211Bada01,2023-11-14,2026-12-11,,https://bada.de/app/uploads/Zertifikat-BADA-14001-2023.pdf,https://bada.de/de/zertifikate,2026-09-12,RESEARCHED,Direct official certificate link verified; scope covers production of technical plastics with product development.
P06,Bada AG,EMAS,DOCUMENT_FOUND_VALIDITY_UNCLEAR,Bada AG,,,,,https://bada.de/app/uploads/EMAS_Urkunde_Bada_AG_2024_DE.pdf,https://bada.de/de/zertifikate,2026-09-12,RESEARCHED,Direct official EMAS document link verified; exact validity metadata still requires extraction.
P07,VARIOPLAST Konrad Däbritz GmbH,ISO 50001,NOT_FOUND_AFTER_CHECK,VARIOPLAST Konrad Däbritz GmbH,,,,,,https://varioplast.de/de/downloads,2026-09-12,RESEARCHED,No ISO 50001 certificate was listed on the official download page at the check date.
P07,VARIOPLAST Konrad Däbritz GmbH,ISO 14001,VALID,VARIOPLAST Konrad Däbritz GmbH,001127.U,2026-07-26,2029-07-25,SKZ-Cert GmbH,https://varioplast.de/images/downloads/pdf/zertifikate/2026/Varioplast_Zertifikat_14001_SKZ_2026_de_Joomla-kompatibel-1.pdf,https://varioplast.de/de/downloads,2026-10-07,AI_FIRST_PASS_RECHECK,Current exact Varioplast holder at Ötisheim; former certificate expired 2026-07-25.
P07,VARIOPLAST Konrad Däbritz GmbH,EMAS,NOT_FOUND_AFTER_CHECK,VARIOPLAST Konrad Däbritz GmbH,,,,,,https://varioplast.de/de/downloads,2026-09-12,RESEARCHED,No EMAS document was listed on the official download page at the check date.
P08,Walter Potthoff GmbH,ISO 50001,NOT_REQUIRED_EXCLUDED,Walter Potthoff GmbH,,,,,,,2026-09-12,NOT_REQUIRED,Candidate excluded at the SME eligibility gate; certificate research is not required for scoring.
P08,Walter Potthoff GmbH,ISO 14001,NOT_REQUIRED_EXCLUDED,Walter Potthoff GmbH,,,,,,,2026-09-12,NOT_REQUIRED,Candidate excluded at the SME eligibility gate; certificate research is not required for scoring.
P08,Walter Potthoff GmbH,EMAS,NOT_REQUIRED_EXCLUDED,Walter Potthoff GmbH,,,,,,,2026-09-12,NOT_REQUIRED,Candidate excluded at the SME eligibility gate; certificate research is not required for scoring.
P09,RUCH NOVAPLAST GmbH + Co. KG,ISO 50001,NOT_REQUIRED_EXCLUDED,RUCH NOVAPLAST GmbH + Co. KG,,,,,,,2026-09-12,NOT_REQUIRED,Candidate excluded at the SME eligibility gate; certificate research is not required for scoring.
P09,RUCH NOVAPLAST GmbH + Co. KG,ISO 14001,NOT_REQUIRED_EXCLUDED,RUCH NOVAPLAST GmbH + Co. KG,,,,,,,2026-09-12,NOT_REQUIRED,Candidate excluded at the SME eligibility gate; certificate research is not required for scoring.
P09,RUCH NOVAPLAST GmbH + Co. KG,EMAS,NOT_REQUIRED_EXCLUDED,RUCH NOVAPLAST GmbH + Co. KG,,,,,,,2026-09-12,NOT_REQUIRED,Candidate excluded at the SME eligibility gate; certificate research is not required for scoring.
P10,Oskar Lehmann GmbH & Co. KG,ISO 50001,NOT_FOUND_AFTER_CHECK,Oskar Lehmann GmbH & Co. KG,,,,,,https://www.oskar-lehmann.de/en/download-en.html,2026-09-12,RESEARCHED,No public direct certificate or official certificate entry was located on the official download page and in exact-legal-name searches on 2026-09-12; absence of public evidence is not proof that no certification exists.
P10,Oskar Lehmann GmbH & Co. KG,ISO 14001,NOT_FOUND_AFTER_CHECK,Oskar Lehmann GmbH & Co. KG,,,,,,https://www.oskar-lehmann.de/en/download-en.html,2026-09-12,RESEARCHED,No public direct certificate or official certificate entry was located on the official download page and in exact-legal-name searches on 2026-09-12; absence of public evidence is not proof that no certification exists.
P10,Oskar Lehmann GmbH & Co. KG,EMAS,NOT_FOUND_AFTER_CHECK,Oskar Lehmann GmbH & Co. KG,,,,,,https://www.oskar-lehmann.de/en/download-en.html,2026-09-12,RESEARCHED,No public direct certificate or official certificate entry was located on the official download page and in exact-legal-name searches on 2026-09-12; absence of public evidence is not proof that no certification exists.
P12,Richard Henkel GmbH,ISO 50001,NOT_FOUND_AFTER_CHECK,Richard Henkel GmbH,,,,,,https://www.richard-henkel.de/downloads.html,2026-09-13,RESEARCHED,No direct ISO 50001 certificate or official register record was located in the defined official-site and exact-name checks; the documented operational energy management and EMAS registration are not treated as ISO 50001 evidence.
P12,Richard Henkel GmbH,ISO 14001,NOT_FOUND_AFTER_CHECK,Richard Henkel GmbH,,,,,,https://www.richard-henkel.de/downloads.html,2026-09-13,RESEARCHED,No direct ISO 14001 certificate or official register record was located in the defined official-site and exact-name checks; separate historical EMAS evidence is recorded separately.
P12,Richard Henkel GmbH,EMAS,EXPIRED,Richard Henkel GmbH,DE-136-00012,,2026-09-11,IHK Heilbronn-Franken,https://www.richard-henkel.de/downloads.html?file=files/downloads/EMAS+Urkunde_bis_2026.pdf,https://www.richard-henkel.de/downloads.html,2026-10-07,RECHECKED,"Rendered certificate body checked: issue 2022-12-22, DE-136-00012, expiry 2026-09-11. November 2025 validated statement and intended November 2026 next validation do not extend printed certificate validity. No current successor verified in own download and exact-name checks. No internal-system discontinuation inferred."
P13,Schmalriede-Zink GmbH,ISO 50001,NOT_FOUND_AFTER_CHECK,Schmalriede-Zink GmbH,,,,,,https://www.schmalriede.de/,2026-09-13,RESEARCHED,No direct public certificate or official register entry was located in the defined official-site and exact-legal-name checks; absence of public evidence is not proof that no certification exists.
P13,Schmalriede-Zink GmbH,ISO 14001,VALID,Schmalriede-Zink GmbH,UM 22107-Z05101,2026-02-21,2029-02-20,DMSZ Deutsche Managementsystem Zertifizierungsgesellschaft mbH,https://www.schmalriede.de/fileadmin/user_upload/Downloads_zertifikate/Zertifikat_14001_2026-2029.pdf,https://www.schmalriede.de/unternehmen/downloads-/-zertifikate,2026-10-06,RESEARCHED,"Direct one-page certificate inspected including visual holder/scope/date check. Exact candidate and galvanic surface manufacture at Ganderkesee. Replaces the prior negative search result; no ISO 50001, EnMS or energy-deployment inference. AI research only; Anna independent review pending."
P13,Schmalriede-Zink GmbH,EMAS,NOT_FOUND_AFTER_CHECK,Schmalriede-Zink GmbH,,,,,,https://www.schmalriede.de/,2026-09-13,RESEARCHED,No direct public certificate or official register entry was located in the defined official-site and exact-legal-name checks; absence of public evidence is not proof that no registration exists.
P14,Trio-Eloxal GmbH & Co. KG,ISO 50001,PENDING_CHECK,Trio-Eloxal GmbH & Co. KG,,,,,,,2026-09-12,NOT_REVIEWED,Direct certificate and official index still require research before classification.
P14,Trio-Eloxal GmbH & Co. KG,ISO 14001,PENDING_CHECK,Trio-Eloxal GmbH & Co. KG,,,,,,,2026-09-12,NOT_REVIEWED,Direct certificate and official index still require research before classification.
P14,Trio-Eloxal GmbH & Co. KG,EMAS,PENDING_CHECK,Trio-Eloxal GmbH & Co. KG,,,,,,,2026-09-12,NOT_REVIEWED,Direct certificate and official index still require research before classification.
P16,Sembach GmbH & Co. KG,ISO 50001,VALID,Sembach GmbH & Co. KG,EG0057-2025,2025-06-18,2028-06-17,Intechnica Cert GmbH,https://www.sembach.de/wp-content/uploads/ISO-50001-bis-2028-E.pdf,https://www.sembach.de/en/downloads/,2026-09-13,RESEARCHED,Direct certificate covers production and sale of technical ceramic parts at the Lauf site.
P16,Sembach GmbH & Co. KG,ISO 14001,VALID,Sembach GmbH & Co. KG,UG0668-2025,2025-06-18,2028-06-17,Intechnica Cert GmbH,https://www.sembach.de/wp-content/uploads/ISO-14001-bis-2028-E.pdf,https://www.sembach.de/en/downloads/,2026-09-13,RESEARCHED,Direct certificate covers production and sale of technical ceramic parts at the Lauf site.
P16,Sembach GmbH & Co. KG,EMAS,NOT_FOUND_AFTER_CHECK,Sembach GmbH & Co. KG,,,,,,https://www.sembach.de/en/downloads/,2026-09-13,RESEARCHED,No direct public EMAS registration evidence was located in the official certificate index or exact-legal-name check; absence of public evidence is not proof that no registration exists.
P17,QSIL Ingenieurkeramik GmbH,ISO 50001,NOT_REQUIRED_EXCLUDED,QSIL Ingenieurkeramik GmbH,,,,,,,2026-09-12,NOT_REQUIRED,Candidate excluded at the SME eligibility gate; certificate research is not required for scoring.
P17,QSIL Ingenieurkeramik GmbH,ISO 14001,NOT_REQUIRED_EXCLUDED,QSIL Ingenieurkeramik GmbH,,,,,,,2026-09-12,NOT_REQUIRED,Candidate excluded at the SME eligibility gate; certificate research is not required for scoring.
P17,QSIL Ingenieurkeramik GmbH,EMAS,NOT_REQUIRED_EXCLUDED,QSIL Ingenieurkeramik GmbH,,,,,,,2026-09-12,NOT_REQUIRED,Candidate excluded at the SME eligibility gate; certificate research is not required for scoring.
P18,Glashütte Lamberts Waldsassen GmbH,ISO 50001,VALID,Glashütte Lamberts Waldsassen GmbH,Z-EM-13067-2023-001,2023-12-20,2026-12-19,OmniCert Umweltgutachter GmbH,https://lamberts.de/files/content/Mainpage/Unsere%20Glashuette/Zukunft/Zertifikat_Z-EM-13067-2023-001_Glashuette_Lamberts_Waldsassen.pdf,https://lamberts.de/der-zukunft-verpflichtet,2026-09-13,RESEARCHED,Direct certificate covers glass manufacture at the Waldsassen production site; early recheck is scheduled before expiry.
P18,Glashütte Lamberts Waldsassen GmbH,ISO 14001,NOT_FOUND_AFTER_CHECK,Glashütte Lamberts Waldsassen GmbH,,,,,,https://lamberts.de/der-zukunft-verpflichtet,2026-09-13,RESEARCHED,No direct public ISO 14001 certificate or authoritative register record was located in the defined official-site and exact-name checks.
P18,Glashütte Lamberts Waldsassen GmbH,EMAS,NOT_FOUND_AFTER_CHECK,Glashütte Lamberts Waldsassen GmbH,,,,,,https://lamberts.de/der-zukunft-verpflichtet,2026-09-13,RESEARCHED,No direct public EMAS registration evidence was located in the defined official-site and exact-name checks.
P19,Glasfabrik Lamberts GmbH & Co. KG,ISO 50001,VALID,Glasfabrik Lamberts GmbH & Co. KG,44 764 232462,2025-06-02,2028-06-01,TÜV NORD CERT GmbH,https://www.lamberts.info/fileadmin/user_upload/ecoglass/ISO_50001_Zertifizierung__Energiemanagement__062028.pdf,https://www.lamberts.info/unternehmen,2026-09-13,RESEARCHED,Direct certificate covers production and sale of cast glass at Wunsiedel.
P19,Glasfabrik Lamberts GmbH & Co. KG,ISO 14001,VALID,Glasfabrik Lamberts GmbH & Co. KG,44 104 232462,2024-04-05,2027-04-04,TÜV NORD CERT GmbH,https://www.lamberts.info/fileadmin/user_upload/ecoglass/ISO_14001_Zertifizierung_ab_2024_Umweltmanagement.pdf,https://www.lamberts.info/unternehmen,2026-09-13,RESEARCHED,Direct certificate covers production and sale of cast glass at Wunsiedel.
P19,Glasfabrik Lamberts GmbH & Co. KG,EMAS,NOT_FOUND_AFTER_CHECK,Glasfabrik Lamberts GmbH & Co. KG,,,,,,https://www.lamberts.info/unternehmen,2026-09-13,RESEARCHED,No direct public EMAS registration evidence was located in the official certificate index or exact-name check; absence of public evidence is not proof that no registration exists.
P20,DERIX Glasstudios GmbH & Co. KG,ISO 50001,NOT_FOUND_AFTER_CHECK,DERIX Glasstudios GmbH & Co. KG,,,,,,https://www.derix.com/,2026-09-13,RESEARCHED,No direct public certificate or authoritative register evidence was located in the official-site and exact-name checks; this is not evidence of non-certification.
P20,DERIX Glasstudios GmbH & Co. KG,ISO 14001,NOT_FOUND_AFTER_CHECK,DERIX Glasstudios GmbH & Co. KG,,,,,,https://www.derix.com/,2026-09-13,RESEARCHED,No direct public certificate or authoritative register evidence was located in the official-site and exact-name checks; this is not evidence of non-certification.
P20,DERIX Glasstudios GmbH & Co. KG,EMAS,NOT_FOUND_AFTER_CHECK,DERIX Glasstudios GmbH & Co. KG,,,,,,https://www.derix.com/,2026-09-13,RESEARCHED,No direct public certificate or authoritative register evidence was located in the official-site and exact-name checks; this is not evidence of non-registration.
P11,B+T Oberflächentechnik GmbH,ISO 50001,VALID,B+T Oberflächentechnik GmbH,00012633,2026-03-02,2029-03-01,LRQA Limited,https://bt-unternehmensgruppe.de/assets/bt-unternehmensgruppe.de/downloads/2026_14001-50001-ENGUS-UKAS.pdf,https://bt-unternehmensgruppe.de/download,2026-09-13,RESEARCHED,Direct current certificate identity 10750697 covers ISO 50001 at the Hüttenberg and Wetzlar sites.
P11,B+T Oberflächentechnik GmbH,ISO 14001,VALID,B+T Oberflächentechnik GmbH,00008130,2026-03-02,2029-03-01,LRQA Limited,https://bt-unternehmensgruppe.de/assets/bt-unternehmensgruppe.de/downloads/2026_14001-50001-ENGUS-UKAS.pdf,https://bt-unternehmensgruppe.de/download,2026-09-13,RESEARCHED,Direct current certificate identity 10750697 covers ISO 14001 at the Hüttenberg and Wetzlar sites.
P11,B+T Oberflächentechnik GmbH,EMAS,NOT_FOUND_AFTER_CHECK,B+T Oberflächentechnik GmbH,,,,,,https://bt-unternehmensgruppe.de/,2026-09-13,RESEARCHED,No direct public EMAS registration evidence was located; this does not prove that no registration exists.
P15,ELOXAL BARZ GmbH & Co KG,ISO 50001,NOT_FOUND_AFTER_CHECK,ELOXAL BARZ GmbH & Co KG,,,,,,https://eloxal-barz.de/,2026-10-07,RESEARCHED,No direct public certificate was located in the official-site and exact-name checks; absence of evidence is not proof of non-certification. Follow-up 2026-10-07: official pages and exact-name public certificate/energy searches found no direct current document for this standard; certification and maturity are not assumed absent.
P15,ELOXAL BARZ GmbH & Co KG,ISO 14001,NOT_FOUND_AFTER_CHECK,ELOXAL BARZ GmbH & Co KG,,,,,,https://eloxal-barz.de/,2026-10-07,RESEARCHED,No direct public certificate was located in the official-site and exact-name checks; absence of evidence is not proof of non-certification. Follow-up 2026-10-07: official pages and exact-name public certificate/energy searches found no direct current document for this standard; certification and maturity are not assumed absent.
P15,ELOXAL BARZ GmbH & Co KG,EMAS,NOT_FOUND_AFTER_CHECK,ELOXAL BARZ GmbH & Co KG,,,,,,https://eloxal-barz.de/,2026-10-07,RESEARCHED,No direct public EMAS registration evidence was located; absence of evidence is not proof of non-registration. Follow-up 2026-10-07: official pages and exact-name public certificate/energy searches found no direct current document for this standard; certification and maturity are not assumed absent.
P21,Privatbrauerei MORITZ FIEGE GmbH & Co. KG,ISO 50001,NOT_FOUND_AFTER_CHECK,Privatbrauerei MORITZ FIEGE GmbH & Co. KG,,,,,,https://moritzfiege.de/,2026-09-13,RESEARCHED,No direct public certificate was located in the official-site and exact-name checks; absence of evidence is not proof of non-certification.
P21,Privatbrauerei MORITZ FIEGE GmbH & Co. KG,ISO 14001,NOT_FOUND_AFTER_CHECK,Privatbrauerei MORITZ FIEGE GmbH & Co. KG,,,,,,https://moritzfiege.de/,2026-09-13,RESEARCHED,No direct public certificate was located in the official-site and exact-name checks; absence of evidence is not proof of non-certification.
P21,Privatbrauerei MORITZ FIEGE GmbH & Co. KG,EMAS,NOT_FOUND_AFTER_CHECK,Privatbrauerei MORITZ FIEGE GmbH & Co. KG,,,,,,https://moritzfiege.de/,2026-09-13,RESEARCHED,No direct public EMAS registration evidence was located; absence of evidence is not proof of non-registration.
P22,RIEDENBURGER BRAUHAUS Michael Krieger GmbH & Co. KG,ISO 50001,NOT_FOUND_AFTER_CHECK,RIEDENBURGER BRAUHAUS Michael Krieger GmbH & Co. KG,,,,,,https://www.riedenburger.de/,2026-09-13,RESEARCHED,No direct public ISO 50001 certificate was located; the documented energy project does not itself establish certification.
P22,RIEDENBURGER BRAUHAUS Michael Krieger GmbH & Co. KG,ISO 14001,NOT_FOUND_AFTER_CHECK,RIEDENBURGER BRAUHAUS Michael Krieger GmbH & Co. KG,,,,,,https://www.riedenburger.de/,2026-09-13,RESEARCHED,No direct public ISO 14001 certificate was located; organic product certifications are not environmental-management certificates.
P22,RIEDENBURGER BRAUHAUS Michael Krieger GmbH & Co. KG,EMAS,NOT_FOUND_AFTER_CHECK,RIEDENBURGER BRAUHAUS Michael Krieger GmbH & Co. KG,,,,,,https://www.riedenburger.de/,2026-09-13,RESEARCHED,No direct public EMAS registration evidence was located; absence of evidence is not proof of non-registration.
P23,FM-Plast GmbH,ISO 50001,VALID,FM-Plast GmbH,04 764 950027,2024-05-22,2027-05-21,TÜV NORD CERT GmbH,https://www.fm-plast.de/media/wysiwyg/PDF/50001_de.pdf,https://www.fm-plast.de/deutsch/company,2026-09-13,RESEARCHED,Direct current certificate covers development production and sale of injection-moulded plastic parts at Lennestadt.
P23,FM-Plast GmbH,ISO 14001,NOT_FOUND_AFTER_CHECK,FM-Plast GmbH,,,,,,https://www.fm-plast.de/,2026-09-13,RESEARCHED,No direct public ISO 14001 certificate was located in the defined check.
P23,FM-Plast GmbH,EMAS,NOT_FOUND_AFTER_CHECK,FM-Plast GmbH,,,,,,https://www.fm-plast.de/,2026-09-13,RESEARCHED,No direct public EMAS registration evidence was located in the defined check.
P24,H&K Müller GmbH & Co. KG,ISO 50001,VALID,H&K Müller GmbH & Co. KG,001070.E,2026-07-04,2029-07-03,SKZ-Cert GmbH,https://www.hk-mueller.de/fileadmin/Dokumente/Zertifikate/50001_deutsch_H_K_Mueller_26.pdf,https://www.hk-mueller.de/de/,2026-09-13,RESEARCHED,Direct certificate covers all energy quantities of the Engelskirchen company and production scope.
P24,H&K Müller GmbH & Co. KG,ISO 14001,NOT_FOUND_AFTER_CHECK,H&K Müller GmbH & Co. KG,,,,,,https://www.hk-mueller.de/de/,2026-09-13,RESEARCHED,No direct public ISO 14001 certificate was located in the official certificate index.
P24,H&K Müller GmbH & Co. KG,EMAS,NOT_FOUND_AFTER_CHECK,H&K Müller GmbH & Co. KG,,,,,,https://www.hk-mueller.de/de/,2026-09-13,RESEARCHED,No direct public EMAS registration evidence was located in the official certificate index.
P25,Scheplast GmbH,ISO 50001,NOT_FOUND_AFTER_CHECK,Scheplast GmbH,,,,,,https://scheplast.de/,2026-10-07,RESEARCHED,No direct public ISO 50001 certificate was located in the official-site and exact-name checks. Follow-up 2026-10-07: official pages and exact-name public certificate/energy searches found no direct current document for this standard; certification and maturity are not assumed absent.
P25,Scheplast GmbH,ISO 14001,VALID,Scheplast GmbH,12 104 23864 TMS,2024-03-06,2027-02-26,TÜV SÜD Management Service GmbH,https://scheplast.de/wp-content/uploads/2024/03/Scheplast-certificate-ISO-14001_2015-valid-2027-en.pdf,https://scheplast.de/nachhaltigkeit/,2026-10-07,RESEARCHED,"Direct successor inspected including the rendered page on 2026-10-07: exact holder/site, scope and number match. Previous expiry 2024-02-26 is printed in the successor and the old PDF remains S-P25-04 / VERIFIED_EXPIRED. Factual research only; no human score approval or ISO 50001 inference."
P25,Scheplast GmbH,EMAS,NOT_FOUND_AFTER_CHECK,Scheplast GmbH,,,,,,https://scheplast.de/,2026-10-07,RESEARCHED,No direct public EMAS registration evidence was located in the defined check. Follow-up 2026-10-07: official pages and exact-name public certificate/energy searches found no direct current document for this standard; certification and maturity are not assumed absent.
P26,Barth Galvanik GmbH,ISO 50001,VALID,Barth Galvanik GmbH,10000407436-MSC-RvA-DEU,2024-06-26,2027-06-25,DNV Business Assurance B.V.,https://barth-galvanik.de/download/energiemanagement-iso-500012018_deutsch/,https://barth-galvanik.de/downloads,2026-10-07,RESEARCHED,"Issued 2024-05-30; exact holder and annexed sites inspected in rendered full PDF. Factual source research only, no human score approval or automatic deployment update."
P26,Barth Galvanik GmbH,ISO 14001,VALID,Barth Galvanik GmbH - Werk 1,2024-11089,2024-03-20,2027-03-20,Intertek Certification GmbH,https://barth-galvanik.de/download/din-iso-140012015-gueltig-bis-03-2024/,https://barth-galvanik.de/downloads,2026-10-07,RESEARCHED,"valid_from records issue date; decision 2024-02-04 is separate. Legacy URL says 2024 but document body establishes validity through 2027. Factual source research only, no human score approval or automatic deployment update."
P26,Barth Galvanik GmbH,EMAS,NOT_FOUND_AFTER_CHECK,Barth Galvanik GmbH,,,,,,https://barth-galvanik.de/,2026-10-07,RESEARCHED,No direct public EMAS registration evidence was located in the defined check. Follow-up 2026-10-07: official company/process/report/download sections and exact-name public certification searches yielded no direct current evidence for this standard. Missing public evidence does not prove noncertification; hospitality awards and adjacent table rows are not substitutes.
P27,BCE Special Ceramics GmbH,ISO 50001,NOT_FOUND_AFTER_CHECK,BCE Special Ceramics GmbH,,,,,,https://www.bce-special-ceramics.com/company/,2026-09-13,RESEARCHED,No direct public ISO 50001 certificate was located in the official downloads and exact-name checks.
P27,BCE Special Ceramics GmbH,ISO 14001,NOT_FOUND_AFTER_CHECK,BCE Special Ceramics GmbH,,,,,,https://www.bce-special-ceramics.com/company/,2026-09-13,RESEARCHED,No direct public ISO 14001 certificate was located in the official downloads and exact-name checks.
P27,BCE Special Ceramics GmbH,EMAS,NOT_FOUND_AFTER_CHECK,BCE Special Ceramics GmbH,,,,,,https://www.bce-special-ceramics.com/company/,2026-09-13,RESEARCHED,No direct public EMAS registration evidence was located in the official downloads and exact-name checks.
P28,Berg Brauerei Ulrich Zimmermann GmbH & Co. KG,ISO 50001,NOT_FOUND_AFTER_CHECK,Berg Brauerei Ulrich Zimmermann GmbH & Co. KG,,,,,,https://www.bergbier.de/,2026-10-07,RESEARCHED,No public direct certificate or official register evidence was located in the defined official-website and exact-legal-name check; absence of public evidence is not proof that certification does not exist. Follow-up 2026-10-07: official company/process/report/download sections and exact-name public certification searches yielded no direct current evidence for this standard. Missing public evidence does not prove noncertification; hospitality awards and adjacent table rows are not substitutes.
P28,Berg Brauerei Ulrich Zimmermann GmbH & Co. KG,ISO 14001,NOT_FOUND_AFTER_CHECK,Berg Brauerei Ulrich Zimmermann GmbH & Co. KG,,,,,,https://www.bergbier.de/,2026-10-07,RESEARCHED,No public direct certificate or official register evidence was located in the defined official-website and exact-legal-name check; absence of public evidence is not proof that certification does not exist. Follow-up 2026-10-07: official company/process/report/download sections and exact-name public certification searches yielded no direct current evidence for this standard. Missing public evidence does not prove noncertification; hospitality awards and adjacent table rows are not substitutes.
P28,Berg Brauerei Ulrich Zimmermann GmbH & Co. KG,EMAS,NOT_FOUND_AFTER_CHECK,Berg Brauerei Ulrich Zimmermann GmbH & Co. KG,,,,,,https://www.bergbier.de/,2026-10-07,RESEARCHED,No public direct certificate or official register evidence was located in the defined official-website and exact-legal-name check; absence of public evidence is not proof that certification does not exist. Follow-up 2026-10-07: official company/process/report/download sections and exact-name public certification searches yielded no direct current evidence for this standard. Missing public evidence does not prove noncertification; hospitality awards and adjacent table rows are not substitutes.
P29,Meckatzer Löwenbräu Benedikt Weiß KG,ISO 50001,NOT_FOUND_AFTER_CHECK,Meckatzer Löwenbräu Benedikt Weiß KG,,,,,,https://www.meckatzer.de/,2026-10-07,RESEARCHED,No public direct certificate or official register evidence was located in the defined official-website and exact-legal-name check; absence of public evidence is not proof that certification does not exist. Follow-up 2026-10-07: official company/process/report/download sections and exact-name public certification searches yielded no direct current evidence for this standard. Missing public evidence does not prove noncertification; hospitality awards and adjacent table rows are not substitutes.
P29,Meckatzer Löwenbräu Benedikt Weiß KG,ISO 14001,NOT_FOUND_AFTER_CHECK,Meckatzer Löwenbräu Benedikt Weiß KG,,,,,,https://www.meckatzer.de/,2026-10-07,RESEARCHED,No public direct certificate or official register evidence was located in the defined official-website and exact-legal-name check; absence of public evidence is not proof that certification does not exist. Follow-up 2026-10-07: official company/process/report/download sections and exact-name public certification searches yielded no direct current evidence for this standard. Missing public evidence does not prove noncertification; hospitality awards and adjacent table rows are not substitutes.
P29,Meckatzer Löwenbräu Benedikt Weiß KG,EMAS,VALID,Meckatzer Löwenbräu Benedikt Weiß KG,DE-147-00005,2026-06-19,,Dr.-Ing. Reiner Beer (DE-V-0007); Intechnica Cert GmbH (DE-V-0279),https://www.meckatzer.de/fileadmin/user_data/dokumente/260929_Nachhaltigkeitsbericht_WEB.pdf,https://www.meckatzer.de/nachhaltigkeit/,2026-10-07,RESEARCHED,"Current signed validation dated 2026-06-19. valid_from records validation date; no registration-expiry date is asserted. Next nonvalidated update July 2027 and next consolidated validation July 2028 are due dates, not valid_until. Mixed-period narrative remains bounded; shortened number in a later header is not substituted for signed registration number. Factual source research only, no human score approval or automatic deployment update."
P30,Privat-Brauerei Zötler GmbH,ISO 50001,NOT_FOUND_AFTER_CHECK,Privat-Brauerei Zötler GmbH,,,,,,https://www.zoetler.de/,2026-09-14,RESEARCHED,No public direct certificate or official register evidence was located in the defined official-website and exact-legal-name check; absence of public evidence is not proof that certification does not exist.
P30,Privat-Brauerei Zötler GmbH,ISO 14001,NOT_FOUND_AFTER_CHECK,Privat-Brauerei Zötler GmbH,,,,,,https://www.zoetler.de/,2026-09-14,RESEARCHED,No public direct certificate or official register evidence was located in the defined official-website and exact-legal-name check; absence of public evidence is not proof that certification does not exist.
P30,Privat-Brauerei Zötler GmbH,EMAS,DOCUMENT_FOUND_VALIDITY_UNCLEAR,Privat-Brauerei Zötler GmbH,,,,,,https://www.zoetler.de/,2026-09-14,RESEARCHED,"The official website lists or states this environmental-management standard, but a current direct certificate or register validity period was not captured; no VALID claim is made."
P31,Brauerei Clemens Härle KG,ISO 50001,NOT_FOUND_AFTER_CHECK,Brauerei Clemens Härle KG,,,,,,https://www.haerle.de/,2026-09-14,RESEARCHED,No public direct certificate or official register evidence was located in the defined official-website and exact-legal-name check; absence of public evidence is not proof that certification does not exist.
P31,Brauerei Clemens Härle KG,ISO 14001,NOT_FOUND_AFTER_CHECK,Brauerei Clemens Härle KG,,,,,,https://www.haerle.de/,2026-09-14,RESEARCHED,No public direct certificate or official register evidence was located in the defined official-website and exact-legal-name check; absence of public evidence is not proof that certification does not exist.
P31,Brauerei Clemens Härle KG,EMAS,NOT_FOUND_AFTER_CHECK,Brauerei Clemens Härle KG,,,,,,https://www.haerle.de/,2026-09-14,RESEARCHED,No public direct certificate or official register evidence was located in the defined official-website and exact-legal-name check; absence of public evidence is not proof that certification does not exist.
P32,Kronenbrauerei Otto Haizmann KG,ISO 50001,NOT_FOUND_AFTER_CHECK,Kronenbrauerei Otto Haizmann KG,,,,,,https://hochdorfer.de/,2026-09-14,RESEARCHED,No public direct certificate or official register evidence was located in the defined official-website and exact-legal-name check; absence of public evidence is not proof that certification does not exist.
P32,Kronenbrauerei Otto Haizmann KG,ISO 14001,NOT_FOUND_AFTER_CHECK,Kronenbrauerei Otto Haizmann KG,,,,,,https://hochdorfer.de/,2026-09-14,RESEARCHED,No public direct certificate or official register evidence was located in the defined official-website and exact-legal-name check; absence of public evidence is not proof that certification does not exist.
P32,Kronenbrauerei Otto Haizmann KG,EMAS,NOT_FOUND_AFTER_CHECK,Kronenbrauerei Otto Haizmann KG,,,,,,https://hochdorfer.de/,2026-09-14,RESEARCHED,No public direct certificate or official register evidence was located in the defined official-website and exact-legal-name check; absence of public evidence is not proof that certification does not exist.
P33,Gindele GmbH,ISO 50001,NOT_FOUND_AFTER_CHECK,Gindele GmbH,,,,,,https://www.gindele.de/,2026-10-07,RESEARCHED,No public direct certificate or official register evidence was located in the defined official-website and exact-legal-name check; absence of public evidence is not proof that certification does not exist. Follow-up 2026-10-07: official company/process/report/download sections and exact-name public certification searches yielded no direct current evidence for this standard. Missing public evidence does not prove noncertification; hospitality awards and adjacent table rows are not substitutes.
P33,Gindele GmbH,ISO 14001,VALID,Gindele GmbH,000804.U,2025-01-28,2027-07-09,SKZ-Cert GmbH,https://www.gindele.de/fileadmin/user_upload/download/Gindele_Certificate_14001_englisch.pdf,https://www.skz.de/fileadmin/user_upload/Download_PDF/_Zertifizierung/Referenzliste_ISO.pdf,2026-10-07,RESEARCHED,"Exact holder/site and scope visually checked. Issuer reference list 2026-10-06 confirms ISO 14001 in exact Gindele row; neighbouring ISO 50001 rows are other entities. Factual source research only, no human score approval or automatic deployment update."
P33,Gindele GmbH,EMAS,NOT_FOUND_AFTER_CHECK,Gindele GmbH,,,,,,https://www.gindele.de/,2026-10-07,RESEARCHED,No public direct certificate or official register evidence was located in the defined official-website and exact-legal-name check; absence of public evidence is not proof that certification does not exist. Follow-up 2026-10-07: official company/process/report/download sections and exact-name public certification searches yielded no direct current evidence for this standard. Missing public evidence does not prove noncertification; hospitality awards and adjacent table rows are not substitutes.
P34,KTS Kunststoff Technik Schmölln GmbH,ISO 50001,NOT_FOUND_AFTER_CHECK,KTS Kunststoff Technik Schmölln GmbH,,,,,,https://www.kts-schmoelln.de/,2026-09-14,RESEARCHED,No public direct certificate or official register evidence was located in the defined official-website and exact-legal-name check; absence of public evidence is not proof that certification does not exist.
P34,KTS Kunststoff Technik Schmölln GmbH,ISO 14001,NOT_FOUND_AFTER_CHECK,KTS Kunststoff Technik Schmölln GmbH,,,,,,https://www.kts-schmoelln.de/,2026-09-14,RESEARCHED,No public direct certificate or official register evidence was located in the defined official-website and exact-legal-name check; absence of public evidence is not proof that certification does not exist.
P34,KTS Kunststoff Technik Schmölln GmbH,EMAS,NOT_FOUND_AFTER_CHECK,KTS Kunststoff Technik Schmölln GmbH,,,,,,https://www.kts-schmoelln.de/,2026-09-14,RESEARCHED,No public direct certificate or official register evidence was located in the defined official-website and exact-legal-name check; absence of public evidence is not proof that certification does not exist.
P35,MACK KUNSTSTOFFTECHNIK GMBH & CO. KG,ISO 50001,NOT_FOUND_AFTER_CHECK,MACK KUNSTSTOFFTECHNIK GMBH & CO. KG,,,,,,https://mack-kunststoff.com/,2026-10-07,RESEARCHED,"No public direct certificate or official register evidence was located in the defined official-website and exact-legal-name check; absence of public evidence is not proof that certification does not exist. Follow-up2026-10-07: official company, production, public document and exact-name certification searches checked; no new direct current evidence for this standard. Missing public evidence is not noncertification. Staging banners, group facts, ISO9001, material/customer applications and crawl dates are not substitutes."
P35,MACK KUNSTSTOFFTECHNIK GMBH & CO. KG,ISO 14001,VALID,MACK KUNSTSTOFFTECHNIK GMBH & CO. KG,Z-24-10213-14,2024-03-18,2027-03-18,VISOCERT GmbH,https://mack-kunststoff.com/wp-content/uploads/2025/09/ISO-14001-2015-seit-2024.pdf,https://mack-kunststoff.com/,2026-10-07,RESEARCHED,"Current exact-site public evidence inspected and rendered. Visually inspected exact-holder VISOCERT ISO 14001:2015 certificate Z-24-10213-14, valid 2024-03-18 through 2027-03-18; issued 2024-03-19; vacuum forming, lamination and CNC. Factual source correction; independent human scoring review remains pending."
P35,MACK KUNSTSTOFFTECHNIK GMBH & CO. KG,EMAS,NOT_FOUND_AFTER_CHECK,MACK KUNSTSTOFFTECHNIK GMBH & CO. KG,,,,,,https://mack-kunststoff.com/,2026-10-07,RESEARCHED,"No public direct certificate or official register evidence was located in the defined official-website and exact-legal-name check; absence of public evidence is not proof that certification does not exist. Follow-up2026-10-07: official company, production, public document and exact-name certification searches checked; no new direct current evidence for this standard. Missing public evidence is not noncertification. Staging banners, group facts, ISO9001, material/customer applications and crawl dates are not substitutes."
P36,Kunststofftechnik Borgmann GmbH,ISO 50001,NOT_FOUND_AFTER_CHECK,Kunststofftechnik Borgmann GmbH,,,,,,https://www.bogm.de/,2026-10-07,RESEARCHED,"No public direct certificate or official register evidence was located in the defined official-website and exact-legal-name check; absence of public evidence is not proof that certification does not exist. Follow-up2026-10-07: official company, production, public document and exact-name certification searches checked; no new direct current evidence for this standard. Missing public evidence is not noncertification. Staging banners, group facts, ISO9001, material/customer applications and crawl dates are not substitutes."
P36,Kunststofftechnik Borgmann GmbH,ISO 14001,VALID,Kunststofftechnik Borgmann GmbH,44 104 141717,2024-01-18,2027-01-17,TÜV NORD CERT GmbH,https://www.bogm.de/wp-content/uploads/2026/05/141717_kunststofftechnik-borgmann-gmbh_um-wa-23_deutsch_hzert_kuhl_pdf.pdf,https://www.bogm.de/,2026-10-07,RESEARCHED,"Current exact-site public evidence inspected and rendered. Exact-holder TÜV NORD CERT ISO 14001:2015, 44 104 141717, valid 2024-01-18 through 2027-01-17; issued 2023-10-25. Website label ISO 14001:2025 is superseded by inspected PDF body. Factual source correction; independent human scoring review remains pending."
P36,Kunststofftechnik Borgmann GmbH,EMAS,NOT_FOUND_AFTER_CHECK,Kunststofftechnik Borgmann GmbH,,,,,,https://www.bogm.de/,2026-10-07,RESEARCHED,"No public direct certificate or official register evidence was located in the defined official-website and exact-legal-name check; absence of public evidence is not proof that certification does not exist. Follow-up2026-10-07: official company, production, public document and exact-name certification searches checked; no new direct current evidence for this standard. Missing public evidence is not noncertification. Staging banners, group facts, ISO9001, material/customer applications and crawl dates are not substitutes."
P37,atka Kunststoffverarbeitung GmbH,ISO 50001,NOT_FOUND_AFTER_CHECK,atka Kunststoffverarbeitung GmbH,,,,,,https://www.atka.de/,2026-09-14,RESEARCHED,No public direct certificate or official register evidence was located in the defined official-website and exact-legal-name check; absence of public evidence is not proof that certification does not exist.
P37,atka Kunststoffverarbeitung GmbH,ISO 14001,VALID,ATKA Kunststoffverarbeitung GmbH,170813086/4,2025-07-31,2028-07-28,DEKRA Certification GmbH,https://www.atka.de/pdf/ISO-14001-2015-Deutsch.pdf,https://atka.de/qualitaetsmanagement.php,2026-10-07,AI_FIRST_PASS_RECHECK,Rendered body and annex checked: Suedring 25 and Zum Lerchental 2 Lohne; current period overrides previous expiry 2025-07-28. Environmental certification does not establish certified ISO 50001.
P37,atka Kunststoffverarbeitung GmbH,EMAS,NOT_FOUND_AFTER_CHECK,atka Kunststoffverarbeitung GmbH,,,,,,https://www.atka.de/,2026-09-14,RESEARCHED,No public direct certificate or official register evidence was located in the defined official-website and exact-legal-name check; absence of public evidence is not proof that certification does not exist.
P38,Krämer + Eckert GmbH & Co. KG,ISO 50001,NOT_FOUND_AFTER_CHECK,Krämer + Eckert GmbH & Co. KG,,,,,,https://eloxalwerk-ehingen.com/,2026-10-07,RESEARCHED,"No public direct certificate or official register evidence was located in the defined official-website and exact-legal-name check; absence of public evidence is not proof that certification does not exist. Follow-up2026-10-07: official company, production, public document and exact-name certification searches checked; no new direct current evidence for this standard. Missing public evidence is not noncertification. Staging banners, group facts, ISO9001, material/customer applications and crawl dates are not substitutes."
P38,Krämer + Eckert GmbH & Co. KG,ISO 14001,NOT_FOUND_AFTER_CHECK,Krämer + Eckert GmbH & Co. KG,,,,,,https://eloxalwerk-ehingen.com/,2026-10-07,RESEARCHED,"No public direct certificate or official register evidence was located in the defined official-website and exact-legal-name check; absence of public evidence is not proof that certification does not exist. Follow-up2026-10-07: official company, production, public document and exact-name certification searches checked; no new direct current evidence for this standard. Missing public evidence is not noncertification. Staging banners, group facts, ISO9001, material/customer applications and crawl dates are not substitutes."
P38,Krämer + Eckert GmbH & Co. KG,EMAS,NOT_FOUND_AFTER_CHECK,Krämer + Eckert GmbH & Co. KG,,,,,,https://eloxalwerk-ehingen.com/,2026-10-07,RESEARCHED,"No public direct certificate or official register evidence was located in the defined official-website and exact-legal-name check; absence of public evidence is not proof that certification does not exist. Follow-up2026-10-07: official company, production, public document and exact-name certification searches checked; no new direct current evidence for this standard. Missing public evidence is not noncertification. Staging banners, group facts, ISO9001, material/customer applications and crawl dates are not substitutes."
P39,Eloxal Höfler GmbH,ISO 50001,NOT_FOUND_AFTER_CHECK,Eloxal Höfler GmbH,,,,,,https://www.eloxal-hoefler.de/,2026-10-07,RESEARCHED,"No public direct certificate or official register evidence was located in the defined official-website and exact-legal-name check; absence of public evidence is not proof that certification does not exist. Follow-up2026-10-07: official company, production, public document and exact-name certification searches checked; no new direct current evidence for this standard. Missing public evidence is not noncertification. Staging banners, group facts, ISO9001, material/customer applications and crawl dates are not substitutes."
P39,Eloxal Höfler GmbH,ISO 14001,VALID,Eloxal Höfler GmbH,12 104 35301 TMS,2023-12-29,2026-12-28,TÜV SÜD Management Service GmbH,https://www.eloxal-hoefler.de/files/zertifikate/14001.pdf,https://www.eloxal-hoefler.de/,2026-10-07,RESEARCHED,"Current exact-site public evidence inspected and rendered. Exact holder Eloxal Höfler GmbH, Eichenstr.12 Steisslingen; TÜV SÜD ISO 14001:2015 12 104 35301 TMS, valid 2023-12-29 through 2026-12-28, issued 2023-12-12. Rendered certificate inspected. Factual source correction; independent human scoring review remains pending."
P39,Eloxal Höfler GmbH,EMAS,NOT_FOUND_AFTER_CHECK,Eloxal Höfler GmbH,,,,,,https://www.eloxal-hoefler.de/,2026-10-07,RESEARCHED,"No public direct certificate or official register evidence was located in the defined official-website and exact-legal-name check; absence of public evidence is not proof that certification does not exist. Follow-up2026-10-07: official company, production, public document and exact-name certification searches checked; no new direct current evidence for this standard. Missing public evidence is not noncertification. Staging banners, group facts, ISO9001, material/customer applications and crawl dates are not substitutes."
P40,OFTECH Oberflächentechnik GmbH & Co. KG,ISO 50001,NOT_FOUND_AFTER_CHECK,OFTECH Oberflächentechnik GmbH & Co. KG,,,,,,https://oftech.de/,2026-09-14,RESEARCHED,No public direct certificate or official register evidence was located in the defined official-website and exact-legal-name check; absence of public evidence is not proof that certification does not exist.
P40,OFTECH Oberflächentechnik GmbH & Co. KG,ISO 14001,NOT_FOUND_AFTER_CHECK,OFTECH Oberflächentechnik GmbH & Co. KG,,,,,,https://oftech.de/,2026-09-14,RESEARCHED,No public direct certificate or official register evidence was located in the defined official-website and exact-legal-name check; absence of public evidence is not proof that certification does not exist.
P40,OFTECH Oberflächentechnik GmbH & Co. KG,EMAS,NOT_FOUND_AFTER_CHECK,OFTECH Oberflächentechnik GmbH & Co. KG,,,,,,https://oftech.de/,2026-09-14,RESEARCHED,No public direct certificate or official register evidence was located in the defined official-website and exact-legal-name check; absence of public evidence is not proof that certification does not exist.
P41,"Galvano Weis, Weis GmbH & Co., Galvanische-Werkstätte KG",ISO 50001,NOT_FOUND_AFTER_CHECK,"Galvano Weis, Weis GmbH & Co., Galvanische-Werkstätte KG",,,,,,https://www.galvano-weis.com/,2026-10-07,RESEARCHED,"No public direct certificate or official register evidence was located in the defined official-website and exact-legal-name check; absence of public evidence is not proof that certification does not exist. Follow-up2026-10-07: official company, production, public document and exact-name certification searches checked; no new direct current evidence for this standard. Missing public evidence is not noncertification. Staging banners, group facts, ISO9001, material/customer applications and crawl dates are not substitutes."
P41,"Galvano Weis, Weis GmbH & Co., Galvanische-Werkstätte KG",ISO 14001,VALID,Galvano Weis GmbH & Co.KG,DE016081,2025-05-18,2028-05-17,Bureau Veritas Certification Holding SAS - Italy Branch,https://www.galvano-weis.com/assets/img/Zertifikat_iso_14001_de.pdf,https://www.galvano-weis.com/,2026-10-07,RESEARCHED,"Current exact-site public evidence inspected and rendered. Bureau Veritas ISO 14001:2015 DE016081 for Galvano Weis GmbH & Co.KG at Untere Au3 Emmering, valid 2025-05-18 through 2028-05-17; issued 2025-07-25. Exact site and own imprint links abbreviated holder to canonical legal entity; no legal-name change. Factual source correction; independent human scoring review remains pending."
P41,"Galvano Weis, Weis GmbH & Co., Galvanische-Werkstätte KG",EMAS,NOT_FOUND_AFTER_CHECK,"Galvano Weis, Weis GmbH & Co., Galvanische-Werkstätte KG",,,,,,https://www.galvano-weis.com/,2026-10-07,RESEARCHED,"No public direct certificate or official register evidence was located in the defined official-website and exact-legal-name check; absence of public evidence is not proof that certification does not exist. Follow-up2026-10-07: official company, production, public document and exact-name certification searches checked; no new direct current evidence for this standard. Missing public evidence is not noncertification. Staging banners, group facts, ISO9001, material/customer applications and crawl dates are not substitutes."
P42,OT Oberflächentechnik GmbH & Co. KG,ISO 50001,NOT_FOUND_AFTER_CHECK,OT Oberflächentechnik GmbH & Co. KG,,,,,,https://www.ot-schwerin.de/,2026-09-14,RESEARCHED,No public direct certificate or official register evidence was located in the defined official-website and exact-legal-name check; absence of public evidence is not proof that certification does not exist.
P42,OT Oberflächentechnik GmbH & Co. KG,ISO 14001,EXPIRED,OT Oberflächentechnik GmbH & Co. KG,44 104 140808,2023-08-29,2026-07-27,TÜV NORD CERT GmbH,https://www.ot-schwerin.de/umweltmanagement.html?_hash=s0lGTqN2t2hLlg5_g7fqZqUTEboZVon9tT8vVT7Vx-8&ctx=a%3A1%3A%7Bs%3A2%3A%22id%22%3Bi%3A174%3B%7D&p=ot%2Fcontent%2Fgrafiken%2Fzertifikate%2F14001+2023_deutsch.pdf,https://www.ot-schwerin.de/umweltmanagement.html,2026-10-07,AI_FIRST_PASS_RECHECK,Exact OT holder Werkstrasse 4/115 Schwerin; publicly linked body EXPIRED on check date. No current successor verified; not proof none exists.
P42,OT Oberflächentechnik GmbH & Co. KG,EMAS,NOT_FOUND_AFTER_CHECK,OT Oberflächentechnik GmbH & Co. KG,,,,,,https://www.ot-schwerin.de/,2026-09-14,RESEARCHED,No public direct certificate or official register evidence was located in the defined official-website and exact-legal-name check; absence of public evidence is not proof that certification does not exist.
P43,WZR ceramic solutions GmbH,ISO 50001,NOT_FOUND_AFTER_CHECK,WZR ceramic solutions GmbH,,,,,,https://wzr-ceramic.de/,2026-09-14,RESEARCHED,No public direct certificate or official register evidence was located in the defined official-website and exact-legal-name check; absence of public evidence is not proof that certification does not exist.
P43,WZR ceramic solutions GmbH,ISO 14001,NOT_FOUND_AFTER_CHECK,WZR ceramic solutions GmbH,,,,,,https://wzr-ceramic.de/,2026-09-14,RESEARCHED,No public direct certificate or official register evidence was located in the defined official-website and exact-legal-name check; absence of public evidence is not proof that certification does not exist.
P43,WZR ceramic solutions GmbH,EMAS,NOT_FOUND_AFTER_CHECK,WZR ceramic solutions GmbH,,,,,,https://wzr-ceramic.de/,2026-09-14,RESEARCHED,No public direct certificate or official register evidence was located in the defined official-website and exact-legal-name check; absence of public evidence is not proof that certification does not exist.
P44,OXIDKERAMIK J. Cardenas GmbH,ISO 50001,NOT_FOUND_AFTER_CHECK,OXIDKERAMIK J. Cardenas GmbH,,,,,,https://oxidkeramik.de/,2026-10-07,RESEARCHED,"No public direct certificate or official register evidence was located in the defined official-website and exact-legal-name check; absence of public evidence is not proof that certification does not exist. Follow-up2026-10-07: official company, production, public document and exact-name certification searches checked; no new direct current evidence for this standard. Missing public evidence is not noncertification. Staging banners, group facts, ISO9001, material/customer applications and crawl dates are not substitutes."
P44,OXIDKERAMIK J. Cardenas GmbH,ISO 14001,NOT_FOUND_AFTER_CHECK,OXIDKERAMIK J. Cardenas GmbH,,,,,,https://oxidkeramik.de/,2026-10-07,RESEARCHED,"No public direct certificate or official register evidence was located in the defined official-website and exact-legal-name check; absence of public evidence is not proof that certification does not exist. Follow-up2026-10-07: official company, production, public document and exact-name certification searches checked; no new direct current evidence for this standard. Missing public evidence is not noncertification. Staging banners, group facts, ISO9001, material/customer applications and crawl dates are not substitutes."
P44,OXIDKERAMIK J. Cardenas GmbH,EMAS,NOT_FOUND_AFTER_CHECK,OXIDKERAMIK J. Cardenas GmbH,,,,,,https://oxidkeramik.de/,2026-10-07,RESEARCHED,"No public direct certificate or official register evidence was located in the defined official-website and exact-legal-name check; absence of public evidence is not proof that certification does not exist. Follow-up2026-10-07: official company, production, public document and exact-name certification searches checked; no new direct current evidence for this standard. Missing public evidence is not noncertification. Staging banners, group facts, ISO9001, material/customer applications and crawl dates are not substitutes."
P45,Glasmanufaktur HARZKRISTALL GmbH,ISO 50001,NOT_FOUND_AFTER_CHECK,Glasmanufaktur HARZKRISTALL GmbH,,,,,,https://www.harzkristall.de/,2026-10-07,RESEARCHED,"No public direct certificate or official register evidence was located in the defined official-website and exact-legal-name check; absence of public evidence is not proof that certification does not exist. Follow-up2026-10-07: official company, production, public document and exact-name certification searches checked; no new direct current evidence for this standard. Missing public evidence is not noncertification. Staging banners, group facts, ISO9001, material/customer applications and crawl dates are not substitutes."
P45,Glasmanufaktur HARZKRISTALL GmbH,ISO 14001,NOT_FOUND_AFTER_CHECK,Glasmanufaktur HARZKRISTALL GmbH,,,,,,https://www.harzkristall.de/,2026-10-07,RESEARCHED,"No public direct certificate or official register evidence was located in the defined official-website and exact-legal-name check; absence of public evidence is not proof that certification does not exist. Follow-up2026-10-07: official company, production, public document and exact-name certification searches checked; no new direct current evidence for this standard. Missing public evidence is not noncertification. Staging banners, group facts, ISO9001, material/customer applications and crawl dates are not substitutes."
P45,Glasmanufaktur HARZKRISTALL GmbH,EMAS,NOT_FOUND_AFTER_CHECK,Glasmanufaktur HARZKRISTALL GmbH,,,,,,https://www.harzkristall.de/,2026-10-07,RESEARCHED,"No public direct certificate or official register evidence was located in the defined official-website and exact-legal-name check; absence of public evidence is not proof that certification does not exist. Follow-up2026-10-07: official company, production, public document and exact-name certification searches checked; no new direct current evidence for this standard. Missing public evidence is not noncertification. Staging banners, group facts, ISO9001, material/customer applications and crawl dates are not substitutes."
P46,Porzellanfabrik Hermsdorf GmbH,ISO 50001,VALID,Porzellanfabrik Hermsdorf GmbH,EM-00269/0,,2029-03-11,Quality Austria Certification GmbH,https://www.pofahermsdorf.de/wp-content/uploads/2023/05/EMS_dt.pdf,https://www.pofahermsdorf.de/zertifizierungen/,2026-10-07,AI_FIRST_PASS_RECHECK,Body issued 2026-04-21. First registration 2022-08-09 is not current validity start; URL 2023 not issue year.
P46,Porzellanfabrik Hermsdorf GmbH,ISO 14001,VALID,Porzellanfabrik Hermsdorf GmbH,U-04659/0,,2029-03-11,Quality Austria Certification GmbH,https://www.pofahermsdorf.de/wp-content/uploads/2023/05/UMS_dt.pdf,https://www.pofahermsdorf.de/zertifizierungen/,2026-10-07,AI_FIRST_PASS_RECHECK,Body issued 2026-04-21. First registration 2022-08-09 is not current validity start.
P46,Porzellanfabrik Hermsdorf GmbH,EMAS,NOT_FOUND_AFTER_CHECK,Porzellanfabrik Hermsdorf GmbH,,,,,,https://www.pofahermsdorf.de/,2026-09-14,RESEARCHED,No public direct certificate or official register evidence was located in the defined official-website and exact-legal-name check; absence of public evidence is not proof that certification does not exist.
P47,hofmann CERAMiC GmbH,ISO 50001,VALID,hofmann CERAMiC GmbH,EM 00533-Z04304,2025-06-06,2028-06-04,DMSZ Deutsche Managementsystem Zertifizierungsgesellschaft mbH,https://www.hofmann-ceramic.de/wp-content/uploads/EM_00533-Z04304_de.pdf,https://www.hofmann-ceramic.de/downloads/,2026-10-07,AI_FIRST_PASS_RECHECK,Rendered exact Hofmann CERAMiC holder Breitscheid-Erdbach; all company energy quantities in certified system.
P47,hofmann CERAMiC GmbH,ISO 14001,VALID,hofmann CERAMiC GmbH,UM 00533-Z04303,2025-06-06,2028-03-14,DMSZ Deutsche Managementsystem Zertifizierungsgesellschaft mbH,https://www.hofmann-ceramic.de/wp-content/uploads/UM00533Z04303de.pdf,https://www.hofmann-ceramic.de/downloads/,2026-10-07,AI_FIRST_PASS_RECHECK,Rendered exact holder. Previous certificate expiry is not current expiry.
P47,hofmann CERAMiC GmbH,EMAS,NOT_FOUND_AFTER_CHECK,hofmann CERAMiC GmbH,,,,,,https://www.hofmann-ceramic.de/,2026-09-14,RESEARCHED,No public direct certificate or official register evidence was located in the defined official-website and exact-legal-name check; absence of public evidence is not proof that certification does not exist.
P50,Brauerei Aying Franz Inselkammer KG,ISO 50001,NOT_FOUND_AFTER_CHECK,Brauerei Aying Franz Inselkammer KG,,,,,,https://www.brauerei-ayinger.de/,2026-10-07,RESEARCHED,"No public direct certificate or official register evidence was located in the defined official-website and exact-legal-name check; absence of public evidence is not proof that certification does not exist. Follow-up2026-10-07: official company, production, public document and exact-name certification searches checked; no new direct current evidence for this standard. Missing public evidence is not noncertification. Staging banners, group facts, ISO9001, material/customer applications and crawl dates are not substitutes."
P50,Brauerei Aying Franz Inselkammer KG,ISO 14001,NOT_FOUND_AFTER_CHECK,Brauerei Aying Franz Inselkammer KG,,,,,,https://www.brauerei-ayinger.de/,2026-10-07,RESEARCHED,"No public direct certificate or official register evidence was located in the defined official-website and exact-legal-name check; absence of public evidence is not proof that certification does not exist. Follow-up2026-10-07: official company, production, public document and exact-name certification searches checked; no new direct current evidence for this standard. Missing public evidence is not noncertification. Staging banners, group facts, ISO9001, material/customer applications and crawl dates are not substitutes."
P50,Brauerei Aying Franz Inselkammer KG,EMAS,VALID,Brauerei Aying Franz Inselkammer KG,DE-155-00168,2023-06-28,,Dr.-Ing. Reiner Beer DE-V-0007 / Intechnica Cert DE-V-0279; active registration UGA/DIHK,https://www.brauerei-ayinger.de/wp-content/uploads/2025/10/Umwelterklaerung2023_BrauereiAying.pdf,https://www.emas.de/fileadmin/user_upload/4-daten-stat/EMAS-TN-Register.pdf,2026-10-07,RESEARCHED,"2023 statement signed28/06/2023 and exact active EMAS register01/09/2026, DE-155-00168. valid_from records historical statement validation; no2026 statement validation or expiry asserted. Planned May2025/May2027 submissions are deadlines, not expiry;2000 registered-since date not valid_from. Factual correction only, human score review pending."
P51,Distelhäuser Brauerei Ernst Bauer GmbH & Co. KG,ISO 50001,NOT_FOUND_AFTER_CHECK,Distelhäuser Brauerei Ernst Bauer GmbH & Co. KG,,,,,,https://www.distelhaeuser.de/impressumdatenschutz/,2026-10-07,RESEARCHED,"No public direct certificate or official register evidence was located in the defined official-website and exact-legal-name check; absence of public evidence is not proof that certification does not exist. Follow-up2026-10-07: official company, production, public document and exact-name certification searches checked; no new direct current evidence for this standard. Missing public evidence is not noncertification. Staging banners, group facts, ISO9001, material/customer applications and crawl dates are not substitutes."
P51,Distelhäuser Brauerei Ernst Bauer GmbH & Co. KG,ISO 14001,CLAIM_ONLY,Distelhäuser Brauerei Ernst Bauer GmbH & Co. KG,,,,,,https://www.distelhaeuser.de/aktuelles/details/distelhaeuser-erneut-iso-zertifiziert/,2026-10-07,RESEARCHED,Historical2022 renewal claim; no current direct certificate or validity found in defined own/company/register/exact-name checks. No expiry or current certification inferred.
P51,Distelhäuser Brauerei Ernst Bauer GmbH & Co. KG,EMAS,NOT_FOUND_AFTER_CHECK,Distelhäuser Brauerei Ernst Bauer GmbH & Co. KG,,,,,,https://www.distelhaeuser.de/impressumdatenschutz/,2026-10-07,RESEARCHED,"No public direct certificate or official register evidence was located in the defined official-website and exact-legal-name check; absence of public evidence is not proof that certification does not exist. Follow-up2026-10-07: official company, production, public document and exact-name certification searches checked; no new direct current evidence for this standard. Missing public evidence is not noncertification. Staging banners, group facts, ISO9001, material/customer applications and crawl dates are not substitutes."
P52,Glauner GmbH,ISO 50001,NOT_FOUND_AFTER_CHECK,Glauner GmbH,,,,,,https://alpirsbacher.de/rechtliches/impressum/,2026-10-07,RESEARCHED,"No public direct certificate or official register evidence was located in the defined official-website and exact-legal-name check; absence of public evidence is not proof that certification does not exist. Follow-up2026-10-07: official company, production, public document and exact-name certification searches checked; no new direct current evidence for this standard. Missing public evidence is not noncertification. Staging banners, group facts, ISO9001, material/customer applications and crawl dates are not substitutes."
P52,Glauner GmbH,ISO 14001,NOT_FOUND_AFTER_CHECK,Glauner GmbH,,,,,,https://alpirsbacher.de/rechtliches/impressum/,2026-10-07,RESEARCHED,"No public direct certificate or official register evidence was located in the defined official-website and exact-legal-name check; absence of public evidence is not proof that certification does not exist. Follow-up2026-10-07: official company, production, public document and exact-name certification searches checked; no new direct current evidence for this standard. Missing public evidence is not noncertification. Staging banners, group facts, ISO9001, material/customer applications and crawl dates are not substitutes."
P52,Glauner GmbH,EMAS,NOT_FOUND_AFTER_CHECK,Glauner GmbH,,,,,,https://alpirsbacher.de/rechtliches/impressum/,2026-10-07,RESEARCHED,"No public direct certificate or official register evidence was located in the defined official-website and exact-legal-name check; absence of public evidence is not proof that certification does not exist. Follow-up2026-10-07: official company, production, public document and exact-name certification searches checked; no new direct current evidence for this standard. Missing public evidence is not noncertification. Staging banners, group facts, ISO9001, material/customer applications and crawl dates are not substitutes."
P53,Brauerei Rittmayer Hallerndorf GmbH & Co. KG,ISO 50001,NOT_FOUND_AFTER_CHECK,Brauerei Rittmayer Hallerndorf GmbH & Co. KG,,,,,,https://rittmayer.de/impressum,2026-09-14,RESEARCHED,No public direct certificate or official register evidence was located in the defined official-website and exact-legal-name check; absence of public evidence is not proof that certification does not exist.
P53,Brauerei Rittmayer Hallerndorf GmbH & Co. KG,ISO 14001,NOT_FOUND_AFTER_CHECK,Brauerei Rittmayer Hallerndorf GmbH & Co. KG,,,,,,https://rittmayer.de/impressum,2026-09-14,RESEARCHED,No public direct certificate or official register evidence was located in the defined official-website and exact-legal-name check; absence of public evidence is not proof that certification does not exist.
P53,Brauerei Rittmayer Hallerndorf GmbH & Co. KG,EMAS,NOT_FOUND_AFTER_CHECK,Brauerei Rittmayer Hallerndorf GmbH & Co. KG,,,,,,https://rittmayer.de/impressum,2026-09-14,RESEARCHED,No public direct certificate or official register evidence was located in the defined official-website and exact-legal-name check; absence of public evidence is not proof that certification does not exist.
P54,Privatbrauerei Waldhaus Joh. Schmid GmbH,ISO 50001,NOT_FOUND_AFTER_CHECK,Privatbrauerei Waldhaus Joh. Schmid GmbH,,,,,,https://www.waldhaus-bier.de/impressum/,2026-10-07,RESEARCHED,"No public direct certificate or official register evidence was located in the defined official-website and exact-legal-name check; absence of public evidence is not proof that certification does not exist. Follow-up2026-10-07: official company, production, public document and exact-name certification searches checked; no new direct current evidence for this standard. Missing public evidence is not noncertification. Staging banners, group facts, ISO9001, material/customer applications and crawl dates are not substitutes."
P54,Privatbrauerei Waldhaus Joh. Schmid GmbH,ISO 14001,NOT_FOUND_AFTER_CHECK,Privatbrauerei Waldhaus Joh. Schmid GmbH,,,,,,https://www.waldhaus-bier.de/impressum/,2026-10-07,RESEARCHED,"No public direct certificate or official register evidence was located in the defined official-website and exact-legal-name check; absence of public evidence is not proof that certification does not exist. Follow-up2026-10-07: official company, production, public document and exact-name certification searches checked; no new direct current evidence for this standard. Missing public evidence is not noncertification. Staging banners, group facts, ISO9001, material/customer applications and crawl dates are not substitutes."
P54,Privatbrauerei Waldhaus Joh. Schmid GmbH,EMAS,NOT_FOUND_AFTER_CHECK,Privatbrauerei Waldhaus Joh. Schmid GmbH,,,,,,https://www.waldhaus-bier.de/impressum/,2026-10-07,RESEARCHED,"No public direct certificate or official register evidence was located in the defined official-website and exact-legal-name check; absence of public evidence is not proof that certification does not exist. Follow-up2026-10-07: official company, production, public document and exact-name certification searches checked; no new direct current evidence for this standard. Missing public evidence is not noncertification. Staging banners, group facts, ISO9001, material/customer applications and crawl dates are not substitutes."
P55,Merschbrock Kunststoff Spritzguss GmbH,ISO 50001,NOT_FOUND_AFTER_CHECK,Merschbrock Kunststoff Spritzguss GmbH,,,,,,https://www.merschbrock.de/kontakt/,2026-10-07,RESEARCHED,"No public direct certificate or official register evidence was located in the defined official-website and exact-legal-name check; absence of public evidence is not proof that certification does not exist. Follow-up2026-10-07: official company, production, public document and exact-name certification searches checked; no new direct current evidence for this standard. Missing public evidence is not noncertification. Staging banners, group facts, ISO9001, material/customer applications and crawl dates are not substitutes."
P55,Merschbrock Kunststoff Spritzguss GmbH,ISO 14001,VALID,Merschbrock Kunststoff Spritzguss GmbH,12-023,,2026-10-15,frink BUSINESS GMBH,https://www.merschbrock.de/wp-linked-content/downloads/Merschbrock-Zertifikat_ISO_14001.pdf,https://www.merschbrock.de/kontakt/,2026-10-07,RESEARCHED,"Current exact-site public evidence inspected and rendered. Exact-holder frink BUSINESS GMBH certificate12-023, ISO14001:2015, issued16/10/2023 and valid until15/10/2026. Current on07/10/2026, near expiry; start of validity not stated and not invented. Rendered page inspected. Factual source correction; independent human scoring review remains pending."
P55,Merschbrock Kunststoff Spritzguss GmbH,EMAS,NOT_FOUND_AFTER_CHECK,Merschbrock Kunststoff Spritzguss GmbH,,,,,,https://www.merschbrock.de/kontakt/,2026-10-07,RESEARCHED,"No public direct certificate or official register evidence was located in the defined official-website and exact-legal-name check; absence of public evidence is not proof that certification does not exist. Follow-up2026-10-07: official company, production, public document and exact-name certification searches checked; no new direct current evidence for this standard. Missing public evidence is not noncertification. Staging banners, group facts, ISO9001, material/customer applications and crawl dates are not substitutes."
P56,Spritzguß Müller GmbH,ISO 50001,NOT_FOUND_AFTER_CHECK,Spritzguß Müller GmbH,,,,,,https://www.spritzguss-mueller.de/en/impressum/,2026-10-07,RESEARCHED,"No public direct certificate or official register evidence was located in the defined official-website and exact-legal-name check; absence of public evidence is not proof that certification does not exist. Follow-up2026-10-07: own company/process/document indexes and exact-name public certificate/energy searches checked. No new direct current evidence for this standard. ISO9001, another similarly named firm, generic directory or historical fuel proof cannot substitute; no noncertification inferred."
P56,Spritzguß Müller GmbH,ISO 14001,NOT_FOUND_AFTER_CHECK,Spritzguß Müller GmbH,,,,,,https://www.spritzguss-mueller.de/en/impressum/,2026-10-07,RESEARCHED,"No public direct certificate or official register evidence was located in the defined official-website and exact-legal-name check; absence of public evidence is not proof that certification does not exist. Follow-up2026-10-07: own company/process/document indexes and exact-name public certificate/energy searches checked. No new direct current evidence for this standard. ISO9001, another similarly named firm, generic directory or historical fuel proof cannot substitute; no noncertification inferred."
P56,Spritzguß Müller GmbH,EMAS,NOT_FOUND_AFTER_CHECK,Spritzguß Müller GmbH,,,,,,https://www.spritzguss-mueller.de/en/impressum/,2026-10-07,RESEARCHED,"No public direct certificate or official register evidence was located in the defined official-website and exact-legal-name check; absence of public evidence is not proof that certification does not exist. Follow-up2026-10-07: own company/process/document indexes and exact-name public certificate/energy searches checked. No new direct current evidence for this standard. ISO9001, another similarly named firm, generic directory or historical fuel proof cannot substitute; no noncertification inferred."
P57,Stocker Kunststoff GmbH,ISO 50001,NOT_FOUND_AFTER_CHECK,Stocker Kunststoff GmbH,,,,,,https://www.stocker-kunststoff.de/impressum/,2026-10-07,RESEARCHED,"No public direct certificate or official register evidence was located in the defined official-website and exact-legal-name check; absence of public evidence is not proof that certification does not exist. Follow-up2026-10-07: own company/process/document indexes and exact-name public certificate/energy searches checked. No new direct current evidence for this standard. ISO9001, another similarly named firm, generic directory or historical fuel proof cannot substitute; no noncertification inferred."
P57,Stocker Kunststoff GmbH,ISO 14001,NOT_FOUND_AFTER_CHECK,Stocker Kunststoff GmbH,,,,,,https://www.stocker-kunststoff.de/impressum/,2026-10-07,RESEARCHED,"No public direct certificate or official register evidence was located in the defined official-website and exact-legal-name check; absence of public evidence is not proof that certification does not exist. Follow-up2026-10-07: own company/process/document indexes and exact-name public certificate/energy searches checked. No new direct current evidence for this standard. ISO9001, another similarly named firm, generic directory or historical fuel proof cannot substitute; no noncertification inferred."
P57,Stocker Kunststoff GmbH,EMAS,NOT_FOUND_AFTER_CHECK,Stocker Kunststoff GmbH,,,,,,https://www.stocker-kunststoff.de/impressum/,2026-10-07,RESEARCHED,"No public direct certificate or official register evidence was located in the defined official-website and exact-legal-name check; absence of public evidence is not proof that certification does not exist. Follow-up2026-10-07: own company/process/document indexes and exact-name public certificate/energy searches checked. No new direct current evidence for this standard. ISO9001, another similarly named firm, generic directory or historical fuel proof cannot substitute; no noncertification inferred."
P58,Dorn Spritzguss GmbH,ISO 50001,NOT_FOUND_AFTER_CHECK,Dorn Spritzguss GmbH,,,,,,https://www.dorn-spritzguss.de/impressum/,2026-10-07,RESEARCHED,"No public direct certificate or official register evidence was located in the defined official-website and exact-legal-name check; absence of public evidence is not proof that certification does not exist. Follow-up2026-10-07: own company/process/document indexes and exact-name public certificate/energy searches checked. No new direct current evidence for this standard. ISO9001, another similarly named firm, generic directory or historical fuel proof cannot substitute; no noncertification inferred."
P58,Dorn Spritzguss GmbH,ISO 14001,VALID,Dorn Spritzguss GmbH,171116123/3,2025-11-28,2028-11-27,DEKRA Certification GmbH,https://www.dorn-spritzguss.de/assets/pdf/2026/Zertifikat_ISO_14001_2015.PDF,https://www.dorn-spritzguss.de/download/,2026-10-07,RESEARCHED,"Exact-holder body rendered/visually inspected including Si-Tech assembly annex where applicable; factual public-source correction only, independent human scoring review pending."
P58,Dorn Spritzguss GmbH,EMAS,NOT_FOUND_AFTER_CHECK,Dorn Spritzguss GmbH,,,,,,https://www.dorn-spritzguss.de/impressum/,2026-10-07,RESEARCHED,"No public direct certificate or official register evidence was located in the defined official-website and exact-legal-name check; absence of public evidence is not proof that certification does not exist. Follow-up2026-10-07: own company/process/document indexes and exact-name public certificate/energy searches checked. No new direct current evidence for this standard. ISO9001, another similarly named firm, generic directory or historical fuel proof cannot substitute; no noncertification inferred."
P59,AK Kunststoffspritzguss GmbH & Co. KG,ISO 50001,NOT_FOUND_AFTER_CHECK,AK Kunststoffspritzguss GmbH & Co. KG,,,,,,https://ak-kunststoffspritzguss.com/impressum/,2026-10-07,RESEARCHED,"No public direct certificate or official register evidence was located in the defined official-website and exact-legal-name check; absence of public evidence is not proof that certification does not exist. Follow-up2026-10-07: own company/process/document indexes and exact-name public certificate/energy searches checked. No new direct current evidence for this standard. ISO9001, another similarly named firm, generic directory or historical fuel proof cannot substitute; no noncertification inferred."
P59,AK Kunststoffspritzguss GmbH & Co. KG,ISO 14001,NOT_FOUND_AFTER_CHECK,AK Kunststoffspritzguss GmbH & Co. KG,,,,,,https://ak-kunststoffspritzguss.com/impressum/,2026-10-07,RESEARCHED,"No public direct certificate or official register evidence was located in the defined official-website and exact-legal-name check; absence of public evidence is not proof that certification does not exist. Follow-up2026-10-07: own company/process/document indexes and exact-name public certificate/energy searches checked. No new direct current evidence for this standard. ISO9001, another similarly named firm, generic directory or historical fuel proof cannot substitute; no noncertification inferred."
P59,AK Kunststoffspritzguss GmbH & Co. KG,EMAS,NOT_FOUND_AFTER_CHECK,AK Kunststoffspritzguss GmbH & Co. KG,,,,,,https://ak-kunststoffspritzguss.com/impressum/,2026-10-07,RESEARCHED,"No public direct certificate or official register evidence was located in the defined official-website and exact-legal-name check; absence of public evidence is not proof that certification does not exist. Follow-up2026-10-07: own company/process/document indexes and exact-name public certificate/energy searches checked. No new direct current evidence for this standard. ISO9001, another similarly named firm, generic directory or historical fuel proof cannot substitute; no noncertification inferred."
P60,HARTCHROM Beck GmbH,ISO 50001,NOT_FOUND_AFTER_CHECK,HARTCHROM Beck GmbH,,,,,,https://www.hartchrom-beck.de/,2026-09-14,RESEARCHED,No public direct certificate or official register evidence was located in the defined official-website and exact-legal-name check; absence of public evidence is not proof that certification does not exist.
P60,HARTCHROM Beck GmbH,ISO 14001,NOT_FOUND_AFTER_CHECK,HARTCHROM Beck GmbH,,,,,,https://www.hartchrom-beck.de/,2026-09-14,RESEARCHED,No public direct certificate or official register evidence was located in the defined official-website and exact-legal-name check; absence of public evidence is not proof that certification does not exist.
P60,HARTCHROM Beck GmbH,EMAS,NOT_FOUND_AFTER_CHECK,HARTCHROM Beck GmbH,,,,,,https://www.hartchrom-beck.de/,2026-09-14,RESEARCHED,No public direct certificate or official register evidence was located in the defined official-website and exact-legal-name check; absence of public evidence is not proof that certification does not exist.
P61,Galvanik-Horstmann GmbH,ISO 50001,NOT_FOUND_AFTER_CHECK,Galvanik-Horstmann GmbH,,,,,,https://www.galvanik-horstmann.de/impressum/,2026-10-07,RESEARCHED,"No public direct certificate or official register evidence was located in the defined official-website and exact-legal-name check; absence of public evidence is not proof that certification does not exist. Follow-up2026-10-07: own company/process/document indexes and exact-name public certificate/energy searches checked. No new direct current evidence for this standard. ISO9001, another similarly named firm, generic directory or historical fuel proof cannot substitute; no noncertification inferred."
P61,Galvanik-Horstmann GmbH,ISO 14001,NOT_FOUND_AFTER_CHECK,Galvanik-Horstmann GmbH,,,,,,https://www.galvanik-horstmann.de/impressum/,2026-10-07,RESEARCHED,"No public direct certificate or official register evidence was located in the defined official-website and exact-legal-name check; absence of public evidence is not proof that certification does not exist. Follow-up2026-10-07: own company/process/document indexes and exact-name public certificate/energy searches checked. No new direct current evidence for this standard. ISO9001, another similarly named firm, generic directory or historical fuel proof cannot substitute; no noncertification inferred."
P61,Galvanik-Horstmann GmbH,EMAS,NOT_FOUND_AFTER_CHECK,Galvanik-Horstmann GmbH,,,,,,https://www.galvanik-horstmann.de/impressum/,2026-10-07,RESEARCHED,"No public direct certificate or official register evidence was located in the defined official-website and exact-legal-name check; absence of public evidence is not proof that certification does not exist. Follow-up2026-10-07: own company/process/document indexes and exact-name public certificate/energy searches checked. No new direct current evidence for this standard. ISO9001, another similarly named firm, generic directory or historical fuel proof cannot substitute; no noncertification inferred."
P62,Galvanotechnik Kessel GmbH & Co. KG,ISO 50001,VALID,Galvanotechnik Kessel GmbH & Co. KG,EM 22638-Z04013,2024-11-28,2027-11-27,DMSZ Deutsche Managementsystem Zertifizierungsgesellschaft mbH,https://www.galvanotechnik-kessel.de/wp-content/uploads/2024/12/Zertifikat_EM_50001_22638-Z04013_deutsch_bis2027-1-1.jpg,https://www.galvanotechnik-kessel.de/qualitaet/energiemanagement/,2026-10-07,AI_FIRST_PASS_RECHECK,"Image certificate visually checked, Raiffeisenstrasse 2 Vechelde; all energy quantities in certified system."
P62,Galvanotechnik Kessel GmbH & Co. KG,ISO 14001,VALID,Galvanotechnik Kessel GmbH & Co. KG,UM 22638-Z04012,2024-11-28,2027-11-27,DMSZ Deutsche Managementsystem Zertifizierungsgesellschaft mbH,https://www.galvanotechnik-kessel.de/wp-content/uploads/2024/12/Zertifikat_UM_14001_22638-Z04012_deutsch_bis2027-1.jpg,https://www.galvanotechnik-kessel.de/qualitaet/umweltmanagement/,2026-10-07,AI_FIRST_PASS_RECHECK,Image certificate visually checked; exact Kessel holder and surface treatment scope.
P62,Galvanotechnik Kessel GmbH & Co. KG,EMAS,NOT_FOUND_AFTER_CHECK,Galvanotechnik Kessel GmbH & Co. KG,,,,,,https://www.galvanotechnik-kessel.de/impressum/,2026-09-14,RESEARCHED,No public direct certificate or official register evidence was located in the defined official-website and exact-legal-name check; absence of public evidence is not proof that certification does not exist.
P63,OTK Oberflächentechnik Kaltenkirchen GmbH,ISO 50001,NOT_FOUND_AFTER_CHECK,OTK Oberflächentechnik Kaltenkirchen GmbH,,,,,,https://otk-galvanik.de/,2026-10-07,RESEARCHED,"No public direct certificate or official register evidence was located in the defined official-website and exact-legal-name check; absence of public evidence is not proof that certification does not exist. Follow-up2026-10-07: own company/process/document indexes and exact-name public certificate/energy searches checked. No new direct current evidence for this standard. ISO9001, another similarly named firm, generic directory or historical fuel proof cannot substitute; no noncertification inferred."
P63,OTK Oberflächentechnik Kaltenkirchen GmbH,ISO 14001,NOT_FOUND_AFTER_CHECK,OTK Oberflächentechnik Kaltenkirchen GmbH,,,,,,https://otk-galvanik.de/,2026-10-07,RESEARCHED,"No public direct certificate or official register evidence was located in the defined official-website and exact-legal-name check; absence of public evidence is not proof that certification does not exist. Follow-up2026-10-07: own company/process/document indexes and exact-name public certificate/energy searches checked. No new direct current evidence for this standard. ISO9001, another similarly named firm, generic directory or historical fuel proof cannot substitute; no noncertification inferred."
P63,OTK Oberflächentechnik Kaltenkirchen GmbH,EMAS,NOT_FOUND_AFTER_CHECK,OTK Oberflächentechnik Kaltenkirchen GmbH,,,,,,https://otk-galvanik.de/,2026-10-07,RESEARCHED,"No public direct certificate or official register evidence was located in the defined official-website and exact-legal-name check; absence of public evidence is not proof that certification does not exist. Follow-up2026-10-07: own company/process/document indexes and exact-name public certificate/energy searches checked. No new direct current evidence for this standard. ISO9001, another similarly named firm, generic directory or historical fuel proof cannot substitute; no noncertification inferred."
P64,Wieland Metalloberflächentechnik GmbH,ISO 50001,NOT_FOUND_AFTER_CHECK,Wieland Metalloberflächentechnik GmbH,,,,,,https://www.wieland-oberflaeche.de/impressum,2026-10-07,RESEARCHED,"No public direct certificate or official register evidence was located in the defined official-website and exact-legal-name check; absence of public evidence is not proof that certification does not exist. Follow-up2026-10-07: own company/process/document indexes and exact-name public certificate/energy searches checked. No new direct current evidence for this standard. ISO9001, another similarly named firm, generic directory or historical fuel proof cannot substitute; no noncertification inferred."
P64,Wieland Metalloberflächentechnik GmbH,ISO 14001,NOT_FOUND_AFTER_CHECK,Wieland Metalloberflächentechnik GmbH,,,,,,https://www.wieland-oberflaeche.de/impressum,2026-10-07,RESEARCHED,"No public direct certificate or official register evidence was located in the defined official-website and exact-legal-name check; absence of public evidence is not proof that certification does not exist. Follow-up2026-10-07: own company/process/document indexes and exact-name public certificate/energy searches checked. No new direct current evidence for this standard. ISO9001, another similarly named firm, generic directory or historical fuel proof cannot substitute; no noncertification inferred."
P64,Wieland Metalloberflächentechnik GmbH,EMAS,NOT_FOUND_AFTER_CHECK,Wieland Metalloberflächentechnik GmbH,,,,,,https://www.wieland-oberflaeche.de/impressum,2026-10-07,RESEARCHED,"No public direct certificate or official register evidence was located in the defined official-website and exact-legal-name check; absence of public evidence is not proof that certification does not exist. Follow-up2026-10-07: own company/process/document indexes and exact-name public certificate/energy searches checked. No new direct current evidence for this standard. ISO9001, another similarly named firm, generic directory or historical fuel proof cannot substitute; no noncertification inferred."
P65,Porzellanmanufaktur FÜRSTENBERG GmbH,ISO 50001,NOT_FOUND_AFTER_CHECK,Porzellanmanufaktur FÜRSTENBERG GmbH,,,,,,https://www.fuerstenberg-porzellan.com/,2026-09-14,RESEARCHED,No public direct certificate or official register evidence was located in the defined official-website and exact-legal-name check; absence of public evidence is not proof that certification does not exist.
P65,Porzellanmanufaktur FÜRSTENBERG GmbH,ISO 14001,NOT_FOUND_AFTER_CHECK,Porzellanmanufaktur FÜRSTENBERG GmbH,,,,,,https://www.fuerstenberg-porzellan.com/,2026-09-14,RESEARCHED,No public direct certificate or official register evidence was located in the defined official-website and exact-legal-name check; absence of public evidence is not proof that certification does not exist.
P65,Porzellanmanufaktur FÜRSTENBERG GmbH,EMAS,NOT_FOUND_AFTER_CHECK,Porzellanmanufaktur FÜRSTENBERG GmbH,,,,,,https://www.fuerstenberg-porzellan.com/,2026-09-14,RESEARCHED,No public direct certificate or official register evidence was located in the defined official-website and exact-legal-name check; absence of public evidence is not proof that certification does not exist.
P66,KPM Königliche Porzellan-Manufaktur Berlin GmbH,ISO 50001,NOT_FOUND_AFTER_CHECK,KPM Königliche Porzellan-Manufaktur Berlin GmbH,,,,,,https://www.kpm-berlin.com/,2026-10-07,RESEARCHED,"No public direct certificate or official register evidence was located in the defined official-website and exact-legal-name check; absence of public evidence is not proof that certification does not exist. Follow-up2026-10-07: own company/process/document indexes and exact-name public certificate/energy searches checked. No new direct current evidence for this standard. ISO9001, another similarly named firm, generic directory or historical fuel proof cannot substitute; no noncertification inferred."
P66,KPM Königliche Porzellan-Manufaktur Berlin GmbH,ISO 14001,NOT_FOUND_AFTER_CHECK,KPM Königliche Porzellan-Manufaktur Berlin GmbH,,,,,,https://www.kpm-berlin.com/,2026-10-07,RESEARCHED,"No public direct certificate or official register evidence was located in the defined official-website and exact-legal-name check; absence of public evidence is not proof that certification does not exist. Follow-up2026-10-07: own company/process/document indexes and exact-name public certificate/energy searches checked. No new direct current evidence for this standard. ISO9001, another similarly named firm, generic directory or historical fuel proof cannot substitute; no noncertification inferred."
P66,KPM Königliche Porzellan-Manufaktur Berlin GmbH,EMAS,NOT_FOUND_AFTER_CHECK,KPM Königliche Porzellan-Manufaktur Berlin GmbH,,,,,,https://www.kpm-berlin.com/,2026-10-07,RESEARCHED,"No public direct certificate or official register evidence was located in the defined official-website and exact-legal-name check; absence of public evidence is not proof that certification does not exist. Follow-up2026-10-07: own company/process/document indexes and exact-name public certificate/energy searches checked. No new direct current evidence for this standard. ISO9001, another similarly named firm, generic directory or historical fuel proof cannot substitute; no noncertification inferred."
P67,DOCERAM GmbH,ISO 50001,NOT_FOUND_AFTER_CHECK,DOCERAM GmbH,,,,,,https://www.moeschter-group.com/de/doceram/uebersicht/,2026-09-14,RESEARCHED,No public direct certificate or official register evidence was located in the defined official-website and exact-legal-name check; absence of public evidence is not proof that certification does not exist.
P67,DOCERAM GmbH,ISO 14001,VALID,DOCERAM GmbH,10694787,2025-05-19,2028-05-18,LRQA Deutschland GmbH,https://www.moeschter-group.com/fileadmin/content/mediathek/zertifikate/Zertifikate_9001_DE/ISO-9001_ISO-14001_Site-DC_DE_bis-20280518.PDF,https://www.moeschter-group.com/de/doceram/downloads/,2026-10-07,AI_FIRST_PASS_RECHECK,Exact DOCERAM holder Hesslingsweg 65-67 Dortmund; approval 00048473-001. Other group holders not inherited.
P67,DOCERAM GmbH,EMAS,NOT_FOUND_AFTER_CHECK,DOCERAM GmbH,,,,,,https://www.moeschter-group.com/de/doceram/uebersicht/,2026-09-14,RESEARCHED,No public direct certificate or official register evidence was located in the defined official-website and exact-legal-name check; absence of public evidence is not proof that certification does not exist.
P68,TechnoKer GmbH,ISO 50001,NOT_FOUND_AFTER_CHECK,TechnoKer GmbH,,,,,,https://technoker.de/impressum,2026-10-07,RESEARCHED,"No public direct certificate or official register evidence was located in the defined official-website and exact-legal-name check; absence of public evidence is not proof that certification does not exist. Follow-up2026-10-07: own company/process/document indexes and exact-name public certificate/energy searches checked. No new direct current evidence for this standard. ISO9001, another similarly named firm, generic directory or historical fuel proof cannot substitute; no noncertification inferred."
P68,TechnoKer GmbH,ISO 14001,NOT_FOUND_AFTER_CHECK,TechnoKer GmbH,,,,,,https://technoker.de/impressum,2026-10-07,RESEARCHED,"No public direct certificate or official register evidence was located in the defined official-website and exact-legal-name check; absence of public evidence is not proof that certification does not exist. Follow-up2026-10-07: own company/process/document indexes and exact-name public certificate/energy searches checked. No new direct current evidence for this standard. ISO9001, another similarly named firm, generic directory or historical fuel proof cannot substitute; no noncertification inferred."
P68,TechnoKer GmbH,EMAS,NOT_FOUND_AFTER_CHECK,TechnoKer GmbH,,,,,,https://technoker.de/impressum,2026-10-07,RESEARCHED,"No public direct certificate or official register evidence was located in the defined official-website and exact-legal-name check; absence of public evidence is not proof that certification does not exist. Follow-up2026-10-07: own company/process/document indexes and exact-name public certificate/energy searches checked. No new direct current evidence for this standard. ISO9001, another similarly named firm, generic directory or historical fuel proof cannot substitute; no noncertification inferred."
P70,ceram GmbH,ISO 50001,NOT_FOUND_AFTER_CHECK,ceram GmbH,,,,,,https://www.ceram-gmbh.de/,2026-10-07,RESEARCHED,"No public direct certificate or official register evidence was located in the defined official-website and exact-legal-name check; absence of public evidence is not proof that certification does not exist. Follow-up2026-10-07: own company/process/document indexes and exact-name public certificate/energy searches checked. No new direct current evidence for this standard. ISO9001, another similarly named firm, generic directory or historical fuel proof cannot substitute; no noncertification inferred."
P70,ceram GmbH,ISO 14001,CLAIM_ONLY,ceram GmbH,,,,,,https://www.ceram-gmbh.de/ueber-uns/,2026-10-07,RESEARCHED,"Current own certification claim, no direct current body/validity verified. Historical PDF candidate returned404; exact-name primary checks did not recover successor. Cached date/filename not used to assert VERIFIED_EXPIRED or VALID. Missing document does not imply certification ceased."
P70,ceram GmbH,EMAS,NOT_FOUND_AFTER_CHECK,ceram GmbH,,,,,,https://www.ceram-gmbh.de/,2026-10-07,RESEARCHED,"No public direct certificate or official register evidence was located in the defined official-website and exact-legal-name check; absence of public evidence is not proof that certification does not exist. Follow-up2026-10-07: own company/process/document indexes and exact-name public certificate/energy searches checked. No new direct current evidence for this standard. ISO9001, another similarly named firm, generic directory or historical fuel proof cannot substitute; no noncertification inferred."
P71,Flötzinger Brauerei Franz Steegmüller GmbH & Co. KG,ISO 50001,NOT_FOUND_AFTER_CHECK,Flötzinger Brauerei Franz Steegmüller GmbH & Co. KG,,,,,,https://www.floetzinger.de/,2026-09-14,RESEARCHED,No public direct certificate or official register evidence was located in the defined official-website and exact-legal-name check; absence of public evidence is not proof that certification does not exist.
P71,Flötzinger Brauerei Franz Steegmüller GmbH & Co. KG,ISO 14001,NOT_FOUND_AFTER_CHECK,Flötzinger Brauerei Franz Steegmüller GmbH & Co. KG,,,,,,https://www.floetzinger.de/,2026-09-14,RESEARCHED,No public direct certificate or official register evidence was located in the defined official-website and exact-legal-name check; absence of public evidence is not proof that certification does not exist.
P71,Flötzinger Brauerei Franz Steegmüller GmbH & Co. KG,EMAS,NOT_FOUND_AFTER_CHECK,Flötzinger Brauerei Franz Steegmüller GmbH & Co. KG,,,,,,https://www.floetzinger.de/,2026-09-14,RESEARCHED,No public direct certificate or official register evidence was located in the defined official-website and exact-legal-name check; absence of public evidence is not proof that certification does not exist.
P72,Hofbräuhaus Traunstein Josef Sailer GmbH & Co. KG,ISO 50001,NOT_FOUND_AFTER_CHECK,Hofbräuhaus Traunstein Josef Sailer GmbH & Co. KG,,,,,,https://www.hb-ts.de/,2026-09-14,RESEARCHED,No public direct certificate or official register evidence was located in the defined official-website and exact-legal-name check; absence of public evidence is not proof that certification does not exist.
P72,Hofbräuhaus Traunstein Josef Sailer GmbH & Co. KG,ISO 14001,NOT_FOUND_AFTER_CHECK,Hofbräuhaus Traunstein Josef Sailer GmbH & Co. KG,,,,,,https://www.hb-ts.de/,2026-09-14,RESEARCHED,No public direct certificate or official register evidence was located in the defined official-website and exact-legal-name check; absence of public evidence is not proof that certification does not exist.
P72,Hofbräuhaus Traunstein Josef Sailer GmbH & Co. KG,EMAS,NOT_FOUND_AFTER_CHECK,Hofbräuhaus Traunstein Josef Sailer GmbH & Co. KG,,,,,,https://www.hb-ts.de/,2026-09-14,RESEARCHED,No public direct certificate or official register evidence was located in the defined official-website and exact-legal-name check; absence of public evidence is not proof that certification does not exist.
P73,Brauerei-Gasthof Kundmüller GmbH,ISO 50001,NOT_FOUND_AFTER_CHECK,Brauerei-Gasthof Kundmüller GmbH,,,,,,https://www.brauerei-kundmueller.de/,2026-09-14,RESEARCHED,No public direct certificate or official register evidence was located in the defined official-website and exact-legal-name check; absence of public evidence is not proof that certification does not exist.
P73,Brauerei-Gasthof Kundmüller GmbH,ISO 14001,NOT_FOUND_AFTER_CHECK,Brauerei-Gasthof Kundmüller GmbH,,,,,,https://www.brauerei-kundmueller.de/,2026-09-14,RESEARCHED,No public direct certificate or official register evidence was located in the defined official-website and exact-legal-name check; absence of public evidence is not proof that certification does not exist.
P73,Brauerei-Gasthof Kundmüller GmbH,EMAS,NOT_FOUND_AFTER_CHECK,Brauerei-Gasthof Kundmüller GmbH,,,,,,https://www.brauerei-kundmueller.de/,2026-09-14,RESEARCHED,No public direct certificate or official register evidence was located in the defined official-website and exact-legal-name check; absence of public evidence is not proof that certification does not exist.
P74,Brauerei Gebr. Maisel GmbH & Co. KG,ISO 50001,NOT_FOUND_AFTER_CHECK,Brauerei Gebr. Maisel GmbH & Co. KG,,,,,,https://www.maisel.com/,2026-09-14,RESEARCHED,No public direct certificate or official register evidence was located in the defined official-website and exact-legal-name check; absence of public evidence is not proof that certification does not exist.
P74,Brauerei Gebr. Maisel GmbH & Co. KG,ISO 14001,NOT_FOUND_AFTER_CHECK,Brauerei Gebr. Maisel GmbH & Co. KG,,,,,,https://www.maisel.com/,2026-09-14,RESEARCHED,No public direct certificate or official register evidence was located in the defined official-website and exact-legal-name check; absence of public evidence is not proof that certification does not exist.
P74,Brauerei Gebr. Maisel GmbH & Co. KG,EMAS,NOT_FOUND_AFTER_CHECK,Brauerei Gebr. Maisel GmbH & Co. KG,,,,,,https://www.maisel.com/,2026-09-14,RESEARCHED,No public direct certificate or official register evidence was located in the defined official-website and exact-legal-name check; absence of public evidence is not proof that certification does not exist.
P75,Privatbrauerei J.B. Falter Regen KG,ISO 50001,NOT_FOUND_AFTER_CHECK,Privatbrauerei J.B. Falter Regen KG,,,,,,https://www.jb-falter.de/,2026-10-07,RESEARCHED,"No public direct certificate or official register evidence was located in the defined official-website and exact-legal-name check; absence of public evidence is not proof that certification does not exist. Follow-up2026-10-07: own company/process/document indexes and exact-name public certificate/energy searches checked. No new direct current evidence for this standard. ISO9001, another similarly named firm, generic directory or historical fuel proof cannot substitute; no noncertification inferred."
P75,Privatbrauerei J.B. Falter Regen KG,ISO 14001,NOT_FOUND_AFTER_CHECK,Privatbrauerei J.B. Falter Regen KG,,,,,,https://www.jb-falter.de/,2026-10-07,RESEARCHED,"No public direct certificate or official register evidence was located in the defined official-website and exact-legal-name check; absence of public evidence is not proof that certification does not exist. Follow-up2026-10-07: own company/process/document indexes and exact-name public certificate/energy searches checked. No new direct current evidence for this standard. ISO9001, another similarly named firm, generic directory or historical fuel proof cannot substitute; no noncertification inferred."
P75,Privatbrauerei J.B. Falter Regen KG,EMAS,NOT_FOUND_AFTER_CHECK,Privatbrauerei J.B. Falter Regen KG,,,,,,https://www.jb-falter.de/,2026-10-07,RESEARCHED,"No public direct certificate or official register evidence was located in the defined official-website and exact-legal-name check; absence of public evidence is not proof that certification does not exist. Follow-up2026-10-07: own company/process/document indexes and exact-name public certificate/energy searches checked. No new direct current evidence for this standard. ISO9001, another similarly named firm, generic directory or historical fuel proof cannot substitute; no noncertification inferred."
P76,Si-Tech Singer GmbH,ISO 50001,NOT_FOUND_AFTER_CHECK,Si-Tech Singer GmbH,,,,,,https://si-tech-gmbh.com/,2026-10-07,RESEARCHED,"No public direct certificate or official register evidence was located in the defined official-website and exact-legal-name check; absence of public evidence is not proof that certification does not exist. Follow-up2026-10-07: own company/process/document indexes and exact-name public certificate/energy searches checked. No new direct current evidence for this standard. ISO9001, another similarly named firm, generic directory or historical fuel proof cannot substitute; no noncertification inferred."
P76,Si-Tech Singer GmbH,ISO 14001,VALID,Si-Tech Singer GmbH,001048.U,2025-11-29,2028-11-28,SKZ - Cert GmbH,https://si-tech-gmbh.com/assets/dl/nachhaltigkeit/certificate-din-iso-14001-2015-en.pdf,https://si-tech-gmbh.com/unternehmen/nachhaltigkeit,2026-10-07,RESEARCHED,"Exact-holder body rendered/visually inspected including Si-Tech assembly annex where applicable; factual public-source correction only, independent human scoring review pending."
P76,Si-Tech Singer GmbH,EMAS,NOT_FOUND_AFTER_CHECK,Si-Tech Singer GmbH,,,,,,https://si-tech-gmbh.com/,2026-10-07,RESEARCHED,"No public direct certificate or official register evidence was located in the defined official-website and exact-legal-name check; absence of public evidence is not proof that certification does not exist. Follow-up2026-10-07: own company/process/document indexes and exact-name public certificate/energy searches checked. No new direct current evidence for this standard. ISO9001, another similarly named firm, generic directory or historical fuel proof cannot substitute; no noncertification inferred."
P77,metak GmbH & Co. KG,ISO 50001,VALID,metak GmbH & Co. KG,001117.E,2026-09-23,2029-09-22,SKZ - Cert GmbH,https://www.metak.de/fileadmin/Kundenbereich/Zertifikate/Metak_Zertifikat_50001_deutsch_2026.pdf,https://www.metak.de/unternehmen/qualitaetsmanagement,2026-10-07,RESEARCHED,"Relevant exact-holder body/date/scope rendered/visually inspected; factual correction only, independent human scoring review pending."
P77,metak GmbH & Co. KG,ISO 14001,VALID,metak GmbH & Co. KG,001117.U,2026-09-23,2029-09-22,SKZ - Cert GmbH,https://www.metak.de/fileadmin/Kundenbereich/Zertifikate/Metak_Zertifikat_14001_deutsch_2026.pdf,https://www.metak.de/unternehmen/qualitaetsmanagement,2026-10-07,RESEARCHED,"Relevant exact-holder body/date/scope rendered/visually inspected; factual correction only, independent human scoring review pending."
P77,metak GmbH & Co. KG,EMAS,NOT_FOUND_AFTER_CHECK,metak GmbH & Co. KG,,,,,,https://www.metak.de/,2026-10-07,RESEARCHED,"No public direct certificate or official register evidence was located in the defined official-website and exact-legal-name check; absence of public evidence is not proof that certification does not exist. Follow-up2026-10-07: own entity/process/energy/document pages and exact-name public primary certificate/energy searches checked. No new direct current evidence for this standard. ISO9001 foreign holders, procurement certificates, funding/capacity or supplier/customer assets not substitutes. No absence/noncertification inferred."
P78,Erlemann & Huckenbeck GmbH & Co. KG,ISO 50001,NOT_FOUND_AFTER_CHECK,Erlemann & Huckenbeck GmbH & Co. KG,,,,,,https://www.erlemann-huckenbeck.de/,2026-09-14,RESEARCHED,No public direct certificate or official register evidence was located in the defined official-website and exact-legal-name check; absence of public evidence is not proof that certification does not exist.
P78,Erlemann & Huckenbeck GmbH & Co. KG,ISO 14001,NOT_FOUND_AFTER_CHECK,Erlemann & Huckenbeck GmbH & Co. KG,,,,,,https://www.erlemann-huckenbeck.de/,2026-09-14,RESEARCHED,No public direct certificate or official register evidence was located in the defined official-website and exact-legal-name check; absence of public evidence is not proof that certification does not exist.
P78,Erlemann & Huckenbeck GmbH & Co. KG,EMAS,NOT_FOUND_AFTER_CHECK,Erlemann & Huckenbeck GmbH & Co. KG,,,,,,https://www.erlemann-huckenbeck.de/,2026-09-14,RESEARCHED,No public direct certificate or official register evidence was located in the defined official-website and exact-legal-name check; absence of public evidence is not proof that certification does not exist.
P79,Langer GmbH & Co. KG,ISO 50001,VALID,Langer GmbH & Co. KG,181115129/2,2024-11-19,2027-11-18,DEKRA Certification GmbH,https://www.langer-group.de/data/media/45/4509_0x0x0x0x0_50001.pdf,https://www.langer-group.de/Zertifizierungen,2026-10-07,RESEARCHED,"Relevant exact-holder body/date/scope rendered/visually inspected; factual correction only, independent human scoring review pending."
P79,Langer GmbH & Co. KG,ISO 14001,VALID,Langer GmbH & Co. KG,171115241/3,2024-11-19,2027-11-18,DEKRA Certification GmbH,https://www.langer-group.de/data/media/45/4511_0x0x0x0x0_14001.pdf,https://www.langer-group.de/Zertifizierungen,2026-10-07,RESEARCHED,"Relevant exact-holder body/date/scope rendered/visually inspected; factual correction only, independent human scoring review pending."
P79,Langer GmbH & Co. KG,EMAS,NOT_FOUND_AFTER_CHECK,Langer GmbH & Co. KG,,,,,,https://www.langer-group.de/,2026-10-07,RESEARCHED,"No public direct certificate or official register evidence was located in the defined official-website and exact-legal-name check; absence of public evidence is not proof that certification does not exist. Follow-up2026-10-07: own entity/process/energy/document pages and exact-name public primary certificate/energy searches checked. No new direct current evidence for this standard. ISO9001 foreign holders, procurement certificates, funding/capacity or supplier/customer assets not substitutes. No absence/noncertification inferred."
P80,MKT Metall- und Kunststofftechnik GmbH,ISO 50001,NOT_FOUND_AFTER_CHECK,MKT Metall- und Kunststofftechnik GmbH,,,,,,https://www.mkt-gmbh.org/,2026-10-07,RESEARCHED,"No public direct certificate or official register evidence was located in the defined official-website and exact-legal-name check; absence of public evidence is not proof that certification does not exist. Follow-up2026-10-07: own entity/process/energy/document pages and exact-name public primary certificate/energy searches checked. No new direct current evidence for this standard. ISO9001 foreign holders, procurement certificates, funding/capacity or supplier/customer assets not substitutes. No absence/noncertification inferred."
P80,MKT Metall- und Kunststofftechnik GmbH,ISO 14001,VALID,MKT Metall- und Kunststofftechnik GmbH,12 104 20882 TMS,2025-12-02,2028-12-01,TÜV SÜD Management Service GmbH,https://www.mkt-gmbh.org/pdf/ISO-14001-2015.pdf,https://www.mkt-gmbh.org/,2026-10-07,RESEARCHED,"Relevant exact-holder body/date/scope rendered/visually inspected; factual correction only, independent human scoring review pending."
P80,MKT Metall- und Kunststofftechnik GmbH,EMAS,NOT_FOUND_AFTER_CHECK,MKT Metall- und Kunststofftechnik GmbH,,,,,,https://www.mkt-gmbh.org/,2026-10-07,RESEARCHED,"No public direct certificate or official register evidence was located in the defined official-website and exact-legal-name check; absence of public evidence is not proof that certification does not exist. Follow-up2026-10-07: own entity/process/energy/document pages and exact-name public primary certificate/energy searches checked. No new direct current evidence for this standard. ISO9001 foreign holders, procurement certificates, funding/capacity or supplier/customer assets not substitutes. No absence/noncertification inferred."
P81,Eloxalwerk Ludwigsburg Helmut Zerrer GmbH,ISO 50001,NOT_FOUND_AFTER_CHECK,Eloxalwerk Ludwigsburg Helmut Zerrer GmbH,,,,,,https://ceranod.de/,2026-10-07,RESEARCHED,"No public direct certificate or official register evidence was located in the defined official-website and exact-legal-name check; absence of public evidence is not proof that certification does not exist. Follow-up2026-10-07: own entity/process/energy/document pages and exact-name public primary certificate/energy searches checked. No new direct current evidence for this standard. ISO9001 foreign holders, procurement certificates, funding/capacity or supplier/customer assets not substitutes. No absence/noncertification inferred."
P81,Eloxalwerk Ludwigsburg Helmut Zerrer GmbH,ISO 14001,NOT_FOUND_AFTER_CHECK,Eloxalwerk Ludwigsburg Helmut Zerrer GmbH,,,,,,https://ceranod.de/,2026-10-07,RESEARCHED,"No public direct certificate or official register evidence was located in the defined official-website and exact-legal-name check; absence of public evidence is not proof that certification does not exist. Follow-up2026-10-07: own entity/process/energy/document pages and exact-name public primary certificate/energy searches checked. No new direct current evidence for this standard. ISO9001 foreign holders, procurement certificates, funding/capacity or supplier/customer assets not substitutes. No absence/noncertification inferred."
P81,Eloxalwerk Ludwigsburg Helmut Zerrer GmbH,EMAS,NOT_FOUND_AFTER_CHECK,Eloxalwerk Ludwigsburg Helmut Zerrer GmbH,,,,,,https://ceranod.de/,2026-10-07,RESEARCHED,"No public direct certificate or official register evidence was located in the defined official-website and exact-legal-name check; absence of public evidence is not proof that certification does not exist. Follow-up2026-10-07: own entity/process/energy/document pages and exact-name public primary certificate/energy searches checked. No new direct current evidence for this standard. ISO9001 foreign holders, procurement certificates, funding/capacity or supplier/customer assets not substitutes. No absence/noncertification inferred."
P82,Galvanotec-Hagen GmbH & Co. KG,ISO 50001,NOT_FOUND_AFTER_CHECK,Galvanotec-Hagen GmbH & Co. KG,,,,,,https://www.galvanotec-hagen.de/,2026-09-14,RESEARCHED,No public direct certificate or official register evidence was located in the defined official-website and exact-legal-name check; absence of public evidence is not proof that certification does not exist.
P82,Galvanotec-Hagen GmbH & Co. KG,ISO 14001,NOT_FOUND_AFTER_CHECK,Galvanotec-Hagen GmbH & Co. KG,,,,,,https://www.galvanotec-hagen.de/,2026-09-14,RESEARCHED,No public direct certificate or official register evidence was located in the defined official-website and exact-legal-name check; absence of public evidence is not proof that certification does not exist.
P82,Galvanotec-Hagen GmbH & Co. KG,EMAS,NOT_FOUND_AFTER_CHECK,Galvanotec-Hagen GmbH & Co. KG,,,,,,https://www.galvanotec-hagen.de/,2026-09-14,RESEARCHED,No public direct certificate or official register evidence was located in the defined official-website and exact-legal-name check; absence of public evidence is not proof that certification does not exist.
P83,Gerbracht & Mönch Galvanotechnik GmbH,ISO 50001,NOT_FOUND_AFTER_CHECK,Gerbracht & Mönch Galvanotechnik GmbH,,,,,,https://www.galvanotec.de/,2026-10-07,RESEARCHED,"No public direct certificate or official register evidence was located in the defined official-website and exact-legal-name check; absence of public evidence is not proof that certification does not exist. Follow-up2026-10-07: own entity/process/energy/document pages and exact-name public primary certificate/energy searches checked. No new direct current evidence for this standard. ISO9001 foreign holders, procurement certificates, funding/capacity or supplier/customer assets not substitutes. No absence/noncertification inferred."
P83,Gerbracht & Mönch Galvanotechnik GmbH,ISO 14001,NOT_FOUND_AFTER_CHECK,Gerbracht & Mönch Galvanotechnik GmbH,,,,,,https://www.galvanotec.de/,2026-10-07,RESEARCHED,"No public direct certificate or official register evidence was located in the defined official-website and exact-legal-name check; absence of public evidence is not proof that certification does not exist. Follow-up2026-10-07: own entity/process/energy/document pages and exact-name public primary certificate/energy searches checked. No new direct current evidence for this standard. ISO9001 foreign holders, procurement certificates, funding/capacity or supplier/customer assets not substitutes. No absence/noncertification inferred."
P83,Gerbracht & Mönch Galvanotechnik GmbH,EMAS,NOT_FOUND_AFTER_CHECK,Gerbracht & Mönch Galvanotechnik GmbH,,,,,,https://www.galvanotec.de/,2026-10-07,RESEARCHED,"No public direct certificate or official register evidence was located in the defined official-website and exact-legal-name check; absence of public evidence is not proof that certification does not exist. Follow-up2026-10-07: own entity/process/energy/document pages and exact-name public primary certificate/energy searches checked. No new direct current evidence for this standard. ISO9001 foreign holders, procurement certificates, funding/capacity or supplier/customer assets not substitutes. No absence/noncertification inferred."
P84,Sauer Oberflächentechnik GmbH,ISO 50001,NOT_FOUND_AFTER_CHECK,Sauer Oberflächentechnik GmbH,,,,,,https://sa-oberflaechen.de/,2026-10-07,RESEARCHED,"No public direct certificate or official register evidence was located in the defined official-website and exact-legal-name check; absence of public evidence is not proof that certification does not exist. Follow-up2026-10-07: own entity/process/energy/document pages and exact-name public primary certificate/energy searches checked. No new direct current evidence for this standard. ISO9001 foreign holders, procurement certificates, funding/capacity or supplier/customer assets not substitutes. No absence/noncertification inferred."
P84,Sauer Oberflächentechnik GmbH,ISO 14001,NOT_FOUND_AFTER_CHECK,Sauer Oberflächentechnik GmbH,,,,,,https://sa-oberflaechen.de/,2026-10-07,RESEARCHED,"No public direct certificate or official register evidence was located in the defined official-website and exact-legal-name check; absence of public evidence is not proof that certification does not exist. Follow-up2026-10-07: own entity/process/energy/document pages and exact-name public primary certificate/energy searches checked. No new direct current evidence for this standard. ISO9001 foreign holders, procurement certificates, funding/capacity or supplier/customer assets not substitutes. No absence/noncertification inferred."
P84,Sauer Oberflächentechnik GmbH,EMAS,NOT_FOUND_AFTER_CHECK,Sauer Oberflächentechnik GmbH,,,,,,https://sa-oberflaechen.de/,2026-10-07,RESEARCHED,"No public direct certificate or official register evidence was located in the defined official-website and exact-legal-name check; absence of public evidence is not proof that certification does not exist. Follow-up2026-10-07: own entity/process/energy/document pages and exact-name public primary certificate/energy searches checked. No new direct current evidence for this standard. ISO9001 foreign holders, procurement certificates, funding/capacity or supplier/customer assets not substitutes. No absence/noncertification inferred."
P85,Die Schweizer Galvanotechnic GmbH & Co. KG,ISO 50001,NOT_FOUND_AFTER_CHECK,Die Schweizer Galvanotechnic GmbH & Co. KG,,,,,,https://www.galvanotechnic.de/,2026-09-14,RESEARCHED,No public direct certificate or official register evidence was located in the defined official-website and exact-legal-name check; absence of public evidence is not proof that certification does not exist.
P85,Die Schweizer Galvanotechnic GmbH & Co. KG,ISO 14001,NOT_FOUND_AFTER_CHECK,Die Schweizer Galvanotechnic GmbH & Co. KG,,,,,,https://www.galvanotechnic.de/,2026-09-14,RESEARCHED,No public direct certificate or official register evidence was located in the defined official-website and exact-legal-name check; absence of public evidence is not proof that certification does not exist.
P85,Die Schweizer Galvanotechnic GmbH & Co. KG,EMAS,NOT_FOUND_AFTER_CHECK,Die Schweizer Galvanotechnic GmbH & Co. KG,,,,,,https://www.galvanotechnic.de/,2026-09-14,RESEARCHED,No public direct certificate or official register evidence was located in the defined official-website and exact-legal-name check; absence of public evidence is not proof that certification does not exist.
P86,GIESS- TECHNISCHE- SONDERKERAMIK GmbH & Co. KG,ISO 50001,NOT_FOUND_AFTER_CHECK,GIESS- TECHNISCHE- SONDERKERAMIK GmbH & Co. KG,,,,,,https://gts-keramik.de/,2026-09-14,RESEARCHED,No public direct certificate or official register evidence was located in the defined official-website and exact-legal-name check; absence of public evidence is not proof that certification does not exist.
P86,GIESS- TECHNISCHE- SONDERKERAMIK GmbH & Co. KG,ISO 14001,NOT_FOUND_AFTER_CHECK,GIESS- TECHNISCHE- SONDERKERAMIK GmbH & Co. KG,,,,,,https://gts-keramik.de/,2026-09-14,RESEARCHED,No public direct certificate or official register evidence was located in the defined official-website and exact-legal-name check; absence of public evidence is not proof that certification does not exist.
P86,GIESS- TECHNISCHE- SONDERKERAMIK GmbH & Co. KG,EMAS,NOT_FOUND_AFTER_CHECK,GIESS- TECHNISCHE- SONDERKERAMIK GmbH & Co. KG,,,,,,https://gts-keramik.de/,2026-09-14,RESEARCHED,No public direct certificate or official register evidence was located in the defined official-website and exact-legal-name check; absence of public evidence is not proof that certification does not exist.
P87,Ceramany GmbH,ISO 50001,NOT_FOUND_AFTER_CHECK,Ceramany GmbH,,,,,,https://ceramany.com/,2026-10-07,RESEARCHED,"No public direct certificate or official register evidence was located in the defined official-website and exact-legal-name check; absence of public evidence is not proof that certification does not exist. Follow-up2026-10-07: own entity/process/energy/document pages and exact-name public primary certificate/energy searches checked. No new direct current evidence for this standard. ISO9001 foreign holders, procurement certificates, funding/capacity or supplier/customer assets not substitutes. No absence/noncertification inferred."
P87,Ceramany GmbH,ISO 14001,NOT_FOUND_AFTER_CHECK,Ceramany GmbH,,,,,,https://ceramany.com/,2026-10-07,RESEARCHED,"No public direct certificate or official register evidence was located in the defined official-website and exact-legal-name check; absence of public evidence is not proof that certification does not exist. Follow-up2026-10-07: own entity/process/energy/document pages and exact-name public primary certificate/energy searches checked. No new direct current evidence for this standard. ISO9001 foreign holders, procurement certificates, funding/capacity or supplier/customer assets not substitutes. No absence/noncertification inferred."
P87,Ceramany GmbH,EMAS,NOT_FOUND_AFTER_CHECK,Ceramany GmbH,,,,,,https://ceramany.com/,2026-10-07,RESEARCHED,"No public direct certificate or official register evidence was located in the defined official-website and exact-legal-name check; absence of public evidence is not proof that certification does not exist. Follow-up2026-10-07: own entity/process/energy/document pages and exact-name public primary certificate/energy searches checked. No new direct current evidence for this standard. ISO9001 foreign holders, procurement certificates, funding/capacity or supplier/customer assets not substitutes. No absence/noncertification inferred."
P88,Ceramaret Meissen GmbH,ISO 50001,NOT_FOUND_AFTER_CHECK,Ceramaret Meissen GmbH,,,,,,https://ceramaret.com/,2026-09-14,RESEARCHED,No public direct certificate or official register evidence was located in the defined official-website and exact-legal-name check; absence of public evidence is not proof that certification does not exist.
P88,Ceramaret Meissen GmbH,ISO 14001,NOT_FOUND_AFTER_CHECK,Ceramaret Meissen GmbH,,,,,,https://ceramaret.com/,2026-09-14,RESEARCHED,No public direct certificate or official register evidence was located in the defined official-website and exact-legal-name check; absence of public evidence is not proof that certification does not exist.
P88,Ceramaret Meissen GmbH,EMAS,NOT_FOUND_AFTER_CHECK,Ceramaret Meissen GmbH,,,,,,https://ceramaret.com/,2026-09-14,RESEARCHED,No public direct certificate or official register evidence was located in the defined official-website and exact-legal-name check; absence of public evidence is not proof that certification does not exist.
P89,TECHNISCHE KERAMIK FRÖMGEN GMBH,ISO 50001,NOT_FOUND_AFTER_CHECK,TECHNISCHE KERAMIK FRÖMGEN GMBH,,,,,,https://www.tkf-froemgen.de/,2026-09-14,RESEARCHED,No public direct certificate or official register evidence was located in the defined official-website and exact-legal-name check; absence of public evidence is not proof that certification does not exist.
P89,TECHNISCHE KERAMIK FRÖMGEN GMBH,ISO 14001,NOT_FOUND_AFTER_CHECK,TECHNISCHE KERAMIK FRÖMGEN GMBH,,,,,,https://www.tkf-froemgen.de/,2026-09-14,RESEARCHED,No public direct certificate or official register evidence was located in the defined official-website and exact-legal-name check; absence of public evidence is not proof that certification does not exist.
P89,TECHNISCHE KERAMIK FRÖMGEN GMBH,EMAS,NOT_FOUND_AFTER_CHECK,TECHNISCHE KERAMIK FRÖMGEN GMBH,,,,,,https://www.tkf-froemgen.de/,2026-09-14,RESEARCHED,No public direct certificate or official register evidence was located in the defined official-website and exact-legal-name check; absence of public evidence is not proof that certification does not exist.
P90,InnoKeramik & Technik GmbH,ISO 50001,NOT_FOUND_AFTER_CHECK,InnoKeramik & Technik GmbH,,,,,,https://innokeramik.de/,2026-10-07,RESEARCHED,"No public direct certificate or official register evidence was located in the defined official-website and exact-legal-name check; absence of public evidence is not proof that certification does not exist. Follow-up2026-10-07: own entity/process/energy/document pages and exact-name public primary certificate/energy searches checked. No new direct current evidence for this standard. ISO9001 foreign holders, procurement certificates, funding/capacity or supplier/customer assets not substitutes. No absence/noncertification inferred."
P90,InnoKeramik & Technik GmbH,ISO 14001,NOT_FOUND_AFTER_CHECK,InnoKeramik & Technik GmbH,,,,,,https://innokeramik.de/,2026-10-07,RESEARCHED,"No public direct certificate or official register evidence was located in the defined official-website and exact-legal-name check; absence of public evidence is not proof that certification does not exist. Follow-up2026-10-07: own entity/process/energy/document pages and exact-name public primary certificate/energy searches checked. No new direct current evidence for this standard. ISO9001 foreign holders, procurement certificates, funding/capacity or supplier/customer assets not substitutes. No absence/noncertification inferred."
P90,InnoKeramik & Technik GmbH,EMAS,NOT_FOUND_AFTER_CHECK,InnoKeramik & Technik GmbH,,,,,,https://innokeramik.de/,2026-10-07,RESEARCHED,"No public direct certificate or official register evidence was located in the defined official-website and exact-legal-name check; absence of public evidence is not proof that certification does not exist. Follow-up2026-10-07: own entity/process/energy/document pages and exact-name public primary certificate/energy searches checked. No new direct current evidence for this standard. ISO9001 foreign holders, procurement certificates, funding/capacity or supplier/customer assets not substitutes. No absence/noncertification inferred."
P91,Brauerei S. Riegele Inh. Riegele KG,ISO 50001,NOT_FOUND_AFTER_CHECK,Brauerei S. Riegele Inh. Riegele KG,,,,,,https://www.riegele.de/,2026-10-07,RESEARCHED,"No public direct certificate or official register evidence was located in the defined official-website and exact-legal-name check; absence of public evidence is not proof that certification does not exist. Follow-up2026-10-07: own entity/process/energy/document pages and exact-name public primary certificate/energy searches checked. No new direct current evidence for this standard. ISO9001 foreign holders, procurement certificates, funding/capacity or supplier/customer assets not substitutes. No absence/noncertification inferred."
P91,Brauerei S. Riegele Inh. Riegele KG,ISO 14001,NOT_FOUND_AFTER_CHECK,Brauerei S. Riegele Inh. Riegele KG,,,,,,https://www.riegele.de/,2026-10-07,RESEARCHED,"No public direct certificate or official register evidence was located in the defined official-website and exact-legal-name check; absence of public evidence is not proof that certification does not exist. Follow-up2026-10-07: own entity/process/energy/document pages and exact-name public primary certificate/energy searches checked. No new direct current evidence for this standard. ISO9001 foreign holders, procurement certificates, funding/capacity or supplier/customer assets not substitutes. No absence/noncertification inferred."
P91,Brauerei S. Riegele Inh. Riegele KG,EMAS,VALID,Brauerei S. Riegele Inh. Riegele KG,DE-104-00126,2025-12-17,,Intechnica Cert GmbH / Dr.Reiner Beer,https://www.riegele.de/wp-content/uploads/2024/01/Umwelterklaerung_2025_Brauhaus-Riegele.pdf,https://www.riegele.de/region_umwelt/,2026-10-07,RESEARCHED,"Relevant exact-holder body/date/scope rendered/visually inspected; factual correction only, independent human scoring review pending. EMAS statement validation2025-12-17 is not expiry; current01/09/2026official registration independently confirmed. Registered since2016 not validation; future report dates not invented validity end."
P92,Familienbrauerei M. Ketterer GmbH & Co. KG,ISO 50001,NOT_FOUND_AFTER_CHECK,Familienbrauerei M. Ketterer GmbH & Co. KG,,,,,,https://www.kettererbier.de/,2026-10-07,RESEARCHED,"No public direct certificate or official register evidence was located in the defined official-website and exact-legal-name check; absence of public evidence is not proof that certification does not exist. Follow-up2026-10-07: own entity/process/energy/document pages and exact-name public primary certificate/energy searches checked. No new direct current evidence for this standard. ISO9001 foreign holders, procurement certificates, funding/capacity or supplier/customer assets not substitutes. No absence/noncertification inferred."
P92,Familienbrauerei M. Ketterer GmbH & Co. KG,ISO 14001,NOT_FOUND_AFTER_CHECK,Familienbrauerei M. Ketterer GmbH & Co. KG,,,,,,https://www.kettererbier.de/,2026-10-07,RESEARCHED,"No public direct certificate or official register evidence was located in the defined official-website and exact-legal-name check; absence of public evidence is not proof that certification does not exist. Follow-up2026-10-07: own entity/process/energy/document pages and exact-name public primary certificate/energy searches checked. No new direct current evidence for this standard. ISO9001 foreign holders, procurement certificates, funding/capacity or supplier/customer assets not substitutes. No absence/noncertification inferred."
P92,Familienbrauerei M. Ketterer GmbH & Co. KG,EMAS,NOT_FOUND_AFTER_CHECK,Familienbrauerei M. Ketterer GmbH & Co. KG,,,,,,https://www.kettererbier.de/,2026-10-07,RESEARCHED,"No public direct certificate or official register evidence was located in the defined official-website and exact-legal-name check; absence of public evidence is not proof that certification does not exist. Follow-up2026-10-07: own entity/process/energy/document pages and exact-name public primary certificate/energy searches checked. No new direct current evidence for this standard. ISO9001 foreign holders, procurement certificates, funding/capacity or supplier/customer assets not substitutes. No absence/noncertification inferred."
P93,Brauerei Schimpfle GmbH & Co. KG,ISO 50001,NOT_FOUND_AFTER_CHECK,Brauerei Schimpfle GmbH & Co. KG,,,,,,https://www.brauerei-schimpfle.de/,2026-10-07,RESEARCHED,"No public direct certificate or official register evidence was located in the defined official-website and exact-legal-name check; absence of public evidence is not proof that certification does not exist. Follow-up2026-10-07: own entity/process/energy/document pages and exact-name public primary certificate/energy searches checked. No new direct current evidence for this standard. ISO9001 foreign holders, procurement certificates, funding/capacity or supplier/customer assets not substitutes. No absence/noncertification inferred."
P93,Brauerei Schimpfle GmbH & Co. KG,ISO 14001,NOT_FOUND_AFTER_CHECK,Brauerei Schimpfle GmbH & Co. KG,,,,,,https://www.brauerei-schimpfle.de/,2026-10-07,RESEARCHED,"No public direct certificate or official register evidence was located in the defined official-website and exact-legal-name check; absence of public evidence is not proof that certification does not exist. Follow-up2026-10-07: own entity/process/energy/document pages and exact-name public primary certificate/energy searches checked. No new direct current evidence for this standard. ISO9001 foreign holders, procurement certificates, funding/capacity or supplier/customer assets not substitutes. No absence/noncertification inferred."
P93,Brauerei Schimpfle GmbH & Co. KG,EMAS,NOT_FOUND_AFTER_CHECK,Brauerei Schimpfle GmbH & Co. KG,,,,,,https://www.brauerei-schimpfle.de/,2026-10-07,RESEARCHED,"No public direct certificate or official register evidence was located in the defined official-website and exact-legal-name check; absence of public evidence is not proof that certification does not exist. Follow-up2026-10-07: own entity/process/energy/document pages and exact-name public primary certificate/energy searches checked. No new direct current evidence for this standard. ISO9001 foreign holders, procurement certificates, funding/capacity or supplier/customer assets not substitutes. No absence/noncertification inferred."
P94,Brauerei zum Kuchlbauer GmbH & Co. KG,ISO 50001,NOT_FOUND_AFTER_CHECK,Brauerei zum Kuchlbauer GmbH & Co. KG,,,,,,https://kuchlbauer.de/,2026-10-07,RESEARCHED,"No public direct certificate or official register evidence was located in the defined official-website and exact-legal-name check; absence of public evidence is not proof that certification does not exist. Follow-up2026-10-07: own entity/process/energy/document pages and exact-name public primary certificate/energy searches checked. No new direct current evidence for this standard. ISO9001 foreign holders, procurement certificates, funding/capacity or supplier/customer assets not substitutes. No absence/noncertification inferred."
P94,Brauerei zum Kuchlbauer GmbH & Co. KG,ISO 14001,NOT_FOUND_AFTER_CHECK,Brauerei zum Kuchlbauer GmbH & Co. KG,,,,,,https://kuchlbauer.de/,2026-10-07,RESEARCHED,"No public direct certificate or official register evidence was located in the defined official-website and exact-legal-name check; absence of public evidence is not proof that certification does not exist. Follow-up2026-10-07: own entity/process/energy/document pages and exact-name public primary certificate/energy searches checked. No new direct current evidence for this standard. ISO9001 foreign holders, procurement certificates, funding/capacity or supplier/customer assets not substitutes. No absence/noncertification inferred."
P94,Brauerei zum Kuchlbauer GmbH & Co. KG,EMAS,NOT_FOUND_AFTER_CHECK,Brauerei zum Kuchlbauer GmbH & Co. KG,,,,,,https://kuchlbauer.de/,2026-10-07,RESEARCHED,"No public direct certificate or official register evidence was located in the defined official-website and exact-legal-name check; absence of public evidence is not proof that certification does not exist. Follow-up2026-10-07: own entity/process/energy/document pages and exact-name public primary certificate/energy searches checked. No new direct current evidence for this standard. ISO9001 foreign holders, procurement certificates, funding/capacity or supplier/customer assets not substitutes. No absence/noncertification inferred."
P95,Winkler-Bräu GmbH & Co. KG,ISO 50001,NOT_FOUND_AFTER_CHECK,Winkler-Bräu GmbH & Co. KG,,,,,,https://www.winkler-braeu.de/,2026-09-14,RESEARCHED,No public direct certificate or official register evidence was located in the defined official-website and exact-legal-name check; absence of public evidence is not proof that certification does not exist.
P95,Winkler-Bräu GmbH & Co. KG,ISO 14001,NOT_FOUND_AFTER_CHECK,Winkler-Bräu GmbH & Co. KG,,,,,,https://www.winkler-braeu.de/,2026-09-14,RESEARCHED,No public direct certificate or official register evidence was located in the defined official-website and exact-legal-name check; absence of public evidence is not proof that certification does not exist.
P95,Winkler-Bräu GmbH & Co. KG,EMAS,NOT_FOUND_AFTER_CHECK,Winkler-Bräu GmbH & Co. KG,,,,,,https://www.winkler-braeu.de/,2026-09-14,RESEARCHED,No public direct certificate or official register evidence was located in the defined official-website and exact-legal-name check; absence of public evidence is not proof that certification does not exist.
P96,PEKA Spritzguss GmbH,ISO 50001,NOT_FOUND_AFTER_CHECK,PEKA Spritzguss GmbH,,,,,,https://www.peka-spritzguss.de/,2026-09-14,RESEARCHED,No public direct certificate or official register evidence was located in the defined official-website and exact-legal-name check; absence of public evidence is not proof that certification does not exist.
P96,PEKA Spritzguss GmbH,ISO 14001,VALID,PEKA Spritzguss GmbH,171023143/1,2026-09-27,2029-04-30,DEKRA Certification GmbH,https://www.peka-spritzguss.de/wp-content/uploads/2026/10/Zertifikat-ISO-14001_2015.pdf,https://www.peka-spritzguss.de/qualitaet/,2026-10-07,AI_FIRST_PASS_RECHECK,"Exact PEKA holder, Konrad-Zuse-Strasse 2 Velbert. Previous expiry 2026-09-26 is not current expiry."
P96,PEKA Spritzguss GmbH,EMAS,NOT_FOUND_AFTER_CHECK,PEKA Spritzguss GmbH,,,,,,https://www.peka-spritzguss.de/,2026-09-14,RESEARCHED,No public direct certificate or official register evidence was located in the defined official-website and exact-legal-name check; absence of public evidence is not proof that certification does not exist.
P97,Peltzer & Co. GmbH,ISO 50001,NOT_FOUND_AFTER_CHECK,Peltzer & Co. GmbH,,,,,,https://www.peco-germany.com/,2026-09-14,RESEARCHED,No public direct certificate or official register evidence was located in the defined official-website and exact-legal-name check; absence of public evidence is not proof that certification does not exist.
P97,Peltzer & Co. GmbH,ISO 14001,NOT_FOUND_AFTER_CHECK,Peltzer & Co. GmbH,,,,,,https://www.peco-germany.com/,2026-09-14,RESEARCHED,No public direct certificate or official register evidence was located in the defined official-website and exact-legal-name check; absence of public evidence is not proof that certification does not exist.
P97,Peltzer & Co. GmbH,EMAS,NOT_FOUND_AFTER_CHECK,Peltzer & Co. GmbH,,,,,,https://www.peco-germany.com/,2026-09-14,RESEARCHED,No public direct certificate or official register evidence was located in the defined official-website and exact-legal-name check; absence of public evidence is not proof that certification does not exist.
P98,Robert Frank GmbH & Co. KG,ISO 50001,NOT_FOUND_AFTER_CHECK,Robert Frank GmbH & Co. KG,,,,,,https://www.frank-formenbau-spritzguss.de/,2026-09-14,RESEARCHED,No public direct certificate or official register evidence was located in the defined official-website and exact-legal-name check; absence of public evidence is not proof that certification does not exist.
P98,Robert Frank GmbH & Co. KG,ISO 14001,NOT_FOUND_AFTER_CHECK,Robert Frank GmbH & Co. KG,,,,,,https://www.frank-formenbau-spritzguss.de/,2026-09-14,RESEARCHED,No public direct certificate or official register evidence was located in the defined official-website and exact-legal-name check; absence of public evidence is not proof that certification does not exist.
P98,Robert Frank GmbH & Co. KG,EMAS,NOT_FOUND_AFTER_CHECK,Robert Frank GmbH & Co. KG,,,,,,https://www.frank-formenbau-spritzguss.de/,2026-09-14,RESEARCHED,No public direct certificate or official register evidence was located in the defined official-website and exact-legal-name check; absence of public evidence is not proof that certification does not exist.
P99,Kunststofftechnik Breitungen GmbH & Co. KG,ISO 50001,NOT_FOUND_AFTER_CHECK,Kunststofftechnik Breitungen GmbH & Co. KG,,,,,,https://www.kt-breitungen.de/,2026-09-14,RESEARCHED,No public direct certificate or official register evidence was located in the defined official-website and exact-legal-name check; absence of public evidence is not proof that certification does not exist.
P99,Kunststofftechnik Breitungen GmbH & Co. KG,ISO 14001,NOT_FOUND_AFTER_CHECK,Kunststofftechnik Breitungen GmbH & Co. KG,,,,,,https://www.kt-breitungen.de/,2026-09-14,RESEARCHED,No public direct certificate or official register evidence was located in the defined official-website and exact-legal-name check; absence of public evidence is not proof that certification does not exist.
P99,Kunststofftechnik Breitungen GmbH & Co. KG,EMAS,NOT_FOUND_AFTER_CHECK,Kunststofftechnik Breitungen GmbH & Co. KG,,,,,,https://www.kt-breitungen.de/,2026-09-14,RESEARCHED,No public direct certificate or official register evidence was located in the defined official-website and exact-legal-name check; absence of public evidence is not proof that certification does not exist.
P100,Kläger Spritzguss GmbH & Co. KG,ISO 50001,NOT_FOUND_AFTER_CHECK,Kläger Spritzguss GmbH & Co. KG,,,,,,https://klaeger.de/,2026-09-14,RESEARCHED,No public direct certificate or official register evidence was located in the defined official-website and exact-legal-name check; absence of public evidence is not proof that certification does not exist.
P100,Kläger Spritzguss GmbH & Co. KG,ISO 14001,NOT_FOUND_AFTER_CHECK,Kläger Spritzguss GmbH & Co. KG,,,,,,https://klaeger.de/,2026-09-14,RESEARCHED,No public direct certificate or official register evidence was located in the defined official-website and exact-legal-name check; absence of public evidence is not proof that certification does not exist.
P100,Kläger Spritzguss GmbH & Co. KG,EMAS,NOT_FOUND_AFTER_CHECK,Kläger Spritzguss GmbH & Co. KG,,,,,,https://klaeger.de/,2026-09-14,RESEARCHED,No public direct certificate or official register evidence was located in the defined official-website and exact-legal-name check; absence of public evidence is not proof that certification does not exist.
P101,Metoba Metalloberflächenbearbeitung GmbH,ISO 50001,NOT_FOUND_AFTER_CHECK,Metoba Metalloberflächenbearbeitung GmbH,,,,,,https://www.metoba.de/unternehmen/,2026-10-07,AI_FIRST_PASS_RECHECK,"Own historical brochure explicitly says EnMS based on ISO 50001 is NOT certified. Current EMAS certificate is environmental, not ISO 50001. No current direct ISO 50001 certification found; no inference that no EnMS exists."
P101,Metoba Metalloberflächenbearbeitung GmbH,ISO 14001,NOT_FOUND_AFTER_CHECK,Metoba Metalloberflächenbearbeitung GmbH,,,,,,https://www.metoba.de/,2026-09-14,RESEARCHED,No public direct certificate or official register evidence was located in the defined official-website and exact-legal-name check; absence of public evidence is not proof that certification does not exist.
P101,Metoba Metalloberflächenbearbeitung GmbH,EMAS,VALID,Metoba Metalloberflächenbearbeitung GmbH,DE-130-00026,,2029-09-30,Niederrheinische IHK Duisburg-Wesel-Kleve,https://www.metoba.de/wp-content/uploads/2026/01/EMAS-Registrierungsurkunde-2025.pdf,https://www.metoba.de/unternehmen/,2026-10-07,AI_FIRST_PASS_RECHECK,"Image-only certificate visually read: issued 2026-01-15, expiry 2029-09-30, Koenigsberger Strasse 23-33 Luedenscheid. First registration 1999-06-30 is not issue date. Official active register corroborates; filename 2025 does not override body."
P102,Rudolf Clauss GmbH & Co. KG,ISO 50001,NOT_FOUND_AFTER_CHECK,Rudolf Clauss GmbH & Co. KG,,,,,,https://www.rudolf-clauss.de/,2026-09-14,RESEARCHED,No public direct certificate or official register evidence was located in the defined official-website and exact-legal-name check; absence of public evidence is not proof that certification does not exist.
P102,Rudolf Clauss GmbH & Co. KG,ISO 14001,NOT_FOUND_AFTER_CHECK,Rudolf Clauss GmbH & Co. KG,,,,,,https://www.rudolf-clauss.de/,2026-09-14,RESEARCHED,No public direct certificate or official register evidence was located in the defined official-website and exact-legal-name check; absence of public evidence is not proof that certification does not exist.
P102,Rudolf Clauss GmbH & Co. KG,EMAS,NOT_FOUND_AFTER_CHECK,Rudolf Clauss GmbH & Co. KG,,,,,,https://www.rudolf-clauss.de/,2026-09-14,RESEARCHED,No public direct certificate or official register evidence was located in the defined official-website and exact-legal-name check; absence of public evidence is not proof that certification does not exist.
P103,Metallveredelung Gebrüder Wigl GmbH,ISO 50001,NOT_FOUND_AFTER_CHECK,Metallveredelung Gebrüder Wigl GmbH,,,,,,https://www.wigl-gmbh.de/,2026-09-14,RESEARCHED,No public direct certificate or official register evidence was located in the defined official-website and exact-legal-name check; absence of public evidence is not proof that certification does not exist.
P103,Metallveredelung Gebrüder Wigl GmbH,ISO 14001,VALID,Metallveredelung Gebrüder Wigl GmbH,207964,,2027-02-15,ISO/ZERT GmbH,https://www.wigl-gmbh.de/wp-content/uploads/Wigl_GmbH_Zertifikat_Oeko_Werk_1.pdf,https://www.wigl-gmbh.de/zertifikate/,2026-10-07,AI_FIRST_PASS_RECHECK,"Werk I Neufahrn and separate Werk II Munich bodies visually checked; recertification 2024-02-16, first certification 2019 is not current validity start."
P103,Metallveredelung Gebrüder Wigl GmbH,EMAS,NOT_FOUND_AFTER_CHECK,Metallveredelung Gebrüder Wigl GmbH,,,,,,https://www.wigl-gmbh.de/,2026-09-14,RESEARCHED,No public direct certificate or official register evidence was located in the defined official-website and exact-legal-name check; absence of public evidence is not proof that certification does not exist.
P104,Holder GmbH Oberflächentechnik,ISO 50001,VALID,Holder GmbH Oberflächentechnik,01 407 061926,2024-06-14,2027-06-13,TÜV Rheinland Cert GmbH,https://holder-oft.de/wp-content/uploads/Zertifikat-ISO-500012018-2025.pdf,https://holder-oft.de/kompetenzzentrum/zertifikate/,2026-10-07,AI_FIRST_PASS_RECHECK,"Exact Holder body and annex: Kirchheim, Lenningen and Laichingen; filename 2025 not validity start."
P104,Holder GmbH Oberflächentechnik,ISO 14001,VALID,Holder GmbH Oberflächentechnik,01 104 061926,2023-11-15,2026-11-14,TÜV Rheinland Cert GmbH,https://holder-oft.de/wp-content/uploads/Zertifikat-ISO-140012015-2025.pdf,https://holder-oft.de/kompetenzzentrum/zertifikate/,2026-10-07,AI_FIRST_PASS_RECHECK,Exact Holder body; valid on check date but near expiry. Group gate remains open.
P104,Holder GmbH Oberflächentechnik,EMAS,NOT_FOUND_AFTER_CHECK,Holder GmbH Oberflächentechnik,,,,,,https://holder-oft.de/,2026-09-14,RESEARCHED,No public direct certificate or official register evidence was located in the defined official-website and exact-legal-name check; absence of public evidence is not proof that certification does not exist.
P105,Dresdner Silber und Metallveredlung GmbH,ISO 50001,NOT_FOUND_AFTER_CHECK,Dresdner Silber und Metallveredlung GmbH,,,,,,https://www.dresdnersilber.de/,2026-09-14,RESEARCHED,No public direct certificate or official register evidence was located in the defined official-website and exact-legal-name check; absence of public evidence is not proof that certification does not exist.
P105,Dresdner Silber und Metallveredlung GmbH,ISO 14001,VALID,Dresdner Silber und Metallveredlung GmbH,170121011/3,2025-12-23,2028-12-22,DEKRA Certification GmbH,https://osscs.industrystock.com/51124/Zertifikat-ISO-14001-2015.PDF.pdf,https://www.dresdnersilber.de/de/zertifikate,2026-10-07,AI_FIRST_PASS_RECHECK,Owner-linked DEKRA body checked/rendered; galvanic finishing at Sosaer Strasse 39 Dresden. Previous expiry is not current expiry; IHK 2026 corroborates.
P105,Dresdner Silber und Metallveredlung GmbH,EMAS,NOT_FOUND_AFTER_CHECK,Dresdner Silber und Metallveredlung GmbH,,,,,,https://www.dresdnersilber.de/,2026-09-14,RESEARCHED,No public direct certificate or official register evidence was located in the defined official-website and exact-legal-name check; absence of public evidence is not proof that certification does not exist.
P106,Felix Vuckovic - Technische Keramik GmbH,ISO 50001,NOT_FOUND_AFTER_CHECK,Felix Vuckovic - Technische Keramik GmbH,,,,,,https://www.fv-technische-keramik.de/,2026-09-14,RESEARCHED,No public direct certificate or official register evidence was located in the defined official-website and exact-legal-name check; absence of public evidence is not proof that certification does not exist.
P106,Felix Vuckovic - Technische Keramik GmbH,ISO 14001,NOT_FOUND_AFTER_CHECK,Felix Vuckovic - Technische Keramik GmbH,,,,,,https://www.fv-technische-keramik.de/,2026-09-14,RESEARCHED,No public direct certificate or official register evidence was located in the defined official-website and exact-legal-name check; absence of public evidence is not proof that certification does not exist.
P106,Felix Vuckovic - Technische Keramik GmbH,EMAS,NOT_FOUND_AFTER_CHECK,Felix Vuckovic - Technische Keramik GmbH,,,,,,https://www.fv-technische-keramik.de/,2026-09-14,RESEARCHED,No public direct certificate or official register evidence was located in the defined official-website and exact-legal-name check; absence of public evidence is not proof that certification does not exist.
P107,Dibbern Porzellanmanufaktur GmbH,ISO 50001,NOT_FOUND_AFTER_CHECK,Dibbern Porzellanmanufaktur GmbH,,,,,,https://www.dibbern.de/en/about-dibbern/manufactory/,2026-09-14,RESEARCHED,No public direct certificate or official register evidence was located in the defined official-website and exact-legal-name check; absence of public evidence is not proof that certification does not exist.
P107,Dibbern Porzellanmanufaktur GmbH,ISO 14001,NOT_FOUND_AFTER_CHECK,Dibbern Porzellanmanufaktur GmbH,,,,,,https://www.dibbern.de/en/about-dibbern/manufactory/,2026-09-14,RESEARCHED,No public direct certificate or official register evidence was located in the defined official-website and exact-legal-name check; absence of public evidence is not proof that certification does not exist.
P107,Dibbern Porzellanmanufaktur GmbH,EMAS,NOT_FOUND_AFTER_CHECK,Dibbern Porzellanmanufaktur GmbH,,,,,,https://www.dibbern.de/en/about-dibbern/manufactory/,2026-09-14,RESEARCHED,No public direct certificate or official register evidence was located in the defined official-website and exact-legal-name check; absence of public evidence is not proof that certification does not exist.
P108,Porzellanmanufaktur Reichenbach GmbH,ISO 50001,NOT_FOUND_AFTER_CHECK,Porzellanmanufaktur Reichenbach GmbH,,,,,,https://reichenbach-porzellan.de/manufaktur/,2026-09-14,RESEARCHED,No public direct certificate or official register evidence was located in the defined official-website and exact-legal-name check; absence of public evidence is not proof that certification does not exist.
P108,Porzellanmanufaktur Reichenbach GmbH,ISO 14001,NOT_FOUND_AFTER_CHECK,Porzellanmanufaktur Reichenbach GmbH,,,,,,https://reichenbach-porzellan.de/manufaktur/,2026-09-14,RESEARCHED,No public direct certificate or official register evidence was located in the defined official-website and exact-legal-name check; absence of public evidence is not proof that certification does not exist.
P108,Porzellanmanufaktur Reichenbach GmbH,EMAS,NOT_FOUND_AFTER_CHECK,Porzellanmanufaktur Reichenbach GmbH,,,,,,https://reichenbach-porzellan.de/manufaktur/,2026-09-14,RESEARCHED,No public direct certificate or official register evidence was located in the defined official-website and exact-legal-name check; absence of public evidence is not proof that certification does not exist.
P109,Porzellan Manufaktur Nymphenburg GmbH & Co. KG,ISO 50001,NOT_FOUND_AFTER_CHECK,Porzellan Manufaktur Nymphenburg GmbH & Co. KG,,,,,,https://www.nymphenburg.com/,2026-09-14,RESEARCHED,No public direct certificate or official register evidence was located in the defined official-website and exact-legal-name check; absence of public evidence is not proof that certification does not exist.
P109,Porzellan Manufaktur Nymphenburg GmbH & Co. KG,ISO 14001,NOT_FOUND_AFTER_CHECK,Porzellan Manufaktur Nymphenburg GmbH & Co. KG,,,,,,https://www.nymphenburg.com/,2026-09-14,RESEARCHED,No public direct certificate or official register evidence was located in the defined official-website and exact-legal-name check; absence of public evidence is not proof that certification does not exist.
P109,Porzellan Manufaktur Nymphenburg GmbH & Co. KG,EMAS,NOT_FOUND_AFTER_CHECK,Porzellan Manufaktur Nymphenburg GmbH & Co. KG,,,,,,https://www.nymphenburg.com/,2026-09-14,RESEARCHED,No public direct certificate or official register evidence was located in the defined official-website and exact-legal-name check; absence of public evidence is not proof that certification does not exist.
P110,Neue Porzellanfabrik Triptis GmbH,ISO 50001,NOT_FOUND_AFTER_CHECK,Neue Porzellanfabrik Triptis GmbH,,,,,,https://www.triptisporzellan.de/,2026-09-14,RESEARCHED,No public direct certificate or official register evidence was located in the defined official-website and exact-legal-name check; absence of public evidence is not proof that certification does not exist.
P110,Neue Porzellanfabrik Triptis GmbH,ISO 14001,NOT_FOUND_AFTER_CHECK,Neue Porzellanfabrik Triptis GmbH,,,,,,https://www.triptisporzellan.de/,2026-09-14,RESEARCHED,No public direct certificate or official register evidence was located in the defined official-website and exact-legal-name check; absence of public evidence is not proof that certification does not exist.
P110,Neue Porzellanfabrik Triptis GmbH,EMAS,NOT_FOUND_AFTER_CHECK,Neue Porzellanfabrik Triptis GmbH,,,,,,https://www.triptisporzellan.de/,2026-09-14,RESEARCHED,No public direct certificate or official register evidence was located in the defined official-website and exact-legal-name check; absence of public evidence is not proof that certification does not exist.
