source_id,company_id,source_url,checked_at,retrieval_status,http_status,final_url,content_kind,content_sha256,content_review_status,relevant_location,scope_note,retrieval_note,checked_by
S-P03-03,P03,https://www.bauernmolkerei.de/ueber-uns/produktion-mitarbeiter/produktion/der-weg-der-milch,2026-10-07T18:59:14+00:00,RETRIEVABLE,200,https://www.bauernmolkerei.de/ueber-uns/produktion-mitarbeiter/produktion/der-weg-der-milch,HTML,09fb3f66f79075a3bfd2ce072a0e3240a8e3d623ed68255a3d5f1e920e19c43a,RECHECKED,Production,"Own milk production page: pasteurisation at 72-74 C, centrifuges, automated filling and cold chain; two shifts do not establish demand-shifting freedom or a useful thermal store. Heat carrier and load remain unknown.","Availability checked separately from holder, claims, period and operating scope.",Codex
S-P04-03,P04,https://www.lammsbraeu.de/blog/unsere-zertifizierungen,2026-10-07T18:59:14+00:00,RETRIEVABLE,200,https://www.lammsbraeu.de/blog/unsere-zertifizierungen,HTML,72b3fab10b91570567dbc183599e2626694d30c4ed35528841500c4b863c926f,RECHECKED,Certification overview,Company states EMAS participation since 1996 and work according to EMAS and ISO 14001,"Availability checked separately from holder, claims, period and operating scope.",Codex
S-P04-04,P04,https://www.lammsbraeu.de/hubfs/NeumarkterLammsbraeu/blog/images/2022/2022%20-%20Blog%20-%20Zertifizierungen/Zert._2022-06-02_Re-ZA%2014k_Neumarkter%20Lammsbr%C3%A4u.pdf,2026-10-07T18:59:14+00:00,RETRIEVABLE,200,https://www.lammsbraeu.de/hubfs/NeumarkterLammsbraeu/blog/images/2022/2022%20-%20Blog%20-%20Zertifizierungen/Zert._2022-06-02_Re-ZA%2014k_Neumarkter%20Lammsbr%C3%A4u.pdf,PDF,cd30965f62a1b1dc52b3e93312b5c151b14d3f53579023245dd73408f5619134,RECHECKED,Certificate metadata,ISO 14001:2015 certificate UG0573-2022; valid through 2025-06-02,"Availability checked separately from holder, claims, period and operating scope.",Codex
S-P04-05,P04,https://www.lammsbraeu.de/hubfs/NeumarkterLammsbraeu/blog/images/2022/2022%20-%20Blog%20-%20Zertifizierungen/IHK%20Urkunde%20EMAS.pdf,2026-10-07T18:59:14+00:00,RETRIEVABLE,200,https://www.lammsbraeu.de/hubfs/NeumarkterLammsbraeu/blog/images/2022/2022%20-%20Blog%20-%20Zertifizierungen/IHK%20Urkunde%20EMAS.pdf,PDF,6843abb7731fc0c6310072627aa74eb887b9e0dd868166878169e4a71fc83f9b,RECHECKED,EMAS document,Direct official EMAS document exists; exact current validity metadata remains unclear,"Availability checked separately from holder, claims, period and operating scope.",Codex
S-P04-06,P04,https://www.lammsbraeu.de/hubfs/Dachmarke/resources/documents/Nachhaltigkeitsberichte/GRI-Bericht2023_Neumarkter%20Lammsbr%C3%A4u_final%2020240913.pdf,2026-10-07T18:59:14+00:00,RETRIEVABLE,200,https://www.lammsbraeu.de/hubfs/Dachmarke/resources/documents/Nachhaltigkeitsberichte/GRI-Bericht2023_Neumarkter%20Lammsbr%C3%A4u_final%2020240913.pdf,PDF,b26e7800b14e8323a5c6b23e5e7cbf850fbcd10cf9a1ec68c292d5953b70bb84,RECHECKED,Pages 79-93; integrated EMAS declaration,Energy-management system and software; process-level Power BI reports; gas heat; central cooling; 125 kWp PV; planned heat electrification and heat-pump/solar combination; 42 percent Scope 1 and 2 reduction target by 2030,"Availability checked separately from holder, claims, period and operating scope.",Codex
S-P05-03,P05,https://www.einbecker-brauhaus.de/leitbild-werte/nachhaltigkeit,2026-10-07T18:59:14+00:00,RETRIEVABLE,200,https://www.einbecker-brauhaus.de/leitbild-werte/nachhaltigkeit,HTML,e6bc159212ffd1225e34c7fd535b30ea5ef1c9c3aad486d743d8bb4d8c394263,RECHECKED,Sustainability,Company states EMAS registration since 2025; PV and CHP self-generation; fermentation CO2 recovery and a transformation programme,"Availability checked separately from holder, claims, period and operating scope.",Codex
S-P05-04,P05,https://www.einbecker-brauhaus.de/files/einbecker_gruppe/content/leitbild-und-werte/nachhaltigkeit/umwelterklaerung-ebag-2025.pdf,2026-10-07T18:59:14+00:00,RETRIEVABLE,200,https://www.einbecker-brauhaus.de/files/einbecker_gruppe/content/leitbild-und-werte/nachhaltigkeit/umwelterklaerung-ebag-2025.pdf,PDF,21fc0f9176bb687fca2ac38d71e294b65d363005177cd48bea04890491216782,RECHECKED,Pages 2-9 and 31-34,Brewing and cooling processes; heat recovery; biogas CHP and absorption chilling; PV; process-control renewal; 2045 net-zero and 2031 reduction target; planned electric clean steam and process monitoring,"Availability checked separately from holder, claims, period and operating scope.",Codex
S-P07-02,P07,https://varioplast.de/de/serienfertigung/ressourcenschonende-produktion,2026-10-07T18:59:14+00:00,RETRIEVABLE,200,https://varioplast.de/de/serienfertigung/ressourcenschonende-produktion,HTML,bd918db35a952b4295550d5c022db2a964c17b664e445dc2eafad046fb7e50d6,RECHECKED,Production and energy management,"Owner attributes more than half of injection machines to fully electric drives and central controlled drying/conveying, inline PVD/coating and onsite energy measures. Motor drive electrification is distinct from process heat; annual PV output is not kWp.","Availability checked separately from holder, claims, period and operating scope.",Codex
S-P07-07,P07,https://varioplast.de/de/unternehmen/nachhaltigkeit,2026-10-07T18:59:14+00:00,RETRIEVABLE,200,https://varioplast.de/de/unternehmen/nachhaltigkeit,HTML,72da563bdb71606fa63b69e5f458904d29c48d57d965de27ead6ea6ac3377a51,RECHECKED,Exact entity/site body; first-pass content review,"Own inline PVD/coating and resource-efficient production, PV generation above 600000 kWh/year, geothermal and production-heat recovery for building needs. Annual PV energy is not nameplate kWp; room-heating independence is not process heat-carrier proof.","Availability checked separately from holder, claims, period and operating scope.",Codex
S-P07-09,P07,https://varioplast.de/images/downloads/pdf/zertifikate/2026/Varioplast_Zertifikat_14001_SKZ_2026_de_Joomla-kompatibel-1.pdf,2026-10-07T18:59:14+00:00,RETRIEVABLE,200,https://varioplast.de/images/downloads/pdf/zertifikate/2026/Varioplast_Zertifikat_14001_SKZ_2026_de_Joomla-kompatibel-1.pdf,PDF,f991c2e2b92bf5c3a28f932605395d753907b7f936b2142e25284ef1eaf2a0f1,RECHECKED,Exact entity/site body; first-pass content review,"SKZ-Cert GmbH: VARIOPLAST Konrad Däbritz GmbH, 001127.U; current period 2026-07-26 to 2029-07-25. Current exact Varioplast holder at Ötisheim; former certificate expired 2026-07-25.","Availability checked separately from holder, claims, period and operating scope.",Codex
S-P10-02,P10,https://www.oskar-lehmann.de/en/about-us.html,2026-10-07T18:59:20+00:00,RETRIEVABLE,200,https://www.oskar-lehmann.de/en/about-us.html,HTML,61879f56b163d30be31f37a4b2a5bb29f9c7c035b9386c3ec587625803421e77,RECHECKED,Competences and history,Owner attributes a large injection-machine fleet to Oskar Lehmann; current unit-by-unit technology and energy duty not established.,"Availability checked separately from holder, claims, period and operating scope.",Codex
S-P10-03,P10,https://www.oskar-lehmann.de/en/areas-of-expertise.html,2026-10-07T18:59:21+00:00,RETRIEVABLE,200,https://www.oskar-lehmann.de/en/areas-of-expertise.html,HTML,43eb3e5fd93d0a5d0f992021b9ff0aa417d0f10dd04d942d519d3c9648c1c4aa,RECHECKED,Production,"Owner describes injection moulding, own toolmaking, robotics/ODC coordinated production. No actual process temperature, heat-carrier mix or current commissioning dates.","Availability checked separately from holder, claims, period and operating scope.",Codex
S-P10-06,P10,https://www.ihk.de/ostwestfalen/ihre-ihk/presse/pressemeldungen/pressemeldungen2022/ihks-starten-klimainitiative-6981412,2026-10-07T18:59:21+00:00,RETRIEVABLE,200,https://www.ihk.de/ostwestfalen/ihre-ihk/presse/pressemeldungen/pressemeldungen2022/ihks-starten-klimainitiative-6981412,HTML,e97d26958a76653462172a946d4b670e0b84ad25f0f7f4a31a2efe9aea4fa276,RECHECKED,First signatories,IHK identifies Oskar Lehmann as signatory of climate initiative with 2030 ambition; dated target without company-specific implementation roadmap. Initiative commitment is not commissioning or completed decarbonisation.,"Availability checked separately from holder, claims, period and operating scope.",Codex
S-P10-08,P10,https://www.oskar-lehmann.de/files/ol/news/Reportage%20im%20Magazin.pdf,2026-10-07T18:59:22+00:00,RETRIEVABLE,200,https://www.oskar-lehmann.de/files/ol/news/Reportage%20im%20Magazin.pdf,PDF,11fb58725810777aa81c34ca11d229a9d2e14db9715102b6cdf3fe1d70f5bc5c,RECHECKED,Pages 1-3,Owner-hosted 2019 industry report identifies BOY servo-pump applications and historical efficiency improvement. 2019 is outside 2021-10-07 to 2026-10-07 investment window; ambiguous printed power/energy units not repaired or used as current site load.,"Availability checked separately from holder, claims, period and operating scope.",Codex
S-P100-03,P100,https://klaeger.de/unternehmen/nachhaltikgeit/,2026-10-07T18:59:22+00:00,RETRIEVABLE,200,https://klaeger.de/de/unternehmen/nachhaltikgeit/,HTML,46bd1465574161306f5cf8b5ee9c53324a1e2893a6bed20380ee8547bfc8ce08,RECHECKED,Named company/site sections; AI first-pass content check,Own Dornstetten page describes heat pumps/heat exchangers using production waste heat for OPERATING ROOMS and onsite PV since 2010. Room heat not process-heat temperature; 85 tonnes CO2 claim not measured energy demand. No dated future target or recent commissioning date.,"Availability checked separately from holder, claims, period and operating scope.",Codex
S-P100-04,P100,https://klaeger.de/wp-content/uploads/Maschinenpark-Klaeger_2023.pdf,2026-10-07T18:59:23+00:00,RETRIEVABLE,200,https://klaeger.de/wp-content/uploads/Maschinenpark-Klaeger_2023.pdf,PDF,4017d285a8d72f02d46914d5d1047a4ab9dd622e3b84124b9c6423e3fb138595,RECHECKED,Named company/site sections; AI first-pass content check,"PDF body names Kläger Spritzguss GmbH & Co. KG, Hochgerichtstrasse 33 Dornstetten: 40 injection machines, several Zeres machines labelled elektrisch, CNC/EDM, automated islands and full parameter monitoring/archiving. Closing force in kN is not electric power. Filename 2023 does not date machine commissioning.","Availability checked separately from holder, claims, period and operating scope.",Codex
S-P100-05,P100,https://klaeger.de/wp-content/uploads/Prozessbeschreibung-Keramikspritzguss.pdf,2026-10-07T18:59:23+00:00,RETRIEVABLE,200,https://klaeger.de/wp-content/uploads/Prozessbeschreibung-Keramikspritzguss.pdf,PDF,a56385c7276555355331a3e2b6475409cef3d8f9ac2db2ce0453b1b5fca9e0d9,RECHECKED,Named company/site sections; AI first-pass content check,"Own named Dornstetten body lists all in-house debinding routes and more than 20 sintering systems; process sintering examples ZrO2 about 1400 C and Al2O3 about 1650 C. Actual heat carrier, duty/load and timing constraints not given.","Availability checked separately from holder, claims, period and operating scope.",Codex
S-P101-03,P101,https://www.metoba.de/wp-content/uploads/2019/10/Metoba-Imagebrosch%C3%BCre.pdf,2026-10-07T18:59:26+00:00,RETRIEVABLE,200,https://www.metoba.de/wp-content/uploads/2019/10/Metoba-Imagebrosch%C3%BCre.pdf,PDF,f6af7c2d42ca63bcd49c0573412b7fe613a9eab1f9c35f8181ee94fd3c0639fa,RECHECKED,Named company/site sections; AI first-pass content check,Own brochure describes band/barrel/rack/selective galvanic processes and automatically controlled/documented process data. Page 13 explicitly says EnMS on ISO 50001 basis is NOT certified; historical undated brochure does not establish current certification or dated energy CAPEX.,"Availability checked separately from holder, claims, period and operating scope.",Codex
S-P101-04,P101,https://www.metoba.de/emas-registrierungsurkunde-2025/,2026-10-07T18:59:27+00:00,RETRIEVABLE,200,https://www.metoba.de/wp-content/uploads/2026/01/EMAS-Registrierungsurkunde-2025.pdf,PDF,4e40b5f48a6a3eaf5978f39e6338f13ad0ea4d84d3954247859fc0c6fad80bd3,RECHECKED,Named company/site sections; AI first-pass content check,"Rendered primary certificate names Metoba, Koenigsberger Strasse 23-33 Luedenscheid, DE-130-00026; first registration 1999-06-30; issue 2026-01-15, valid until 2029-09-30. URL filename 2025 is not issue year. Environmental system is not certified ISO 50001.","Availability checked separately from holder, claims, period and operating scope.",Codex
S-P101-05,P101,https://www.gws-mk.de/oekoprofit-workshop-nachhaltigkeit-und-ressourceneffizienz-im-fokus/,2026-10-07T18:59:27+00:00,RETRIEVABLE,200,https://www.gws-mk.de/oekoprofit-workshop-nachhaltigkeit-und-ressourceneffizienz-im-fokus/,HTML,929e76052f131204b4f37c8e6287ba53673977ea6166bba0dcb6c8d1d7cc9d2f,RECHECKED,Named company/site sections; AI first-pass content check,"Public development agency reports actual BHKW operation and Metoba EMAS history in 2024 context. Operation-date not commissioning-date; fuel, thermal scope and CHP electrical size unknown. Workshop discussion of ISO 50001 is not Metoba certification.","Availability checked separately from holder, claims, period and operating scope.",Codex
S-P101-06,P101,https://www.emas.de/fileadmin/user_upload/4-daten-stat/EMAS-TN-Register.pdf,2026-10-07T18:59:28+00:00,RETRIEVABLE,200,https://www.emas.de/fileadmin/user_upload/4-daten-stat/EMAS-TN-Register.pdf,PDF,899bde5035d94426434d94cf7aea1f49dd77c3dbd58adb4c84e784b05657f00c,RECHECKED,Named company/site sections; AI first-pass content check,"Official active-register snapshot 2026-09-01 includes Metoba Metalloberflaechenbearbeitung GmbH, DE-130-00026, Luedenscheid. Confirms entity registration independently of own brochure; employee line is not copied to canonical staff.","Availability checked separately from holder, claims, period and operating scope.",Codex
S-P102-02,P102,https://www.rudolf-clauss.de/,2026-10-07T18:59:29+00:00,RETRIEVABLE,200,https://www.rudolf-clauss.de/de/,HTML,b1707990f58de2ed273a6e8b6829c0295d2cf06297093e2adecaf0aaaedba222,RECHECKED,Company or production section,Owner describes own electroplating and separately chemical nickel. Owned electrochemical route supplies bounded rectifier relevance; no rectifier ratings or measured harmonic issue.,"Availability checked separately from holder, claims, period and operating scope.",Codex
S-P103-03,P103,https://www.wigl-gmbh.de/professionelle-oberflaechenveredelung/,2026-10-07T18:59:30+00:00,RETRIEVABLE,200,https://www.wigl-gmbh.de/professionelle-oberflaechenveredelung/,HTML,0c26d97f542b572fa8afbda804fd482e826037946fc04461b1cbf16e409d2174,RECHECKED,Exact entity/site body; first-pass content review,Owner names electroplating/anodising and separately chemical nickel at Munich/Neufahrn facilities. Customer heat resistance is not actual bath temperature; electrochemical process suggests rectifier relevance but no measured electrical disturbance.,"Availability checked separately from holder, claims, period and operating scope.",Codex
S-P103-05,P103,https://www.wigl-gmbh.de/wp-content/uploads/Wigl_GmbH_Zertifikat_Oeko_Werk_1.pdf,2026-10-07T18:59:30+00:00,RETRIEVABLE,200,https://www.wigl-gmbh.de/wp-content/uploads/Wigl_GmbH_Zertifikat_Oeko_Werk_1.pdf,PDF,176b31ce1c80d26746a6b81db61f8c5efc1e2c9617953bfd6f5730bf5262f8ca,RECHECKED,Exact entity/site body; first-pass content review,"ISO/ZERT GmbH: Metallveredelung Gebrüder Wigl GmbH, 207964; current period start not separately stated to 2027-02-15. Werk I Neufahrn and separate Werk II Munich bodies visually checked; recertification 2024-02-16, first certification 2019 is not current validity start.","Availability checked separately from holder, claims, period and operating scope.",Codex
S-P103-06,P103,https://www.wigl-gmbh.de/wp-content/uploads/Wigl_GmbH_Zertifikat_Oeko_Werk_2.pdf,2026-10-07T18:59:30+00:00,RETRIEVABLE,200,https://www.wigl-gmbh.de/wp-content/uploads/Wigl_GmbH_Zertifikat_Oeko_Werk_2.pdf,PDF,ddf6a4e710d13ccff3faa9ace3ee4e4d102882a25128e69e2c4e2b3e0ce94217,RECHECKED,Exact entity/site body; first-pass content review,"Separate Werk II Munich image body checked: same exact Wigl holder, number 207964, expiry 2027-02-15. Werk I source is not alone used to establish both sites.","Availability checked separately from holder, claims, period and operating scope.",Codex
S-P104-02,P104,https://holder-oft.de/,2026-10-07T18:59:31+00:00,RETRIEVABLE,200,https://holder-oft.de/,HTML,9b5f7ff890638a381cb5c78f3fd29ca620346012809014dd914d17ad2e1814b9,RECHECKED,Company or production section,zinc; zinc-nickel; chemical nickel; anodising and heat treatment,"Availability checked separately from holder, claims, period and operating scope.",Codex
S-P104-04,P104,https://holder-oft.de/unternehmen/qualitaet-und-umwelt/,2026-10-07T18:59:36+00:00,RETRIEVABLE,200,https://holder-oft.de/unternehmen/qualitaet-und-umwelt/,HTML,d305c71815c18aa7471c1aa1fb2a56a69be3ba98fb1c71fae4705b57b28924d1,RECHECKED,Exact entity/site body; first-pass content review,"Owner energy/environment policy concerns continuous efficiency and resource improvement. A vague energy ambition is not a quantified dated roadmap, energy investment commissioning or downstream crash-energy savings.","Availability checked separately from holder, claims, period and operating scope.",Codex
S-P104-05,P104,https://holder-oft.de/oberflaechenverfahren/waermebehandlung-von-aluminium/,2026-10-07T18:59:37+00:00,RETRIEVABLE,200,https://holder-oft.de/verfahren/aluminium-behandlung/waermebehandlung-von-aluminium/,HTML,2d114f4b0bc5ecd7b8bd114e5a2d2e7e7a3dbe99b7bfb56cef885a6da3ace516,RECHECKED,Exact entity/site body; first-pass content review,"Owner aluminium process page describes owned heat treatment and controlled adaptation to material/part needs. Crash energy absorption is a product property, not process energy consumption; no actual operating temperature or heat carrier.","Availability checked separately from holder, claims, period and operating scope.",Codex
S-P104-06,P104,https://holder-oft.de/wp-content/uploads/Zertifikat-ISO-500012018-2025.pdf,2026-10-07T18:59:37+00:00,RETRIEVABLE,200,https://holder-oft.de/wp-content/uploads/Zertifikat-ISO-500012018-2025.pdf,PDF,84b233bcfcb974f0d9b97337adf4396c960627c92b3bee1bf6417161e36c5de2,RECHECKED,Exact entity/site body; first-pass content review,"TÜV Rheinland Cert GmbH: Holder GmbH Oberflächentechnik, 01 407 061926; current period 2024-06-14 to 2027-06-13. Exact Holder body and annex: Kirchheim, Lenningen and Laichingen; filename 2025 not validity start.","Availability checked separately from holder, claims, period and operating scope.",Codex
S-P105-02,P105,https://www.dresdnersilber.de/,2026-10-07T18:59:37+00:00,RETRIEVABLE,200,https://www.dresdnersilber.de/,HTML,2e42876e278b989406c9d2e68a1f66ab9c265b8a124ce4aeb01b3a4d4c9758a1,RECHECKED,Company or production section,rack and barrel electroplating; precious-metal and nickel coating,"Availability checked separately from holder, claims, period and operating scope.",Codex
S-P105-04,P105,https://osscs.industrystock.com/51124/Zertifikat-ISO-14001-2015.PDF.pdf,2026-10-07T18:59:37+00:00,RETRIEVABLE,200,https://osscs.industrystock.com/51124/Zertifikat-ISO-14001-2015.PDF.pdf,PDF,d000d6ce7720fb0b85757e03f4f4b00c0e6461aa1863a0241e4995437e5239c7,RECHECKED,Named company/site sections; AI first-pass content check,"Owner-linked DEKRA body names Dresdner Silber und Metallveredlung GmbH, Sosaer Strasse 39 Dresden, galvanic metal finishing, 170121011/3; valid 2025-12-23 to 2028-12-22. Previous expiry printed 2025-12-22 is not current expiry.","Availability checked separately from holder, claims, period and operating scope.",Codex
S-P105-05,P105,https://www.ihk.de/dresden/servicenavigation/presse-publikationen/meldungen/engagement-fuer-umwelt-und-klima-erneut-ausgezeichnet-7172602,2026-10-07T18:59:38+00:00,RETRIEVABLE,200,https://www.ihk.de/dresden/servicenavigation/presse-publikationen/meldungen/engagement-fuer-umwelt-und-klima-erneut-ausgezeichnet-7172602,HTML,d7bedd9cf58916e31a73313a4b1a5e41d0f0204035abc56702c2aa60961487bf,RECHECKED,Named company/site sections; AI first-pass content check,"IHK confirms exact firm, ISO 14001 and galvanic process/environmental work. Chemicals/wastewater improvements and alliance membership are not evidence of energy-technology commissioning, energy targets or ISO 50001.","Availability checked separately from holder, claims, period and operating scope.",Codex
S-P106-03,P106,https://www.fv-technische-keramik.de/unternehmen/fertigungsverfahren/,2026-10-07T18:59:38+00:00,RETRIEVABLE,200,https://www.fv-technische-keramik.de/unternehmen/fertigungsverfahren/,HTML,ce7e9165985f24cd020c85d6c7a8f8a21b82ff97e11d9b8e8a58675d84041bdb,RECHECKED,Named company/site sections; AI first-pass content check,"Own Ludwigsburg site lists CNC grinding, honing, lapping, polishing and ultrasound-assisted machining on over 2000 m2. CAD/CAM controls actual CNC equipment. Ceramic material temperature ratings are NOT own kiln process temperature; no owned firing route established.","Availability checked separately from holder, claims, period and operating scope.",Codex
S-P107-03,P107,https://www.keytobavaria.de/firmendetails/dibbern-porzellanmanufaktur-gmbh-1023462,2026-10-07T18:59:38+00:00,RETRIEVABLE,200,https://www.keytobavaria.de/firmendetails/dibbern-porzellanmanufaktur-gmbh-1023462,HTML,b30944181a068c346737d82c0765954e4d98632127a28230e586e5f7fcf49059,RECHECKED,Named company and process sections; AI source recovery,"Exact candidate legal entity at Freundschaft 1, Hohenberg; Fine Bone China manufacturer with hand-formed plates/bowls/cups. Dated/certified furnace configuration is not established.","Availability checked separately from holder, claims, period and operating scope.",Codex
S-P107-04,P107,https://dibbern-porzellanurnen.de/porzellanmanufaktur/,2026-10-07T18:59:43+00:00,RETRIEVABLE,200,https://dibbern-porzellanurnen.de/porzellanmanufaktur/,HTML,54cbc5906d358ee686e85afdbb39d058e893251cbf616c65982638120e6e8c18,RECHECKED,Named company and process sections; AI source recovery,Owner attributes Fine Bone China manufacture to Hohenberg and actual furnace waste heat to heating the production building; purchased green electricity not proof of electric kilns or onsite generation. Material/water recycling is not process-heat electrification. Exact legal entity corroborated by government profile.,"Availability checked separately from holder, claims, period and operating scope.",Codex
S-P108-03,P108,https://reichenbach-porzellan.de/portfolio/brennen/,2026-10-07T18:59:43+00:00,RETRIEVABLE,200,https://reichenbach-porzellan.de/portfolio/brennen/,HTML,f378b2a0b631034f1ea93d502221d84d52b2831c23245971bbd7fb608ac05de7,RECHECKED,Named company/site sections; AI first-pass content check,"Owner states 100 percent production in Reichenbach: actual first firing 950 C then glaze firing 1380 C. Heat carrier, grid/load size and available timing freedom unknown. Two stages alone do not establish dispatchable flexibility or thermal storage.","Availability checked separately from holder, claims, period and operating scope.",Codex
S-P109-03,P109,https://www.nymphenburg.com/pages/brennerei,2026-10-07T18:59:43+00:00,RETRIEVABLE,200,https://www.nymphenburg.com/pages/brennerei,HTML,5cd80629e5ae381055bb91cf9df4d2dfe2acabe374a886fc01df9b52f4bb3681,RECHECKED,Named company/site sections; AI first-pass content check,"Own kiln route: first firing 950 C, glaze firing around 1400 C up to 36 hours, subsequent decorative firing. Duration is not available shift window. No actual heat carrier or nameplate load given.","Availability checked separately from holder, claims, period and operating scope.",Codex
S-P109-04,P109,https://www.nymphenburg.com/pages/wasserkraft,2026-10-07T18:59:43+00:00,RETRIEVABLE,200,https://www.nymphenburg.com/pages/wasserkraft,HTML,505b97e48b0435daacd87056781af7e58ce816efd1fc725b26b66093a662329d,RECHECKED,Named company/site sections; AI first-pass content check,"Water from Schlossbach drives mills, stirrer and pottery wheels through a mechanical belt network. This is mechanical hydropower, NOT evidence of owned hydroelectric generation, electric motor drives, inverter deployment, PV or grid export.","Availability checked separately from holder, claims, period and operating scope.",Codex
S-P109-05,P109,https://www.nymphenburg.com/pages/qualitatsversprechen,2026-10-07T18:59:44+00:00,RETRIEVABLE,200,https://www.nymphenburg.com/pages/qualitatsversprechen,HTML,f3f0a45fa545fd7c7b112be368384f71f43cb617c2538e45f8a2c972e70dc19a,RECHECKED,Named company/site sections; AI first-pass content check,"Owner states only firing technique adapted for more climate-friendly operation; no carrier, equipment model, date or quantified target. Mechanical water drive persists. Change is some measure, not independently verified electric kiln or recent investment.","Availability checked separately from holder, claims, period and operating scope.",Codex
S-P11-01,P11,https://bt-unternehmensgruppe.de/175jahre,2026-10-07T18:59:45+00:00,RETRIEVABLE,200,https://bt-unternehmensgruppe.de/175jahre,HTML,9b1fee1d7c09a8b9620cba8d9fbb78b213c8a1bdb370c90885cf77a181812e78,RECHECKED,Company history,About 165 employees at the Wetzlar and Hüttenberg sites; group history and surface-treatment business,"Availability checked separately from holder, claims, period and operating scope.",Codex
S-P11-02,P11,https://bt-unternehmensgruppe.de/mitmachworkshop22,2026-10-07T18:59:45+00:00,RETRIEVABLE,200,https://bt-unternehmensgruppe.de/mitmachworkshop22,HTML,bf3891bdd0e1090433ff978e63f9d9be7586847b51cd219807ba4e0764224150,RECHECKED,Project description,Digital process-data work in electroplating; does not prove flexibility or power-quality deployment,"Availability checked separately from holder, claims, period and operating scope.",Codex
S-P11-03,P11,https://bt-unternehmensgruppe.de/assets/bt-unternehmensgruppe.de/downloads/2026_14001-50001-ENGUS-UKAS.pdf,2026-10-07T18:59:45+00:00,RETRIEVABLE,200,https://bt-unternehmensgruppe.de/assets/bt-unternehmensgruppe.de/downloads/2026_14001-50001-ENGUS-UKAS.pdf,PDF,6c538f8ec5e648077f12acc8a391add33b2ca78152e00bc7e582ea311dd09bf6,RECHECKED,Pages 1-2,ISO 50001 approval 00012633 and ISO 14001 approval 00008130; valid through 1 March 2029; Hüttenberg and Wetzlar surface-treatment sites in scope,"Availability checked separately from holder, claims, period and operating scope.",Codex
S-P12-02,P12,https://www.richard-henkel.de/oberfl%C3%A4chentechnik.html,2026-10-07T18:59:46+00:00,RETRIEVABLE,200,https://www.richard-henkel.de/oberfl%C3%A4chentechnik.html,HTML,38d60096df78e330016c9f009be7f581532a6f3281d5844b5401afa32625abfa,RECHECKED,Production,Mechanical pretreatment; degreasing; phosphating; rinsing; electrostatic and tribo powder coating; closed-loop process statement,"Availability checked separately from holder, claims, period and operating scope.",Codex
S-P12-03,P12,https://www.richard-henkel.de/downloads.html?file=files/downloads/2024_Umwelterklaerung_Richard_Henkel.pdf,2026-10-07T18:59:49+00:00,RETRIEVABLE,200,https://www.richard-henkel.de/downloads.html?file=files/downloads/2024_Umwelterklaerung_Richard_Henkel.pdf,PDF,d53906c8788edf349d57aad4cfa0642a38bd41576ca206082f323b5bce4c59a8,RECHECKED,Pages 13-17; 34-38,"Powder-coating electricity and LPG heat demand; compressed-air and process-heat projects; operational energy management; PV, storage and heat recovery remain planned; validated EMAS statement","Availability checked separately from holder, claims, period and operating scope.",Codex
S-P12-04,P12,https://www.richard-henkel.de/downloads.html?file=files/downloads/EMAS+Urkunde_bis_2026.pdf,2026-10-07T18:59:49+00:00,RETRIEVABLE,200,https://www.richard-henkel.de/downloads.html?file=files/downloads/EMAS+Urkunde_bis_2026.pdf,PDF,c2846c462cba0facb8142349e7078b049ac29967f4368e6a3b7dcca305f5af24,RECHECKED,"Rendered certificate body: holder, DE-136-00012, expiry","Exact Richard Henkel GmbH certificate DE-136-00012, issued IHK Heilbronn-Franken 2022-12-22, expires 2026-09-11. Expired at 2026-10-07; a later environmental statement does not extend certificate expiry. Current successor not verified.","Availability checked separately from holder, claims, period and operating scope.",Codex
S-P12-05,P12,https://www.richard-henkel.de/downloads.html?file=files/downloads/2024_Klimawin-BW_Bericht.pdf,2026-10-07T18:59:50+00:00,RETRIEVABLE,200,https://www.richard-henkel.de/downloads.html?file=files/downloads/2024_Klimawin-BW_Bericht.pdf,PDF,d04353b5eac3f0540738eb750f7096473bcc3ddce4c21f508614bb092e575a43,RECHECKED,Pages 3 and 10-14,35 employees; third-generation management; process-heat and compressed-air efficiency results; Scope 1 baseline and 2026 target,"Availability checked separately from holder, claims, period and operating scope.",Codex
S-P13-02,P13,https://www.schmalriede.de/unternehmen,2026-10-07T18:59:51+00:00,RETRIEVABLE,200,https://www.schmalriede.de/unternehmen,HTML,fd58a9961c291e3e32ac42ebfe4586439e34abab9cb8d55ec3f31fb90948382b,RECHECKED,Company profile,"Family management; 182 employees; three-shift operation; seven halls; 14,000 t of coated goods in 2020","Availability checked separately from holder, claims, period and operating scope.",Codex
S-P13-03,P13,https://www.schmalriede.de/,2026-10-07T18:59:51+00:00,RETRIEVABLE,200,https://www.schmalriede.de/,HTML,bc1110c817c2407166366866eda904a5003a403b28c7c9973d30f48e308023d7,RECHECKED,Production,"Zinc, zinc-iron and zinc-nickel electroplating; heat treatment; phosphating and powder coating","Availability checked separately from holder, claims, period and operating scope.",Codex
S-P13-04,P13,https://www.schmalriede.de/unternehmen/umwelt-qualitaetsmanagement,2026-10-07T18:59:51+00:00,RETRIEVABLE,200,https://www.schmalriede.de/unternehmen/umwelt-qualitaetsmanagement,HTML,951f20ecf540e74a4881f728c444abefffc3bd3d307f8c5b24b010c0b532d21c,RECHECKED,Company principles; final environmental paragraph,Undated company page states climate neutrality ambition by 2025. No implementation roadmap or proof of achievement; deadline has passed by the check date.,"Availability checked separately from holder, claims, period and operating scope.",Codex
S-P13-05,P13,https://www.schmalriede.de/services/vor-der-behandlung,2026-10-07T18:59:51+00:00,RETRIEVABLE,200,https://www.schmalriede.de/services/vor-der-behandlung,HTML,e3fb7d3216b3c3b174b91d00323d9db58c8f8a93a91b802dead09fe0d2b7eab6,RECHECKED,Fliehkraftgleitschleifen; Härten,Rotating-disc centrifugal finishing; hardening is offered as a service and does not establish an owned onsite furnace or its energy carrier.,"Availability checked separately from holder, claims, period and operating scope.",Codex
S-P13-06,P13,https://www.schmalriede.de/fileadmin/user_upload/Downloads_zertifikate/Whitepaper_Moderne_Galvanik.pdf,2026-10-07T18:59:51+00:00,RETRIEVABLE,200,https://www.schmalriede.de/fileadmin/user_upload/Downloads_zertifikate/Whitepaper_Moderne_Galvanik.pdf,PDF,f2ca3e248b2ea676ae2c99653ee6eb67d6cd19430946536997df1b1e7e799a13,RECHECKED,Pages 1-2,"Company-authored generic electroplating explanation specifies direct current. Statements about efficient power supplies, AI/IoT and control are general industry options, not Schmalriede deployment evidence.","Availability checked separately from holder, claims, period and operating scope.",Codex
S-P13-07,P13,https://www.schmalriede.de/fileadmin/user_upload/Downloads_zertifikate/20240507-SR-12874-Imagebrosch%C3%BCre-Web.pdf,2026-10-07T18:59:52+00:00,RETRIEVABLE,200,https://www.schmalriede.de/fileadmin/user_upload/Downloads_zertifikate/20240507-SR-12874-Imagebrosch%C3%BCre-Web.pdf,PDF,6308e2e05aeea30457d7ca3e4e183235e4663274887b549ff98bc7f6ebbe4413,RECHECKED,Pages 2 and 5; 2024 label is not a verified publication/commissioning date,"Three-shift plant, multiple barrel/rack lines and 2024 expansion/wastewater-modernisation description. Resource/chemical savings are not verified site energy savings; onsite hardening ownership not proved.","Availability checked separately from holder, claims, period and operating scope.",Codex
S-P13-09,P13,https://www.schmalriede.de/fileadmin/user_upload/Downloads_zertifikate/Zertifikat_14001_2026-2029.pdf,2026-10-07T18:59:56+00:00,RETRIEVABLE,200,https://www.schmalriede.de/fileadmin/user_upload/Downloads_zertifikate/Zertifikat_14001_2026-2029.pdf,PDF,78502b30595863626030e84925cbab3fe1b819f2ce88262726d2de98b3072900,RECHECKED,"Single-page certificate; exact holder, scope and validity","DMSZ certifies Schmalriede-Zink GmbH at Handelsstrasse 3-5, Ganderkesee, for galvanic surface manufacture; UM 22107-Z05101 valid 2026-02-21 to 2029-02-20. ISO 14001 is not ISO 50001.","Availability checked separately from holder, claims, period and operating scope.",Codex
S-P15-01,P15,https://eloxal-barz.de/,2026-10-07T18:59:56+00:00,RETRIEVABLE,200,https://eloxal-barz.de/,HTML,5d2b6956996cb57ace730d65bdd7765592e8c5b10c2ca04b1c88fe04e0b22541,RECHECKED,Impressum,Exact legal entity; address; register identity; family representatives,"Availability checked separately from holder, claims, period and operating scope.",Codex
S-P15-03,P15,https://eloxal-barz.de/,2026-10-07T18:59:56+00:00,RETRIEVABLE,200,https://eloxal-barz.de/,HTML,5d2b6956996cb57ace730d65bdd7765592e8c5b10c2ca04b1c88fe04e0b22541,RECHECKED,Tradition & Innovation; Verfahren; Kleinserien; Impressum,"Exact-entity homepage documents electrochemical anodising, technical/colour/hard anodising and small series. ISO 9001 since 1998 is a quality-system claim only; no current rectifier model, thermal route or rated load is established.","Availability checked separately from holder, claims, period and operating scope.",Codex
S-P15-04,P15,https://www.initiative-co2.de/wp-content/uploads/2016/01/InitiativeCO2_Projekthandbuch_2016_Georg_Fischer.pdf,2026-10-07T18:59:57+00:00,RETRIEVABLE,200,https://www.initiative-co2.de/wp-content/uploads/2016/01/InitiativeCO2_Projekthandbuch_2016_Georg_Fischer.pdf,PDF,b9ab95a050faa5c5ee3eb38c0e08710f63764e9049a2dfd1c372dcc6b2d48306,RECHECKED,"Pages 1-2, Eloxal Barz case and author credit","Supplier-authored historical 2016 Eloxal Barz case describes insulated sulfuric-acid and glycol cooling lines, coolant around minus 5 deg C, manual/pneumatic valves and a flow transmitter. Generic material operating ranges are not actual bath temperatures. Current continuity and measured energy savings are unverified; the case is outside the 2021-10-07 to 2026-10-07 investment lookback.","Availability checked separately from holder, claims, period and operating scope.",Codex
S-P15-05,P15,https://www.xing.com/profile/Sina_Barz,2026-10-07T19:00:01+00:00,RETRIEVABLE,200,https://www.xing.com/profile/Sina_Barz,HTML,7d670b78e785f3e73634f6ed7d9fcf330c1f6de2aacd9e2f0dca1158dbf45493,RECHECKED,Public timeline: Energiemanagementbeauftragte; not the login-only full profile,"Publicly visible self-report describes an energy-management officer role since December 2016, energy audits, electricity procurement and energy-saving duties at Eloxal Barz. The company imprint names the same representative. The limited public profile is an unverified management claim, not certification, proof of current EnMS maturity or a technology inventory; no login/private data used.","Availability checked separately from holder, claims, period and operating scope.",Codex
S-P16-02,P16,https://www.sembach.de/en/company/,2026-10-07T19:00:01+00:00,RETRIEVABLE,200,https://www.sembach.de/en/company/,HTML,3988b81d39deac544596be26012049e3857e11cb1c3366e5fd69602b7fb3deb5,RECHECKED,Company profile,Owner-managed family business; 200 employees; energy-intensive technical-ceramics production; company certification statements,"Availability checked separately from holder, claims, period and operating scope.",Codex
S-P16-03,P16,https://www.sembach.de/en/production/,2026-10-07T19:00:01+00:00,RETRIEVABLE,200,https://www.sembach.de/en/production/,HTML,1ebdd8a434560eeb500c9de86ca5f43c90942f28a7d0bec12a3f95c64dd16042,RECHECKED,Production,"Spray drying; debinding up to 1,100 C; sintering at 1,200-1,750 C; high-temperature and chamber furnaces","Availability checked separately from holder, claims, period and operating scope.",Codex
S-P16-04,P16,https://www.sembach.de/wp-content/uploads/ISO-50001-bis-2028-E.pdf,2026-10-07T19:00:01+00:00,RETRIEVABLE,200,https://www.sembach.de/wp-content/uploads/ISO-50001-bis-2028-E.pdf,PDF,33982322cd4611f22aa41c6906cff6d0b712ffcdf5165850e8276066eb9fcf6f,RECHECKED,Certificate,ISO 50001:2018 valid from 18 June 2025 through 17 June 2028 for the Lauf production site,"Availability checked separately from holder, claims, period and operating scope.",Codex
S-P16-05,P16,https://www.sembach.de/wp-content/uploads/ISO-14001-bis-2028-E.pdf,2026-10-07T19:00:01+00:00,RETRIEVABLE,200,https://www.sembach.de/wp-content/uploads/ISO-14001-bis-2028-E.pdf,PDF,c1975cd69de19f171bcabfa6e09af142e5b4f1010dfc015c97038953b69db9bc,RECHECKED,Certificate,ISO 14001:2015 valid from 18 June 2025 through 17 June 2028 for the Lauf production site,"Availability checked separately from holder, claims, period and operating scope.",Codex
S-P18-02,P18,https://lamberts.de/home,2026-10-07T19:00:01+00:00,RETRIEVABLE,200,https://lamberts.de/home,HTML,19d5a93ed5481fe6b5e4b853a6d1a1cdeef7762ea9e5725f5db28fd47e7fa35b,RECHECKED,Production,"About 70 employees; melting sand, soda and lime; colouring; mouth blowing; cylinder reheating and sheet forming","Availability checked separately from holder, claims, period and operating scope.",Codex
S-P18-03,P18,https://lamberts.de/der-zukunft-verpflichtet,2026-10-07T19:00:01+00:00,RETRIEVABLE,200,https://lamberts.de/der-zukunft-verpflichtet,HTML,c4fa0fb655875e9ce464974c0202f53338537d88c698fcfd1fa6f984dc52b0fd,RECHECKED,Energy and environment,Natural-gas firing; internal and external cullet; flue-gas filtration; firing-efficiency improvement; certified operational energy management,"Availability checked separately from holder, claims, period and operating scope.",Codex
S-P18-04,P18,https://lamberts.de/files/content/Mainpage/Unsere%20Glashuette/Zukunft/Zertifikat_Z-EM-13067-2023-001_Glashuette_Lamberts_Waldsassen.pdf,2026-10-07T19:00:04+00:00,RETRIEVABLE,200,https://lamberts.de/files/content/Mainpage/Unsere%20Glashuette/Zukunft/Zertifikat_Z-EM-13067-2023-001_Glashuette_Lamberts_Waldsassen.pdf,PDF,9b88cbb556d1d752e593be0ed4be032b75388fa3444686874f8677ebfcb20169,RECHECKED,Certificate,ISO 50001:2018 valid through 19 December 2026 for glass manufacture at Waldsassen,"Availability checked separately from holder, claims, period and operating scope.",Codex
S-P19-02,P19,https://www.lamberts.info/unternehmen,2026-10-07T19:00:05+00:00,RETRIEVABLE,200,https://www.lamberts.info/unternehmen,HTML,618de2134e217ceefd4c9be9d0d919d72ed7730d8433ed71eb76a2266055485b,RECHECKED,Company profile,Independent family-owned medium-sized company; integrated cast-glass production; direct certificate index,"Availability checked separately from holder, claims, period and operating scope.",Codex
S-P19-03,P19,https://www.lamberts.info/en/iecoglass/ecology,2026-10-07T19:00:05+00:00,RETRIEVABLE,200,https://www.lamberts.info/en/iecoglass/ecology,HTML,1a68f7f55b7d514fb98684caefadded21eac94fef61edd5ec9f2fea8ba79a2d4,RECHECKED,Energy and environment,"Corporate improvement programme covers the melting furnace, firing method and recycled glass from internal and external cycles","Availability checked separately from holder, claims, period and operating scope.",Codex
S-P19-04,P19,https://www.lamberts.info/fileadmin/user_upload/ecoglass/ISO_50001_Zertifizierung__Energiemanagement__062028.pdf,2026-10-07T19:00:10+00:00,RETRIEVABLE,200,https://www.lamberts.info/fileadmin/user_upload/ecoglass/ISO_50001_Zertifizierung__Energiemanagement__062028.pdf,PDF,70dc766ec7079d88da47b35c612febaa03aa441b0250f7895162b2d245ff85dd,RECHECKED,Certificate,ISO 50001:2018 valid from 2 June 2025 through 1 June 2028 for cast-glass production at Wunsiedel,"Availability checked separately from holder, claims, period and operating scope.",Codex
S-P19-05,P19,https://www.lamberts.info/fileadmin/user_upload/ecoglass/ISO_14001_Zertifizierung_ab_2024_Umweltmanagement.pdf,2026-10-07T19:00:10+00:00,RETRIEVABLE,200,https://www.lamberts.info/fileadmin/user_upload/ecoglass/ISO_14001_Zertifizierung_ab_2024_Umweltmanagement.pdf,PDF,5cdcbbcd9fac461fe3ab991a3db5352e6c76135cac9a90a3ad7599784d683439,RECHECKED,Certificate,ISO 14001:2015 valid from 5 April 2024 through 4 April 2027 for cast-glass production at Wunsiedel,"Availability checked separately from holder, claims, period and operating scope.",Codex
S-P20-01,P20,https://www.derix.com/impressum,2026-10-07T19:00:10+00:00,RETRIEVABLE,200,https://www.derix.com/impressum,HTML,f798d25aa887f9d3fcdecd4cb8ac86f66583d91ef4f6be36f11337261d9001ed,RECHECKED,Impressum,Exact legal entity; address; register identity; managing shareholder,"Availability checked separately from holder, claims, period and operating scope.",Codex
S-P20-02,P20,https://exportpreis-hessen.de/2019-235/,2026-10-07T19:00:11+00:00,RETRIEVABLE,200,https://exportpreis-hessen.de/2019-235/,HTML,6a560076c512f016334b27a629ae32a17b164b75d0f50a45cd43e105d44575ab,RECHECKED,Company profile,Architectural art-glass production and international activity; no group affiliation or energy deployment stated,"Availability checked separately from holder, claims, period and operating scope.",Codex
S-P20-03,P20,https://flachglas-markenkreis.de/glasnetzwerk/mitglieder/derix-glasstudios-gmbh-co-kg/,2026-10-07T19:00:11+00:00,RETRIEVABLE,200,https://flachglas-markenkreis.de/glasnetzwerk/mitglieder/derix-glasstudios-gmbh-co-kg/,HTML,7c3950f0bc887e64030d67c66d2f4cb477ff0d7b62e7729b84c066479f471836,RECHECKED,Production,Specialised glass design and processing; supports the batch glass-treatment mapping,"Availability checked separately from holder, claims, period and operating scope.",Codex
S-P20-04,P20,https://www.derix.com/heissversformen,2026-10-07T19:00:11+00:00,RETRIEVABLE,200,https://www.derix.com/heissversformen,HTML,f6c8fd36975c73874a001201efb79fc2bacfb50123a14311c6a32a4ac7d9dbca,RECHECKED,Process description,Official company page documents manual hot forming of glass with firing materials at approximately 800 C; supports kiln-based batch-process relevance but not energy-system deployment,"Availability checked separately from holder, claims, period and operating scope.",Codex
S-P21-02,P21,https://www.efa.nrw/aktuell/details/foerderprogramme-belohnen-unternehmen-die-innovativ-sind-interview-mit-marc-zinkler-braumeister-und-betriebsleiter-der-privatbrauerei-moritz-fiege,2026-10-07T19:00:13+00:00,RETRIEVABLE,200,https://www.efa.nrw/aktuell/details/foerderprogramme-belohnen-unternehmen-die-innovativ-sind-interview-mit-marc-zinkler-braumeister-und-betriebsleiter-der-privatbrauerei-moritz-fiege,HTML,456ee72803f3750bb49793322b9542d4a2df2aea154e9499ff4cf0d4664c0de7,RECHECKED,Production investment,"Bottle washer commissioned in 2020; additional air heat recovery, solar-air drying and efficient compressors reported by July 2023. Energy recovery/storage was an agenda item, not proof of deployed storage.","Availability checked separately from holder, claims, period and operating scope.",Codex
S-P21-04,P21,https://www.efa.nrw/aktuell/details/projekt-brauerei-der-zukunft-das-rezept-fuer-klimaneutrales-bier,2026-10-07T19:00:13+00:00,RETRIEVABLE,200,https://www.efa.nrw/aktuell/details/projekt-brauerei-der-zukunft-das-rezept-fuer-klimaneutrales-bier,HTML,fe73428431bbd884af859f395509b386469538d6f5ccfb8ceb52eca46ad13493,RECHECKED,Company-specific paragraphs,Moritz Fiege uses ecocockpit carbon accounting and the resource-efficient bottle washer; sector-wide gas/heat-pump statements are not site-specific deployment evidence.,"Availability checked separately from holder, claims, period and operating scope.",Codex
S-P22-01,P22,https://www.riedenburger.de/about/,2026-10-07T19:00:14+00:00,RETRIEVABLE,200,https://www.riedenburger.de/about/,HTML,342e326ea6eb522e381dded489c39535c7d9c7c8f683234453f68ffbb91ec19f,RECHECKED,Impressum,Exact legal entity; address; register identity; managing director,"Availability checked separately from holder, claims, period and operating scope.",Codex
S-P22-02,P22,https://www.riedenburger.de/neues/fossilfreie-bierherstellung/,2026-10-07T19:00:14+00:00,RETRIEVABLE,200,https://www.riedenburger.de/neues/fossilfreie-bierherstellung/,HTML,4f378d9f217edc30f4ea3a056d12e3181680bdbb080370f7c0cea475de791742,RECHECKED,Energy project,"Dated own article describes an energy demonstration being built in the new production site; thermal stores delivered/installed that week. Future PV/heat-pump/vapour-compression coordination and 55,000-litre/about-5,000-kWh largest store; commissioned operation and existing fossil baseline not established.","Availability checked separately from holder, claims, period and operating scope.",Codex
S-P22-03,P22,https://www.regionales-bayern.de/anbieter/riedenburger-brauhaus-michael-krieger-gmbh-co-kg-15003/,2026-10-07T19:00:14+00:00,RETRIEVABLE,200,https://www.regionales-bayern.de/anbieter/riedenburger-brauhaus-michael-krieger-gmbh-co-kg-15003/,HTML,9a715d45832058686c40131354ceaef833ecbc913d84bd32eca4a627af51414b,RECHECKED,Eligibility,"About 40 employees and approximately 30,000 hl annual output","Availability checked separately from holder, claims, period and operating scope.",Codex
S-P23-01,P23,https://www.fm-plast.de/deutsch/impressum,2026-10-07T19:00:14+00:00,RETRIEVABLE,200,https://www.fm-plast.de/deutsch/impressum,HTML,12f1eac298e855f339a5f2c4abdfc2b7629a57c648284d93218391d262880331,RECHECKED,Impressum,Exact legal entity; address; register identity; managing directors,"Availability checked separately from holder, claims, period and operating scope.",Codex
S-P23-02,P23,https://www.fm-plast.de/deutsch/environment/,2026-10-07T19:00:16+00:00,RETRIEVABLE,200,https://www.fm-plast.de/deutsch/environment/,HTML,213612b641fcf2f0cc565f08fb401b22dfa679b6e9d1da8a1c911b573fc0561a,RECHECKED,Energy and production,Company-stated ISO 50001 system; electric moulding machines; closed water cooling; machine waste heat used for building heat,"Availability checked separately from holder, claims, period and operating scope.",Codex
S-P23-04,P23,https://www.fm-plast.de/media/wysiwyg/PDF/50001_de.pdf,2026-10-07T19:00:18+00:00,RETRIEVABLE,200,https://www.fm-plast.de/media/wysiwyg/PDF/50001_de.pdf,PDF,e1fb7cba75ddf498c5128cafb0e16004e795f9a5e7797fbb642c2ab17c9a0bb5,RECHECKED,Certificate,ISO 50001:2018 valid from 22 May 2024 through 21 May 2027 for injection-moulded plastic parts at Lennestadt,"Availability checked separately from holder, claims, period and operating scope.",Codex
S-P24-01,P24,https://www.hk-mueller.de/de/impressum/,2026-10-07T19:00:19+00:00,RETRIEVABLE,200,https://www.hk-mueller.de/de/impressum/,HTML,9cd7be8ee4a6b3f8585b3df0da5c7c98ff6cb17834e1138ee693b36fe3d088c3,RECHECKED,Impressum,Exact legal entity; address; register identity; general partner and managing director,"Availability checked separately from holder, claims, period and operating scope.",Codex
S-P24-02,P24,https://www.hk-mueller.de/de/,2026-10-07T19:00:20+00:00,RETRIEVABLE,200,https://www.hk-mueller.de/de/,HTML,abdb526f9b4d2923dbb8125f34ae818a1436ad2bf30e291b1171911c8adc62a9,RECHECKED,Company profile,Family-owned single-site injection moulding business with about 110 employees,"Availability checked separately from holder, claims, period and operating scope.",Codex
S-P24-03,P24,https://www.hk-mueller.de/fileadmin/Dokumente/Zertifikate/50001_deutsch_H_K_Mueller_26.pdf,2026-10-07T19:00:20+00:00,RETRIEVABLE,200,https://www.hk-mueller.de/fileadmin/Dokumente/Zertifikate/50001_deutsch_H_K_Mueller_26.pdf,PDF,3a0aacba29f343e3154586371a3a96b0dc1fb9de42f14716c30607c25c735eff,RECHECKED,Certificate,ISO 50001:2018 valid 4 July 2026 through 3 July 2029 and covering all consumed energy quantities,"Availability checked separately from holder, claims, period and operating scope.",Codex
S-P25-05,P25,https://scheplast.de/nachhaltigkeit/,2026-10-07T19:00:20+00:00,RETRIEVABLE,200,https://scheplast.de/nachhaltigkeit/,HTML,bdc959c84ec8f3723ebe08d0376aa3553cef18f26e4959653fcd8d87cd113d72,RECHECKED,AUS DER NATUR FUER DIE NATUR; Umweltpreis/Zertifizierungen,"Company describes own rooftop PV on production/administration/warehouse buildings, over 80 percent self-consumption and waste-heat utilisation; undated company claims, not metered energy data or a commissioned biogas plant.","Availability checked separately from holder, claims, period and operating scope.",Codex
S-P25-06,P25,https://scheplast.de/wp-content/uploads/2024/03/Scheplast-certificate-ISO-14001_2015-valid-2027-en.pdf,2026-10-07T19:00:21+00:00,RETRIEVABLE,200,https://scheplast.de/wp-content/uploads/2024/03/Scheplast-certificate-ISO-14001_2015-valid-2027-en.pdf,PDF,e132559b4c4c5718f989acd6fe66146ca77dfed2dc04b7e61f8a9df28c294788,RECHECKED,"Page 1: holder, scope, number and validity","Exact holder Scheplast GmbH, Kunststoff-Formteile, Stegwiesen 4, 88477 Schwendi; certificate 12 104 23864 TMS, valid 2024-03-06 through 2027-02-26; injection moulding parts, moulds, assemblies and plastic system solutions. ISO 14001 does not establish ISO 50001.","Availability checked separately from holder, claims, period and operating scope.",Codex
S-P25-07,P25,https://scheplast.de/,2026-10-07T19:00:21+00:00,RETRIEVABLE,200,https://scheplast.de/,HTML,d75257bc1cc824978220cf38160ee3ddb94f0a7b4d813c03b2f97bb6c276ed91,RECHECKED,Kunststoffverarbeitung; Bioenergiehof; Bioraffinerie,"Company describes a machine park with over 20 machines and robots. Bioenergiehof and biorefinery describe intentions/customer concepts, not commissioned own-site CHP. The separate process page describes 18 machines and around 40 employees; dates and counts are unresolved, so no current inventory or staff update is inferred.","Availability checked separately from holder, claims, period and operating scope.",Codex
S-P26-01,P26,https://barth-galvanik.de/,2026-10-07T19:00:28+00:00,RETRIEVAL_FAILED,500,,,,UNAVAILABLE,Production,Galvanic surfaces; zinc-flake coating; hardening and other heat-treatment services,HTTP Error 500: Internal Server Error,Codex
S-P26-04,P26,https://barth-galvanik.de/download/energiemanagement-iso-500012018_deutsch/,2026-10-07T19:00:28+00:00,RETRIEVABLE,200,https://barth-galvanik.de/download/energiemanagement-iso-500012018_deutsch/,PDF,5e5d2f4654e1103b8b7880458ae4b3540284ee3397d476dd6e2ead684a7ef58b,RECHECKED,"Pages 1-2: holder, sites, scope, number and validity","Direct exact-holder DNV certificate 10000407436-MSC-RvA-DEU, valid 2024-06-26 through 2027-06-25, issued 2024-05-30, covering Barth Galvanik GmbH and annexed sites. This verifies certified EnMS, not approval of a score or canonical deployment update.","Availability checked separately from holder, claims, period and operating scope.",Codex
S-P26-06,P26,https://barth-galvanik.de/waermebehandlung,2026-10-07T19:00:28+00:00,RETRIEVABLE,200,https://barth-galvanik.de/waermebehandlung,HTML,b5b8456c85ff69b7bd8f2106ec72e3e190909b409a912ad9a2a97ccf0abff38b,RECHECKED,Waermebehandlung: installations,"Own six continuous belt furnaces and one induction-hardening machine; three quench/temper and three annealing belt lines. No belt-furnace fuel, actual process temperature, rated load or admissible interruption window is disclosed.",Initial direct GET failed; own trailing-slash request recovered the same canonical primary URL. Initial failure retained in retry record.,Codex
S-P26-07,P26,https://barth-galvanik.de/waermebehandlung/induktivhaerten,2026-10-07T19:00:28+00:00,RETRIEVABLE,200,https://barth-galvanik.de/waermebehandlung/induktivhaerten,HTML,890c609b0998abe100fc23ac160c36581987f45260caadcfe41d55a6533bfd89,RECHECKED,Induktivhaerten: own process and quality control,"Owned induction-hardening process rotates each screw, hardens in less than one second, monitors individual quality parameters and automatically segregates rejects. 600 HV is hardness, not degrees C; individual process duration is not an available load-shifting window.","Availability checked separately from holder, claims, period and operating scope.",Codex
S-P26-08,P26,https://barth-galvanik.de/oberflaechenbeschichtung/galvanische-beschichtung,2026-10-07T19:00:29+00:00,RETRIEVAL_FAILED,500,,,,UNAVAILABLE,Galvanische Beschichtung,"Own rack/barrel galvanic zinc/nickel processes and hydrogen-embrittlement post-tempering. Coating recipes do not prove multiple separate rectifiers, actual bath heat or fuel demand.",HTTP Error 500: Internal Server Error,Codex
S-P26-09,P26,https://barth-galvanik.de/downloads,2026-10-07T19:00:29+00:00,RETRIEVABLE,200,https://barth-galvanik.de/downloads,HTML,c8ec5d842014e4f76f7f6c198dbfa22358c1c79599819859641dd88bc932fd8e,RECHECKED,Zertifikate,"Company index links current direct ISO 50001 and ISO 14001 certificates; actual holder, dates and scope checked in the full PDFs and rendered pages.",Initial direct GET failed; own trailing-slash request recovered the same canonical primary URL. Initial failure retained in retry record.,Codex
S-P27-01,P27,https://www.bce-special-ceramics.com/company/,2026-10-07T19:00:29+00:00,RETRIEVABLE,200,https://www.bce-special-ceramics.com/company/,HTML,ce5e42b5f7ed7d31fdb4af9ac7695abf8fab169aea2804af046a057a8049e317,RECHECKED,Company profile,Owner-managed independent company with about 30 employees and in-house technical-ceramic production,"Availability checked separately from holder, claims, period and operating scope.",Codex
S-P27-03,P27,https://www.bce-special-ceramics.com/research-project-enitec/,2026-10-07T19:00:29+00:00,RETRIEVABLE,200,https://www.bce-special-ceramics.com/research-project-enitec/,HTML,80f52e4b45fcfa63d049c3f6fa7dc0d8cd9376034b5551473b739b5c61e3d601,RECHECKED,Project description,Official page documents small electrically heated ovens plus debinding and sintering processes at BCE; historical project evidence supports furnace-process relevance but does not prove current technology deployment,"Availability checked separately from holder, claims, period and operating scope.",Codex
S-P27-04,P27,https://www.bce-special-ceramics.com/company/,2026-10-07T19:00:30+00:00,RETRIEVABLE,200,https://www.bce-special-ceramics.com/company/,HTML,ce5e42b5f7ed7d31fdb4af9ac7695abf8fab169aea2804af046a057a8049e317,RECHECKED,TECHNICAL EQUIPMENT; FAQ,"Ten CNC-controlled machines, additional NC machining and in-house pressing/grinding; ISO 9001 quality claim is not ISO 50001 or an EnMS.","Availability checked separately from holder, claims, period and operating scope.",Codex
S-P28-03,P28,https://www.bergbier.de/aktuelles/blog/neues-kaeltekonzept,2026-10-07T19:00:31+00:00,RETRIEVABLE,200,https://www.bergbier.de/aktuelles/blog/neues-kaeltekonzept,HTML,940829d63076f5bfac033875eb15a1bdb11ce89c5571b8274e7f47f509c343c5,RECHECKED,"Neues Kaeltekonzept: tank, night/day operation and compressors","Company describes compressors and a roughly 90 m3 ice-water tank charged at night to supply daytime wort cooling and relieve simultaneous peak loads. The ice-water claim of warming to 90 deg C is internally suspect; not corrected to 9 deg C and not used as process-heat temperature, energy capacity or hot-storage evidence. Article undated.","Availability checked separately from holder, claims, period and operating scope.",Codex
S-P28-04,P28,https://www.bergbier.de/aktuelles/blog/einweihung-unseres-neuen-bierlagers-biergartenhauses-und-schulzes-hof,2026-10-07T19:00:37+00:00,RETRIEVABLE,200,https://www.bergbier.de/aktuelles/blog/einweihung-unseres-neuen-bierlagers-biergartenhauses-und-schulzes-hof,HTML,0dd8a68c67183e802d5bd11ba4468fa5ed38a829ec5a3d639944a843c2228e4e,RECHECKED,2025-04-25 opening and energy paragraph,"Dated 2025-04-28 report of 2025-04-25 opening: own PV supplies beer-warehouse cooling; the new buildings use local heat. This is one dated energy-related site project, not proof that brewery process steam is fossil-free, a whole-site CO2-neutral claim or three separate transition investments.","Availability checked separately from holder, claims, period and operating scope.",Codex
S-P28-06,P28,https://www.bergbier.de/brauerei/verantwortung,2026-10-07T19:00:37+00:00,RETRIEVABLE,200,https://www.bergbier.de/brauerei/verantwortung,HTML,8899323d677dc12020acaa7541b075e778dfc6b37c3bc1b0a70f7a230faa8aa6,RECHECKED,Verantwortung,Undated regional-sourcing and sustainability ambition. Neither dated plant-energy target nor quantified achievement is established.,"Availability checked separately from holder, claims, period and operating scope.",Codex
S-P29-03,P29,https://www.meckatzer.de/fileadmin/user_data/dokumente/260929_Nachhaltigkeitsbericht_WEB.pdf,2026-10-07T19:00:37+00:00,RETRIEVABLE,200,https://www.meckatzer.de/fileadmin/user_data/dokumente/260929_Nachhaltigkeitsbericht_WEB.pdf,PDF,96da60f5b7782c04142c22dd32ba65f38a8f22952b90321db5a47b8e6f1027fc,RECHECKED,"Printed pp. 13, 19, 21-25, 41, 44, 46-47; p22 status colours and p41 signature visually inspected","Full 48-page PDF has 2026 cover and 2026 validation, older 2024 narrative and 2025 tables. Signed validator Reiner Beer DE-V-0007 / Intechnica Cert DE-V-0279 validates exact organisation DE-147-00005 on 2026-06-19. Program status colours distinguish completed 2024 PV625kWp/NH3 replacement and 2025 KEG robots from future/partial fleet measures. Natural-gas steam/CHP, IE4 motors, 166 meters, 2022 control/cellar/PV, heat recovery and peak regulator are documented. Legacy vapour-compressor defect/repair remains unresolved.","Availability checked separately from holder, claims, period and operating scope.",Codex
S-P30-03,P30,https://www.zoetler.de/qualitaet-und-umwelt.html,2026-10-07T19:00:37+00:00,RETRIEVABLE,200,https://www.zoetler.de/qualitaet-und-umwelt.html,HTML,6b1c89a69a90c73f3fb5a4c4e3f5c3c7b95f6707666535ce2e2eecbf73bb2a6b,RECHECKED,Named process/energy sections,"Company lists CHP with heat/cold coupling, PV expansion and energy/water monitoring; claims EMAS. Linked 2023 EMAS PDF returned 404 on 2026-10-06, so validity remains unresolved.","Availability checked separately from holder, claims, period and operating scope.",Codex
S-P30-04,P30,https://www.zoetler.de/reifekeller.html,2026-10-07T19:00:37+00:00,RETRIEVABLE,200,https://www.zoetler.de/reifekeller.html,HTML,7127f47c2a0f16c42e9163e85d6ca52ca3893540aaae74cc8ed977f02247af48,RECHECKED,Named process/energy sections,"Maturation cellar completed in 2025; individually controlled jacket cooling replaces room cooling. This supports a dated efficiency investment, not verified energy savings or load shifting.","Availability checked separately from holder, claims, period and operating scope.",Codex
S-P30-05,P30,https://www.zoetler.de/motivation.html,2026-10-07T19:00:37+00:00,RETRIEVABLE,200,https://www.zoetler.de/motivation.html,HTML,5bfa5d1d103304e9824b9e49e2345c71b827d8948bd8e9b54f5cbb696962a9e0,RECHECKED,Named process/energy sections,Individual brews by variety; one-week primary fermentation and three-to-eight-week maturation. Quality constraints do not establish controllable thermal storage.,"Availability checked separately from holder, claims, period and operating scope.",Codex
S-P31-02,P31,https://um.baden-wuerttemberg.de/de/umwelt-natur/umwelt-und-wirtschaft/angebote-fuer-unternehmen/umweltpreis-fuer-unternehmen/umweltpreis-2024/brauerei-clemens-haerle,2026-10-07T19:00:38+00:00,RETRIEVABLE,200,https://um.baden-wuerttemberg.de/de/umwelt-natur/umwelt-und-wirtschaft/angebote-fuer-unternehmen/umweltpreis-fuer-unternehmen/umweltpreis-2024/brauerei-clemens-haerle,HTML,169e4bfaa2a0df763435d1d9dd413f3796a8e08374b4752418f7f59d8865578b,RECHECKED,"Company identity, process and eligibility evidence",Reported heat mix: 80 percent wood chips and 20 percent biogas; electric delivery vehicles and charging; PV expansion objective for electricity self-sufficiency by 2028; KLIMAWIN participation. No EnMS or industrial electric-heat deployment is established.,"Availability checked separately from holder, claims, period and operating scope.",Codex
S-P31-03,P31,https://www.haerle.de/die-gruene-brauerei/wir-arbeiten-mit-gruener-energie,2026-10-07T19:00:38+00:00,RETRIEVABLE,200,https://www.haerle.de/die-gruene-brauerei/wir-arbeiten-mit-gruener-energie,HTML,5c2171705096ba5af6f1800c600c11b4edf94224d094ee0dddfb7b14bf96b48c,RECHECKED,Named process/energy sections,Wood-chip heat replacing oil since 2008; six onsite PV systems; electric delivery trucks dated July 2023 and September 2026. Renewable supply does not establish electric process heat.,"Availability checked separately from holder, claims, period and operating scope.",Codex
S-P31-04,P31,https://www.haerle.de/das-herzstueck/so-brauen-wir,2026-10-07T19:00:38+00:00,RETRIEVABLE,200,https://www.haerle.de/das-herzstueck/so-brauen-wir,HTML,469868af5dfb517e31353462535838d78994d33cd1de1d90fcacc15cd48e74dd,RECHECKED,Named process/energy sections,Brewing heat efficiency measure; fermentation around eight degrees Celsius and maturation at zero degrees for at least forty days. No refrigeration equipment topology or usable load-shift capacity is specified.,"Availability checked separately from holder, claims, period and operating scope.",Codex
S-P32-02,P32,https://hochdorfer.de/vom-rohstoff-zum-bier/,2026-10-07T19:00:44+00:00,RETRIEVABLE,200,https://hochdorfer.de/vom-rohstoff-zum-bier/,HTML,bd1b5549e4cc20c58c1bb918e617b547914d5a13b18d8da0d0fd2172b18d0d55,RECHECKED,Exact entity/site body; first-pass content review,Owner explicitly supplies all brewery heat from regional woodchips since 2006 and exports heat to neighbours/inn. Purchased renewable electricity and electric pallet trucks/forklifts are separately stated. Thermal generation is not onsite electric generation. Current stated nonfossil brewery heat baseline supports zero fossil displacement; no actual mash temperatures or recent commissioning.,"Availability checked separately from holder, claims, period and operating scope.",Codex
S-P33-03,P33,https://www.gindele.de/leistungen/spritzguss.html,2026-10-07T19:00:44+00:00,RETRIEVABLE,200,https://www.gindele.de/leistungen/spritzguss.html,HTML,71aad920625940b89ddc37e2bf55e9363fba6d12d951ec436f5615713e9e5e55,RECHECKED,Spritzguss: machine capabilities,"Own computer-controlled injection machines, closing force 25-250 tonnes, named GID/2-component/insert operations. Closing force is not electrical power or temperature; machine electric/hydraulic drive mix is not established. Animated counters rendered as zero are not valid production inventory.","Availability checked separately from holder, claims, period and operating scope.",Codex
S-P33-04,P33,https://www.gindele.de/leistungen/automatisierung.html,2026-10-07T19:00:44+00:00,RETRIEVABLE,200,https://www.gindele.de/leistungen/automatisierung.html,HTML,36bf2d62313d775d0984463c78cdcddc727d578a5e8607587c0bb24caaffbc7e,RECHECKED,Automatisierung: named own production example,"Own simple automation and partner larger projects; concrete secretion-bag line example includes handling, camera inspection, assembly, ultrasonic welding, leak testing and automatic feed. Named limited applications support conservative relevance only; animated zero counters are not operating hours, robot counts or proof of no deployment.","Availability checked separately from holder, claims, period and operating scope.",Codex
S-P33-05,P33,https://www.gindele.de/fileadmin/user_upload/download/Gindele_Certificate_14001_englisch.pdf,2026-10-07T19:00:45+00:00,RETRIEVABLE,200,https://www.gindele.de/fileadmin/user_upload/download/Gindele_Certificate_14001_englisch.pdf,PDF,6ef2bb4e752bc0907d5243fbd26f8d88eab26874334f2ec480fcfd0a38b5954c,RECHECKED,"Page 1: holder, scope, dates and number","SKZ-Cert GmbH certificate 000804.U, Gindele GmbH, Aschengasse 20 Neuhausen; valid 2025-01-28 through 2027-07-09. Environmental management for moulds, plastic products, assembly and printing; not ISO 50001.","Availability checked separately from holder, claims, period and operating scope.",Codex
S-P33-06,P33,https://www.gindele.de/,2026-10-07T19:00:45+00:00,RETRIEVABLE,200,https://www.gindele.de/,HTML,5c4f44e36d1edfbd328cefb2601b09b311622a0a7603156b6083d3782850f342,RECHECKED,Umweltpolitik; historical 2017 production,"Undated own resource-efficiency/environmental policy with annual audits and waste reduction. This is environmental ambition and partial management context, not a deployed energy measure or dated energy investment. The homepage mentions 2017 automation, outside the five-year lookback.","Availability checked separately from holder, claims, period and operating scope.",Codex
S-P33-08,P33,https://www.skz.de/fileadmin/user_upload/Download_PDF/_Zertifizierung/Referenzliste_ISO.pdf,2026-10-07T19:00:46+00:00,RETRIEVABLE,200,https://www.skz.de/fileadmin/user_upload/Download_PDF/_Zertifizierung/Referenzliste_ISO.pdf,PDF,d8949e6916e927bc58c208c4869543bfc5f040eb3f99de0d3355e48b4bb1bdf4,RECHECKED,Page 12: exact Gindele row and table boundaries,Issuer list dated 2026-10-06: page 12 Gindele row lists ISO 9001:2015 and ISO 14001:2015. ISO 50001 on neighbouring rows belongs to other companies and cannot be attributed to Gindele. The list does not prove absence of other certification.,"Availability checked separately from holder, claims, period and operating scope.",Codex
S-P34-03,P34,https://www.kts-schmoelln.de/prozesskette/,2026-10-07T19:00:46+00:00,RETRIEVABLE,200,https://www.kts-schmoelln.de/prozesskette/,HTML,f98dc2e04578961656adbe15039beba0a4364b38d509ab0c7aaedbd45cb5d1f9,RECHECKED,Exact entity/site body; first-pass content review,"Own material preparation/feed, injection moulding, six-axis robots and toolmaking are described. External partner stages remain external; no heating temperature, carrier or energy commissioning date.","Availability checked separately from holder, claims, period and operating scope.",Codex
S-P34-04,P34,https://www.kts-schmoelln.de/leistungen/,2026-10-07T19:00:46+00:00,RETRIEVABLE,200,https://www.kts-schmoelln.de/leistungen/,HTML,9dca74fe85dbcf30b46c20871807a5af2d626b1601e4a2d98eb235249302ab8a,RECHECKED,Exact entity/site body; first-pass content review,Own services include laser welding of plastics and integration of production stages. Laser is a bounded power-conversion application; no rated load or site energy-control inventory.,"Availability checked separately from holder, claims, period and operating scope.",Codex
S-P35-03,P35,https://mack-kunststoff.com/unternehmen/,2026-10-07T19:00:46+00:00,RETRIEVABLE,200,https://mack-kunststoff.com/unternehmen/,HTML,d7447e385bc59242ce654e0a99d715dc16fcdbe2ab5f8a1275b67d7c74b86b54,RECHECKED,"Full page / PDF holder, scope and dates; source-specific boundaries below","Own vacuum thermoforming and CNC, not owned injection moulding. History: 2019 servo-machine conversion; 2023 PV expansion to 3000 m2, not kWp; 2024 fourth Geiss machine and ISO 14001; 2025 CNC capacity/efficiency, not quantified energy saving. Historical fourth machine and current six-machine process inventory have different periods.","Availability checked separately from holder, claims, period and operating scope.",Codex
S-P35-04,P35,https://mack-kunststoff.com/leistungen/thermoforming/,2026-10-07T19:00:46+00:00,RETRIEVABLE,200,https://mack-kunststoff.com/leistungen/thermoforming/,HTML,eb6bd5868028aed11078587223c14d76ae50cc73a29829a98e64eb0b72f1ec12,RECHECKED,"Full page / PDF holder, scope and dates; source-specific boundaries below","Own six thermoforming machines; sheet dimensions are mm, not temperatures or power. Actual heater carrier, temperature and interruption windows undisclosed.","Availability checked separately from holder, claims, period and operating scope.",Codex
S-P35-05,P35,https://mack-kunststoff.com/leistungen/cnc-kunststoffbearbeitung/,2026-10-07T19:00:50+00:00,RETRIEVABLE,200,https://mack-kunststoff.com/leistungen/cnc-kunststoffbearbeitung/,HTML,644a2b4dafd41e5fd3de70639f6d29dcfee51830c980be13d147e1a475022f55,RECHECKED,"Full page / PDF holder, scope and dates; source-specific boundaries below",Own six CNC centres: five 5-axis and one flatbed; CAD/CAM. Machining customer injection-moulded parts does not prove own injection-moulding production.,"Availability checked separately from holder, claims, period and operating scope.",Codex
S-P35-06,P35,https://mack-kunststoff.com/wp-content/uploads/2025/09/ISO-14001-2015-seit-2024.pdf,2026-10-07T19:00:50+00:00,RETRIEVABLE,200,https://mack-kunststoff.com/wp-content/uploads/2025/09/ISO-14001-2015-seit-2024.pdf,PDF,fd55c43723f068e6d5b99a34c67269c2eac5e16df42ed63241d07403cae11a1a,RECHECKED,"Full page / PDF holder, scope and dates; source-specific boundaries below","Visually inspected exact-holder VISOCERT ISO 14001:2015 certificate Z-24-10213-14, valid 2024-03-18 through 2027-03-18; issued 2024-03-19; vacuum forming, lamination and CNC.","Availability checked separately from holder, claims, period and operating scope.",Codex
S-P36-03,P36,https://www.bogm.de/leistungen/spritzguss/,2026-10-07T19:00:51+00:00,RETRIEVABLE,200,https://www.bogm.de/leistungen/spritzguss/,HTML,ab754294839c2fd99fdbe390183fbae7829d6290f98ee4497b5d7e9722d0543c,RECHECKED,"Full page / PDF holder, scope and dates; source-specific boundaries below","Own injection moulding, robots and online/offline ultrasonic welding. Machine closing force 25-1000 t is not electrical load, actual heater/drive mix or temperature.","Availability checked separately from holder, claims, period and operating scope.",Codex
S-P36-04,P36,https://www.bogm.de/ueber-uns/,2026-10-07T19:00:51+00:00,RETRIEVABLE,200,https://www.bogm.de/ueber-uns/,HTML,6bdc2458b0a4df5d8c826b63e25d5062be191127041480940bce322531a3297c,RECHECKED,"Full page / PDF holder, scope and dates; source-specific boundaries below","Solar-energy use since 2011 (ownership of onsite PV not established by current page), regional biogas supply, efficient machines, LED and claimed intelligent consumption steering/EMS. No certified mature EnMS inferred. 2021-22 machine expansion/certification is not a dated energy investment. Undated 110 staff and historical over 130 differ from legacy 125; no eligibility or staff update.","Availability checked separately from holder, claims, period and operating scope.",Codex
S-P36-05,P36,https://www.bogm.de/leistungen/automatisierung/,2026-10-07T19:00:52+00:00,RETRIEVABLE,200,https://www.bogm.de/leistungen/automatisierung/,HTML,b0b4970942c38864417b62ae41edb20628551511c88bb15fde1747d2f893f5ee,RECHECKED,"Full page / PDF holder, scope and dates; source-specific boundaries below","Own integrated robot cells, insert placement and quality control; no verified dispatch architecture or flexible operating window.","Availability checked separately from holder, claims, period and operating scope.",Codex
S-P36-06,P36,https://www.bogm.de/wp-content/uploads/2026/05/141717_kunststofftechnik-borgmann-gmbh_um-wa-23_deutsch_hzert_kuhl_pdf.pdf,2026-10-07T19:00:52+00:00,RETRIEVABLE,200,https://www.bogm.de/wp-content/uploads/2026/05/141717_kunststofftechnik-borgmann-gmbh_um-wa-23_deutsch_hzert_kuhl_pdf.pdf,PDF,a9ea7ab8e58b0326084ae53194481a3dedee0ca500e9eb0f533216502b0220b0,RECHECKED,"Full page / PDF holder, scope and dates; source-specific boundaries below","Exact-holder TÜV NORD CERT ISO 14001:2015, 44 104 141717, valid 2024-01-18 through 2027-01-17; issued 2023-10-25. Website label ISO 14001:2025 is superseded by inspected PDF body.","Availability checked separately from holder, claims, period and operating scope.",Codex
S-P37-02,P37,https://www.atka.de/nachhaltigkeit.php,2026-10-07T19:00:53+00:00,RETRIEVABLE,200,https://www.atka.de/nachhaltigkeit.php,HTML,902106e582b42cad2dc752c984e52ee8006f6590849a4b684eee6318a4ace821,RECHECKED,Named company/site sections; AI first-pass content check,"Own page describes PV stated as 630 kwP (interpreted nameplate kWp, not generated kWh), machine waste heat for OFFICES/HALLS, efficient-machine replacement and an efficient EnMS claim. No ISO 50001 proof, process-heat temperature, thermal storage or completion dates.","Availability checked separately from holder, claims, period and operating scope.",Codex
S-P37-03,P37,https://www.atka.de/pdf/ISO-14001-2015-Deutsch.pdf,2026-10-07T19:00:53+00:00,RETRIEVABLE,200,https://www.atka.de/pdf/ISO-14001-2015-Deutsch.pdf,PDF,8be013ed1861522ac65bca3ca8010e183b8852ac662b8e75b7f37ab64bfa7130,RECHECKED,Named company/site sections; AI first-pass content check,"DEKRA body names ATKA Kunststoffverarbeitung GmbH, Suedring 25 Lohne, 170813086/4, valid 2025-07-31 to 2028-07-28; annex includes Zum Lerchental 2 for development/toolmaking/special machines. ISO 14001 not ISO 50001.","Availability checked separately from holder, claims, period and operating scope.",Codex
S-P37-04,P37,https://www.atka.de/unternehmen.php,2026-10-07T19:00:53+00:00,RETRIEVABLE,200,https://www.atka.de/unternehmen.php,HTML,4d1cea16bae64ba003149967672d8e4158619abaff96513a95d41f7b65e6731d,RECHECKED,Named company/site sections; AI first-pass content check,Owned injection moulding/toolmaking/automation; company history describes two fully electric machines and efficient Werk II. Historical dates and current sustainability inventory are not commissioning dates within the 2021-10-07 to 2026-10-07 window.,"Availability checked separately from holder, claims, period and operating scope.",Codex
S-P37-05,P37,https://atka.de/spritzguss.php,2026-10-07T19:00:53+00:00,RETRIEVABLE,200,https://atka.de/spritzguss.php,HTML,5a8908f78f7325dccbf981ec88031d5838ba94defeae893354eb247dd44a89a0,RECHECKED,Named company/site sections; AI first-pass content check,"Own injection-machine fleet with automation, multiple thermoplastics and toolmaking. No actual heating/cooling duty, carrier balance, grid headroom or permitted shift windows.","Availability checked separately from holder, claims, period and operating scope.",Codex
S-P38-03,P38,https://www.akz-online.de/mitglieder/eloxalwerk-ehingen-kraemer-eckert-gmbh-co-kg/,2026-10-07T19:00:57+00:00,RETRIEVABLE,200,https://www.akz-online.de/mitglieder/eloxalwerk-ehingen-kraemer-eckert-gmbh-co-kg/,HTML,5aa123e27c70bac27102dc1665b95c10d535c1b3a85143f87d03d504b560a23a,RECHECKED,"Full page / PDF holder, scope and dates; source-specific boundaries below","Exact association member/address corroborates owned anodising and powder coating. Combined Ehingen/Weil der Stadt 280 staff and 30000 m2 are group figures, not entity SME evidence. Heat treatment in combined group is not assigned to Ehingen. Live own websites expose TEST-SYSTEM banner; own energy claims need independent confirmation.","Availability checked separately from holder, claims, period and operating scope.",Codex
S-P39-03,P39,https://www.eloxal-hoefler.de/leistungen.html,2026-10-07T19:00:58+00:00,RETRIEVABLE,200,https://www.eloxal-hoefler.de/leistungen.html,HTML,b52acc415d8c7e4be6c9df3e352e3822894447d72a7a88b1d4da2e1fe4e09ca5,RECHECKED,"Full page / PDF holder, scope and dates; source-specific boundaries below",Two owned fully automated anodising plants; carrier/electrical contacts and bath/part dimensions. Dimensions in mm are not temperature or power. No plant energy-management coordination stated.,"Availability checked separately from holder, claims, period and operating scope.",Codex
S-P39-04,P39,https://www.eloxal-hoefler.de/ueber-uns.html,2026-10-07T19:00:58+00:00,RETRIEVABLE,200,https://www.eloxal-hoefler.de/ueber-uns.html,HTML,4ed5e35bb0284a2c8c7bbdc6c0d082f49950e96f2fd68f07ffe57858b7fc726c,RECHECKED,"Full page / PDF holder, scope and dates; source-specific boundaries below",2011 automatic crane with traceability; 2022 wastewater plant and 2023 additional anodising capacity. These do not by themselves prove recent energy-transition investment. Current policy promises safe operations and continuous environmental improvement; no dated energy target.,"Availability checked separately from holder, claims, period and operating scope.",Codex
S-P39-05,P39,https://www.eloxal-hoefler.de/files/zertifikate/14001.pdf,2026-10-07T19:00:58+00:00,RETRIEVABLE,200,https://www.eloxal-hoefler.de/files/zertifikate/14001.pdf,PDF,2614dfee6ca76afa45ec337fb8721d3574e86473ed5c8146483cef7852bbc905,RECHECKED,"Full page / PDF holder, scope and dates; source-specific boundaries below","Exact holder Eloxal Höfler GmbH, Eichenstr.12 Steisslingen; TÜV SÜD ISO 14001:2015 12 104 35301 TMS, valid 2023-12-29 through 2026-12-28, issued 2023-12-12. Rendered certificate inspected.","Availability checked separately from holder, claims, period and operating scope.",Codex
S-P39-06,P39,https://www.eloxal-hoefler.de/zertifikate.html,2026-10-07T19:00:59+00:00,RETRIEVABLE,200,https://www.eloxal-hoefler.de/zertifikate.html,HTML,201d98652969920b9cfbc129cc4d9805254aedcce7bbd0a4f66e90e204166243,RECHECKED,"Full page / PDF holder, scope and dates; source-specific boundaries below",Own bath analytics and continuous quality checking support limited process-control evidence; ISO 9001 does not establish mature EnMS.,"Availability checked separately from holder, claims, period and operating scope.",Codex
S-P40-01,P40,https://oftech.de/,2026-10-07T19:00:59+00:00,RETRIEVABLE,200,https://oftech.de/,HTML,d8a6d32bbc13e0caab47053ca50a5e4cdc50c9fc8b61b964e747eee8e1e9df04,RECHECKED,"Company identity, process and eligibility evidence","Exact legal entity; rack, barrel and galvanising work; company describes itself as medium-sized","Availability checked separately from holder, claims, period and operating scope.",Codex
S-P40-02,P40,https://oftech.de/umweltpolitik/,2026-10-07T19:01:01+00:00,RETRIEVABLE,200,https://oftech.de/umweltpolitik/,HTML,9eca7f45aef67c5c356ddf4f45a41cf419337400df47808fbe3560b952ec6256,RECHECKED,Exact entity/site body; first-pass content review,Owner operates PV since 2010 covering about 20 percent of electricity demand and purchases certified green electricity/green gas for processes. Green-gas label alone does not specify physical biomethane/fossil fractions or establish zero fossil thermal duty.,"Availability checked separately from holder, claims, period and operating scope.",Codex
S-P41-03,P41,https://www.galvano-weis.com/assets/img/Zertifikat_iso_14001_de.pdf,2026-10-07T19:01:01+00:00,RETRIEVABLE,200,https://www.galvano-weis.com/assets/img/Zertifikat_iso_14001_de.pdf,PDF,b24278a3d369a6f4e0d11fad3e7ed9ab9bf83a690fd8d1150e7598fafad636fa,RECHECKED,"Full page / PDF holder, scope and dates; source-specific boundaries below","Bureau Veritas ISO 14001:2015 DE016081 for Galvano Weis GmbH & Co.KG at Untere Au3 Emmering, valid 2025-05-18 through 2028-05-17; issued 2025-07-25. Exact site and own imprint links abbreviated holder to canonical legal entity; no legal-name change.","Availability checked separately from holder, claims, period and operating scope.",Codex
S-P41-04,P41,https://www.galvano-weis.com/umwelt,2026-10-07T19:01:01+00:00,RETRIEVABLE,200,https://www.galvano-weis.com/umwelt,HTML,bb25a682d9ee51a007ca1de0d2d007b7db075a1d330796a9279ead4198c8cc07,RECHECKED,"Full page / PDF holder, scope and dates; source-specific boundaries below","Current environmental ambition. 2023 71 tonnes CO2 claim concerns Fleetcor Clean Advantage compensation, not measured plant heat reduction or deployed heat pump.","Availability checked separately from holder, claims, period and operating scope.",Codex
S-P41-06,P41,https://www.galvano-weis.com/impressum,2026-10-07T19:01:02+00:00,RETRIEVABLE,200,https://www.galvano-weis.com/impressum,HTML,217b0534b5175b4affbd2ecf85d614e225896744e98fc6bd48fce49930e407d4,RECHECKED,"Full page / PDF holder, scope and dates; source-specific boundaries below","Canonical legal name Galvano Weis, Weis GmbH & Co., Galvanische-Werkstätte KG, HRA54999, Untere Au3 Emmering; same page also uses certificate abbreviation Galvano Weis GmbH & Co.KG. Galvanic plant operator directly established.","Availability checked separately from holder, claims, period and operating scope.",Codex
S-P42-01,P42,https://www.ot-schwerin.de/,2026-10-07T19:01:05+00:00,RETRIEVABLE,200,https://www.ot-schwerin.de/start.html,HTML,f0ebd4989254fcbaf97e285c9f7c6ec8381e2774c56bb8e3d9684ba9b554296d,RECHECKED,"Company identity, process and eligibility evidence",Exact legal entity and industrial surface-treatment activity,"Availability checked separately from holder, claims, period and operating scope.",Codex
S-P42-02,P42,https://www.ot-schwerin.de/umweltmanagement.html,2026-10-07T19:01:05+00:00,RETRIEVABLE,200,https://www.ot-schwerin.de/umweltmanagement.html,HTML,2c879b69a8fa5e94e9f9a3800c7c5d1174540edba250eecbddf65241001882f0,RECHECKED,Exact entity/site body; first-pass content review,Owner environmental management page links exact TÜV NORD certificate. Body expires 27 July 2026 despite accessible index. Expired environmental certificate does not establish current system certification or absence of a successor.,"Availability checked separately from holder, claims, period and operating scope.",Codex
S-P42-03,P42,https://www.ot-schwerin.de/umweltmanagement.html?_hash=s0lGTqN2t2hLlg5_g7fqZqUTEboZVon9tT8vVT7Vx-8&ctx=a%3A1%3A%7Bs%3A2%3A%22id%22%3Bi%3A174%3B%7D&p=ot%2Fcontent%2Fgrafiken%2Fzertifikate%2F14001+2023_deutsch.pdf,2026-10-07T19:01:05+00:00,RETRIEVABLE,200,https://www.ot-schwerin.de/umweltmanagement.html?_hash=s0lGTqN2t2hLlg5_g7fqZqUTEboZVon9tT8vVT7Vx-8&ctx=a%3A1%3A%7Bs%3A2%3A%22id%22%3Bi%3A174%3B%7D&p=ot%2Fcontent%2Fgrafiken%2Fzertifikate%2F14001+2023_deutsch.pdf,PDF,ccbbd54710fbdbe18d817c1e34bb36f0e88f5c022e532f79d3f02d95a13bca7f,RECHECKED,Exact entity/site body; first-pass content review,"TÜV NORD CERT GmbH: OT Oberflächentechnik GmbH & Co. KG, 44 104 140808; current period 2023-08-29 to 2026-07-27. Exact OT holder Werkstrasse 4/115 Schwerin; publicly linked body EXPIRED on check date. No current successor verified; not proof none exists.","Availability checked separately from holder, claims, period and operating scope.",Codex
S-P43-04,P43,https://wzr-ceramic.de/kaltplastische-extrusion/,2026-10-07T19:01:06+00:00,RETRIEVABLE,200,https://wzr-ceramic.de/kaltplastische-extrusion/,HTML,4245971586f0fe20e2c324a66ec02fa47cd8994219fb99124e228e673e34e348,RECHECKED,Ablauf; own in-house extruder paragraph,"Own in-house dual-nozzle 3D extruder, screw conveying/mixing, G-code-controlled movement and flow, subsequent drying and sintering. No furnace fuel, usable buffer or shifting window.","Availability checked separately from holder, claims, period and operating scope.",Codex
S-P43-06,P43,https://wzr-ceramic.de/nachhaltigkeit/,2026-10-07T19:01:06+00:00,RETRIEVABLE,200,https://wzr-ceramic.de/nachhaltigkeit/,HTML,f203b8926307054c732f0999ac418b6225f4a36a16efa8a1a2b17b93b1d04311,RECHECKED,Own environmental practices versus customer product applications,"Undated intent to minimise electricity, water and paper; rainwater reuse and electronic archive. PT-Keramik savings concern other companies; no own-site energy installation, dated target or EnMS verified.","Availability checked separately from holder, claims, period and operating scope.",Codex
S-P43-08,P43,https://wzr-ceramic.de/qualitaetssicherung-wzr/,2026-10-07T19:01:06+00:00,RETRIEVABLE,200,https://wzr-ceramic.de/qualitaetssicherung-wzr/,HTML,478ee3211e4a275a7a9991f26d5a0ab929d3e663abac1e9bc8ae8413cdd14fa7,RECHECKED,Quality-system claim,Company claims ISO 9001:2015 through LRQA. Quality management does not verify energy/environmental certification or a mature EnMS.,"Availability checked separately from holder, claims, period and operating scope.",Codex
S-P44-03,P44,https://oxidkeramik.de/oxidkeramik-unternehmen/ueber-uns.aspx,2026-10-07T19:01:08+00:00,RETRIEVABLE,200,https://oxidkeramik.de/oxidkeramik-unternehmen/ueber-uns.aspx,HTML,229c23780cf94420b8f35caadd5cca09784de9d32424ad8ba5fed84d8e33804d,RECHECKED,"Full page / PDF holder, scope and dates; source-specific boundaries below","Own technical ceramics including alumina, directly sintered SiC and zirconia. No actual kiln carrier, sintering temperature or power stated.","Availability checked separately from holder, claims, period and operating scope.",Codex
S-P44-04,P44,https://oxidkeramik.de/oxidkeramik-unternehmen/qualitaet.aspx,2026-10-07T19:01:11+00:00,RETRIEVABLE,200,https://oxidkeramik.de/oxidkeramik-unternehmen/qualitaet.aspx,HTML,b125988aca97d80e11f323bf941c2ed3f4f08c4957cc741e7144c07716c0df99,RECHECKED,"Full page / PDF holder, scope and dates; source-specific boundaries below","Own latest control/measurement devices for dimensions/tolerances and traceable marking. ISO 9001 is product quality, not environmental/energy management.","Availability checked separately from holder, claims, period and operating scope.",Codex
S-P44-05,P44,https://oxidkeramik.de/oxidkeramik-branchen/energieundumwelt.aspx,2026-10-07T19:01:11+00:00,RETRIEVABLE,200,https://oxidkeramik.de/oxidkeramik-branchen/energieundumwelt.aspx,HTML,ea67440776848341fcc06baeada0c55d22528bb02d4d4a7ce64a382f349e1da5,RECHECKED,"Full page / PDF holder, scope and dates; source-specific boundaries below","Ceramic components in customer PV/wind/hydro and other energy applications do not establish owned PV, converters or generation.","Availability checked separately from holder, claims, period and operating scope.",Codex
S-P44-06,P44,https://oxidkeramik.de/oxidkeramik-unternehmen/downloads.aspx,2026-10-07T19:01:11+00:00,RETRIEVABLE,200,https://oxidkeramik.de/oxidkeramik-unternehmen/downloads.aspx,HTML,ae1429b2e3bb79ac56b2dd5593bc786e6ee9ea4510da39377f05d702a624e57f,RECHECKED,"Full page / PDF holder, scope and dates; source-specific boundaries below",Material datasheets and ISO 9001 downloads reviewed. Material operating limits and customer high-temperature suitability are not actual sintering temperatures or plant energy technology.,"Availability checked separately from holder, claims, period and operating scope.",Codex
S-P45-01,P45,https://www.harzkristall.de/impressum,2026-10-07T19:01:12+00:00,RETRIEVABLE,200,https://www.harzkristall.de/impressum,HTML,8e52637af95559df84b8b83782030e426737c80e37782a79275fca69c303b8e5,RECHECKED,"Company identity, process and eligibility evidence","Exact legal entity, foundation ownership and location","Availability checked separately from holder, claims, period and operating scope.",Codex
S-P45-03,P45,https://www.harzkristall.de/huette-mieten,2026-10-07T19:01:12+00:00,RETRIEVABLE,200,https://www.harzkristall.de/huette-mieten,HTML,92e949a2bda7edfad4afd54304a2488c5e412191134fc97b12b3a1650ce100f8,RECHECKED,"Full page / PDF holder, scope and dates; source-specific boundaries below","Own rental work station explicitly has electric melt furnace ~130 kg glass capacity and electric reheating drum. Programmable cooling oven and named grinding, sawing, drilling/polishing machines. Glass mass and hole dimensions are not kW, temperature or thermal-store capacity.","Availability checked separately from holder, claims, period and operating scope.",Codex
S-P45-04,P45,https://www.harzkristall.de/fileadmin/user_upload/pdf/Harzkristall_Sales-Broschuere_220126.pdf,2026-10-07T19:01:12+00:00,RETRIEVABLE,200,https://www.harzkristall.de/fileadmin/user_upload/pdf/Harzkristall_Sales-Broschuere_220126.pdf,PDF,e9220430430b5d838c1e09e6889d02debd8aac1f1aad48fdf1bb460f76288c25,RECHECKED,"Full page / PDF holder, scope and dates; source-specific boundaries below","Own brochure confirms furnace glass production, fusing/casting and cold machining. Filename is not verified publication date; 75-year history text is not a 2026 investment.","Availability checked separately from holder, claims, period and operating scope.",Codex
S-P45-05,P45,https://www.harzkristall.de/,2026-10-07T19:11:54+00:00,RETRIEVABLE,200,https://www.harzkristall.de/,HTML,accf045aab7a80c782b9feba99dacfe4cb96327f005b5c5a09b9a381ddae5051,RECHECKED,Visitor/site facilities and arrival: charging-station lines,"Own company site explicitly lists four car and six bicycle charging stations. Imprint is identity evidence only; this homepage documents charging facilities. No PV, storage, ratings or commissioning date.",New primary charging-station source replacing unsupported imprint citation.,Codex
S-P46-04,P46,https://www.pofahermsdorf.de/wp-content/uploads/2023/05/EMS_dt.pdf,2026-10-07T19:01:13+00:00,RETRIEVABLE,200,https://www.pofahermsdorf.de/wp-content/uploads/2023/05/EMS_dt.pdf,PDF,670749ba9ca354c1b0449f51cb1274213982a9b39899c58b69360c2271e0aadb,RECHECKED,Exact entity/site body; first-pass content review,"Quality Austria Certification GmbH: Porzellanfabrik Hermsdorf GmbH, EM-00269/0; current period start not separately stated to 2029-03-11. Body issued 2026-04-21. First registration 2022-08-09 is not current validity start; URL 2023 not issue year.","Availability checked separately from holder, claims, period and operating scope.",Codex
S-P47-02,P47,https://www.hofmann-ceramic.de/,2026-10-07T19:01:14+00:00,RETRIEVABLE,200,https://www.hofmann-ceramic.de/,HTML,8ddc24199754613121658a51eb50fe5740342ceeb34d05483bbcbd91db377f9d,RECHECKED,"Company identity, process and eligibility evidence",Technical ceramic production and approximately 150 group employees,"Availability checked separately from holder, claims, period and operating scope.",Codex
S-P47-04,P47,https://www.hofmann-ceramic.de/wp-content/uploads/EM_00533-Z04304_de.pdf,2026-10-07T19:01:15+00:00,RETRIEVABLE,200,https://www.hofmann-ceramic.de/wp-content/uploads/EM_00533-Z04304_de.pdf,PDF,7598473ce5f7b9c76fb530049f4971f3f09cfd9bb1415844dccef03edadd6f8c,RECHECKED,Exact entity/site body; first-pass content review,"DMSZ Deutsche Managementsystem Zertifizierungsgesellschaft mbH: hofmann CERAMiC GmbH, EM 00533-Z04304; current period 2025-06-06 to 2028-06-04. Rendered exact Hofmann CERAMiC holder Breitscheid-Erdbach; all company energy quantities in certified system.","Availability checked separately from holder, claims, period and operating scope.",Codex
S-P50-04,P50,https://www.dena.de/energy-award/good-practice/aying-brauerei-franz-inselkammer-igs/,2026-10-07T19:01:15+00:00,RETRIEVABLE,200,https://www.dena.de/energy-award/good-practice/aying-brauerei-franz-inselkammer-igs/,HTML,73aca9cb5757d89491646ff0e2f6c485495915dc461f7aa7b0e7d547b02a86f3,RECHECKED,"Full page / PDF holder, scope and dates; source-specific boundaries below","Actual bottle-washer high-temperature heat pump: 83 C heater, 150 kW THERMAL and COP approximately4, recovers washer cooling and CHP heat. Historical gas boiler baseline135 C is not current remaining gas inventory; 150 kW is not electrical input. Stated commissioning06/2019 differs from public Bavaria11/2018; both outside recent lookback.","Availability checked separately from holder, claims, period and operating scope.",Codex
S-P50-05,P50,https://www.umweltpakt.bayern.de/umwelt_klimapakt/praxis_innovation/beispiele/praxis/detail.htm?id=84,2026-10-07T19:01:15+00:00,RETRIEVABLE,200,https://www.umweltpakt.bayern.de/umwelt_klimapakt/praxis_innovation/beispiele/praxis/detail.htm?id=84,HTML,8ea5fd000b9f5667dd14a525b8560341b93fd87ba998b97d93c77c8478fa4129,RECHECKED,"Full page / PDF holder, scope and dates; source-specific boundaries below","Public project owner account: operated new bottle washer since11/2018; heat pump covers washer heat, CHP powers it and contributes waste heat. Claimed savings87% differ from dena process81%, with distinct scope/baseline; no averaging or silent correction.","Availability checked separately from holder, claims, period and operating scope.",Codex
S-P50-06,P50,https://www.emas.de/fileadmin/user_upload/4-daten-stat/EMAS-TN-Register.pdf,2026-10-07T19:01:15+00:00,RETRIEVABLE,200,https://www.emas.de/fileadmin/user_upload/4-daten-stat/EMAS-TN-Register.pdf,PDF,899bde5035d94426434d94cf7aea1f49dd77c3dbd58adb4c84e784b05657f00c,RECHECKED,"Full page / PDF holder, scope and dates; source-specific boundaries below","Official register snapshot01/09/2026 contains exact Brauerei Aying Franz Inselkammer KG, Aying, DE-155-00168, registered since10/07/2000, one site. Page6 row rendered/visually inspected. Registered-since date is not current statement validation or expiry.","Availability checked separately from holder, claims, period and operating scope.",Codex
S-P51-02,P51,https://www.distelhaeuser.de/unsere-brauerei/regionalitaet/,2026-10-07T19:01:19+00:00,RETRIEVABLE,200,https://www.distelhaeuser.de/unsere-brauerei/regionalitaet/,HTML,bd0d5defe4bd7c61e65f7366495ba75e3bb8dd949a2444adccf92710185ac74c,RECHECKED,Relevant company or process section,wort-cooling heat recovery for hot-water generation,"Availability checked separately from holder, claims, period and operating scope.",Codex
S-P51-03,P51,https://www.distelhaeuser.de/aktuelles/details/distelhaeuser-erneut-iso-zertifiziert/,2026-10-07T19:01:21+00:00,RETRIEVABLE,200,https://www.distelhaeuser.de/aktuelles/details/distelhaeuser-erneut-iso-zertifiziert/,HTML,c35ecf9716d8429b069d7168adcf51e834c244ded7cd6f484846fc11fd26056a,RECHECKED,"Full page / PDF holder, scope and dates; source-specific boundaries below","2022-01-19 renewal claim ISO14001:2015/ISO9001. No direct current certificate, exact validity or issuer established; CLAIM_ONLY, not VALID or EXPIRED.","Availability checked separately from holder, claims, period and operating scope.",Codex
S-P51-04,P51,https://www.distelhaeuser.de/unsere-brauerei/braukunst/,2026-10-07T19:01:21+00:00,RETRIEVABLE,200,https://www.distelhaeuser.de/unsere-brauerei/braukunst/,HTML,b8e497f53a05d561675d47c219d559d0d05c20b7ed6966a011c2971431289d36,RECHECKED,"Full page / PDF holder, scope and dates; source-specific boundaries below","Own slow brewing, warm wort production and circa0 C maturation four-six weeks; maturation is not heating temperature or freely shiftable thermal buffer. Thermal rektification of alcohol at unspecified low temperature does not establish electric heat carrier.","Availability checked separately from holder, claims, period and operating scope.",Codex
S-P52-03,P52,https://alpirsbacher.de/ueber-uns/rohstoffe/,2026-10-07T19:01:22+00:00,RETRIEVABLE,200,https://alpirsbacher.de/ueber-uns/rohstoffe/,HTML,b1f309ce9de9fb4409ccfb48820fa18e47c00fc6f2a7a4ed08e228f4185c77da,RECHECKED,Named company and process sections; AI source recovery,"Company page supports brewing, raw materials and production quality controls; it does not reproduce the old across-process resource-use claim. The canonical abbreviated entity name remains provisional.","Availability checked separately from holder, claims, period and operating scope.",Codex
S-P52-04,P52,https://alpirsbacher.de/ueber-uns/unsere-geschichte/,2026-10-07T19:01:22+00:00,RETRIEVABLE,200,https://alpirsbacher.de/ueber-uns/unsere-geschichte/,HTML,cd4acd5bc9608fdb3484e5acd2930ed593a2fadb74b7e818e5b58b9491eefb6c,RECHECKED,"Full page / PDF holder, scope and dates; source-specific boundaries below","History of Glauner/Alpirsbacher brand: steam machine80 PS in1893, ice machine1895, steam220 PS1925. Historical assets are not actual2026 fuel, drive or process temperatures. No dated energy target established.","Availability checked separately from holder, claims, period and operating scope.",Codex
S-P53-01,P53,https://rittmayer.de/impressum,2026-10-07T19:01:22+00:00,RETRIEVABLE,200,https://rittmayer.de/impressum,HTML,0db7a692d9d2a8fa56a9b9468c1881afdb309aac4e4f49812ee6454314d04a1d,RECHECKED,Legal entity,exact legal entity and registered office,"Availability checked separately from holder, claims, period and operating scope.",Codex
S-P53-02,P53,https://rittmayer.de/nachhaltigkeit,2026-10-07T19:01:23+00:00,RETRIEVABLE,200,https://rittmayer.de/nachhaltigkeit,HTML,a3b1c44f4fddf72631a671c718d9a2cdf8e8cb41b873d431d843aca871e1657b,RECHECKED,Relevant company or process section,biomass heat; process heat recovery; heat storage and PV,"Availability checked separately from holder, claims, period and operating scope.",Codex
S-P54-03,P54,https://www.waldhaus-bier.de/privatbrauerei/umweltschutz/,2026-10-07T19:01:23+00:00,RETRIEVABLE,200,https://www.waldhaus-bier.de/privatbrauerei/umweltschutz/,HTML,9a11bee395f21c308980621b9ee6544d397d1825ac1741e07796c2f362155fe1,RECHECKED,"Full page / PDF holder, scope and dates; source-specific boundaries below","Own PV458.4 kWp sinceOctober2017; approximately75% of generated PV power self-consumed, explicitly only part of site electricity demand. Not75% of site energy, no generation kWh or load inferred. Purchased hydropower is not own hydro plant.","Availability checked separately from holder, claims, period and operating scope.",Codex
S-P55-03,P55,https://www.merschbrock.de/nachhaltigkeit/,2026-10-07T19:01:24+00:00,RETRIEVABLE,200,https://www.merschbrock.de/nachhaltigkeit/,HTML,06cce1b7b9524c09a764976bc1c450c6bf514571c08a465731d768936d1b22d2,RECHECKED,"Full page / PDF holder, scope and dates; source-specific boundaries below","Own PV commissioned2022 and2025, current1200 kWp nameplate. Over90% own electricity covers combined PV/CHP, not PV alone or total energy. CHP2014/2020 heat supplies building and absorption chiller for mould temperature; absorption cooling is not a heat pump or thermal store. Fuel unspecified.","Availability checked separately from holder, claims, period and operating scope.",Codex
S-P55-04,P55,https://www.merschbrock.de/wp-linked-content/downloads/Merschbrock-Zertifikat_ISO_14001.pdf,2026-10-07T19:01:24+00:00,RETRIEVABLE,200,https://www.merschbrock.de/wp-linked-content/downloads/Merschbrock-Zertifikat_ISO_14001.pdf,PDF,a18a36129c0f0a2b097b49df899932dd63bf444d3ca470f509d7781d7b8343b9,RECHECKED,"Full page / PDF holder, scope and dates; source-specific boundaries below","Exact-holder frink BUSINESS GMBH certificate12-023, ISO14001:2015, issued16/10/2023 and valid until15/10/2026. Current on07/10/2026, near expiry; start of validity not stated and not invented. Rendered page inspected.","Availability checked separately from holder, claims, period and operating scope.",Codex
S-P55-05,P55,https://www.merschbrock.de/,2026-10-07T19:01:29+00:00,RETRIEVABLE,200,https://www.merschbrock.de/,HTML,2de4cc5c11f2badf2d206e75cd14a5784fcf4c436006f65403800fa94143e21e,RECHECKED,"Full page / PDF holder, scope and dates; source-specific boundaries below","Own efficient compressed air, new wire/sinker EDM, LED and electric vans; undated except PV-fed charging transformer2025 and public fast charger plus13internal chargers2026. Transformer is connection infrastructure, not proof of harmonics/compensation.","Availability checked separately from holder, claims, period and operating scope.",Codex
S-P55-06,P55,https://www.merschbrock.de/leistungen/,2026-10-07T19:01:29+00:00,RETRIEVABLE,200,https://www.merschbrock.de/leistungen/,HTML,15c677cf30da6d1a5365bd308ceaeadb91917e13cb017e83fc04254ca0b1e6a1,RECHECKED,"Full page / PDF holder, scope and dates; source-specific boundaries below","Own CNC milling/electrode manufacture/wire and sinker EDM, robot and camera production/QA. Multiple named owned power-conversion processes; no rated energy load, interruption window or new thermal route defined.","Availability checked separately from holder, claims, period and operating scope.",Codex
S-P56-03,P56,https://www.spritzguss-mueller.de/spritzguss/,2026-10-07T19:01:30+00:00,RETRIEVABLE,200,https://www.spritzguss-mueller.de/spritzguss-mit-qualitaet-made-in-germany/,HTML,458eec57eb72c6ca4585dff8cb7fa90300ebcb24ed99e6232773ab01bfc9d760,RECHECKED,Actual named company/process section; PDF body and scope where applicable,"Own20 Boy/Demag injection machines, automatic assembly and laser marking. Closing force280t and shot700g are not electrical power, drive/heater carrier or process temperature.","Availability checked separately from holder, claims, period and operating scope.",Codex
S-P56-04,P56,https://www.spritzguss-mueller.de/werkzeugbau/,2026-10-07T19:01:30+00:00,RETRIEVABLE,200,https://www.spritzguss-mueller.de/werkzeugbau/,HTML,805a5c4fe7d4c9b24459f14702b826cc033bbad5891dab649953c63f701cbf7c,RECHECKED,Actual named company/process section; PDF body and scope where applicable,"Own four mills, Spinner VC750, AGIE EDM, two lathes, grinder and TIG micro-welding; CAD/CAM and Siemens Step7 SPS for machines. Heated mould photograph/title gives no actual plant heater/temperature.","Availability checked separately from holder, claims, period and operating scope.",Codex
S-P56-05,P56,https://www.spritzguss-mueller.de/firmengeschichte/,2026-10-07T19:01:30+00:00,RETRIEVABLE,200,https://www.spritzguss-mueller.de/firmengeschichte/,HTML,71e2b4b5a38475b93402a92d705ffedc43e5eca0c934df864d384c4eb480a129,RECHECKED,Actual named company/process section; PDF body and scope where applicable,Undated staff/history and ISO9001 since2002 are not current SME/energy certification or recent energy investment; no energy target established.,"Availability checked separately from holder, claims, period and operating scope.",Codex
S-P57-03,P57,https://www.stocker-kunststoff.de/fertigung/,2026-10-07T19:01:31+00:00,RETRIEVABLE,200,https://www.stocker-kunststoff.de/fertigung/,HTML,38b45c150df1103e14cb274b17099d54c79d19ce83f08f18c3db199772dfa85a,RECHECKED,Actual named company/process section; PDF body and scope where applicable,"Actual own nine injection machines25-100t,0.01-250g. Complex moulds made by partner AB-FormTECH; generic CNC/toolmaking explainer is not own CNC inventory. Stock imagery credited in imprint is not own equipment evidence.","Availability checked separately from holder, claims, period and operating scope.",Codex
S-P57-04,P57,https://www.stocker-kunststoff.de/qualitatsmanagement/,2026-10-07T19:01:31+00:00,RETRIEVABLE,200,https://www.stocker-kunststoff.de/qualitatsmanagement/,HTML,1c8988411f37676bfbdff345edbeea21f8e14bb6ad3a34923011156c7049c84d,RECHECKED,Actual named company/process section; PDF body and scope where applicable,Own ISO9001 quality claim followed by generic/theoretical regression and process-control explanations. No own named installed sensing/control topology established; do not transfer theoretical SPC to actual factory automation or certified EnMS.,"Availability checked separately from holder, claims, period and operating scope.",Codex
S-P58-03,P58,https://www.dorn-spritzguss.de/unternehmen/nachhaltigkeit/,2026-10-07T19:01:31+00:00,RETRIEVABLE,200,https://www.dorn-spritzguss.de/unternehmen/nachhaltigkeit/,HTML,3ae6213a8723a06f0618134c11e27a13e2b1e42a1375d998278ffbf9b037bf75,RECHECKED,Actual named company/process section; PDF body and scope where applicable,"Own PV installed2022 on production halls; self-reported500000-600000kWh/yr and50-60% own electricity demand, not all energy. Own battery950kWh stores PV, acquisition undated. Electrical battery is not thermal store; net-bottleneck avoidance claim not measured harmonics.","Availability checked separately from holder, claims, period and operating scope.",Codex
S-P58-04,P58,https://www.dorn-spritzguss.de/unternehmen/geschichte/,2026-10-07T19:01:32+00:00,RETRIEVABLE,200,https://www.dorn-spritzguss.de/unternehmen/geschichte/,HTML,d10656f78203c0e84fe63bf1da692380f682e0fdb5de2a23886d986806c49b2f,RECHECKED,Actual named company/process section; PDF body and scope where applicable,2022 PV and new1500m2 production hall with central plastic supply. Building expansion is not a second proven energy project; battery commissioning date unavailable.,"Availability checked separately from holder, claims, period and operating scope.",Codex
S-P58-05,P58,https://www.dorn-spritzguss.de/assets/pdf/2026/Zertifikat_ISO_14001_2015.PDF,2026-10-07T19:01:32+00:00,RETRIEVABLE,200,https://www.dorn-spritzguss.de/assets/pdf/2026/Zertifikat_ISO_14001_2015.PDF,PDF,84f0a28dd38d98c425ad3c34f9be507d7be41c87c1b1e9619b938918a03b51d6,RECHECKED,Actual named company/process section; PDF body and scope where applicable,"Visually inspected exact-holder DEKRA ISO14001:2015 certificate171116123/3, Dorn Bleichnauer14 Tettnang, valid2025-11-28 through2028-11-27; issued2025-11-25. Uppercase PDF extension does not change verified body.","Availability checked separately from holder, claims, period and operating scope.",Codex
S-P58-06,P58,https://www.dorn-spritzguss.de/leistungen/werkzeugbau/,2026-10-07T19:01:32+00:00,RETRIEVABLE,200,https://www.dorn-spritzguss.de/leistungen/werkzeugbau/,HTML,b76faa303fa45179257072b92ea271b1ffb5b9d6a389d5d07f590c11102cb93e,RECHECKED,Actual named company/process section; PDF body and scope where applicable,"Own toolshop CNC/HSC milling, turning, grinding, wire/sinker EDM and laser welding. Actual tools made by own mechanics; different from outsourced toolshops at Stocker/Si-Tech.","Availability checked separately from holder, claims, period and operating scope.",Codex
S-P58-07,P58,https://www.dorn-spritzguss.de/unternehmen/qualitaet/,2026-10-07T19:01:32+00:00,RETRIEVABLE,200,https://www.dorn-spritzguss.de/unternehmen/qualitaet/,HTML,7792981748285b023325896205104e6495b141fc90e1beedfd83b4e7d2832387,RECHECKED,Actual named company/process section; PDF body and scope where applicable,"Own series process capability checked at predefined measurement/control cycles; actual limited QA, not coordinated energy management.","Availability checked separately from holder, claims, period and operating scope.",Codex
S-P59-02,P59,https://ak-kunststoffspritzguss.com/,2026-10-07T19:01:38+00:00,RETRIEVABLE,200,https://ak-kunststoffspritzguss.com/,HTML,6c06cd1ddba81755d73dd9f66977210d6cfb8347f166a58fcae99019c54098a9,RECHECKED,Relevant company or process section,"injection-moulding production;2026-10-07 own energy section confirms cooling-water/exhaust heat reused for complete building underfloor heating and granulate recycling. Process fuel/temperature, usable thermal-store window and installation dates unknown.","Availability checked separately from holder, claims, period and operating scope.",Codex
S-P59-03,P59,https://ak-kunststoffspritzguss.com/produktion/,2026-10-07T19:01:39+00:00,RETRIEVABLE,200,https://ak-kunststoffspritzguss.com/produktion/,HTML,7747284f91bfc22321468fba4a26f91e713aecc220f9e0a0088e7bbf9c45c005,RECHECKED,Actual named company/process section; PDF body and scope where applicable,"Own35-150t injection machines each with picker/robot. New moulds are made by external toolshops, not owned CNC. Closing force/shot weight not energy load.","Availability checked separately from holder, claims, period and operating scope.",Codex
S-P59-04,P59,https://ak-kunststoffspritzguss.com/qualitaetsmanagement/,2026-10-07T19:01:39+00:00,RETRIEVABLE,200,https://ak-kunststoffspritzguss.com/qualitaetsmanagement/,HTML,72d0c69f5040199724d4488593136f423003411e39a2bc47cf38686506896184,RECHECKED,Actual named company/process section; PDF body and scope where applicable,Own ERP/batch traceability and quality management; ISO9001 quality evidence is not mature EnMS.,"Availability checked separately from holder, claims, period and operating scope.",Codex
S-P60-04,P60,https://www.hartchrom-beck.de/beschichtungstechnik/,2026-10-07T19:01:39+00:00,RETRIEVABLE,200,https://www.hartchrom-beck.de/beschichtungstechnik/,HTML,d8cf80bcbfd9dae68118e1cc5ad17723b2b85737610b6f445e3ca846d34b16d1,RECHECKED,Named company/site sections; AI first-pass content check,"Own serial hard-chrome automatic plant: 66000 L electrolyte and 60000 A; pulse-plating variants. Current amps and bath volume are NOT voltage, kW, kWh or transformer headroom. No owned thermal temperature or heat carrier.","Availability checked separately from holder, claims, period and operating scope.",Codex
S-P60-05,P60,https://www.hartchrom-beck.de/bearbeitungstechnik/,2026-10-07T19:01:39+00:00,RETRIEVABLE,200,https://www.hartchrom-beck.de/bearbeitungstechnik/,HTML,5b1905942cad47839fc26470ef95a3759f6980e77e5b3b4f20e21d4b7eed9cfa,RECHECKED,Named company/site sections; AI first-pass content check,"Own CNC cylindrical grinding, polishing, blasting and dehydration; no thermal temperature, fuel or commissioning date. Current in amps is not electric power.","Availability checked separately from holder, claims, period and operating scope.",Codex
S-P61-03,P61,https://www.galvanik-horstmann.de/leistungen/,2026-10-07T19:01:39+00:00,RETRIEVABLE,200,https://www.galvanik-horstmann.de/leistungen/,HTML,a849b1f0ebbfad0dbd92a750785453c90f391d0f8380ded266a0f84fd39cb4f2,RECHECKED,Actual named company/process section; PDF body and scope where applicable,Actual named own copper/nickel/silver/gold/zinc/tin galvanic services; distinct from generic sector explainer at old galvanotechnik URL.,"Availability checked separately from holder, claims, period and operating scope.",Codex
S-P61-04,P61,https://www.galvanik-horstmann.de/unser-pruefverfahren/,2026-10-07T19:01:40+00:00,RETRIEVABLE,200,https://www.galvanik-horstmann.de/unser-pruefverfahren/,HTML,4bbe250c8c1bcb7f23f7a4b9470ea33f4e93e1574944f9f3231281bb2ab12bea,RECHECKED,Actual named company/process section; PDF body and scope where applicable,"Actual own XRF/eddy-current/magnetic quality measurements. Solderability test250C is a test temperature, not core bath heat carrier or production-temperature fit.","Availability checked separately from holder, claims, period and operating scope.",Codex
S-P61-05,P61,https://www.galvanik-horstmann.de/umwelt/,2026-10-07T19:01:41+00:00,RETRIEVABLE,200,https://www.galvanik-horstmann.de/umwelt/,HTML,51251d25c7bee5ea9ba7a7894f71df3f85f457072c643c6b91cc1af84f37f0b1,RECHECKED,Actual named company/process section; PDF body and scope where applicable,Own undated environmental improvement policy; management responsibility is not certified EnMS/ISO14001. No dated energy roadmap established.,"Availability checked separately from holder, claims, period and operating scope.",Codex
S-P61-06,P61,https://www.galvanik-horstmann.de/wp-content/uploads/2020/11/GalvanikHorstmann.pdf,2026-10-07T19:01:41+00:00,RETRIEVABLE,200,https://www.galvanik-horstmann.de/wp-content/uploads/2020/11/GalvanikHorstmann.pdf,PDF,cd38a7d0cdc4b4882c315f2648b04552885ee4693c5c3ed0f441bf64eb805b7c,RECHECKED,Actual named company/process section; PDF body and scope where applicable,"Rendered brochure page8 describes historical KWKK plus PV supplying50-55% electricity COMBINED, not PV alone/all energy. Upload2020 precedes investment window, body undated. Current2026 continuity, fuel and commissioning not independently established.","Availability checked separately from holder, claims, period and operating scope.",Codex
S-P62-03,P62,https://www.galvanotechnik-kessel.de/,2026-10-07T19:01:47+00:00,RETRIEVABLE,200,https://www.galvanotechnik-kessel.de/,HTML,fb4f4dd7c1564a3691e9ab541b65aec9cafab129e1e3064237e7a201701e0d9e,RECHECKED,Exact entity/site body; first-pass content review,Own current homepage identifies galvanic surface treatment and named surface finishing routes at Vechelde. Exact legal entity is linked through imprint; chemistry and site energy policy are separately documented.,"Availability checked separately from holder, claims, period and operating scope.",Codex
S-P62-04,P62,https://www.galvanotechnik-kessel.de/wp-content/uploads/2024/12/Zertifikat_EM_50001_22638-Z04013_deutsch_bis2027-1-1.jpg,2026-10-07T19:01:47+00:00,RETRIEVABLE,200,https://www.galvanotechnik-kessel.de/wp-content/uploads/2024/12/Zertifikat_EM_50001_22638-Z04013_deutsch_bis2027-1-1.jpg,IMAGE,37b9d1f2288d66f7a82397c3f4914b9c50efc20a2beba7ba8235da6fb5c1a4df,RECHECKED,Exact entity/site body; first-pass content review,"DMSZ Deutsche Managementsystem Zertifizierungsgesellschaft mbH: Galvanotechnik Kessel GmbH & Co. KG, EM 22638-Z04013; current period 2024-11-28 to 2027-11-27. Image certificate visually checked, Raiffeisenstrasse 2 Vechelde; all energy quantities in certified system.","Availability checked separately from holder, claims, period and operating scope.",Codex
S-P62-06,P62,https://www.galvanotechnik-kessel.de/qualitaet/energiemanagement/,2026-10-07T19:01:48+00:00,RETRIEVABLE,200,https://www.galvanotechnik-kessel.de/qualitaet/energiemanagement/,HTML,96461470f49a329db3c9e135057ea7f5bc52ae8fc2581518888a22153c399d5e,RECHECKED,Exact entity/site body; first-pass content review,"Owner describes implemented energy/environmental management. Energy policy includes ongoing consumption metering, energy-stream records, regular reviews and efficiency measures; exact current certificates separately verified. General continuous improvement lacks dated target roadmap or commissioning dates.","Availability checked separately from holder, claims, period and operating scope.",Codex
S-P63-01,P63,https://otk-galvanik.de/,2026-10-07T19:01:48+00:00,RETRIEVABLE,200,https://otk-galvanik.de/,HTML,10ef149157a06b89d70f212658f24952f17293b5bfc20fc1c521958f5ff9941b,RECHECKED,Legal entity and process,company identity and galvanic or anodising services,"Availability checked separately from holder, claims, period and operating scope.",Codex
S-P63-03,P63,https://otk-galvanik.de/de/97787-Technik,2026-10-07T19:01:48+00:00,RETRIEVABLE,200,https://otk-galvanik.de/de/97787-Technik,HTML,6e440700aa8a52f41b545dce4f12765ddeb2dfed0b00ea0e69d068aeeae7181c,RECHECKED,Actual named company/process section; PDF body and scope where applicable,Exact own Kaltenkirchen production automaton/bath line; terse machine caption supports limited automation only. Technical-adviser contact7-16h is not factory operating/dispatch window.,"Availability checked separately from holder, claims, period and operating scope.",Codex
S-P64-01,P64,https://www.wieland-oberflaeche.de/impressum,2026-10-07T19:01:48+00:00,RETRIEVABLE,200,https://www.wieland-oberflaeche.de/impressum,HTML,90a789f0e1bd0c24aff8902433f40ae0f019d84730a473304b807bc8d50ed861,RECHECKED,Legal entity and process,independent contract electroplating operator,"Availability checked separately from holder, claims, period and operating scope.",Codex
S-P64-02,P64,https://www.wieland-oberflaeche.de/,2026-10-07T19:01:48+00:00,RETRIEVABLE,200,https://www.wieland-oberflaeche.de/,HTML,b583b173d6357a52af68710aa509278ee0322fd159fefb29db415c10e4a3ca08,RECHECKED,Relevant company or process section,independent precision contract electroplating,"Availability checked separately from holder, claims, period and operating scope.",Codex
S-P64-03,P64,https://www.wieland-oberflaeche.de/stellenangebote,2026-10-07T19:01:49+00:00,RETRIEVABLE,200,https://www.wieland-oberflaeche.de/stellenangebote,HTML,6e723138a27161621835d7bd166e3d44b3cfc60728c29bc862b36b4fd470dec6,RECHECKED,Actual named company/process section; PDF body and scope where applicable,Own rack/drum/manual galvanic machines and actual bath-parameter checks. Customer PV/wind applications are not own generation; exact Schwetzingen entity not Wieland Group. Undated vacancies do not update canonical staff or commissioning.,"Availability checked separately from holder, claims, period and operating scope.",Codex
S-P65-03,P65,https://www.fuerstenberg-porzellan.com/en/blog/blick-in-die-produktion,2026-10-07T19:01:49+00:00,RETRIEVABLE,200,https://www.fuerstenberg-porzellan.com/en/blog/blick-in-die-produktion,HTML,b0e996ad4544d3f420d82611190a6ce04d77002e149044fb0e3b6f48de818b66,RECHECKED,Exact entity/site body; first-pass content review,"Owner production article describes OMNIA manufacture, manual forming and two several-hour firing stages up to 1400 C. This is actual own firing rather than product heat resistance. Fuel, duty, free timing windows and owned electric furnace inventory unresolved.","Availability checked separately from holder, claims, period and operating scope.",Codex
S-P66-01,P66,https://www.kpm-berlin.com/,2026-10-07T19:01:49+00:00,RETRIEVABLE,200,https://www.kpm-berlin.com/,HTML,cfa9448a57fd49ac61434965d222ad85400df49c735abd9eaebf4d98d2f6b791,RECHECKED,Legal entity and manufacture,porcelain manufacture and exact legal entity,"Availability checked separately from holder, claims, period and operating scope.",Codex
S-P66-03,P66,https://www.kpm-berlin.com/pages/manufaktur-porzellan-handwerkskunst,2026-10-07T19:01:54+00:00,RETRIEVABLE,200,https://www.kpm-berlin.com/pages/manufaktur-porzellan-handwerkskunst,HTML,d40b7e04b2f3c66e0e561cd7a0f5598e7b62d6d6009bf82649f9f1637dcfcaa0,RECHECKED,Actual named company/process section; PDF body and scope where applicable,"Own porcelain biscuit980C and high firing1420C; temperatures actual manufacture, not customer material ratings. Handcraft/checks not named energy automation; actual current fuel unspecified.","Availability checked separately from holder, claims, period and operating scope.",Codex
S-P66-04,P66,https://group.vattenfall.com/de/newsroom/news/2023/mit-abwasser-und-algen-auf-dem-weg-zum-netto-nullverbrauch,2026-10-07T19:01:55+00:00,RETRIEVABLE,200,https://group.vattenfall.com/de/newsroom/news/2023/mit-abwasser-und-algen-auf-dem-weg-zum-netto-nullverbrauch,HTML,38bcd2eecd52d03f6f762d1410d19d3efa250225574479774d59bbfa00947e66,RECHECKED,Actual named company/process section; PDF body and scope where applicable,"Project provider2023 describes actual KPM high-temperature kilns linked to heat recovery feeding district network. Adjacent Siemens heat-pump pilot is another site/project, not KPM. Provider fossil-free/network goals not KPM targets.","Availability checked separately from holder, claims, period and operating scope.",Codex
S-P66-05,P66,https://www.ressource-deutschland.de/themen/bauwesen/vernetzung-von-waerme/,2026-10-07T19:01:56+00:00,RETRIEVABLE,200,https://www.ressource-deutschland.de/themen/bauwesen/vernetzung-von-waerme/,HTML,3259253ccf52776d121216061eb0df358a2c836d10ed78429877fe9be2f705e1,RECHECKED,Actual named company/process section; PDF body and scope where applicable,"Public VDI ZRE case: waste heat from four KPM kilns exported since2017,1000kW thermal, recovered-water110C.110C is recovery outlet not kiln temperature;2017 outside recent investment window.","Availability checked separately from holder, claims, period and operating scope.",Codex
S-P67-04,P67,https://www.moeschter-group.com/fileadmin/content/mediathek/zertifikate/Zertifikate_9001_DE/ISO-9001_ISO-14001_Site-DC_DE_bis-20280518.PDF,2026-10-07T19:01:56+00:00,RETRIEVABLE,200,https://www.moeschter-group.com/fileadmin/content/mediathek/zertifikate/Zertifikate_9001_DE/ISO-9001_ISO-14001_Site-DC_DE_bis-20280518.PDF,PDF,e9eb77165c3ba31aa44fe3135e05587be153abec68f06dade90deba5d4b070c7,RECHECKED,Exact entity/site body; first-pass content review,"LRQA Deutschland GmbH: DOCERAM GmbH, 10694787; current period 2025-05-19 to 2028-05-18. Exact DOCERAM holder Hesslingsweg 65-67 Dortmund; approval 00048473-001. Other group holders not inherited.","Availability checked separately from holder, claims, period and operating scope.",Codex
S-P68-02,P68,https://technoker.de/,2026-10-07T19:01:56+00:00,RETRIEVABLE,200,https://technoker.de/,HTML,84f9d41e1a90dfb77b7aee33aab53a188bf45cb7c16d273ff628441ade0a725d,RECHECKED,Relevant company or process section,technical ceramic extrusion and production,"Availability checked separately from holder, claims, period and operating scope.",Codex
S-P68-03,P68,https://technoker.de/ueberuns,2026-10-07T19:01:56+00:00,RETRIEVABLE,200,https://technoker.de/ueberuns,HTML,94077187832ab543fcec532b2a1ce260d658a2b007b17e734491c36f722d338f,RECHECKED,Actual named company/process section; PDF body and scope where applicable,Own2018 kiln waste-heat reuse;2021 efficient high-temperature kiln month unspecified;2022 PV205kWp and natural-gas-to-biogas switch. Planned digitalisation by end2023 not confirmed completed. Customer heating elements are not owned electric kilns.,"Availability checked separately from holder, claims, period and operating scope.",Codex
S-P68-04,P68,https://technoker.de/dienstleistungen,2026-10-07T19:01:56+00:00,RETRIEVABLE,200,https://technoker.de/dienstleistungen,HTML,0e8da8c212c80495c81a3c9f21604f0177c0c38c2bfba4ba2b1eedfbdb7afc50,RECHECKED,Actual named company/process section; PDF body and scope where applicable,Own ceramic/extrusion production and resource/energy ambition; products/customer heaters do not establish own process-electric heat carrier or kiln temperature.,"Availability checked separately from holder, claims, period and operating scope.",Codex
S-P68-05,P68,https://technoker.de/wp-content/uploads/2024/02/04.12.2023.pdf,2026-10-07T19:01:56+00:00,RETRIEVABLE,200,https://technoker.de/wp-content/uploads/2024/02/04.12.2023.pdf,PDF,daeb42c793d8e79f854ef79c4666ebe1e792538c24cf444850358ef9163845ef,RECHECKED,Actual named company/process section; PDF body and scope where applicable,"Scanned body visually inspected: Primagas Futuria Propan proof537, exact TechnoKer Kaullache10 Kueps,4436litres BIO-LPG/biogenic propane delivered04.12.2023, confirmation25.01.2024. This is not regional biogas, ISO certificate, kW or plant-wide fossil-free proof. Fuel-product/scope discrepancy retained.","Availability checked separately from holder, claims, period and operating scope.",Codex
S-P70-02,P70,https://www.ceram-gmbh.de/leistungsspektrum/,2026-10-07T19:01:56+00:00,RETRIEVABLE,200,https://www.ceram-gmbh.de/leistungsspektrum/,HTML,de256a6fbb890c6146813a93a6aefbab59e5b618571ad1af2ddae38258fe1f8b,RECHECKED,Production and development,ceramic spray powders; melt products; sinter products and pilot sintering,"Availability checked separately from holder, claims, period and operating scope.",Codex
S-P70-03,P70,https://www.ceram-gmbh.de/ueber-uns/,2026-10-07T19:01:56+00:00,RETRIEVABLE,200,https://www.ceram-gmbh.de/ueber-uns/,HTML,5bd63a2d8154381d3fd545ff837f198a8d3a4b8841a493b7bbd62bc975212c47,RECHECKED,Actual named company/process section; PDF body and scope where applicable,"Own ISO9001/ISO14001 claims without current direct document. Old14001 PDF candidate returned404; cached filename/snippet not verified certificate body or current expiry. Correct CLAIM_ONLY, not VALID/EXPIRED.","Availability checked separately from holder, claims, period and operating scope.",Codex
S-P70-04,P70,https://www.ceram-gmbh.de/wp-content/uploads/sites/86/2023/07/ceram-GmbH_14001-bis-2026.pdf,2026-10-07T19:01:58+00:00,RETRIEVAL_FAILED,404,,,,UNAVAILABLE,HTTP404; no certificate body inspected,"Returned404 in direct GET. Cached filename/snippet is not authentic current certificate evidence; current about-page claim recovered only, certificate holder/number/validity unresolved.",HTTP Error 404: Not Found,Codex
S-P71-03,P71,https://www.atp.ag/de/projekte/floetzinger-brauerei-in-schechen/,2026-10-07T19:02:03+00:00,RETRIEVABLE,200,https://www.atp.ag/de/projekte/floetzinger-brauerei-in-schechen/,HTML,1b1ada25bade6fa7b8ad80962001981b1b87109a1b52fe66514a5db397f737b6,RECHECKED,Exact entity/site body; first-pass content review,Architect documents May 2023 start and October 2024 completion of Schechen tank/filling/logistics building with PV and heat pump. Rosenheim brewhouse stays at its existing site. Project area and masterplan area have different scope. Room/building energy assets cannot establish brewery-wide process heat or grid load.,"Availability checked separately from holder, claims, period and operating scope.",Codex
S-P73-04,P73,https://www.brauerei-kundmueller.com/self-guided-tour/station-19,2026-10-07T19:02:03+00:00,RETRIEVABLE,200,https://www.brauerei-kundmueller.com/self-guided-tour/station-19,HTML,a43985b71cf8437bfd8c736bb18f21f458262eb0f69ffa74d06e1e9219960256,RECHECKED,Exact entity/site body; first-pass content review,"Own five-vessel 60 hl brewhouse operating since 2020; mash stages at 60/62/68/72 C and boiling, vapour condenser recovering hot water, central refrigeration and process controls. Claimed energy reduction is not an independently metered whole-company balance. 2020 lies outside current investment window.","Availability checked separately from holder, claims, period and operating scope.",Codex
S-P73-06,P73,https://www.brauerei-kundmueller.de/assets/node/vv49lvhqx8ppc/brauerei-kundmueller_hausbroschuere_A5_2025_13.0_WEB-DE.pdf,2026-10-07T19:02:03+00:00,RETRIEVABLE,200,https://www.brauerei-kundmueller.de/assets/node/vv49lvhqx8ppc/brauerei-kundmueller_hausbroschuere_A5_2025_13.0_WEB-DE.pdf,PDF,403593d0ce779e783e27a0cf89b03edba93450a7fe009c81a13effcc037bb34a,RECHECKED,Exact entity/site body; first-pass content review,"Body dated 01/2026 corroborates multiple PV arrays, QUB membership, 2020 brewery and environmental awards. Solar thermal support is for guesthouse/restaurant. Solarbier brand claim is not a site-by-site process heat-carrier balance; 2025 awards are not equipment commissioning.","Availability checked separately from holder, claims, period and operating scope.",Codex
S-P74-03,P74,https://www.maisel.com/familie-maisel/qualitaet/,2026-10-07T19:02:06+00:00,RETRIEVABLE,200,https://www.maisel.com/familie-maisel/qualitaet/,HTML,3c775248d5ca314b5cc73cb190b58fa4999aa84703f5cd493e0b7993a05df8c5,RECHECKED,Exact entity/site body; first-pass content review,"Owner describes implemented waste-heat reuse, CO2 recovery and energy concept with IfE. CO2 capture is not thermal storage. No commissioning dates, heat-carrier balance or quantified dated energy roadmap.","Availability checked separately from holder, claims, period and operating scope.",Codex
S-P75-03,P75,https://www.jb-falter.de/brauerei/produktion,2026-10-07T19:02:07+00:00,RETRIEVABLE,200,https://www.jb-falter.de/brauerei/produktion,HTML,feb296fe7f825e8eb0d6c1c7812630dc7b0e305795ee28c038727ab3e7d8e762,RECHECKED,Actual named company/process section; PDF body and scope where applicable,Own beer pumped into lager tanks; named pumping but no drive ratings. Brewery production description not heat carrier or thermal buffer dispatch proof.,"Availability checked separately from holder, claims, period and operating scope.",Codex
S-P75-06,P75,https://www.jb-falter.de/brauerei/bautagebuch,2026-10-07T19:02:07+00:00,RETRIEVABLE,200,https://www.jb-falter.de/brauerei/bautagebuch,HTML,605ed1899241c3dee187bfdda20ad04b714f992fe1767be14e60145f23f1d965,RECHECKED,Actual named company/process section; PDF body and scope where applicable,2018 fermentation/lager building and2024 lager extension; new capacity is not itself a proved energy-transition investment.,"Availability checked separately from holder, claims, period and operating scope.",Codex
S-P75-07,P75,https://www.jb-falter.de/brauerei/produktion/abfuellung,2026-10-07T19:02:07+00:00,RETRIEVABLE,200,https://www.jb-falter.de/brauerei/produktion/abfuellung,HTML,4190101aad6ea836eb3582e84ca518d466a117b8edd38b94e51c52c3dffe6835,RECHECKED,Actual named company/process section; PDF body and scope where applicable,"Own bottling described as resource-saving/environment-friendly but no specific energy measure or control topology. This is vague ambition, not deployment or dated energy target.","Availability checked separately from holder, claims, period and operating scope.",Codex
S-P76-04,P76,https://si-tech-gmbh.com/unternehmen/nachhaltigkeit,2026-10-07T19:02:09+00:00,RETRIEVABLE,200,https://si-tech-gmbh.com/unternehmen/nachhaltigkeit,HTML,1e0ac5e9ce0aa9c695543d0b76fc103037021f04adba76c56e7d66a37c1ae8c3,RECHECKED,Actual named company/process section; PDF body and scope where applicable,"Own PV generates substantial onsite share (unquantified); resource/emission-reduction ambition. EcoVadis not ISO50001. Current ISO14001 linked, inspected separately.","Availability checked separately from holder, claims, period and operating scope.",Codex
S-P76-05,P76,https://si-tech-gmbh.com/assets/dl/nachhaltigkeit/certificate-din-iso-14001-2015-en.pdf,2026-10-07T19:02:09+00:00,RETRIEVABLE,200,https://si-tech-gmbh.com/assets/dl/nachhaltigkeit/certificate-din-iso-14001-2015-en.pdf,PDF,1ff0577299f48a7e0ebc4e3dcabf8cf4426a2b23dcfa585e5bdf58a5ad9e86f1,RECHECKED,Actual named company/process section; PDF body and scope where applicable,"Visually inspected SKZ ISO14001:2015 certificate001048.U, exact Si-Tech Siemens26-28 Dornstetten, valid2025-11-29 through2028-11-28, issued2025-11-29. Annex page2 includes Siemens15 assembly; old address not ignored or assumed identical without annex.","Availability checked separately from holder, claims, period and operating scope.",Codex
S-P76-06,P76,https://si-tech-gmbh.com/leistungen/kunststoffspritzguss,2026-10-07T19:02:09+00:00,RETRIEVABLE,200,https://si-tech-gmbh.com/leistungen/kunststoffspritzguss,HTML,51d1706596594cab619e609809db015cb3572298c53b3774e974a8d11d4f97f6,RECHECKED,Actual named company/process section; PDF body and scope where applicable,"Own40+ injection machines, robots, fully automated handling/packaging and production planning.170-3200kN closing force is not electrical power. Three-shift production not interruption permission.","Availability checked separately from holder, claims, period and operating scope.",Codex
S-P76-07,P76,https://si-tech-gmbh.com/leistungen/werkzeugbau,2026-10-07T19:02:10+00:00,RETRIEVABLE,200,https://si-tech-gmbh.com/leistungen/werkzeugbau,HTML,cce58af213eeb1be72a9d0f3c5a3ddb915d8d341629b1d95bb784afc37761a4b,RECHECKED,Actual named company/process section; PDF body and scope where applicable,Toolmaking done by specialised partner businesses; simulation/design is not own CNC or EDM inventory.,"Availability checked separately from holder, claims, period and operating scope.",Codex
S-P76-09,P76,https://si-tech-gmbh.com/unternehmen/qualitaet,2026-10-07T19:02:12+00:00,RETRIEVABLE,200,https://si-tech-gmbh.com/unternehmen/qualitaet,HTML,62d9fbe6ec0b5b61cda8a609761a442c181ac46ce178872d8e09c815abaa0384,RECHECKED,Actual named company/process section; PDF body and scope where applicable,Own integrated quality/environment/energy/risk system claim; current ISO14001 verified but no mature certified EnMS inferred.,"Availability checked separately from holder, claims, period and operating scope.",Codex
S-P77-03,P77,https://www.metak.de/umwelt/leitlinien-massnahmen,2026-10-07T19:02:15+00:00,RETRIEVABLE,200,https://www.metak.de/umwelt/leitlinien-massnahmen,HTML,87c2a6dd9ab3a6dc2bd27041b5ba846f449932b83fc7b44e204f330ddd2d23e6,RECHECKED,Actual company/site body; rendered relevant PDF pages where stated,"Own heat recovery reduces heating/process heating oil; free cooling reduces refrigeration-compressor runtime, servo/full-electric machines, mills/vacuum feed. Historic1988/2004/2008 energy recovery outside lookback. IIOT network is future intention, not confirmed installed plant coordination.","Availability checked separately from holder, claims, period and operating scope.",Codex
S-P77-04,P77,https://www.metak.de/leistungen/werkzeugbau,2026-10-07T19:02:15+00:00,RETRIEVABLE,200,https://www.metak.de/leistungen/werkzeugbau,HTML,42cf86b1ab47cdbd7f1da58a3c39dacbffc40a702c6e0a7c5bb25c8d1e77e908,RECHECKED,Actual company/site body; rendered relevant PDF pages where stated,Own CNC milling/EDM and CAD/CAM tool manufacture; no heater/temperature or ratings inferred.,"Availability checked separately from holder, claims, period and operating scope.",Codex
S-P77-05,P77,https://www.metak.de/leistungen/maschinenpark,2026-10-07T19:02:18+00:00,RETRIEVABLE,200,https://www.metak.de/leistungen/maschinenpark,HTML,5f207bda2151fdf8c88fb7ea0165498a966c1b778d1782d8070f8cba2a3034dd,RECHECKED,Actual company/site body; rendered relevant PDF pages where stated,"Own50+ moulding machines, full-electric BOY and own insert/removal robots.25-1300t closing force and part weights not kW or thermal carrier.","Availability checked separately from holder, claims, period and operating scope.",Codex
S-P77-06,P77,https://www.metak.de/fileadmin/Kundenbereich/Zertifikate/Metak_Zertifikat_50001_deutsch_2026.pdf,2026-10-07T19:02:18+00:00,RETRIEVABLE,200,https://www.metak.de/fileadmin/Kundenbereich/Zertifikate/Metak_Zertifikat_50001_deutsch_2026.pdf,PDF,f6f8f3838dbe68399bc8f7a64dcb87ebc605e89b472662ed7c1d0f4741533d39,RECHECKED,Actual company/site body; rendered relevant PDF pages where stated,"Visually inspected SKZ exact Metak Kreuzstrasse1 Burgwald ISO50001:2018,001117.E, all company consumed energy; valid2026-09-23 to2029-09-22, issued2026-08-24.","Availability checked separately from holder, claims, period and operating scope.",Codex
S-P77-07,P77,https://www.metak.de/fileadmin/Kundenbereich/Zertifikate/Metak_Zertifikat_14001_deutsch_2026.pdf,2026-10-07T19:02:18+00:00,RETRIEVABLE,200,https://www.metak.de/fileadmin/Kundenbereich/Zertifikate/Metak_Zertifikat_14001_deutsch_2026.pdf,PDF,9e310d0f1b307e09308f1c43679d0150e081a1e4bdbd6ce8864948b989d429b4,RECHECKED,Actual company/site body; rendered relevant PDF pages where stated,"Visually inspected SKZ exact Metak Kreuzstrasse1 Burgwald ISO14001:2015,001117.U; valid2026-09-23 to2029-09-22, issued2026-08-24.","Availability checked separately from holder, claims, period and operating scope.",Codex
S-P78-03,P78,https://www.industriebox.de/2023/04/18/hochwertige-kunststoffteile-von-erlemann-huckenbeck/,2026-10-07T19:02:18+00:00,RETRIEVABLE,200,https://www.industriebox.de/2023/04/18/hochwertige-kunststoffteile-von-erlemann-huckenbeck/,HTML,e08c0a5b2606a87cb5eb471c307044256a4a8e2b09196caa9bb042bba251677e,RECHECKED,Named company and process sections; AI source recovery,"Company-authored industry report dated 18 April 2023 identifies own thermoplastic/duroplastic injection and pressing. Product melting properties are not operating temperatures; owner website currently HTTP502, fleet continuity needs review.","Availability checked separately from holder, claims, period and operating scope.",Codex
S-P79-03,P79,https://www.langer-group.de/Nachhaltigkeit-Leitbild,2026-10-07T19:02:18+00:00,RETRIEVABLE,200,https://www.langer-group.de/Nachhaltigkeit-Leitbild,HTML,7b1791643ae335fdbb746b76891548cd9b6a34947699ad348d1e04fe9d37ae76,RECHECKED,Actual company/site body; rendered relevant PDF pages where stated,"Actual own base PV301.76kWp; expansion to675kWp and400kWh storage stated EXPECTED fromSeptember2026. Current date does not prove completion. PV/battery numbers are nameplate/storage, not consumption/converter kW.","Availability checked separately from holder, claims, period and operating scope.",Codex
S-P79-04,P79,https://www.langer-group.de/data/media/45/4511_0x0x0x0x0_14001.pdf,2026-10-07T19:02:19+00:00,RETRIEVABLE,200,https://www.langer-group.de/data/media/45/4511_0x0x0x0x0_14001.pdf,PDF,f1740b78a071f51e8f4cde000ad724e3322d339c75821f1717176e6760273c45,RECHECKED,Actual company/site body; rendered relevant PDF pages where stated,"Visually inspected exact Langer Gewerbestrasse8 Illmensee DEKRA ISO14001:2015,171115241/3; valid2024-11-19 to2027-11-18, issued2024-09-26. Previous certificate end18/11/2024 not current start.","Availability checked separately from holder, claims, period and operating scope.",Codex
S-P79-05,P79,https://www.langer-group.de/data/media/45/4509_0x0x0x0x0_50001.pdf,2026-10-07T19:02:19+00:00,RETRIEVABLE,200,https://www.langer-group.de/data/media/45/4509_0x0x0x0x0_50001.pdf,PDF,a615431fea4b29a20ff77fc740ca5ff6504c0a9be5876a00d6a82482ac8baf0f,RECHECKED,Actual company/site body; rendered relevant PDF pages where stated,"Visually inspected exact Langer DEKRA ISO50001:2018,181115129/2; valid2024-11-19 to2027-11-18, issued2024-09-26.","Availability checked separately from holder, claims, period and operating scope.",Codex
S-P79-06,P79,https://www.langer-group.de/data/media/60/6034_0x0x0x0x0_DNK_Erklaerung_2024_Langer_GmbH___Co__KG.pdf,2026-10-07T19:02:19+00:00,RETRIEVABLE,200,https://www.langer-group.de/data/media/60/6034_0x0x0x0x0_DNK_Erklaerung_2024_Langer_GmbH___Co__KG.pdf,PDF,7576030b6e5f461ebe05aaa83ba23c4d5cbe609dd27b7a925686dc81a25321b8,RECHECKED,Actual company/site body; rendered relevant PDF pages where stated,"DNK2024 company report prepared2025: concrete2024 efficient mill/extraction frequency converter/automatic window cooling; permanent bus-connected sensing, BDE and air shutoff. Dated2030 targets40% own PV/storage electricity and60% Scope1/2 cut vs2019 with roadmap. Planned2026/2027PV/storage not completed.2024 building/fleet gas/oil not actual process-heating fuel mix. Relevant pages10/23/24/30 rendered or body inspected.","Availability checked separately from holder, claims, period and operating scope.",Codex
S-P80-02,P80,https://www.mkt-gmbh.org/,2026-10-07T19:02:25+00:00,RETRIEVABLE,200,https://www.mkt-gmbh.org/,HTML,d95f9c14a1ad3057931fc533aa17fd51e2ab85c0952df2106bfb9add0c6e2f1e,RECHECKED,Company or production section,plastic injection moulding; toolmaking; assembly,"Availability checked separately from holder, claims, period and operating scope.",Codex
S-P80-03,P80,https://www.mkt-gmbh.org/werkzeugbau,2026-10-07T19:02:25+00:00,RETRIEVABLE,200,https://www.mkt-gmbh.org/werkzeugbau,HTML,2d115391e840dc8c498fbf3274dcfa6a858afbd8a85f13a3926239db0525e96d,RECHECKED,Actual company/site body; rendered relevant PDF pages where stated,"Own CNC toolmaking plus partner Chinese toolshops; both scopes retained. Own tools include hot runners/sensors, no thermal carrier/temperature inferred.","Availability checked separately from holder, claims, period and operating scope.",Codex
S-P80-04,P80,https://www.mkt-gmbh.org/spritzguss,2026-10-07T19:02:25+00:00,RETRIEVABLE,200,https://www.mkt-gmbh.org/spritzguss,HTML,d0e4804cf0463f8a6a6cc9c092317c47eddbe33477f541bf4e029aa5213f6cd5,RECHECKED,Actual company/site body; rendered relevant PDF pages where stated,Own injection machines/automatic handling and optical checks; closing force/part mass not electrical power.,"Availability checked separately from holder, claims, period and operating scope.",Codex
S-P80-05,P80,https://www.mkt-gmbh.org/kontakt/ueber-uns,2026-10-07T19:02:25+00:00,RETRIEVABLE,200,https://www.mkt-gmbh.org/kontakt/ueber-uns,HTML,ec991d8879340df3013409edf29ea484f3c0d9e481d9d6e2b91ae6a26a0a8f0b,RECHECKED,Actual company/site body; rendered relevant PDF pages where stated,"History describes investment in electric Arburg moulding machines and integrated ERP, without readable dated commissioning of energy project. Electric MACHINE drive is not proof of own electric process HEAT.","Availability checked separately from holder, claims, period and operating scope.",Codex
S-P80-06,P80,https://www.mkt-gmbh.org/pdf/ISO-14001-2015.pdf,2026-10-07T19:02:26+00:00,RETRIEVABLE,200,https://www.mkt-gmbh.org/pdf/ISO-14001-2015.pdf,PDF,57e3187de63e38c95228674685aa8c8f7817935224d4a9aeb916f95625095575,RECHECKED,Actual company/site body; rendered relevant PDF pages where stated,"Visually inspected exact MKT Unter Greut9 Kuessaberg TÜV SÜD ISO14001:2015,12 104 20882 TMS; valid2025-12-02 to2028-12-01, issued2025-11-21.","Availability checked separately from holder, claims, period and operating scope.",Codex
S-P80-07,P80,https://www.mkt-gmbh.org/pdf/Naturenergie.pdf,2026-10-07T19:02:26+00:00,RETRIEVABLE,200,https://www.mkt-gmbh.org/pdf/Naturenergie.pdf,PDF,673f7ab1fa68801bd561054026343437e3c7cfc65cc4b75e62f92e9e2ab76f47,RECHECKED,Actual company/site body; rendered relevant PDF pages where stated,"Supplier certificate states2026 purchased electricity100% Alpine hydropower, not owned hydro/PV or whole-site renewable heat. Carbon factor/baseline certificate period differs from supply period;285.08t claim not independent achieved saving.","Availability checked separately from holder, claims, period and operating scope.",Codex
S-P81-02,P81,https://ceranod.de/,2026-10-07T19:02:26+00:00,RETRIEVABLE,200,https://ceranod.de/,HTML,12b8b96f6f848af4fc4f61c16134d8e6649439c36e12b4a0c2442b7e9fb2e6c4,RECHECKED,Company or production section,technical; functional and decorative anodising,"Availability checked separately from holder, claims, period and operating scope.",Codex
S-P81-03,P81,https://ceranod.de/unternehmen/umwelt-technik/,2026-10-07T19:02:26+00:00,RETRIEVABLE,200,https://ceranod.de/unternehmen/umwelt-technik/,HTML,ad8c211a41991b975f30c193186f5efaa13ca46114c5e0f9f42ce9b6c92ac16e,RECHECKED,Actual company/site body; rendered relevant PDF pages where stated,"Exact own Ludwigsburg fully automated ultrasonic cleaning; renewable purchased energy and own geothermal heating/cooling system. No actual electric heat-pump topology, PV or dispatch/storage architecture specified.","Availability checked separately from holder, claims, period and operating scope.",Codex
S-P81-04,P81,https://ceranod.de/verfahren/plasmakeramik/,2026-10-07T19:02:26+00:00,RETRIEVABLE,200,https://ceranod.de/verfahren/plasmakeramik/,HTML,a68eb28bcb530edbb9e3c17fd50339cf253d3c5d56518aa6987b5ca0d4c90ff7,RECHECKED,Actual company/site body; rendered relevant PDF pages where stated,"Own plasma electrolytic oxidation (PEO) distinct from anodising;2000C is short-term finished COATING resistance, not actual bath or plant-heating temperature. Layers/hardness/durability not heat-load ratings.","Availability checked separately from holder, claims, period and operating scope.",Codex
S-P82-02,P82,https://www.galvanotec-hagen.de/,2026-10-07T19:02:27+00:00,RETRIEVABLE,200,https://www.galvanotec-hagen.de/,HTML,3295070e0bc47ffd3879e08b7c56251ab9259a376dd9c762513c0d24eb708794,RECHECKED,Company or production section,Owner describes actual zinc-plating production lines for long parts at Hagen. Owned electrochemical processing establishes DC relevance; generic Galvani explanation on another page is not equipment inventory.,"Availability checked separately from holder, claims, period and operating scope.",Codex
S-P83-01,P83,https://www.galvanotec.de/impressum/,2026-10-07T19:02:32+00:00,RETRIEVABLE,200,https://www.galvanotec.de/impressum/,HTML,924c6dae5e0b50ebdf728a5c03e826c478211d61eb76051697a42729fdf5e022,RECHECKED,Imprint or company section,exact legal entity; registered or operating location,"Availability checked separately from holder, claims, period and operating scope.",Codex
S-P83-02,P83,https://www.galvanotec.de/,2026-10-07T19:02:32+00:00,RETRIEVABLE,200,https://www.galvanotec.de/,HTML,15049efe387dc3c0a3ac0d2495c20e03363d95323590fb216fe2462ef473c19a,RECHECKED,Company or production section,zinc-nickel electroplating; anodising; passivation,"Availability checked separately from holder, claims, period and operating scope.",Codex
S-P83-03,P83,https://mwtek.rlp.de/presse/detail/schmitt-investitionen-staerken-wettbewerbsfaehigkeit-und-region-nachhaltig-rund-555000-euro-foerderung-fuer-gerbracht-moench-galvanotechnik-gmbh,2026-10-07T19:02:33+00:00,RETRIEVABLE,200,https://mwtek.rlp.de/presse/detail/schmitt-investitionen-staerken-wettbewerbsfaehigkeit-und-region-nachhaltig-rund-555000-euro-foerderung-fuer-gerbracht-moench-galvanotechnik-gmbh,HTML,86813258df9d98e4f9df7711b36a7ae4c0563c226e66d038bf3098fdaf93b5b7,RECHECKED,Actual company/site body; rendered relevant PDF pages where stated,"Public ministry grants555000EUR for planned capacity/site/process expansion. Efficient processes/GRW funding not verified completed energy-transition investment; current own offerings already include anodising/nickel, no commissioning date inferred.30staff not automatic canonical/eligibility update.","Availability checked separately from holder, claims, period and operating scope.",Codex
S-P84-02,P84,https://sa-oberflaechen.de/unsere-produktion/,2026-10-07T19:02:33+00:00,RETRIEVABLE,200,https://sa-oberflaechen.de/unsere-produktion/,HTML,acedc676558f7fcaa571ed2b697bbb6da853ab02bb241d794aa72834c0d99b63,RECHECKED,Company or production section,powder coating; pretreatment; shift production,"Availability checked separately from holder, claims, period and operating scope.",Codex
S-P84-03,P84,https://sa-oberflaechen.de/ueber-uns/unsere-anlage/,2026-10-07T19:02:36+00:00,RETRIEVABLE,200,https://sa-oberflaechen.de/ueber-uns/unsere-anlage/,HTML,8c19b28c4b04dc2ef6f16ea9c1e137f1bdf8e4acff65d1b1bcefc3fec4c28aea,RECHECKED,Actual company/site body; rendered relevant PDF pages where stated,"Own Durst powder-coating line, six-zone pretreatment and20 traverses.6000/3000/1600mm dimensions and1000/3000kg loads are not heater temperature, motor ratings or storage. Generic energy-efficient claim does not identify specific energy technology.","Availability checked separately from holder, claims, period and operating scope.",Codex
S-P84-04,P84,https://sa-oberflaechen.de/,2026-10-07T19:02:36+00:00,RETRIEVABLE,200,https://sa-oberflaechen.de/,HTML,9bfc799738957a992b6305bc3b638cfe42549243206c2059deb5180fc1d8a2a6,RECHECKED,Actual company/site body; rendered relevant PDF pages where stated,Own production/logistics/site2019/2020; shift/customer flexibility not electricity interruption permission; no proven recent energy investment.,"Availability checked separately from holder, claims, period and operating scope.",Codex
S-P85-03,P85,https://www.schweizer-galvano.de/,2026-10-07T19:02:37+00:00,RETRIEVABLE,200,https://schweizer-galvano.de/,HTML,3a3a3df07592b5ec9af7cac451b9407b20acc5967a59f233ac41f917247fa5e6,RECHECKED,Exact entity/site body; first-pass content review,"Current Heilbronn owner website names galvanic routes, central computer-controlled rack/barrel lines linked to ERP, own onsite PV and BHKW with waste-heat recovery. Chemical nickel needs no external current and is separate from electroplating. No commissioning dates, capacity or joint dispatch topology.","Availability checked separately from holder, claims, period and operating scope.",Codex
S-P86-02,P86,https://gts-keramik.de/,2026-10-07T19:02:37+00:00,RETRIEVABLE,200,https://gts-keramik.de/,HTML,8ec4b1546511f9ab1c19337e516ab563abb910ae884986c9a2667138de0ae943,RECHECKED,Company or production section,"Owner FAQ describes own ceramic manufacture, sinter firing then diamond machining; product temperature resistance is not actual kiln operating range. No thermal carrier or commissioning date.","Availability checked separately from holder, claims, period and operating scope.",Codex
S-P88-03,P88,https://ceramaret.com/sites-de-production,2026-10-07T19:02:37+00:00,RETRIEVABLE,200,https://ceramaret.com/sites-de-production,HTML,6532716a48f9158edf71a66bc8eb59cff48a8a87e8b848e4b7eb0db73fda8f4d,RECHECKED,Exact entity/site body; first-pass content review,"Owner identifies Meissen Ziegelstrasse 9a and Am Wall 4 with pressing/CIM, green machining, debinding/sintering and CNC finishing. Swiss Bôle assets/personnel are separate; staff counts not copied to canonical staff. German site process temperature/carrier not stated.","Availability checked separately from holder, claims, period and operating scope.",Codex
S-P89-04,P89,https://www.tkf-froemgen.de/en/range-of-services.html,2026-10-07T19:02:37+00:00,RETRIEVABLE,200,https://www.tkf-froemgen.de/en/range-of-services.html,HTML,cb05635f17db3149009523c3683fa469653549b7b0cdd89a6608c169b87af80a,RECHECKED,"Grinding, lapping, shaping, sintering and CNC sections","Owner explicitly lists own surface/cylindrical grinding, automated lapping/polishing, presses, five CNC lathes and two CNC mills, and several sintering furnaces including inert-gas units. Maximum furnace capability up to1700C and chamber dimensions are not actual process operating temperature or heating fuel; inert atmosphere not heat carrier. Initial direct HTTP466 recovered through HTTP200 primary-body review.","Availability checked separately from holder, claims, period and operating scope.",Codex
S-P90-01,P90,https://innokeramik.de/impressum/,2026-10-07T19:02:40+00:00,RETRIEVABLE,200,https://innokeramik.de/impressum/,HTML,160bb7af77bb61e541f1a47f1b1b6ecbbeaa218966f7b62cfd1a97092ed3d95a,RECHECKED,Imprint or company section,exact legal entity; registered or operating location,"Availability checked separately from holder, claims, period and operating scope.",Codex
S-P90-03,P90,https://innokeramik.de/ueber-uns/,2026-10-07T19:02:40+00:00,RETRIEVABLE,200,https://innokeramik.de/ueber-uns/,HTML,94abfe55f037ee612a95fe7b275cd1c0bc3f8488dc30448b3677bc0457f8f5a6,RECHECKED,Actual company/site body; rendered relevant PDF pages where stated,"Own Düren machining centre processes purchased KLAX plates into worktops/stairs/window sills; machine sales/training/partner service separate.>1200C firing and15000t pressing belong to supplier KITO/KLAX manufacturing, not own ceramic kiln. Actual owned machine list/drive/control topology unclear.","Availability checked separately from holder, claims, period and operating scope.",Codex
S-P90-04,P90,https://innokeramik.de/innopartner/,2026-10-07T19:02:41+00:00,RETRIEVABLE,200,https://innokeramik.de/innopartner/,HTML,fe1835cbc286b2500e72644a8e4398c2e7cbbd5b0526e6acbf6cf635daee316b,RECHECKED,Actual company/site body; rendered relevant PDF pages where stated,Partner leasing/sales of waterjet/CNC bridge saws and digital coaching are not owned plant equipment or own energy deployment. Own machining centre described on company page separately.,"Availability checked separately from holder, claims, period and operating scope.",Codex
S-P91-04,P91,https://www.riegele.de/wp-content/uploads/2024/01/Umwelterklaerung_2025_Brauhaus-Riegele.pdf,2026-10-07T19:02:43+00:00,RETRIEVABLE,200,https://www.riegele.de/wp-content/uploads/2024/01/Umwelterklaerung_2025_Brauhaus-Riegele.pdf,PDF,c6aa9f5cb65926f5e843bdd76bbfdacf5780418537d734e5857f69abe4c31418,RECHECKED,Actual company/site body; rendered relevant PDF pages where stated,"Rendered33-page report2025 with2024 data, signed validation2025-12-17 exact Augsburg/Gersthofen DE-104-00126. Actual2023 electric forklift and mid2025 PV expansion; current gas steam boiler/heat recovery, compressors/drives and PV. Boiler described as Leistung4.3MWh: dimensionally inconsistent unit retained, NOT silently MW/kW. Future12/2026control/12/2027CIP and heat alternatives not completed;2033minus40%/2045minus100%Scope1/2 targets with transformation roadmap.","Availability checked separately from holder, claims, period and operating scope.",Codex
S-P91-05,P91,https://www.emas.de/fileadmin/user_upload/4-daten-stat/EMAS-TN-Register.pdf,2026-10-07T19:02:43+00:00,RETRIEVABLE,200,https://www.emas.de/fileadmin/user_upload/4-daten-stat/EMAS-TN-Register.pdf,PDF,899bde5035d94426434d94cf7aea1f49dd77c3dbd58adb4c84e784b05657f00c,RECHECKED,Actual company/site body; rendered relevant PDF pages where stated,"Official active register01/09/2026 exact Riegele Augsburg DE-104-00126, two sites, registered since2016-01-22. Page9 row visually inspected; registered-since not validation or expiry.157organisation staff not canonical update.","Availability checked separately from holder, claims, period and operating scope.",Codex
S-P92-03,P92,https://www.kettererbier.de/netterer-welt/umweltschutz,2026-10-07T19:02:43+00:00,RETRIEVABLE,200,https://www.kettererbier.de/netterer-welt/umweltschutz,HTML,5fbd2722bb3692acab507d300cfcba4fbe22304fbfc03d230511f0de153ffbff,RECHECKED,Actual company/site body; rendered relevant PDF pages where stated,"Own current woodchips since2006, purchased green electricity, PV2021 (month unavailable) and nitrogen generatorSPRING2023. Other own Hornberger brand page saysSPRING2021 for nitrogen; discrepancy retained. Nitrogen resource substitution not automatically proved energy CAPEX.","Availability checked separately from holder, claims, period and operating scope.",Codex
S-P92-04,P92,https://www.kettererbier.de/brauerei/brauereirundgang,2026-10-07T19:02:43+00:00,RETRIEVABLE,200,https://www.kettererbier.de/brauerei/brauereirundgang,HTML,8d211f987058162b88dc0ec235121199e2da476605dca30a4e6c4effaa160f8a,RECHECKED,Actual company/site body; rendered relevant PDF pages where stated,"Own brewery pump transfers, temperature-regulated yeast process and Schoko vacuum boil; no actual heating degrees stated. Explicit all operating heat exclusively woodchips since2006; scope thermal service only, not transport/whole-plant zero carbon.","Availability checked separately from holder, claims, period and operating scope.",Codex
S-P93-04,P93,https://www.brauerei-schimpfle.de/brauerei,2026-10-07T19:02:46+00:00,RETRIEVABLE,200,https://www.brauerei-schimpfle.de/brauerei,HTML,4133bccb997f94dd4c978d78f5ee457d18e4e8a552a15e117eb3a4b86c971f5e,RECHECKED,Actual company/site body; rendered relevant PDF pages where stated,"Own power-regulated refrigeration compressors, desuperheater heat recovery and monitored water/wastewater plus RO.0C maturation not heating-temperature fit or dispatchable thermal store.","Availability checked separately from holder, claims, period and operating scope.",Codex
S-P93-05,P93,https://de.linkedin.com/posts/brauerei-schimpfle_brauerei-schimpfle-photovoltaik-activity-7207281589314031616-LBi4,2026-10-07T19:02:48+00:00,RETRIEVABLE,200,https://de.linkedin.com/posts/brauerei-schimpfle_brauerei-schimpfle-photovoltaik-activity-7207281589314031616-LBi4,HTML,65969c6ce758ad685c366e3264baa8db736dba34094eae78d1430c81331746a0,RECHECKED,Actual company/site body; rendered relevant PDF pages where stated,"Public own company post14/06/2024 confirms PV commissioned/running on production/logistics roof:908modules/1500m2, not kWp/kWh. Date from primary post structured metadata, current2026 operation not independently measured.","Availability checked separately from holder, claims, period and operating scope.",Codex
S-P93-06,P93,https://www.brauerei-schimpfle.de/blog-collection/jahresruckblick,2026-10-07T19:02:48+00:00,RETRIEVABLE,200,https://www.brauerei-schimpfle.de/blog-collection/jahresruckblick,HTML,26b2ceee390b546c5e7be0f860a49fc69d6cf8aa5b98d46bb1abf2cfddb88993,RECHECKED,Actual company/site body; rendered relevant PDF pages where stated,Own2023 year review published03/01/2024: transformer station INSTALLED for then-coming PV. Packing/tanks capacity not extra proven energy investment. Transformer not measured harmonic issue. Recheck: transformer explicitly supports forthcoming PV; do not count this component and the 2024 PV as independent energy investments without separate scope evidence.,"Availability checked separately from holder, claims, period and operating scope.",Codex
S-P94-03,P94,https://kuchlbauer.de/bier-und-kunst/logistikzentrum/,2026-10-07T19:02:48+00:00,RETRIEVABLE,200,https://kuchlbauer.de/bier-und-kunst/logistikzentrum/,HTML,2a2eec53c041ddce0a37e3bad5d0a30727ead47546dd456f593ee28a19996ede,RECHECKED,Actual company/site body; rendered relevant PDF pages where stated,"Own logistics centre integrates PV/electrical storage/charging with heat/cold heat pump for ROOMS. Building heat is not brewery process heat; battery not thermal store. Climate-positive claim pertains logistics centre, not whole brewery or independent lifecycle proof.","Availability checked separately from holder, claims, period and operating scope.",Codex
S-P94-04,P94,https://stanglmeier-bau.de/aktuelles/beitrag/eroeffnung-kuchlbauer-weissbier-quartier.html,2026-10-07T19:02:50+00:00,RETRIEVABLE,200,https://stanglmeier-bau.de/aktuelles/beitrag/eroeffnung-kuchlbauer-weissbier-quartier.html,HTML,2ce957b38a3b36f691c10b58e02b46375af69c71e29c6070fd2b26d43f3ca1c4,RECHECKED,Actual company/site body; rendered relevant PDF pages where stated,"Actual project builder says centre opened21/09/2024, construction sinceearly2023. Bounds one completed integrated energy/site project, not each technology separate commissioning date or whole-brewery energy demand.","Availability checked separately from holder, claims, period and operating scope.",Codex
S-P95-04,P95,https://www.winkler-braeu.de/privatbrauerei-bayern/brauhandwerk,2026-10-07T19:02:50+00:00,RETRIEVABLE,200,https://www.winkler-braeu.de/privatbrauerei-bayern/brauhandwerk,HTML,e5cacd180b079aab7fa728b89de8d8a8a89b5aa5329ed5fa80dde306af5946e6,RECHECKED,Named company/site sections; AI first-pass content check,"Own brewery describes hand brewing, modernised brewhouse and slow open fermentation. No process temperature, heat carrier, refrigeration inventory, commissioning date or shift permission. Not Brauerei Winkler Amberg or Weissenohe; hotel legal entity is separate.","Availability checked separately from holder, claims, period and operating scope.",Codex
S-P96-02,P96,https://www.peka-spritzguss.de/,2026-10-07T19:02:50+00:00,RETRIEVABLE,200,https://www.peka-spritzguss.de/,HTML,2420aa0c4281e48002bf7647bcb8017045668805c82e830bfd62ae912bc9af8a,RECHECKED,Company or production section,"Owner describes own injection moulding, CAD/CAM toolmaking and automated quality work. No process heat-carrier balance or measured energy savings.","Availability checked separately from holder, claims, period and operating scope.",Codex
S-P96-04,P96,https://www.peka-spritzguss.de/wp-content/uploads/2026/10/Zertifikat-ISO-14001_2015.pdf,2026-10-07T19:02:50+00:00,RETRIEVABLE,200,https://www.peka-spritzguss.de/wp-content/uploads/2026/10/Zertifikat-ISO-14001_2015.pdf,PDF,bc9cf6998ad253de551b6b125a5f46c02e3b91065193c5a61766d19fa3a1c2fa,RECHECKED,Exact entity/site body; first-pass content review,"DEKRA Certification GmbH: PEKA Spritzguss GmbH, 171023143/1; current period 2026-09-27 to 2029-04-30. Exact PEKA holder, Konrad-Zuse-Strasse 2 Velbert. Previous expiry 2026-09-26 is not current expiry.","Availability checked separately from holder, claims, period and operating scope.",Codex
S-P97-02,P97,https://www.peco-germany.com/,2026-10-07T19:02:50+00:00,RETRIEVABLE,200,https://www.peco-germany.com/,HTML,1cefbcdc8b5f3bd519128d2b41e426a3bad3927509d4ffc9491f4d96001a3881,RECHECKED,Company or production section,technical thermoplastic injection moulding; insert moulding; assembly,"Availability checked separately from holder, claims, period and operating scope.",Codex
S-P97-03,P97,https://www.peco-germany.com/unternehmen/geschichte/,2026-10-07T19:02:52+00:00,RETRIEVABLE,200,https://www.peco-germany.com/unternehmen/geschichte/,HTML,bf9acbbfa68c8d215f166d33d0bb789b41bd2d6176ef5cb79c45bda621df3efb,RECHECKED,Named company/site sections; AI first-pass content check,"Named owned Dr. BOY 22 A/25 E efficient-machine investments from 2022 and two 50 E with periphery from 2024 for 24-hour production. Two dated energy-efficiency investment waves in lookback; model/closing force is not electric kW, fully electric drive proof or load-shifting permission.","Availability checked separately from holder, claims, period and operating scope.",Codex
S-P98-03,P98,https://www.frank-formenbau-spritzguss.de/leistungen/spritzguss-kunststoffteile/,2026-10-07T19:02:52+00:00,RETRIEVABLE,200,https://www.frank-formenbau-spritzguss.de/leistungen/spritzguss-kunststoffteile/,HTML,884701fa65069941a04bbd7038ecc52435d1db2d5fdefdcc2078c6a35d8067ad,RECHECKED,Named company/site sections; AI first-pass content check,Own technical thermoplastic injection moulding and ultrasonic welding; generic efficient-machine/recycling claims lack identified energy equipment and commissioning dates. Product temperature capabilities and quality FAQ are not actual heat-carrier or energy-certification evidence.,"Availability checked separately from holder, claims, period and operating scope.",Codex
S-P98-04,P98,https://www.frank-formenbau-spritzguss.de/kompetenz/formenbau/,2026-10-07T19:02:53+00:00,RETRIEVABLE,200,https://www.frank-formenbau-spritzguss.de/leistungen/formenbau-automation/,HTML,e7a7015b69e9f314a840347e34dc824a5ab14e4030ad96bfb7cbc719819f0f15,RECHECKED,Named company/site sections; AI first-pass content check,Own CNC toolmaking and automated handling/assembly. Offered hot-runner tool design is not evidence of owned thermal equipment or measured energy savings.,"Availability checked separately from holder, claims, period and operating scope.",Codex
S-P99-03,P99,https://www.kt-breitungen.de/maschinenpark/,2026-10-07T19:02:53+00:00,RETRIEVABLE,200,https://www.kt-breitungen.de/maschinenpark/,HTML,315f20f2a79f83276567f8299acc3ff68a3d4b039b1ac3f22a1f2cdb9e319612,RECHECKED,Exact entity/site body; first-pass content review,Owner lists nine Arburg injection machines plus coating/printing. kN closing force and shot mass are not motor power; 520E model designation alone does not verify drive technology or machine commissioning.,"Availability checked separately from holder, claims, period and operating scope.",Codex
