attempt_id,company_id,source_ids,source_url,discovery_method,checked_at,checked_by,http_status,final_url,content_type,content_sha256,text_length,content_review_status,retrieval_error,scope_note
RS2-ca42ff1b53b0527e976d,P03,S-P03-05,https://www.bauernmolkerei.de/aktuelles/neuigkeiten/detailansicht/125-jahre-molkerei-geschichte-in-usseln,REGISTERED_SOURCE,2026-10-08T08:24:29+00:00,Codex,200,https://www.bauernmolkerei.de/aktuelles/neuigkeiten/detailansicht/125-jahre-molkerei-geschichte-in-usseln,text/html; charset=utf-8,ea5d21365bf271bd38ed7073e413da0a24c3c9e9fe8f93bfeb9b8fae67798a63,6535,RETRIEVED_FOR_SCREENING,,"Own CHP/PV now documented; no thermal fuel, usable heat buffer or admissible dispatch window. Raw-milk tanks are product inventory;2019university concept is not deployed equipment."
RS2-c67d81eb382c243cf4d7,P03,S-P03-04,https://www.bauernmolkerei.de/aktuelles/neuigkeiten/detailansicht/bauernmolkerei-investiert-in-mehrweg-glas,REGISTERED_SOURCE,2026-10-08T08:24:29+00:00,Codex,200,https://www.bauernmolkerei.de/aktuelles/neuigkeiten/detailansicht/bauernmolkerei-investiert-in-mehrweg-glas,text/html; charset=utf-8,cbf093ddd2cde839937672defc8120c744180bafe42a0c6f6d3dead80f238176,5450,RETRIEVED_FOR_SCREENING,,"Own CHP/PV now documented; no thermal fuel, usable heat buffer or admissible dispatch window. Raw-milk tanks are product inventory;2019university concept is not deployed equipment."
RS2-87b6c985d22a25bb7efe,P03,,https://www.bauernmolkerei.de/fileadmin/_processed_/2/e/csm_443A0258_560632714f.jpg,OBSERVED_COMPANY_LINK,2026-10-08T08:28:58+00:00,Codex,200,https://www.bauernmolkerei.de/fileadmin/_processed_/2/e/csm_443A0258_560632714f.jpg,image/jpeg,523297929353aad39dc6a17a412ac238276cb4587cb49449135efb8ecad816f6,186317,NON_TEXT,,"Own CHP/PV now documented; no thermal fuel, usable heat buffer or admissible dispatch window. Raw-milk tanks are product inventory;2019university concept is not deployed equipment."
RS2-1f28d26c19dad9ee4a2b,P03,,https://www.bauernmolkerei.de/fileadmin/_processed_/7/1/csm_443A0389_f3a782ccbf.jpg,OBSERVED_COMPANY_LINK,2026-10-08T08:28:58+00:00,Codex,200,https://www.bauernmolkerei.de/fileadmin/_processed_/7/1/csm_443A0389_f3a782ccbf.jpg,image/jpeg,d0fd54905e2344d6f5ef6fc68da7e2a0990480f737e6aa3fe9d34e5d1ae76e3f,128806,NON_TEXT,,"Own CHP/PV now documented; no thermal fuel, usable heat buffer or admissible dispatch window. Raw-milk tanks are product inventory;2019university concept is not deployed equipment."
RS2-676add8ddbda49b7a96f,P03,,https://www.bauernmolkerei.de/fileadmin/_processed_/9/b/csm_443A0432_357427e8a0.jpg,OBSERVED_COMPANY_LINK,2026-10-08T08:28:58+00:00,Codex,200,https://www.bauernmolkerei.de/fileadmin/_processed_/9/b/csm_443A0432_357427e8a0.jpg,image/jpeg,39cfe22443796d7a6bae98f5c5c538b801f088a5790f1ab7f20c1d05a39777bd,138834,NON_TEXT,,"Own CHP/PV now documented; no thermal fuel, usable heat buffer or admissible dispatch window. Raw-milk tanks are product inventory;2019university concept is not deployed equipment."
RS2-ea11a65aaeaa6c1593d0,P03,S-P03-06,https://www.bauernmolkerei.de/ueber-uns/foerderprojekte,REGISTERED_SOURCE,2026-10-08T08:24:29+00:00,Codex,200,https://www.bauernmolkerei.de/ueber-uns/foerderprojekte,text/html; charset=utf-8,cf2dd5465645df2d502f38338fe962f5db7bd1fc598e4abe94ab65757608fbd5,3878,RETRIEVED_FOR_SCREENING,,"Own CHP/PV now documented; no thermal fuel, usable heat buffer or admissible dispatch window. Raw-milk tanks are product inventory;2019university concept is not deployed equipment."
RS2-fa10abd539105a69f5c3,P03,S-P03-03,https://www.bauernmolkerei.de/ueber-uns/produktion-mitarbeiter/produktion/der-weg-der-milch,REGISTERED_SOURCE,2026-10-08T08:24:29+00:00,Codex,200,https://www.bauernmolkerei.de/ueber-uns/produktion-mitarbeiter/produktion/der-weg-der-milch,text/html; charset=utf-8,09fb3f66f79075a3bfd2ce072a0e3240a8e3d623ed68255a3d5f1e920e19c43a,4020,RETRIEVED_FOR_SCREENING,,"Own CHP/PV now documented; no thermal fuel, usable heat buffer or admissible dispatch window. Raw-milk tanks are product inventory;2019university concept is not deployed equipment."
RS2-fb161780f1926a02c0ef,P04,S-P04-06,https://www.lammsbraeu.de/hubfs/Dachmarke/resources/documents/Nachhaltigkeitsberichte/GRI-Bericht2023_Neumarkter%20Lammsbr%C3%A4u_final%2020240913.pdf,REGISTERED_SOURCE,2026-10-08T08:24:29+00:00,Codex,200,https://www.lammsbraeu.de/hubfs/Dachmarke/resources/documents/Nachhaltigkeitsberichte/GRI-Bericht2023_Neumarkter%20Lammsbr%C3%A4u_final%2020240913.pdf,application/pdf,b26e7800b14e8323a5c6b23e5e7cbf850fbcd10cf9a1ec68c292d5953b70bb84,518250,RETRIEVED_FOR_SCREENING,,New network/heat-pump storage statements describe planning; a planned105degreesCnetwork buffer is not confirmed operating thermal storage.
RS2-86ae70e0de18b72df400,P04,,https://www.lammsbraeu.de/hubfs/Dachmarke/resources/documents/Nachhaltigkeitsberichte/Umweltbericht%202022%20Neumarkter%20Lammsbr%C3%A4u%20final.pdf,TARGETED_WEB_SEARCH,2026-10-08T08:29:35+00:00,Codex,200,https://www.lammsbraeu.de/hubfs/Dachmarke/resources/documents/Nachhaltigkeitsberichte/Umweltbericht%202022%20Neumarkter%20Lammsbr%C3%A4u%20final.pdf,application/pdf,e3e6a5978a7adc8e0abf7fda8093f1dda7be7c9a6ce24cf848231f2c225c489e,141880,RETRIEVED_FOR_SCREENING,,New network/heat-pump storage statements describe planning; a planned105degreesCnetwork buffer is not confirmed operating thermal storage.
RS2-6cc15fa086442a42f014,P04,,https://www.lammsbraeu.de/hubfs/Dachmarke/resources/documents/Nachhaltigkeitsberichte/Ver%C3%B6ffentlichung_GW%C3%96-Bericht2024_mit%20EMAS-Erkl%C3%A4rung_Inhaltsverzeichnis.pdf,TARGETED_WEB_SEARCH,2026-10-08T08:30:00+00:00,Codex,200,https://www.lammsbraeu.de/hubfs/Dachmarke/resources/documents/Nachhaltigkeitsberichte/Ver%C3%B6ffentlichung_GW%C3%96-Bericht2024_mit%20EMAS-Erkl%C3%A4rung_Inhaltsverzeichnis.pdf,application/pdf,320c384e6bfeadc7678cb0f468adce91f865d3663a9f3e25b67d0fd55163c7ed,548655,RETRIEVED_FOR_SCREENING,,New network/heat-pump storage statements describe planning; a planned105degreesCnetwork buffer is not confirmed operating thermal storage.
RS2-3285fd354326621b423f,P04,S-P04-02,https://www.lammsbraeu.de/hubfs/Dachmarke/resources/documents/Pressemitteilungen/NL_Factsheet_2025.pdf,REGISTERED_SOURCE,2026-10-08T08:24:29+00:00,Codex,200,https://www.lammsbraeu.de/hubfs/Dachmarke/resources/documents/Pressemitteilungen/NL_Factsheet_2025.pdf,application/pdf,0aced4a3ad5b873262b15c6190696f9e6f9f995c07a8eac95d96216be1bee334,8609,RETRIEVED_FOR_SCREENING,,New network/heat-pump storage statements describe planning; a planned105degreesCnetwork buffer is not confirmed operating thermal storage.
RS2-62e0d08870142907f65c,P04,S-P04-05,https://www.lammsbraeu.de/hubfs/NeumarkterLammsbraeu/blog/images/2022/2022%20-%20Blog%20-%20Zertifizierungen/IHK%20Urkunde%20EMAS.pdf,REGISTERED_SOURCE,2026-10-08T08:24:29+00:00,Codex,200,https://www.lammsbraeu.de/hubfs/NeumarkterLammsbraeu/blog/images/2022/2022%20-%20Blog%20-%20Zertifizierungen/IHK%20Urkunde%20EMAS.pdf,application/pdf,6843abb7731fc0c6310072627aa74eb887b9e0dd868166878169e4a71fc83f9b,1,RETRIEVED_FOR_SCREENING,,New network/heat-pump storage statements describe planning; a planned105degreesCnetwork buffer is not confirmed operating thermal storage.
RS2-07936bb7da6dba3ab316,P05,S-P05-02,https://www.einbecker-brauhaus.de/aktionaere/berichte,REGISTERED_SOURCE,2026-10-08T08:24:29+00:00,Codex,200,https://www.einbecker-brauhaus.de/aktionaere/berichte,text/html; charset=UTF-8,c19368cf6dbded315eaad5a00ded05ed9756eb098a316e4df79c8073f19c2163,15731,RETRIEVED_FOR_SCREENING,,EMAS programme contains future2027heat-water projects; no current usable thermal store established. Future heat recovery is not present dispatchability.
RS2-1dc13217c061463b898d,P05,S-P05-04,https://www.einbecker-brauhaus.de/files/einbecker_gruppe/content/leitbild-und-werte/nachhaltigkeit/umwelterklaerung-ebag-2025.pdf,REGISTERED_SOURCE,2026-10-08T08:24:29+00:00,Codex,200,https://www.einbecker-brauhaus.de/files/einbecker_gruppe/content/leitbild-und-werte/nachhaltigkeit/umwelterklaerung-ebag-2025.pdf,application/pdf,21fc0f9176bb687fca2ac38d71e294b65d363005177cd48bea04890491216782,80998,RETRIEVED_FOR_SCREENING,,EMAS programme contains future2027heat-water projects; no current usable thermal store established. Future heat recovery is not present dispatchability.
RS2-ea802301c948f55f1a47,P05,S-P05-03,https://www.einbecker-brauhaus.de/leitbild-werte/nachhaltigkeit,REGISTERED_SOURCE,2026-10-08T08:24:29+00:00,Codex,200,https://www.einbecker-brauhaus.de/leitbild-werte/nachhaltigkeit,text/html; charset=UTF-8,e6bc159212ffd1225e34c7fd535b30ea5ef1c9c3aad486d743d8bb4d8c394263,16854,RETRIEVED_FOR_SCREENING,,EMAS programme contains future2027heat-water projects; no current usable thermal store established. Future heat recovery is not present dispatchability.
RS2-ddc6e5ff20a2a6b18f8f,P07,S-P07-08,https://varioplast.de/de/downloads,REGISTERED_SOURCE,2026-10-08T08:24:37+00:00,Codex,200,https://varioplast.de/de/downloads,text/html; charset=utf-8,292bf9db189f6ff84c9ec03b5220655b23d3abd15f6ffafd81027491852ad4d2,2465,RETRIEVED_FOR_SCREENING,,Founder fossil-independence claim is explicit. Own-machine drives and commercial TURBOTHERM availability do not establish owned tool temperatures or heat duty; no safe shift window or dated completed energy-project scope established.
RS2-e80ba057e1c194575fbd,P07,,https://varioplast.de/de/serienfertigung/fuege-andere-techniken,OBSERVED_COMPANY_LINK,2026-10-08T08:28:58+00:00,Codex,200,https://varioplast.de/de/serienfertigung/fuege-andere-techniken,text/html; charset=utf-8,519664c2386f7833b3dc403a416acb66900e8fba53766f268b334c5b75934317,4217,RETRIEVED_FOR_SCREENING,,Founder fossil-independence claim is explicit. Own-machine drives and commercial TURBOTHERM availability do not establish owned tool temperatures or heat duty; no safe shift window or dated completed energy-project scope established.
RS2-05f1b42ac6112446e1d5,P07,,https://varioplast.de/de/serienfertigung/kunststoffspritzguss,OBSERVED_COMPANY_LINK,2026-10-08T08:28:58+00:00,Codex,200,https://varioplast.de/de/serienfertigung/kunststoffspritzguss,text/html; charset=utf-8,16e5b15aab9d0ce7e54b8abbf9105e1e81f3ebb7f875902c8635e9da7da39dcb,3718,RETRIEVED_FOR_SCREENING,,Founder fossil-independence claim is explicit. Own-machine drives and commercial TURBOTHERM availability do not establish owned tool temperatures or heat duty; no safe shift window or dated completed energy-project scope established.
RS2-e7a9d628934f7ec4ee7d,P07,S-P07-02 | S-P07-06,https://varioplast.de/de/serienfertigung/ressourcenschonende-produktion,REGISTERED_SOURCE,2026-10-08T08:24:29+00:00,Codex,,,,,0,FAILED,<urlopen error timed out>,Founder fossil-independence claim is explicit. Own-machine drives and commercial TURBOTHERM availability do not establish owned tool temperatures or heat duty; no safe shift window or dated completed energy-project scope established.
RS2-22d9bd9f837e51d67a85,P07,S-P07-07,https://varioplast.de/de/unternehmen/nachhaltigkeit,REGISTERED_SOURCE,2026-10-08T08:24:37+00:00,Codex,200,https://varioplast.de/de/unternehmen/nachhaltigkeit,text/html; charset=utf-8,e44a91e1ddc0b67565aadf07755e958432cbd8fe24a6c9d08e22082385873407,4295,RETRIEVED_FOR_SCREENING,,Founder fossil-independence claim is explicit. Own-machine drives and commercial TURBOTHERM availability do not establish owned tool temperatures or heat duty; no safe shift window or dated completed energy-project scope established.
RS2-349da04560068fb02f1f,P07,,https://varioplast.de/en/company/sustainability,OBSERVED_COMPANY_LINK,2026-10-08T08:28:58+00:00,Codex,200,https://varioplast.de/en/company/sustainability,text/html; charset=utf-8,47f63459dd585cadd2ff26c0addff7dfc789af8d328c3ae2a8bb944611c23d5a,4332,RETRIEVED_FOR_SCREENING,,Founder fossil-independence claim is explicit. Own-machine drives and commercial TURBOTHERM availability do not establish owned tool temperatures or heat duty; no safe shift window or dated completed energy-project scope established.
RS2-327a560f4c2c81150850,P07,S-P07-04,https://wirtschaftskraft.de/artikel/das-hightech-herz-der-zukunftsschmiede-varioplast-schlaegt-im-nordschwarzwald,REGISTERED_SOURCE,2026-10-08T08:24:29+00:00,Codex,200,https://wirtschaftskraft.de/artikel/das-hightech-herz-der-zukunftsschmiede-varioplast-schlaegt-im-nordschwarzwald,text/html; charset=utf-8,cafeb47b3270644dbee3aafd55212a67d9c41c803160f52d27984e36441114f8,13511,RETRIEVED_FOR_SCREENING,,Founder fossil-independence claim is explicit. Own-machine drives and commercial TURBOTHERM availability do not establish owned tool temperatures or heat duty; no safe shift window or dated completed energy-project scope established.
RS2-ad512df5481daccd17c6,P07,,https://www.varioplast.de/de/branchen/luft-und-raumfahrt,TARGETED_WEB_SEARCH,2026-10-08T08:29:35+00:00,Codex,200,https://www.varioplast.de/de/branchen/luft-und-raumfahrt,text/html; charset=utf-8,87ca3fea83117e3066b6d8275adf6f60b77631664153cea4b862d5b40873a610,14560,RETRIEVED_FOR_SCREENING,,Founder fossil-independence claim is explicit. Own-machine drives and commercial TURBOTHERM availability do not establish owned tool temperatures or heat duty; no safe shift window or dated completed energy-project scope established.
RS2-bca3df61f9e0c376cfd6,P07,,https://www.varioplast.de/de/serienfertigung/ressourcenschonende-produktion,TARGETED_WEB_SEARCH,2026-10-08T08:29:35+00:00,Codex,200,https://www.varioplast.de/de/serienfertigung/ressourcenschonende-produktion,text/html; charset=utf-8,7fb8a5bc707c8278e2e86e53a978ba73981e07cb012801dbaf66c351bd2d029b,4856,RETRIEVED_FOR_SCREENING,,Founder fossil-independence claim is explicit. Own-machine drives and commercial TURBOTHERM availability do not establish owned tool temperatures or heat duty; no safe shift window or dated completed energy-project scope established.
RS2-f7a0c3a755284380ec5c,P07,S-P07-10,https://www.varioplast.de/de/unternehmen/highlights,TARGETED_WEB_SEARCH,2026-10-08T08:30:01+00:00,Codex,200,https://www.varioplast.de/de/unternehmen/highlights,text/html; charset=utf-8,7605c4e29505ab3e6bb277447555b4cd905adb9fe1b94b56348764ecd660aeed,18147,SELECTED_ANCHOR_RECHECK,,Founder fossil-independence claim is explicit. Own-machine drives and commercial TURBOTHERM availability do not establish owned tool temperatures or heat duty; no safe shift window or dated completed energy-project scope established.
RS2-0f99cc88342e21e96299,P10,S-P10-07,https://blomberg-erleben.de/pilotprojekt-von-oskar-lehmann-war-ein-voller-erfolg/,REGISTERED_SOURCE,2026-10-08T08:24:38+00:00,Codex,200,https://blomberg-erleben.de/pilotprojekt-von-oskar-lehmann-war-ein-voller-erfolg/,text/html; charset=UTF-8,f7a380db49f7d6ffb12e622d90ccf3e128a36da42d8efb93fb55d8285a75acab,200574,RETRIEVED_FOR_SCREENING,,"Own news archive supplies no new heat carrier, store or dated energy project. Historical LEEN/drives are not a current management certificate or complete plant inventory; SME gate remains separate."
RS2-44e2a0ceb8920440b4b8,P10,S-P10-09,https://energie-effizienz-netzwerke.de/een-de/netzwerkidee/stimmen.php,REGISTERED_SOURCE,2026-10-08T08:24:38+00:00,Codex,200,https://energie-effizienz-netzwerke.de/een-de/netzwerkidee/stimmen.php,text/html; charset=utf-8,6debe782d64e09c135e9c2c487ef47e1003f61b97ec4273f8ee75ec27ca44b9b,6261,RETRIEVED_FOR_SCREENING,,"Own news archive supplies no new heat carrier, store or dated energy project. Historical LEEN/drives are not a current management certificate or complete plant inventory; SME gate remains separate."
RS2-e000f649052ba0a8e594,P10,S-P10-06,https://www.ihk.de/ostwestfalen/ihre-ihk/presse/pressemeldungen/pressemeldungen2022/ihks-starten-klimainitiative-6981412,REGISTERED_SOURCE,2026-10-08T08:24:37+00:00,Codex,200,https://www.ihk.de/ostwestfalen/ihre-ihk/presse/pressemeldungen/pressemeldungen2022/ihks-starten-klimainitiative-6981412,text/html;charset=UTF-8,1864eee2ef355ca1dc49bfbadfdcf36e8fa60a2ea248893dc3a8dc8eb713b9c5,6384,RETRIEVED_FOR_SCREENING,,"Own news archive supplies no new heat carrier, store or dated energy project. Historical LEEN/drives are not a current management certificate or complete plant inventory; SME gate remains separate."
RS2-2fc3a62ea6bde2f28786,P10,S-P10-10,https://www.oskar-lehmann.de/en/78.html,REGISTERED_SOURCE,2026-10-08T08:24:38+00:00,Codex,200,https://www.oskar-lehmann.de/en/78.html,text/html; charset=UTF-8,347371519e10cfc2f990e286188266bbed9bc5218d632818e7c696e74d699a95,4606,RETRIEVED_FOR_SCREENING,,"Own news archive supplies no new heat carrier, store or dated energy project. Historical LEEN/drives are not a current management certificate or complete plant inventory; SME gate remains separate."
RS2-fb0aca40056f5bb4b12f,P10,S-P10-02,https://www.oskar-lehmann.de/en/about-us.html,REGISTERED_SOURCE,2026-10-08T08:24:37+00:00,Codex,200,https://www.oskar-lehmann.de/en/about-us.html,text/html; charset=UTF-8,61879f56b163d30be31f37a4b2a5bb29f9c7c035b9386c3ec587625803421e77,5200,RETRIEVED_FOR_SCREENING,,"Own news archive supplies no new heat carrier, store or dated energy project. Historical LEEN/drives are not a current management certificate or complete plant inventory; SME gate remains separate."
RS2-94ba34fca84507e39b95,P10,S-P10-03,https://www.oskar-lehmann.de/en/areas-of-expertise.html,REGISTERED_SOURCE,2026-10-08T08:24:37+00:00,Codex,200,https://www.oskar-lehmann.de/en/areas-of-expertise.html,text/html; charset=UTF-8,43eb3e5fd93d0a5d0f992021b9ff0aa417d0f10dd04d942d519d3c9648c1c4aa,5623,RETRIEVED_FOR_SCREENING,,"Own news archive supplies no new heat carrier, store or dated energy project. Historical LEEN/drives are not a current management certificate or complete plant inventory; SME gate remains separate."
RS2-00f7ab986e05b0cdd21d,P10,S-P10-08,https://www.oskar-lehmann.de/files/ol/news/Reportage%20im%20Magazin.pdf,REGISTERED_SOURCE,2026-10-08T08:24:38+00:00,Codex,200,https://www.oskar-lehmann.de/files/ol/news/Reportage%20im%20Magazin.pdf,application/pdf,11fb58725810777aa81c34ca11d229a9d2e14db9715102b6cdf3fe1d70f5bc5c,10585,RETRIEVED_FOR_SCREENING,,"Own news archive supplies no new heat carrier, store or dated energy project. Historical LEEN/drives are not a current management certificate or complete plant inventory; SME gate remains separate."
RS2-e3b1742a246f4160ab97,P11,S-P11-01,https://bt-unternehmensgruppe.de/175jahre,REGISTERED_SOURCE,2026-10-08T08:24:38+00:00,Codex,200,https://bt-unternehmensgruppe.de/175jahre,text/html; charset=utf-8,9b1fee1d7c09a8b9620cba8d9fbb78b213c8a1bdb370c90885cf77a181812e78,4898,RETRIEVED_FOR_SCREENING,,"Group hardening/galvanising references do not establish exact entity/site heat duties, fuel or current equipment. Group assets and production claims are not inherited automatically."
RS2-6c9ac781432cde3bb58f,P11,S-P11-02,https://bt-unternehmensgruppe.de/mitmachworkshop22,REGISTERED_SOURCE,2026-10-08T08:24:41+00:00,Codex,200,https://bt-unternehmensgruppe.de/mitmachworkshop22,text/html; charset=utf-8,bf3891bdd0e1090433ff978e63f9d9be7586847b51cd219807ba4e0764224150,14301,RETRIEVED_FOR_SCREENING,,"Group hardening/galvanising references do not establish exact entity/site heat duties, fuel or current equipment. Group assets and production claims are not inherited automatically."
RS2-48f92169288eac4bb649,P12,,https://richard-henkel.de/files/downloads/2024_Umwelterklaerung_Richard_Henkel.pdf,TARGETED_WEB_SEARCH,2026-10-08T08:29:35+00:00,Codex,200,https://richard-henkel.de/files/downloads/2024_Umwelterklaerung_Richard_Henkel.pdf,application/pdf,d53906c8788edf349d57aad4cfa0642a38bd41576ca206082f323b5bce4c59a8,110339,RETRIEVED_FOR_SCREENING,,Published storage planning concerns electricity; no useful thermal buffer established. Existing certificate expiry and LPG assessment remain unchanged.
RS2-58ccc7d72c3f8e6fd255,P12,S-P12-05,https://www.richard-henkel.de/downloads.html?file=files/downloads/2024_Klimawin-BW_Bericht.pdf,REGISTERED_SOURCE,2026-10-08T08:24:46+00:00,Codex,200,https://www.richard-henkel.de/downloads.html?file=files/downloads/2024_Klimawin-BW_Bericht.pdf,application/pdf,d04353b5eac3f0540738eb750f7096473bcc3ddce4c21f508614bb092e575a43,64689,RETRIEVED_FOR_SCREENING,,Published storage planning concerns electricity; no useful thermal buffer established. Existing certificate expiry and LPG assessment remain unchanged.
RS2-6e395dea8b7922c247d6,P12,S-P12-03,https://www.richard-henkel.de/downloads.html?file=files/downloads/2024_Umwelterklaerung_Richard_Henkel.pdf,REGISTERED_SOURCE,2026-10-08T08:24:46+00:00,Codex,200,https://www.richard-henkel.de/downloads.html?file=files/downloads/2024_Umwelterklaerung_Richard_Henkel.pdf,application/pdf,d53906c8788edf349d57aad4cfa0642a38bd41576ca206082f323b5bce4c59a8,110339,RETRIEVED_FOR_SCREENING,,Published storage planning concerns electricity; no useful thermal buffer established. Existing certificate expiry and LPG assessment remain unchanged.
RS2-fd8558316b89db03df28,P12,,https://www.richard-henkel.de/files/downloads/2023_Umwelterklaerung.pdf,TARGETED_WEB_SEARCH,2026-10-08T08:29:35+00:00,Codex,200,https://www.richard-henkel.de/files/downloads/2023_Umwelterklaerung.pdf,application/pdf,acd0ae200700f5c3421dc0f4d7c33912a24a0d9415028ffe8687e1f957f029d9,112956,RETRIEVED_FOR_SCREENING,,Published storage planning concerns electricity; no useful thermal buffer established. Existing certificate expiry and LPG assessment remain unchanged.
RS2-829b0bc496680d865f92,P12,,https://www.richard-henkel.de/mensch-und-umwelt.html,OBSERVED_COMPANY_LINK,2026-10-08T08:28:58+00:00,Codex,200,https://www.richard-henkel.de/mensch-und-umwelt.html,text/html; charset=utf-8,9c3d7a16f9c01eaf1ee7afab988a7026a6b2955ae3eaf5241877cda15ce39999,8947,RETRIEVED_FOR_SCREENING,,Published storage planning concerns electricity; no useful thermal buffer established. Existing certificate expiry and LPG assessment remain unchanged.
RS2-92822c5f50b5173f2b37,P12,,https://www.richard-henkel.de/nachhaltigkeit.html,OBSERVED_COMPANY_LINK,2026-10-08T08:28:58+00:00,Codex,200,https://www.richard-henkel.de/nachhaltigkeit.html,text/html; charset=utf-8,089e8f287a728f7cee265307c470196fe74be53a0ff48acf3dadead7491fe742,8716,RETRIEVED_FOR_SCREENING,,Published storage planning concerns electricity; no useful thermal buffer established. Existing certificate expiry and LPG assessment remain unchanged.
RS2-16c2abaec5e8d291042e,P12,S-P12-02,https://www.richard-henkel.de/oberfl%C3%A4chentechnik.html,REGISTERED_SOURCE,2026-10-08T08:24:44+00:00,Codex,200,https://www.richard-henkel.de/oberfl%C3%A4chentechnik.html,text/html; charset=utf-8,98ed0607ae49af5e452cc2e9016a1b3290ed275c7a6460a010dc61c5e7209c6d,8927,RETRIEVED_FOR_SCREENING,,Published storage planning concerns electricity; no useful thermal buffer established. Existing certificate expiry and LPG assessment remain unchanged.
RS2-bbc7b085624f003d4bb5,P13,S-P13-03,https://www.schmalriede.de/,REGISTERED_SOURCE,2026-10-08T08:24:46+00:00,Codex,,,,,0,FAILED,<urlopen error timed out>,"Registered substantive website retrievals timed out. This is an access limitation; no missing deployment, fuel or temperature is inferred from failures."
RS2-cc1923211b42688905ef,P13,S-P13-07,https://www.schmalriede.de/fileadmin/user_upload/Downloads_zertifikate/20240507-SR-12874-Imagebrosch%C3%BCre-Web.pdf,REGISTERED_SOURCE,2026-10-08T08:24:47+00:00,Codex,,,,,0,FAILED,<urlopen error timed out>,"Registered substantive website retrievals timed out. This is an access limitation; no missing deployment, fuel or temperature is inferred from failures."
RS2-8b204ec3e200aeff7f9d,P13,S-P13-06,https://www.schmalriede.de/fileadmin/user_upload/Downloads_zertifikate/Whitepaper_Moderne_Galvanik.pdf,REGISTERED_SOURCE,2026-10-08T08:24:47+00:00,Codex,,,,,0,FAILED,<urlopen error timed out>,"Registered substantive website retrievals timed out. This is an access limitation; no missing deployment, fuel or temperature is inferred from failures."
RS2-61e103ac24a55cbcb2cf,P13,S-P13-05,https://www.schmalriede.de/services/vor-der-behandlung,REGISTERED_SOURCE,2026-10-08T08:24:47+00:00,Codex,,,,,0,FAILED,<urlopen error timed out>,"Registered substantive website retrievals timed out. This is an access limitation; no missing deployment, fuel or temperature is inferred from failures."
RS2-2f4d296d3745bf8a33ce,P13,S-P13-02,https://www.schmalriede.de/unternehmen,REGISTERED_SOURCE,2026-10-08T08:24:46+00:00,Codex,,,,,0,FAILED,<urlopen error timed out>,"Registered substantive website retrievals timed out. This is an access limitation; no missing deployment, fuel or temperature is inferred from failures."
RS2-5eff377f2bec0ef6f4d2,P13,S-P13-04,https://www.schmalriede.de/unternehmen/umwelt-qualitaetsmanagement,REGISTERED_SOURCE,2026-10-08T08:24:47+00:00,Codex,,,,,0,FAILED,<urlopen error timed out>,"Registered substantive website retrievals timed out. This is an access limitation; no missing deployment, fuel or temperature is inferred from failures."
RS2-896fba3d954696347333,P15,S-P15-01 | S-P15-03,https://eloxal-barz.de/,REGISTERED_SOURCE,2026-10-08T08:24:49+00:00,Codex,200,https://eloxal-barz.de/,text/html; charset=UTF-8,fc1ebde68cbf2e2fc38f982af80ee8e6f1d2a367cde6402081e88ad76d6e6bf0,22407,RETRIEVED_FOR_SCREENING,,"2016supplier case describes glycol cooling and pipe material ratings, not bath operating temperatures. Historical valves/flow meter and pipe insulation do not establish a current plant inventory, thermal store or dated recent energy investment."
RS2-da08a1927e2936dc5394,P15,S-P15-04,https://www.initiative-co2.de/wp-content/uploads/2016/01/InitiativeCO2_Projekthandbuch_2016_Georg_Fischer.pdf,REGISTERED_SOURCE,2026-10-08T08:24:49+00:00,Codex,200,https://www.initiative-co2.de/wp-content/uploads/2016/01/InitiativeCO2_Projekthandbuch_2016_Georg_Fischer.pdf,application/pdf,b9ab95a050faa5c5ee3eb38c0e08710f63764e9049a2dfd1c372dcc6b2d48306,8492,RETRIEVED_FOR_SCREENING,,"2016supplier case describes glycol cooling and pipe material ratings, not bath operating temperatures. Historical valves/flow meter and pipe insulation do not establish a current plant inventory, thermal store or dated recent energy investment."
RS2-f175fc2b4d58869fdd2f,P15,S-P15-05,https://www.xing.com/profile/Sina_Barz,REGISTERED_SOURCE,2026-10-08T08:24:49+00:00,Codex,200,https://www.xing.com/profile/Sina_Barz,text/html,70a3c719bdfe30a3c4e8d824068c3a19833e42b7f868a26bba566d69d84d3cda,4889,RETRIEVED_FOR_SCREENING,,"2016supplier case describes glycol cooling and pipe material ratings, not bath operating temperatures. Historical valves/flow meter and pipe insulation do not establish a current plant inventory, thermal store or dated recent energy investment."
RS2-dd9599eac030164df6a4,P16,S-P16-02,https://www.sembach.de/en/company/,REGISTERED_SOURCE,2026-10-08T08:24:54+00:00,Codex,200,https://www.sembach.de/en/company/,text/html; charset=UTF-8,3988b81d39deac544596be26012049e3857e11cb1c3366e5fd69602b7fb3deb5,6332,RETRIEVED_FOR_SCREENING,,"Own CNC, monitoring and furnace room-heat recovery are documented. Customer energy-technology products are not own generation; fuel, converter topology and thermal storage remain unspecified."
RS2-735e26ec1c8a30ae7f11,P16,S-P16-03,https://www.sembach.de/en/production/,REGISTERED_SOURCE,2026-10-08T08:24:54+00:00,Codex,200,https://www.sembach.de/en/production/,text/html; charset=UTF-8,1ebdd8a434560eeb500c9de86ca5f43c90942f28a7d0bec12a3f95c64dd16042,7274,RETRIEVED_FOR_SCREENING,,"Own CNC, monitoring and furnace room-heat recovery are documented. Customer energy-technology products are not own generation; fuel, converter topology and thermal storage remain unspecified."
RS2-0adf68832863a863e465,P16,,https://www.sembach.de/en/production/raw-materials/,OBSERVED_COMPANY_LINK,2026-10-08T08:28:58+00:00,Codex,200,https://www.sembach.de/en/production/raw-materials/,text/html; charset=UTF-8,178484238cdb2e92446e15183ac16ebbc5b0e47a59b9c8e65763c02ed7f19be9,7628,RETRIEVED_FOR_SCREENING,,"Own CNC, monitoring and furnace room-heat recovery are documented. Customer energy-technology products are not own generation; fuel, converter topology and thermal storage remain unspecified."
RS2-427f1a75101156c0a53b,P16,,https://www.sembach.de/en/production/shaping-processes/,OBSERVED_COMPANY_LINK,2026-10-08T08:28:58+00:00,Codex,200,https://www.sembach.de/en/production/shaping-processes/,text/html; charset=UTF-8,770779990532107cb22bb7eeecff7f626ba66ad08b1c3f9179dd8402a71787aa,3826,RETRIEVED_FOR_SCREENING,,"Own CNC, monitoring and furnace room-heat recovery are documented. Customer energy-technology products are not own generation; fuel, converter topology and thermal storage remain unspecified."
RS2-d52fd429be06b060e79d,P16,,https://www.sembach.de/produktion/,TARGETED_WEB_SEARCH,2026-10-08T08:29:35+00:00,Codex,200,https://www.sembach.de/produktion/,text/html; charset=UTF-8,482a90e298de645417fdf662886ba1c0aa0ef3684ef7f5a60458b91eeeadc494,7639,RETRIEVED_FOR_SCREENING,,"Own CNC, monitoring and furnace room-heat recovery are documented. Customer energy-technology products are not own generation; fuel, converter topology and thermal storage remain unspecified."
RS2-2302493d434a081bb206,P16,S-P16-06,https://www.sembach.de/wp-content/uploads/Imagebroschuere-2026_DE_-DIGITAL.pdf,REGISTERED_SOURCE,2026-10-08T08:24:54+00:00,Codex,200,https://www.sembach.de/wp-content/uploads/Imagebroschuere-2026_DE_-DIGITAL.pdf,application/pdf,e11dbae7bbfc9873119c2968bb623d9a0c1a16d64943a8bc9860dd053bdcbf21,24400,RETRIEVED_FOR_SCREENING,,"Own CNC, monitoring and furnace room-heat recovery are documented. Customer energy-technology products are not own generation; fuel, converter topology and thermal storage remain unspecified."
RS2-df67538a57bee6f598f4,P18,,https://lamberts.de/bearbeitungstechniken,OBSERVED_COMPANY_LINK,2026-10-08T08:29:06+00:00,Codex,,,,,0,FAILED,<urlopen error timed out>,"Own glassmaking context is separated from Glasfabrik Lamberts. No new converter, useful thermal store, owned PV or safe dispatch evidence located."
RS2-75770a51914fdefeb6aa,P18,,https://lamberts.de/beitrag/die-glashuette-lamberts-betreibt-ein-konsequentes-energiemanagement-welches-nach-din-en-iso-50001-2018-zertifiziert-wurde,TARGETED_WEB_SEARCH,2026-10-08T08:29:35+00:00,Codex,200,https://lamberts.de/beitrag/die-glashuette-lamberts-betreibt-ein-konsequentes-energiemanagement-welches-nach-din-en-iso-50001-2018-zertifiziert-wurde,text/html; charset=utf-8,8719c808236e97dfbe07862798bd83dbf64faf84f237f15983d96b0d7d06e1fb,1421,RETRIEVED_FOR_SCREENING,,"Own glassmaking context is separated from Glasfabrik Lamberts. No new converter, useful thermal store, owned PV or safe dispatch evidence located."
RS2-7b9dc0ff2bfa7cfaf7ff,P18,,https://lamberts.de/brochures-downloads?cid=10073&file=files%2Fcontent%2FMainpage%2FInformationen%2FBroschueren_und_Datenblaetter%2Fglas-woerterbuch.pdf,TARGETED_WEB_SEARCH,2026-10-08T08:29:35+00:00,Codex,200,https://lamberts.de/brochures-downloads?cid=10073&file=files%2Fcontent%2FMainpage%2FInformationen%2FBroschueren_und_Datenblaetter%2Fglas-woerterbuch.pdf,application/pdf,6052a2147328156d3214112deaa26dfbfb533f829646a47277422f9abfa894ae,137290,RETRIEVED_FOR_SCREENING,,"Own glassmaking context is separated from Glasfabrik Lamberts. No new converter, useful thermal store, owned PV or safe dispatch evidence located."
RS2-bad42e01e4e27a43e8c3,P18,S-P18-03,https://lamberts.de/der-zukunft-verpflichtet,REGISTERED_SOURCE,2026-10-08T08:24:58+00:00,Codex,200,https://lamberts.de/der-zukunft-verpflichtet,text/html; charset=utf-8,c4fa0fb655875e9ce464974c0202f53338537d88c698fcfd1fa6f984dc52b0fd,7251,RETRIEVED_FOR_SCREENING,,"Own glassmaking context is separated from Glasfabrik Lamberts. No new converter, useful thermal store, owned PV or safe dispatch evidence located."
RS2-49732fa0c2aecb88a605,P18,,https://lamberts.de/firmengeschichte,TARGETED_WEB_SEARCH,2026-10-08T08:29:35+00:00,Codex,200,https://lamberts.de/firmengeschichte,text/html; charset=utf-8,3636dd9bf801c674dfd7cd9ac2a7afa41613afa07c629bdb56fd143320a6b9e6,7059,RETRIEVED_FOR_SCREENING,,"Own glassmaking context is separated from Glasfabrik Lamberts. No new converter, useful thermal store, owned PV or safe dispatch evidence located."
RS2-bc51680c080ea10f9558,P18,S-P18-02,https://lamberts.de/home,REGISTERED_SOURCE,2026-10-08T08:24:57+00:00,Codex,200,https://lamberts.de/home,text/html; charset=utf-8,19d5a93ed5481fe6b5e4b853a6d1a1cdeef7762ea9e5725f5db28fd47e7fa35b,45524,RETRIEVED_FOR_SCREENING,,"Own glassmaking context is separated from Glasfabrik Lamberts. No new converter, useful thermal store, owned PV or safe dispatch evidence located."
RS2-8ba5ed60d33615d2ef5b,P18,,https://lamberts.de/processed-lamberts-glass,OBSERVED_COMPANY_LINK,2026-10-08T08:28:58+00:00,Codex,200,https://lamberts.de/processed-lamberts-glass,text/html; charset=utf-8,a51289b6e0caa091a5505d290bdfb958a19e76837d0a704c7716c5e5d5214729,2728,RETRIEVED_FOR_SCREENING,,"Own glassmaking context is separated from Glasfabrik Lamberts. No new converter, useful thermal store, owned PV or safe dispatch evidence located."
RS2-6b6b4af0baf2d3703317,P18,,https://lamberts.de/production,OBSERVED_COMPANY_LINK,2026-10-08T08:28:58+00:00,Codex,200,https://lamberts.de/production,text/html; charset=utf-8,028cf8e3561ba465e1839d0ffb53ec0eb1a2d054bd5cf21a130c0462263bbc73,5030,RETRIEVED_FOR_SCREENING,,"Own glassmaking context is separated from Glasfabrik Lamberts. No new converter, useful thermal store, owned PV or safe dispatch evidence located."
RS2-7810ec4b6ac8f3e6109e,P19,S-P19-06,https://www.frankenpost.de/inhalt.freudige-nachricht-rieseninvestition-in-holenbrunn.54fc6b3d-9ea0-4a78-96f6-b22af96cd3b1.html,REGISTERED_SOURCE,2026-10-08T08:25:01+00:00,Codex,200,https://www.frankenpost.de/inhalt.freudige-nachricht-rieseninvestition-in-holenbrunn.54fc6b3d-9ea0-4a78-96f6-b22af96cd3b1.html,text/html;charset=UTF-8,03beed46e7d321f45da9731e665cc8c2fb2b09983871e7ea36d7e27c94842836,2794,RETRIEVED_FOR_SCREENING,,Exact-holder2022EPD uses2021production data and generic LCA energy datasets. Background natural-gas factors are not a current furnace-fuel inventory. Solar-glass/customer-building applications are not owned PV or heat pumps.
RS2-485d0e900688d4c268cf,P19,S-P19-03,https://www.lamberts.info/en/iecoglass/ecology,REGISTERED_SOURCE,2026-10-08T08:25:01+00:00,Codex,200,https://www.lamberts.info/en/iecoglass/ecology,text/html; charset=utf-8,1a68f7f55b7d514fb98684caefadded21eac94fef61edd5ec9f2fea8ba79a2d4,6540,RETRIEVED_FOR_SCREENING,,Exact-holder2022EPD uses2021production data and generic LCA energy datasets. Background natural-gas factors are not a current furnace-fuel inventory. Solar-glass/customer-building applications are not owned PV or heat pumps.
RS2-080d305e8d865c2f792d,P19,,https://www.lamberts.info/fileadmin/user_upload/ecoglass/2023-02-06_EPD_Umweltproduktdeklaration.pdf,TARGETED_WEB_SEARCH,2026-10-08T08:29:35+00:00,Codex,200,https://www.lamberts.info/fileadmin/user_upload/ecoglass/2023-02-06_EPD_Umweltproduktdeklaration.pdf,application/pdf,51c79897ef977055bcd949d1a6e62634023dd2a806de3732775a7e8d9a8ee596,117553,RETRIEVED_FOR_SCREENING,,Exact-holder2022EPD uses2021production data and generic LCA energy datasets. Background natural-gas factors are not a current furnace-fuel inventory. Solar-glass/customer-building applications are not owned PV or heat pumps.
RS2-e472225b1b60f90a2ab9,P19,S-P19-05,https://www.lamberts.info/fileadmin/user_upload/ecoglass/ISO_14001_Zertifizierung_ab_2024_Umweltmanagement.pdf,OBSERVED_COMPANY_LINK,2026-10-08T08:29:06+00:00,Codex,200,https://www.lamberts.info/fileadmin/user_upload/ecoglass/ISO_14001_Zertifizierung_ab_2024_Umweltmanagement.pdf,application/pdf,5cdcbbcd9fac461fe3ab991a3db5352e6c76135cac9a90a3ad7599784d683439,1429,RETRIEVED_FOR_SCREENING,,Exact-holder2022EPD uses2021production data and generic LCA energy datasets. Background natural-gas factors are not a current furnace-fuel inventory. Solar-glass/customer-building applications are not owned PV or heat pumps.
RS2-03f9bc0dd67ffed2b3fa,P19,S-P19-04,https://www.lamberts.info/fileadmin/user_upload/ecoglass/ISO_50001_Zertifizierung__Energiemanagement__062028.pdf,OBSERVED_COMPANY_LINK,2026-10-08T08:29:06+00:00,Codex,200,https://www.lamberts.info/fileadmin/user_upload/ecoglass/ISO_50001_Zertifizierung__Energiemanagement__062028.pdf,application/pdf,70dc766ec7079d88da47b35c612febaa03aa441b0250f7895162b2d245ff85dd,1430,RETRIEVED_FOR_SCREENING,,Exact-holder2022EPD uses2021production data and generic LCA energy datasets. Background natural-gas factors are not a current furnace-fuel inventory. Solar-glass/customer-building applications are not owned PV or heat pumps.
RS2-850319670f6e9166b3a2,P19,S-P19-02,https://www.lamberts.info/unternehmen,REGISTERED_SOURCE,2026-10-08T08:24:58+00:00,Codex,200,https://www.lamberts.info/unternehmen,text/html; charset=utf-8,618de2134e217ceefd4c9be9d0d919d72ed7730d8433ed71eb76a2266055485b,11544,RETRIEVED_FOR_SCREENING,,Exact-holder2022EPD uses2021production data and generic LCA energy datasets. Background natural-gas factors are not a current furnace-fuel inventory. Solar-glass/customer-building applications are not owned PV or heat pumps.
RS2-e9c31c966018755b3785,P20,S-P20-02,https://exportpreis-hessen.de/2019-235/,REGISTERED_SOURCE,2026-10-08T08:25:02+00:00,Codex,200,https://exportpreis-hessen.de/2019-235/,text/html; charset=UTF-8,50280211c610b9e032cf3fdca6abb8045115d566798d98a36c760f5c4b7634b4,2879,RETRIEVED_FOR_SCREENING,,"Owner lists eight furnaces and glassmaking techniques. Furnace dimensions and manual workshop descriptions give no motor duty, energy carrier, grid-interface data or completed energy project."
RS2-e80b67a8a9c03b0484a8,P20,S-P20-03,https://flachglas-markenkreis.de/glasnetzwerk/mitglieder/derix-glasstudios-gmbh-co-kg/,REGISTERED_SOURCE,2026-10-08T08:25:02+00:00,Codex,200,https://flachglas-markenkreis.de/glasnetzwerk/mitglieder/derix-glasstudios-gmbh-co-kg/,text/html; charset=UTF-8,7c3950f0bc887e64030d67c66d2f4cb477ff0d7b62e7729b84c066479f471836,5909,RETRIEVED_FOR_SCREENING,,"Owner lists eight furnaces and glassmaking techniques. Furnace dimensions and manual workshop descriptions give no motor duty, energy carrier, grid-interface data or completed energy project."
RS2-bff30f7f663d01500c7c,P20,,https://www.derix.com/brennen,OBSERVED_COMPANY_LINK,2026-10-08T08:29:06+00:00,Codex,200,https://www.derix.com/brennen,text/html; charset=UTF-8,c90890950e30006ec66e0f109349099bcc74ff28526161464fb818c9a2644db9,1955,RETRIEVED_FOR_SCREENING,,"Owner lists eight furnaces and glassmaking techniques. Furnace dimensions and manual workshop descriptions give no motor duty, energy carrier, grid-interface data or completed energy project."
RS2-d1e40c0834e6ad77b823,P20,S-P20-04,https://www.derix.com/heissversformen,REGISTERED_SOURCE,2026-10-08T08:25:02+00:00,Codex,200,https://www.derix.com/heissversformen,text/html; charset=UTF-8,5f2f5e7a0fa6320a5053c1f3a8a44fb747b136dbcf4b7dba802fede7b7b27671,2917,RETRIEVED_FOR_SCREENING,,"Owner lists eight furnaces and glassmaking techniques. Furnace dimensions and manual workshop descriptions give no motor duty, energy carrier, grid-interface data or completed energy project."
RS2-2fbf45de0f0dd3642fca,P20,,https://www.derix.com/klebetechnik,OBSERVED_COMPANY_LINK,2026-10-08T08:29:07+00:00,Codex,200,https://www.derix.com/klebetechnik,text/html; charset=UTF-8,f0964816af084ece087d1c9a879dfff5d798f82049f9cf3491d52b2aad903b9e,2521,RETRIEVED_FOR_SCREENING,,"Owner lists eight furnaces and glassmaking techniques. Furnace dimensions and manual workshop descriptions give no motor duty, energy carrier, grid-interface data or completed energy project."
RS2-c4b1cc79ee766d3033de,P20,,https://www.derix.com/technik,OBSERVED_COMPANY_LINK,2026-10-08T08:29:06+00:00,Codex,200,https://www.derix.com/technik,text/html; charset=UTF-8,da65684eab0ba67723be5fc0dbfe648b903d57149deec095c0693c9f864a52d2,1879,RETRIEVED_FOR_SCREENING,,"Owner lists eight furnaces and glassmaking techniques. Furnace dimensions and manual workshop descriptions give no motor duty, energy carrier, grid-interface data or completed energy project."
RS2-32433988fbee85716448,P20,,https://www.derix.com/werkstatt,TARGETED_WEB_SEARCH,2026-10-08T08:29:35+00:00,Codex,200,https://www.derix.com/werkstatt,text/html; charset=UTF-8,bb561a9e3cf41791fc44c9fc0ccd959c907e9f610d93545cb9e95c7f532f8323,2265,RETRIEVED_FOR_SCREENING,,"Owner lists eight furnaces and glassmaking techniques. Furnace dimensions and manual workshop descriptions give no motor duty, energy carrier, grid-interface data or completed energy project."
RS2-94efaff82ab76da6ff14,P21,S-P21-03,https://die-deutsche-wirtschaft.de/unternehmen/privatbrauerei-moritz-fiege-gmbh-co-kg-bochum/,REGISTERED_SOURCE,2026-10-08T08:25:04+00:00,Codex,200,https://die-deutsche-wirtschaft.de/unternehmen/privatbrauerei-moritz-fiege-gmbh-co-kg-bochum/,text/html; charset=UTF-8,ab54b89db6060bd8fb474033f08a6f5746bf6c64eb1339f7d1b5b936e8cada71,12037,RETRIEVED_FOR_SCREENING,,"Multi-brewery research describes generic energy options, not this brewery current fuel balance or deployed thermal storage. Own process improvements lack attributable heat duties and dates."
RS2-96be6dd1f326f1c09656,P21,S-P21-01,https://moritzfiege.de/,REGISTERED_SOURCE,2026-10-08T08:25:02+00:00,Codex,200,https://moritzfiege.de/,text/html; charset=UTF-8,33507483b48fbb9fd41188f868a8bfe3704b982eab328948f0e12838d58565ef,4598,RETRIEVED_FOR_SCREENING,,"Multi-brewery research describes generic energy options, not this brewery current fuel balance or deployed thermal storage. Own process improvements lack attributable heat duties and dates."
RS2-7990eb0d61c120ba1128,P21,S-P21-02,https://www.efa.nrw/aktuell/details/foerderprogramme-belohnen-unternehmen-die-innovativ-sind-interview-mit-marc-zinkler-braumeister-und-betriebsleiter-der-privatbrauerei-moritz-fiege,REGISTERED_SOURCE,2026-10-08T08:25:03+00:00,Codex,200,https://www.efa.nrw/aktuell/details/foerderprogramme-belohnen-unternehmen-die-innovativ-sind-interview-mit-marc-zinkler-braumeister-und-betriebsleiter-der-privatbrauerei-moritz-fiege,text/html; charset=utf-8,456ee72803f3750bb49793322b9542d4a2df2aea154e9499ff4cf0d4664c0de7,10396,RETRIEVED_FOR_SCREENING,,"Multi-brewery research describes generic energy options, not this brewery current fuel balance or deployed thermal storage. Own process improvements lack attributable heat duties and dates."
RS2-021d17fa2a0ec3671215,P21,S-P21-04,https://www.efa.nrw/aktuell/details/projekt-brauerei-der-zukunft-das-rezept-fuer-klimaneutrales-bier,REGISTERED_SOURCE,2026-10-08T08:25:04+00:00,Codex,200,https://www.efa.nrw/aktuell/details/projekt-brauerei-der-zukunft-das-rezept-fuer-klimaneutrales-bier,text/html; charset=utf-8,fe73428431bbd884af859f395509b386469538d6f5ccfb8ceb52eca46ad13493,8802,RETRIEVED_FOR_SCREENING,,"Multi-brewery research describes generic energy options, not this brewery current fuel balance or deployed thermal storage. Own process improvements lack attributable heat duties and dates."
RS2-bc34b1d522297206d7f4,P22,S-P22-03,https://www.regionales-bayern.de/anbieter/riedenburger-brauhaus-michael-krieger-gmbh-co-kg-15003/,REGISTERED_SOURCE,2026-10-08T08:25:04+00:00,Codex,200,https://www.regionales-bayern.de/anbieter/riedenburger-brauhaus-michael-krieger-gmbh-co-kg-15003/,text/html; charset=utf-8,9a715d45832058686c40131354ceaef833ecbc913d84bd32eca4a627af51414b,3594,RETRIEVED_FOR_SCREENING,,2026energy concept remains under construction. Future renewable operation does not establish current fossil-free brewery heat; no thermal-fuel remainder is quantified.
RS2-0328d9178c82bb3def82,P22,,https://www.riedenburger.de/neubau/bautagebuch/,TARGETED_WEB_SEARCH,2026-10-08T08:29:35+00:00,Codex,200,https://www.riedenburger.de/neubau/bautagebuch/,text/html; charset=UTF-8,6aadf2053f245efb26dde226b6fc67f33c2b7616261df386a418c9764f9ac4aa,12509,RETRIEVED_FOR_SCREENING,,2026energy concept remains under construction. Future renewable operation does not establish current fossil-free brewery heat; no thermal-fuel remainder is quantified.
RS2-9af408823dea6488d1fa,P22,,https://www.riedenburger.de/neubau/energiekonzept/,OBSERVED_COMPANY_LINK,2026-10-08T08:29:07+00:00,Codex,200,https://www.riedenburger.de/neubau/energiekonzept/,text/html; charset=UTF-8,8f3597cb3337e49ba5240514cc29bfce51d066aac3a09665867df0418068122c,6559,RETRIEVED_FOR_SCREENING,,2026energy concept remains under construction. Future renewable operation does not establish current fossil-free brewery heat; no thermal-fuel remainder is quantified.
RS2-f9b6062d86ff4a59afbb,P22,,https://www.riedenburger.de/neues/%C3%BCbergabe-f%C3%B6rderbescheid/,TARGETED_WEB_SEARCH,2026-10-08T08:29:44+00:00,Codex,200,https://www.riedenburger.de/neues/%C3%BCbergabe-f%C3%B6rderbescheid/,text/html; charset=UTF-8,7acdb30f26eba181e55d8aa149e7ee5cae2866cbdcce78027d1e356195cb5025,9141,RETRIEVED_FOR_SCREENING,,2026energy concept remains under construction. Future renewable operation does not establish current fossil-free brewery heat; no thermal-fuel remainder is quantified.
RS2-5690cb3e72db867d62db,P22,,https://www.riedenburger.de/neues/energiewende-netzwerktreffen-1/,OBSERVED_COMPANY_LINK,2026-10-08T08:29:07+00:00,Codex,200,https://www.riedenburger.de/neues/energiewende-netzwerktreffen-1/,text/html; charset=UTF-8,f99a7215965b0e5c500f314673f85549502f7b9de681e65c219df8d5dba7d29c,8938,RETRIEVED_FOR_SCREENING,,2026energy concept remains under construction. Future renewable operation does not establish current fossil-free brewery heat; no thermal-fuel remainder is quantified.
RS2-f0e6a3a52cc394b3fa28,P22,S-P22-02,https://www.riedenburger.de/neues/fossilfreie-bierherstellung/,REGISTERED_SOURCE,2026-10-08T08:25:04+00:00,Codex,200,https://www.riedenburger.de/neues/fossilfreie-bierherstellung/,text/html; charset=UTF-8,4d516d00ebf2a2e45ea019be746f0e11c3b923f3e7d0726a36be57d22b0c1e30,7056,RETRIEVED_FOR_SCREENING,,2026energy concept remains under construction. Future renewable operation does not establish current fossil-free brewery heat; no thermal-fuel remainder is quantified.
RS2-d269396d8961fc5e37f1,P22,,https://www.riedenburger.de/neues/neubau-in-umweltbeton/,OBSERVED_COMPANY_LINK,2026-10-08T08:29:08+00:00,Codex,200,https://www.riedenburger.de/neues/neubau-in-umweltbeton/,text/html; charset=UTF-8,c4d32fd0d73c5d51cf041544b7ab1e33dc83910b8862cd0299f5c7525c4fe0cd,8101,RETRIEVED_FOR_SCREENING,,2026energy concept remains under construction. Future renewable operation does not establish current fossil-free brewery heat; no thermal-fuel remainder is quantified.
RS2-45a242153b654322a58e,P23,,https://www.fm-plast.de/deutsch/environment,OBSERVED_COMPANY_LINK,2026-10-08T08:29:08+00:00,Codex,200,https://www.fm-plast.de/deutsch/environment,text/html; charset=UTF-8,5dd3e0708ab483e687ba5fcd3af244cb896ed34fef1ac3a1bc4dbf3e587fec75,3482,RETRIEVED_FOR_SCREENING,,"Own electric injection drives are evidenced. Drives, cooled mould water and hall heat recovery do not establish operating heat temperatures or a usable thermal store; withdrawn heat proposals stay UNKNOWN."
RS2-5e287efd47dc1c26c161,P23,S-P23-02,https://www.fm-plast.de/deutsch/environment/,REGISTERED_SOURCE,2026-10-08T08:25:05+00:00,Codex,200,https://www.fm-plast.de/deutsch/environment/,text/html; charset=UTF-8,def28f11432f964e074505f4e539931fcdd291eea691e9b57a6669df6a66fd77,3482,SELECTED_ANCHOR_RECHECK,,"Own electric injection drives are evidenced. Drives, cooled mould water and hall heat recovery do not establish operating heat temperatures or a usable thermal store; withdrawn heat proposals stay UNKNOWN."
RS2-8d88965b73180b06f852,P23,,https://www.fm-plast.de/environment,TARGETED_WEB_SEARCH,2026-10-08T08:29:45+00:00,Codex,200,https://www.fm-plast.de/environment,text/html; charset=UTF-8,5dd3e0708ab483e687ba5fcd3af244cb896ed34fef1ac3a1bc4dbf3e587fec75,3482,RETRIEVED_FOR_SCREENING,,"Own electric injection drives are evidenced. Drives, cooled mould water and hall heat recovery do not establish operating heat temperatures or a usable thermal store; withdrawn heat proposals stay UNKNOWN."
RS2-e0f9239614f981b2c46a,P23,S-P23-03,https://www.regiomanager.de/ranking/produktion/kunststoffverarbeiter/suedwestfalen/,REGISTERED_SOURCE,2026-10-08T08:25:06+00:00,Codex,200,https://www.regiomanager.de/ranking/produktion/kunststoffverarbeiter/suedwestfalen/,text/html; charset=UTF-8,fcc2945de862fecb86ca2c74211a36f7e9ed6691c58a884de70b8231d73b0b62,24622,RETRIEVED_FOR_SCREENING,,"Own electric injection drives are evidenced. Drives, cooled mould water and hall heat recovery do not establish operating heat temperatures or a usable thermal store; withdrawn heat proposals stay UNKNOWN."
RS2-a473b40525aa9a60f65c,P24,S-P24-02,https://www.hk-mueller.de/de/,REGISTERED_SOURCE,2026-10-08T08:25:10+00:00,Codex,,,,,0,FAILED,<urlopen error timed out>,"Electric drives and room-heat recovery do not establish thermal temperatures, heat carrier or dispatchable buffers. Announced PV expansion lacks completion proof; conflicting machine totals are not reconciled."
RS2-db78b38ecee959824a7e,P24,S-P24-06,https://www.hk-mueller.de/de/kunststoffspritzguss/,REGISTERED_SOURCE,2026-10-08T08:25:14+00:00,Codex,200,https://www.hk-mueller.de/de/kunststoffspritzguss/,text/html; charset=utf-8,259e91489618fb3fcfba290a12bd9a03e2877e78685f71de7a480596347d6310,13824,RETRIEVED_FOR_SCREENING,,"Electric drives and room-heat recovery do not establish thermal temperatures, heat carrier or dispatchable buffers. Announced PV expansion lacks completion proof; conflicting machine totals are not reconciled."
RS2-2ed4ae30f40d620ad9da,P24,,https://www.hk-mueller.de/de/nachhaltige-umweltfreundliche-verpackungen/,OBSERVED_COMPANY_LINK,2026-10-08T08:29:08+00:00,Codex,200,https://www.hk-mueller.de/de/nachhaltige-umweltfreundliche-verpackungen/,text/html; charset=utf-8,07059dedd02d85a5ae1d054c695216cb915b97e159f5e7185ff7077ead66ea33,12678,RETRIEVED_FOR_SCREENING,,"Electric drives and room-heat recovery do not establish thermal temperatures, heat carrier or dispatchable buffers. Announced PV expansion lacks completion proof; conflicting machine totals are not reconciled."
RS2-6b874b95224ec01b47c8,P24,S-P24-04,https://www.hk-mueller.de/de/unternehmen/nachhaltigkeit-und-umweltschutz/,REGISTERED_SOURCE,2026-10-08T08:25:13+00:00,Codex,,,,,0,FAILED,<urlopen error timed out>,"Electric drives and room-heat recovery do not establish thermal temperatures, heat carrier or dispatchable buffers. Announced PV expansion lacks completion proof; conflicting machine totals are not reconciled."
RS2-f00d769f5230f260b3b0,P24,S-P24-05,https://www.hk-mueller.de/de/unternehmen/newsblog/,REGISTERED_SOURCE,2026-10-08T08:25:13+00:00,Codex,200,https://www.hk-mueller.de/de/unternehmen/newsblog/,text/html; charset=utf-8,96a65dc4744760775d8a8206db8a169f19b2e6a807a6a10e25454df8e095c9c4,11556,RETRIEVED_FOR_SCREENING,,"Electric drives and room-heat recovery do not establish thermal temperatures, heat carrier or dispatchable buffers. Announced PV expansion lacks completion proof; conflicting machine totals are not reconciled."
RS2-02b3962569cffa6b4501,P24,,https://www.hk-mueller.de/de/unternehmen/qualitaet-und-zertifikate/,OBSERVED_COMPANY_LINK,2026-10-08T08:29:14+00:00,Codex,200,https://www.hk-mueller.de/de/unternehmen/qualitaet-und-zertifikate/,text/html; charset=utf-8,e119caa2f0e2d9905d698c266f616d874492eee0b8a31c2e8e0572014a5578c4,8310,RETRIEVED_FOR_SCREENING,,"Electric drives and room-heat recovery do not establish thermal temperatures, heat carrier or dispatchable buffers. Announced PV expansion lacks completion proof; conflicting machine totals are not reconciled."
RS2-67b2a352c3dc29f4cf99,P24,,https://www.hk-mueller.de/en/company/quality-assurance-and-certificates/,TARGETED_WEB_SEARCH,2026-10-08T08:29:46+00:00,Codex,200,https://www.hk-mueller.de/en/company/quality-assurance-and-certificates/,text/html; charset=utf-8,66700817ae50d637c9469ef78b0bda033dabf23dba4921d91ab1ba7a1a2cd181,7834,RETRIEVED_FOR_SCREENING,,"Electric drives and room-heat recovery do not establish thermal temperatures, heat carrier or dispatchable buffers. Announced PV expansion lacks completion proof; conflicting machine totals are not reconciled."
RS2-655f170db80ed57ada3b,P24,,https://www.hk-mueller.de/fileadmin/_processed_/1/c/csm_Kunststoffspritzguss_Fertigung_6b39e3b93a.jpg,OBSERVED_COMPANY_LINK,2026-10-08T08:29:09+00:00,Codex,200,https://www.hk-mueller.de/fileadmin/_processed_/1/c/csm_Kunststoffspritzguss_Fertigung_6b39e3b93a.jpg,image/jpeg,40773380538ab8421259caeee87ac17452ea2b1498a1901fa974418cb769b03f,71819,NON_TEXT,,"Electric drives and room-heat recovery do not establish thermal temperatures, heat carrier or dispatchable buffers. Announced PV expansion lacks completion proof; conflicting machine totals are not reconciled."
RS2-0342a05523d75327b720,P25,S-P25-02 | S-P25-07,https://scheplast.de/,REGISTERED_SOURCE,2026-10-08T08:25:14+00:00,Codex,200,https://scheplast.de/,text/html; charset=UTF-8,8635f0e7cfbef6e5995e39c7c7f6725b81b768bea53fd229c35a702e3add193d,10839,RETRIEVED_FOR_SCREENING,,Own PV/heat recovery remain documented. Generic biogas stories and customer outboard-motor applications are excluded from owned thermal fuel and equipment.
RS2-ce41989525aedcf77985,P25,S-P25-03,https://scheplast.de/kunststoffspritzerei/,REGISTERED_SOURCE,2026-10-08T08:25:14+00:00,Codex,200,https://scheplast.de/kunststoffspritzerei/,text/html; charset=UTF-8,621aeee2a503c96876e25e38ed3799c49957af27b245ee9095225390adc8d698,7475,RETRIEVED_FOR_SCREENING,,Own PV/heat recovery remain documented. Generic biogas stories and customer outboard-motor applications are excluded from owned thermal fuel and equipment.
RS2-98953268c14437fe3730,P25,S-P25-05,https://scheplast.de/nachhaltigkeit/,REGISTERED_SOURCE,2026-10-08T08:25:14+00:00,Codex,200,https://scheplast.de/nachhaltigkeit/,text/html; charset=UTF-8,08ae8d900ae6a53dbb800b066949a5f37f06da3fd80092a5a65d52c561699ca3,5084,RETRIEVED_FOR_SCREENING,,Own PV/heat recovery remain documented. Generic biogas stories and customer outboard-motor applications are excluded from owned thermal fuel and equipment.
RS2-a9d374cf683e9f2990af,P25,,https://scheplast.de/wp-content/uploads/2024/03/Scheplast-Zertifikat-ISO-14001_2015-gueltig-bis-2027.pdf,OBSERVED_COMPANY_LINK,2026-10-08T08:29:14+00:00,Codex,200,https://scheplast.de/wp-content/uploads/2024/03/Scheplast-Zertifikat-ISO-14001_2015-gueltig-bis-2027.pdf,application/pdf,485cf012323e5962b342af24852027d69b29a104280c4cb2ccf0f95b55bdc903,752,RETRIEVED_FOR_SCREENING,,Own PV/heat recovery remain documented. Generic biogas stories and customer outboard-motor applications are excluded from owned thermal fuel and equipment.
RS2-4c7093689f981e943b98,P26,S-P26-01,https://barth-galvanik.de/,REGISTERED_SOURCE,2026-10-08T08:25:14+00:00,Codex,200,https://barth-galvanik.de/,text/html; charset=UTF-8,e7f746bbafe13aaf09920492f9a9752f358707f1931fa5c9470544d250aec07c,6432,RETRIEVED_FOR_SCREENING,,"Owner gives actual annealing temperature windows on three conveyor furnaces. Coating-service resistance is excluded; conveyor operation does not prove safe scheduling flexibility, furnace fuel or thermal storage."
RS2-414f88f916f3ee78312f,P26,S-P26-08,https://barth-galvanik.de/oberflaechenbeschichtung/galvanische-beschichtung,REGISTERED_SOURCE,2026-10-08T08:25:21+00:00,Codex,200,https://barth-galvanik.de/oberflaechenbeschichtung/galvanische-beschichtung,text/html; charset=UTF-8,4051a274329cb9c71ba51ed1d562cea5c2fa2444e0230d671aa5dcf2b4f4a10d,13473,RETRIEVED_FOR_SCREENING,,"Owner gives actual annealing temperature windows on three conveyor furnaces. Coating-service resistance is excluded; conveyor operation does not prove safe scheduling flexibility, furnace fuel or thermal storage."
RS2-e3aaec4af7e95a91ec4c,P26,S-P26-06,https://barth-galvanik.de/waermebehandlung,REGISTERED_SOURCE,2026-10-08T08:25:16+00:00,Codex,200,https://barth-galvanik.de/waermebehandlung,text/html; charset=UTF-8,8a753ebc250cc0a326655e63072dd647d9ac6eb6131412f4dd7cb1904fc0b7ba,5665,RETRIEVED_FOR_SCREENING,,"Owner gives actual annealing temperature windows on three conveyor furnaces. Coating-service resistance is excluded; conveyor operation does not prove safe scheduling flexibility, furnace fuel or thermal storage."
RS2-41780e08d11697daf974,P26,,https://barth-galvanik.de/waermebehandlung/,OBSERVED_COMPANY_LINK,2026-10-08T08:29:14+00:00,Codex,200,https://barth-galvanik.de/waermebehandlung,text/html; charset=UTF-8,8a753ebc250cc0a326655e63072dd647d9ac6eb6131412f4dd7cb1904fc0b7ba,5665,RETRIEVED_FOR_SCREENING,,"Owner gives actual annealing temperature windows on three conveyor furnaces. Coating-service resistance is excluded; conveyor operation does not prove safe scheduling flexibility, furnace fuel or thermal storage."
RS2-13862257bc6b11c67966,P26,S-P26-10,https://barth-galvanik.de/waermebehandlung/gluehen,OBSERVED_COMPANY_LINK,2026-10-08T08:29:14+00:00,Codex,200,https://barth-galvanik.de/waermebehandlung/gluehen,text/html; charset=UTF-8,5ae9f2c9ab8ccb4c43bd8a2959946613bbbab31bba67f23f17ad94f0972169e6,5845,SELECTED_ANCHOR_RECHECK,,"Owner gives actual annealing temperature windows on three conveyor furnaces. Coating-service resistance is excluded; conveyor operation does not prove safe scheduling flexibility, furnace fuel or thermal storage."
RS2-1f16cebf2fa342f279d1,P26,S-P26-07,https://barth-galvanik.de/waermebehandlung/induktivhaerten,REGISTERED_SOURCE,2026-10-08T08:25:21+00:00,Codex,200,https://barth-galvanik.de/waermebehandlung/induktivhaerten,text/html; charset=UTF-8,9fc0e445a7081aefe36707074e42137732750bd95e3c5f8e0e0b284a41ab7aa7,6724,RETRIEVED_FOR_SCREENING,,"Owner gives actual annealing temperature windows on three conveyor furnaces. Coating-service resistance is excluded; conveyor operation does not prove safe scheduling flexibility, furnace fuel or thermal storage."
RS2-e451ceb43512ffbfffd5,P26,,https://barth-galvanik.de/waermebehandlung/vergueten,OBSERVED_COMPANY_LINK,2026-10-08T08:29:14+00:00,Codex,200,https://barth-galvanik.de/waermebehandlung/vergueten,text/html; charset=UTF-8,35c785a88e406c07d5fc6ba3b8ab1619dbe0a9892d860962d8684f11950767f6,6922,RETRIEVED_FOR_SCREENING,,"Owner gives actual annealing temperature windows on three conveyor furnaces. Coating-service resistance is excluded; conveyor operation does not prove safe scheduling flexibility, furnace fuel or thermal storage."
RS2-b293cc96573f2bd9b864,P26,S-P26-02,https://www.surface-technology-germany.de/aussteller-produkte/aussteller/surface-technology-germany/barth-galvanik-gmbh/107846,REGISTERED_SOURCE,2026-10-08T08:25:15+00:00,Codex,404,,,,0,FAILED,HTTP Error 404: Not Found,"Owner gives actual annealing temperature windows on three conveyor furnaces. Coating-service resistance is excluded; conveyor operation does not prove safe scheduling flexibility, furnace fuel or thermal storage."
RS2-4af6c6e32d8c9c37e40b,P26,S-P26-03,https://www.surface-technology-germany.de/aussteller/barth-galvanik/J224026,REGISTERED_SOURCE,2026-10-08T08:25:15+00:00,Codex,200,https://www.surface-technology-germany.de/aussteller/barth-galvanik/J224026,text/html;charset=UTF-8,7f791d3352230430c801e439080574c9cfeeef02517521ac3546b63a57ffd4b2,2657,RETRIEVED_FOR_SCREENING,,"Owner gives actual annealing temperature windows on three conveyor furnaces. Coating-service resistance is excluded; conveyor operation does not prove safe scheduling flexibility, furnace fuel or thermal storage."
RS2-51debd47d0647c3b8587,P27,,https://www.bce-special-ceramics.com/applications/renewable-energies/,OBSERVED_COMPANY_LINK,2026-10-08T08:29:15+00:00,Codex,200,https://www.bce-special-ceramics.com/applications/renewable-energies/,text/html; charset=UTF-8,a19da1958641ada6f0e639eb2820c12da14fe70bc7f1fda7195ced81283b795a,12301,RETRIEVED_FOR_SCREENING,,Own PV article separates2017commissioning/2022operation from2026migration metadata.2009-2012electrical-kiln research does not prove current whole-fleet fossil independence or recent investment.
RS2-51971d476e3313326c64,P27,S-P27-01 | S-P27-02 | S-P27-04,https://www.bce-special-ceramics.com/company/,REGISTERED_SOURCE,2026-10-08T08:25:22+00:00,Codex,200,https://www.bce-special-ceramics.com/company/,text/html; charset=UTF-8,0e96b8f9b8141f50b4f156bb86672c1605f4503580d3d2875e104233943f008e,8730,RETRIEVED_FOR_SCREENING,,Own PV article separates2017commissioning/2022operation from2026migration metadata.2009-2012electrical-kiln research does not prove current whole-fleet fossil independence or recent investment.
RS2-21ba2c93448a6a68afc9,P27,S-P27-05,https://www.bce-special-ceramics.com/photovoltaic-system-in-operation-for-5-years/,TARGETED_WEB_SEARCH,2026-10-08T08:29:46+00:00,Codex,200,https://www.bce-special-ceramics.com/photovoltaic-system-in-operation-for-5-years/,text/html; charset=UTF-8,6668cc9901c03417736149c1984013207bc781142036863a23446d876f0b2f51,2796,SELECTED_ANCHOR_RECHECK,,Own PV article separates2017commissioning/2022operation from2026migration metadata.2009-2012electrical-kiln research does not prove current whole-fleet fossil independence or recent investment.
RS2-98727d4661526e35b316,P27,S-P27-03,https://www.bce-special-ceramics.com/research-project-enitec/,REGISTERED_SOURCE,2026-10-08T08:25:22+00:00,Codex,200,https://www.bce-special-ceramics.com/research-project-enitec/,text/html; charset=UTF-8,034d6f6137eeb432532c8a09c18af50b64aa937f1d683e6a9b02a01a009d7177,4026,RETRIEVED_FOR_SCREENING,,Own PV article separates2017commissioning/2022operation from2026migration metadata.2009-2012electrical-kiln research does not prove current whole-fleet fossil independence or recent investment.
RS2-c484f669ae59af0d51e3,P28,S-P28-02,https://www.bergbier.de/,REGISTERED_SOURCE,2026-10-08T08:25:22+00:00,Codex,200,https://www.bergbier.de/,text/html; charset=UTF-8,c17b46285c7d90b2f454d1697874fe63ebd774f33e828d80edd431cc6f1f44e9,6962,RETRIEVED_FOR_SCREENING,,"Cold-store investment is not a hot-process temperature or documented useful dispatch buffer. Process heat carrier, current management maturity and additional electrical heat duties remain unknown."
RS2-5216031068e86ec88113,P28,S-P28-08,https://www.bergbier.de/aktuelles/blog/dehoga-umweltcheck,REGISTERED_SOURCE,2026-10-08T08:25:28+00:00,Codex,200,https://www.bergbier.de/aktuelles/blog/dehoga-umweltcheck,text/html; charset=UTF-8,2a73c8d73a30dee192257693137a30773d8d468a528ad651d2c23c81b1ccc8db,3966,RETRIEVED_FOR_SCREENING,,"Cold-store investment is not a hot-process temperature or documented useful dispatch buffer. Process heat carrier, current management maturity and additional electrical heat duties remain unknown."
RS2-7a05eb316d0b78e9df3d,P28,S-P28-04,https://www.bergbier.de/aktuelles/blog/einweihung-unseres-neuen-bierlagers-biergartenhauses-und-schulzes-hof,REGISTERED_SOURCE,2026-10-08T08:25:23+00:00,Codex,200,https://www.bergbier.de/aktuelles/blog/einweihung-unseres-neuen-bierlagers-biergartenhauses-und-schulzes-hof,text/html; charset=UTF-8,42761cd2ef624ef8bab826b9dc21298e7da1be5414d49f02438826b00a950c46,4938,RETRIEVED_FOR_SCREENING,,"Cold-store investment is not a hot-process temperature or documented useful dispatch buffer. Process heat carrier, current management maturity and additional electrical heat duties remain unknown."
RS2-c3d5cd65c7cd8357dac9,P28,S-P28-03,https://www.bergbier.de/aktuelles/blog/neues-kaeltekonzept,REGISTERED_SOURCE,2026-10-08T08:25:22+00:00,Codex,200,https://www.bergbier.de/aktuelles/blog/neues-kaeltekonzept,text/html; charset=UTF-8,c9a5e96cab738150e42616a98edb741d1c76136124b0fd7eeafe0d9640c205a0,3853,RETRIEVED_FOR_SCREENING,,"Cold-store investment is not a hot-process temperature or documented useful dispatch buffer. Process heat carrier, current management maturity and additional electrical heat duties remain unknown."
RS2-98224184c2d12eb179cb,P28,S-P28-05,https://www.bergbier.de/brauerei/bottich-gaerung,REGISTERED_SOURCE,2026-10-08T08:25:23+00:00,Codex,200,https://www.bergbier.de/brauerei/bottich-gaerung,text/html; charset=UTF-8,b626a3cd9be846cd329cec22f8c03a6f2e47e7634e69c1be67d535001a8a390c,7431,RETRIEVED_FOR_SCREENING,,"Cold-store investment is not a hot-process temperature or documented useful dispatch buffer. Process heat carrier, current management maturity and additional electrical heat duties remain unknown."
RS2-ab08113c05186c9a2be2,P28,S-P28-06,https://www.bergbier.de/brauerei/verantwortung,REGISTERED_SOURCE,2026-10-08T08:25:25+00:00,Codex,200,https://www.bergbier.de/brauerei/verantwortung,text/html; charset=UTF-8,8899323d677dc12020acaa7541b075e778dfc6b37c3bc1b0a70f7a230faa8aa6,4032,RETRIEVED_FOR_SCREENING,,"Cold-store investment is not a hot-process temperature or documented useful dispatch buffer. Process heat carrier, current management maturity and additional electrical heat duties remain unknown."
RS2-4e8bccd7aa2990cf910f,P29,S-P29-02,https://www.meckatzer.de/,REGISTERED_SOURCE,2026-10-08T08:25:28+00:00,Codex,,,,,0,FAILED,<urlopen error timed out>,"Fresh2026report retrieval timed out in this continuation. Previously inspected report provenance is retained; no new heat-temperature, permissible shift or thermal-store evidence is inferred."
RS2-373834eb372869b497fe,P29,S-P29-03,https://www.meckatzer.de/fileadmin/user_data/dokumente/260929_Nachhaltigkeitsbericht_WEB.pdf,REGISTERED_SOURCE,2026-10-08T08:25:28+00:00,Codex,,,,,0,FAILED,<urlopen error timed out>,"Fresh2026report retrieval timed out in this continuation. Previously inspected report provenance is retained; no new heat-temperature, permissible shift or thermal-store evidence is inferred."
RS2-d7fc48323067d4812ddc,P29,,https://www.meckatzer.de/fileadmin/user_data/pdfs/240731_Nachhaltigkeitsbericht_WEB.pdf,TARGETED_WEB_SEARCH,2026-10-08T08:29:46+00:00,Codex,200,https://www.meckatzer.de/fileadmin/user_data/pdfs/240731_Nachhaltigkeitsbericht_WEB.pdf,application/pdf,eb5520fb97dc258fcd978772648b00245c633cb6474fb6a416d02d75a31ac9ae,125818,RETRIEVED_FOR_SCREENING,,"Fresh2026report retrieval timed out in this continuation. Previously inspected report provenance is retained; no new heat-temperature, permissible shift or thermal-store evidence is inferred."
RS2-e7ccede8fe89a0327382,P29,,https://www.meckatzer.de/fileadmin/user_data/presse/250707_Nachhaltigkeitsbericht_WEB.pdf,TARGETED_WEB_SEARCH,2026-10-08T08:29:46+00:00,Codex,200,https://www.meckatzer.de/fileadmin/user_data/presse/250707_Nachhaltigkeitsbericht_WEB.pdf,application/pdf,58e18042275cedeb389b52ddfd8c95c7a205a21c61467f056d8e3319429f841b,125989,RETRIEVED_FOR_SCREENING,,"Fresh2026report retrieval timed out in this continuation. Previously inspected report provenance is retained; no new heat-temperature, permissible shift or thermal-store evidence is inferred."
RS2-c721f3c61b21e532245f,P29,S-P29-04,https://www.meckatzer.de/nachhaltigkeit/,REGISTERED_SOURCE,2026-10-08T08:25:29+00:00,Codex,200,https://www.meckatzer.de/nachhaltigkeit/,text/html; charset=utf-8,c3d4024d80a91b378f347c4f2361cff0faf85589e794a2fce2f593153bdbe462,3209,RETRIEVED_FOR_SCREENING,,"Fresh2026report retrieval timed out in this continuation. Previously inspected report provenance is retained; no new heat-temperature, permissible shift or thermal-store evidence is inferred."
RS2-b588b1928207955b8d53,P30,S-P30-02,https://www.zoetler.de/,REGISTERED_SOURCE,2026-10-08T08:25:29+00:00,Codex,200,https://www.zoetler.de/,text/html; charset=utf-8,6014d69b8db25ac75fe1a5da9d09ec8d0ba7a46ebad9fc5c1ddb738019d9f786,6784,RETRIEVED_FOR_SCREENING,,Fermentation/cold maturation descriptions do not establish heat-process temperatures or an independently usable dispatchable thermal store.
RS2-c192a6b44db81d1e16f6,P30,S-P30-05,https://www.zoetler.de/motivation.html,REGISTERED_SOURCE,2026-10-08T08:25:29+00:00,Codex,200,https://www.zoetler.de/motivation.html,text/html; charset=utf-8,5bfa5d1d103304e9824b9e49e2345c71b827d8948bd8e9b54f5cbb696962a9e0,6266,RETRIEVED_FOR_SCREENING,,Fermentation/cold maturation descriptions do not establish heat-process temperatures or an independently usable dispatchable thermal store.
RS2-b7db20a35b95b4883993,P30,S-P30-03,https://www.zoetler.de/qualitaet-und-umwelt.html,REGISTERED_SOURCE,2026-10-08T08:25:29+00:00,Codex,200,https://www.zoetler.de/qualitaet-und-umwelt.html,text/html; charset=utf-8,6b1c89a69a90c73f3fb5a4c4e3f5c3c7b95f6707666535ce2e2eecbf73bb2a6b,4605,RETRIEVED_FOR_SCREENING,,Fermentation/cold maturation descriptions do not establish heat-process temperatures or an independently usable dispatchable thermal store.
RS2-c5efd460f01588c347ec,P30,S-P30-04,https://www.zoetler.de/reifekeller.html,REGISTERED_SOURCE,2026-10-08T08:25:29+00:00,Codex,200,https://www.zoetler.de/reifekeller.html,text/html; charset=utf-8,7127f47c2a0f16c42e9163e85d6ca52ca3893540aaae74cc8ed977f02247af48,5050,RETRIEVED_FOR_SCREENING,,Fermentation/cold maturation descriptions do not establish heat-process temperatures or an independently usable dispatchable thermal store.
RS2-ebd68009735f04fd99c2,P31,S-P31-02,https://um.baden-wuerttemberg.de/de/umwelt-natur/umwelt-und-wirtschaft/angebote-fuer-unternehmen/umweltpreis-fuer-unternehmen/umweltpreis-2024/brauerei-clemens-haerle,REGISTERED_SOURCE,2026-10-08T08:25:30+00:00,Codex,200,https://um.baden-wuerttemberg.de/de/umwelt-natur/umwelt-und-wirtschaft/angebote-fuer-unternehmen/umweltpreis-fuer-unternehmen/umweltpreis-2024/brauerei-clemens-haerle,text/html; charset=utf-8,169e4bfaa2a0df763435d1d9dd413f3796a8e08374b4752418f7f59d8865578b,4815,RETRIEVED_FOR_SCREENING,,Existing biomass/biogas/PV facts retained. Cold fermentation temperature is not thermal electrification fit; no additional drive inventory or useful thermal store identified.
RS2-a0fc691f05eaad12c3c4,P31,S-P31-04,https://www.haerle.de/das-herzstueck/so-brauen-wir,REGISTERED_SOURCE,2026-10-08T08:25:30+00:00,Codex,200,https://www.haerle.de/das-herzstueck/so-brauen-wir,text/html; charset=utf-8,469868af5dfb517e31353462535838d78994d33cd1de1d90fcacc15cd48e74dd,7028,RETRIEVED_FOR_SCREENING,,Existing biomass/biogas/PV facts retained. Cold fermentation temperature is not thermal electrification fit; no additional drive inventory or useful thermal store identified.
RS2-0b49d6581e9c8cd88c87,P31,,https://www.haerle.de/die-gruene-brauerei/schritt-fuer-schritt-fuer-unsere-umwelt,OBSERVED_COMPANY_LINK,2026-10-08T08:29:15+00:00,Codex,200,https://www.haerle.de/die-gruene-brauerei/schritt-fuer-schritt-fuer-unsere-umwelt,text/html; charset=utf-8,d9f7d77f5a8b1d6ed6acc60a5d0b91540969f7292efbd5967a34628da938f699,10162,RETRIEVED_FOR_SCREENING,,Existing biomass/biogas/PV facts retained. Cold fermentation temperature is not thermal electrification fit; no additional drive inventory or useful thermal store identified.
RS2-1c0fbfbf23d7ae2edf5b,P31,S-P31-03,https://www.haerle.de/die-gruene-brauerei/wir-arbeiten-mit-gruener-energie,REGISTERED_SOURCE,2026-10-08T08:25:30+00:00,Codex,200,https://www.haerle.de/die-gruene-brauerei/wir-arbeiten-mit-gruener-energie,text/html; charset=utf-8,5c2171705096ba5af6f1800c600c11b4edf94224d094ee0dddfb7b14bf96b48c,7701,RETRIEVED_FOR_SCREENING,,Existing biomass/biogas/PV facts retained. Cold fermentation temperature is not thermal electrification fit; no additional drive inventory or useful thermal store identified.
RS2-d30a60f6aebcd6e00cf9,P32,S-P32-02,https://hochdorfer.de/vom-rohstoff-zum-bier/,REGISTERED_SOURCE,2026-10-08T08:25:30+00:00,Codex,200,https://hochdorfer.de/vom-rohstoff-zum-bier/,text/html; charset=UTF-8,df67f1f07025c664b2892bdfff056d15221a79c86aea6eb68341f6d87f73e18d,11069,SELECTED_ANCHOR_RECHECK,,Own electric pallet trucks/forklifts support conditional charging relevance. Renewable grid electricity is not owned generation; no useful thermal store or production heat window established.
RS2-5db63a3fa2f2b4af9566,P32,,https://hochdorfer.de/wp-content/uploads/2022/09/Investitionshinweis.png,OBSERVED_COMPANY_LINK,2026-10-08T08:29:15+00:00,Codex,200,https://hochdorfer.de/wp-content/uploads/2022/09/Investitionshinweis.png,image/png,a9be9563d80c5e818efa6fe1d132cc948d29a58c7f9200c5516f433071422eca,109651,NON_TEXT,,Own electric pallet trucks/forklifts support conditional charging relevance. Renewable grid electricity is not owned generation; no useful thermal store or production heat window established.
RS2-f93455016d3252efdf84,P33,S-P33-01 | S-P33-06,https://www.gindele.de/,REGISTERED_SOURCE,2026-10-08T08:25:36+00:00,Codex,200,https://www.gindele.de/,text/html; charset=utf-8,5c4f44e36d1edfbd328cefb2601b09b311622a0a7603156b6083d3782850f342,15497,RETRIEVED_FOR_SCREENING,,"Supplied automation/customer equipment and technical glossary entries are not evidence of owned heating, installed converters or energy projects."
RS2-779c5801d3a65b282c58,P33,,https://www.gindele.de/branchenloesungen/elektrotechnik.html,OBSERVED_COMPANY_LINK,2026-10-08T08:29:16+00:00,Codex,200,https://www.gindele.de/branchenloesungen/elektrotechnik.html,text/html; charset=utf-8,dc33c37e7aba7fe684c7d7c962bb255a771d219cec2b603392ff4c64a6a7ed42,5159,RETRIEVED_FOR_SCREENING,,"Supplied automation/customer equipment and technical glossary entries are not evidence of owned heating, installed converters or energy projects."
RS2-f6bb093c2ea9ec0db3b9,P33,,https://www.gindele.de/branchenloesungen/maschinenbautechnik.html,OBSERVED_COMPANY_LINK,2026-10-08T08:29:16+00:00,Codex,200,https://www.gindele.de/branchenloesungen/maschinenbautechnik.html,text/html; charset=utf-8,4a6a8ec7475181c8168c0312e205d1457119221c2d3b4aeafef8312a2d4be551,4703,RETRIEVED_FOR_SCREENING,,"Supplied automation/customer equipment and technical glossary entries are not evidence of owned heating, installed converters or energy projects."
RS2-3c675c02f1c2bf176cd1,P33,,https://www.gindele.de/branchenloesungen/medizintechnik.html,OBSERVED_COMPANY_LINK,2026-10-08T08:29:16+00:00,Codex,200,https://www.gindele.de/branchenloesungen/medizintechnik.html,text/html; charset=utf-8,a5ea7ca0e565069c7b2d04cf8068a97509f7f3f39bfc919d467e48c33b3a92e2,4842,RETRIEVED_FOR_SCREENING,,"Supplied automation/customer equipment and technical glossary entries are not evidence of owned heating, installed converters or energy projects."
RS2-fdfd7ff5f83e4271ae14,P33,S-P33-04,https://www.gindele.de/leistungen/automatisierung.html,REGISTERED_SOURCE,2026-10-08T08:25:36+00:00,Codex,200,https://www.gindele.de/leistungen/automatisierung.html,text/html; charset=utf-8,36bf2d62313d775d0984463c78cdcddc727d578a5e8607587c0bb24caaffbc7e,5491,RETRIEVED_FOR_SCREENING,,"Supplied automation/customer equipment and technical glossary entries are not evidence of owned heating, installed converters or energy projects."
RS2-515e3b044509551a528e,P33,S-P33-03,https://www.gindele.de/leistungen/spritzguss.html,REGISTERED_SOURCE,2026-10-08T08:25:36+00:00,Codex,200,https://www.gindele.de/leistungen/spritzguss.html,text/html; charset=utf-8,71aad920625940b89ddc37e2bf55e9363fba6d12d951ec436f5615713e9e5e55,5199,RETRIEVED_FOR_SCREENING,,"Supplied automation/customer equipment and technical glossary entries are not evidence of owned heating, installed converters or energy projects."
RS2-1a49766d0dea4bdb9c47,P33,S-P33-02,https://www.neuhausen-enzkreis.de/,REGISTERED_SOURCE,2026-10-08T08:25:33+00:00,Codex,200,https://www.neuhausen-enzkreis.de/startseite,text/html; charset=utf-8,e8efe636e63ba9ed8c42b4e69a5c58eb9de3bacbb2a7d9957aebb8087ca9df68,59856,RETRIEVED_FOR_SCREENING,,"Supplied automation/customer equipment and technical glossary entries are not evidence of owned heating, installed converters or energy projects."
RS2-20741adc82f22706dbf7,P33,S-P33-07,https://www.neuhausen-enzkreis.de/wirtschaft-karriere/firmenverzeichnis/60/gindele-gmbh,REGISTERED_SOURCE,2026-10-08T08:25:36+00:00,Codex,200,https://www.neuhausen-enzkreis.de/wirtschaft-karriere/firmenverzeichnis/60/gindele-gmbh,text/html; charset=utf-8,553be9ca551a826f3b414d29e7a86dca53ada5da6a9ac2be6ffe4fe9c9109794,58630,RETRIEVED_FOR_SCREENING,,"Supplied automation/customer equipment and technical glossary entries are not evidence of owned heating, installed converters or energy projects."
RS2-0edaccb9f0fa83c47747,P34,S-P34-04,https://www.kts-schmoelln.de/leistungen/,REGISTERED_SOURCE,2026-10-08T08:25:37+00:00,Codex,200,https://www.kts-schmoelln.de/leistungen/,text/html;charset=utf-8,9dca74fe85dbcf30b46c20871807a5af2d626b1601e4a2d98eb235249302ab8a,6102,RETRIEVED_FOR_SCREENING,,Own electric/hydraulic injection equipment and robots are separated from supplied turnkey lines. Customer material-use ranges are not actual production temperatures.
RS2-2de36554b3f6095ef91d,P34,S-P34-03,https://www.kts-schmoelln.de/prozesskette/,REGISTERED_SOURCE,2026-10-08T08:25:37+00:00,Codex,200,https://www.kts-schmoelln.de/prozesskette/,text/html;charset=utf-8,f98dc2e04578961656adbe15039beba0a4364b38d509ab0c7aaedbd45cb5d1f9,8756,RETRIEVED_FOR_SCREENING,,Own electric/hydraulic injection equipment and robots are separated from supplied turnkey lines. Customer material-use ranges are not actual production temperatures.
RS2-28eabb28fdc94a37fde1,P34,,https://www.kts-schmoelln.de/prozesskette/fileadmin/user_upload/prozesskette/kts_prozesskette_baugruppenfertigung_1_gross.jpg,OBSERVED_COMPANY_LINK,2026-10-08T08:29:20+00:00,Codex,404,,,,0,FAILED,HTTP Error 404: Not Found,Own electric/hydraulic injection equipment and robots are separated from supplied turnkey lines. Customer material-use ranges are not actual production temperatures.
RS2-add6d05ce9c2276dddd8,P34,,https://www.kts-schmoelln.de/prozesskette/fileadmin/user_upload/prozesskette/kts_prozesskette_baugruppenfertigung_2_gross.jpg,OBSERVED_COMPANY_LINK,2026-10-08T08:29:21+00:00,Codex,404,,,,0,FAILED,HTTP Error 404: Not Found,Own electric/hydraulic injection equipment and robots are separated from supplied turnkey lines. Customer material-use ranges are not actual production temperatures.
RS2-bf3424e2b7fcd535d260,P34,,https://www.kts-schmoelln.de/prozesskette/prozesskette/,OBSERVED_COMPANY_LINK,2026-10-08T08:29:17+00:00,Codex,301,,,,0,FAILED,HTTP Error 301: Moved Permanently,Own electric/hydraulic injection equipment and robots are separated from supplied turnkey lines. Customer material-use ranges are not actual production temperatures.
RS2-af5a0830c5b342c6c95a,P35,S-P35-02,https://mack-kunststoff.com/,REGISTERED_SOURCE,2026-10-08T08:25:38+00:00,Codex,200,https://mack-kunststoff.com/,text/html; charset=UTF-8,c53aba0971a89662f8e5c6977d96c8e83143564bb0eeb32f2bc3e01caf626c3b,4430,RETRIEVED_FOR_SCREENING,,"Own thermoforming/CNC/PV context retained. PV area is not installed kWp; no own process heat temperature, carrier or energy storage established."
RS2-cd44cecabe2b722a9ac6,P35,S-P35-05,https://mack-kunststoff.com/leistungen/cnc-kunststoffbearbeitung/,REGISTERED_SOURCE,2026-10-08T08:25:42+00:00,Codex,200,https://mack-kunststoff.com/leistungen/cnc-kunststoffbearbeitung/,text/html; charset=UTF-8,05c71fee712afbcf4d4e651766ee598c462b013b60f889cd2b5eb06a249eb72f,3345,RETRIEVED_FOR_SCREENING,,"Own thermoforming/CNC/PV context retained. PV area is not installed kWp; no own process heat temperature, carrier or energy storage established."
RS2-aede0e28673f3f702204,P35,S-P35-04,https://mack-kunststoff.com/leistungen/thermoforming/,REGISTERED_SOURCE,2026-10-08T08:25:42+00:00,Codex,200,https://mack-kunststoff.com/leistungen/thermoforming/,text/html; charset=UTF-8,d6c05ece90ba29e59002a499b45fa903dac6c6b4831e43d28155e70fd4983cee,3459,RETRIEVED_FOR_SCREENING,,"Own thermoforming/CNC/PV context retained. PV area is not installed kWp; no own process heat temperature, carrier or energy storage established."
RS2-8621c1f0fe77fdb23ed9,P35,S-P35-03,https://mack-kunststoff.com/unternehmen/,REGISTERED_SOURCE,2026-10-08T08:25:38+00:00,Codex,200,https://mack-kunststoff.com/unternehmen/,text/html; charset=UTF-8,fe51c545a266dee2e400cd9d0474161c4a8ecd6599f2f6c6df753e4fed941420,6001,RETRIEVED_FOR_SCREENING,,"Own thermoforming/CNC/PV context retained. PV area is not installed kWp; no own process heat temperature, carrier or energy storage established."
RS2-f2ed37340ebc104c3123,P36,S-P36-05,https://www.bogm.de/leistungen/automatisierung/,REGISTERED_SOURCE,2026-10-08T08:25:43+00:00,Codex,200,https://www.bogm.de/leistungen/automatisierung/,text/html; charset=UTF-8,e4f31c03863af8c165eddde29add69c400a70622018680391e564990a11d8710,3289,RETRIEVED_FOR_SCREENING,,"Some source access failed. Supplied automation systems and quality certificates do not establish the company own thermal duties, fuel or useful energy storage."
RS2-32a0402226f32ccd7147,P36,S-P36-03,https://www.bogm.de/leistungen/spritzguss/,REGISTERED_SOURCE,2026-10-08T08:25:43+00:00,Codex,,,,,0,FAILED,<urlopen error timed out>,"Some source access failed. Supplied automation systems and quality certificates do not establish the company own thermal duties, fuel or useful energy storage."
RS2-79813971c9891a53f89f,P36,S-P36-04,https://www.bogm.de/ueber-uns/,REGISTERED_SOURCE,2026-10-08T08:25:43+00:00,Codex,,,,,0,FAILED,<urlopen error timed out>,"Some source access failed. Supplied automation systems and quality certificates do not establish the company own thermal duties, fuel or useful energy storage."
RS2-1bfc0c387ea68fa381a9,P36,,https://www.bogm.de/wp-content/uploads/2026/05/141717-kunststofftechnik-borgmann-gmbh_iatf_de.pdf,OBSERVED_COMPANY_LINK,2026-10-08T08:29:21+00:00,Codex,200,https://www.bogm.de/wp-content/uploads/2026/05/141717-kunststofftechnik-borgmann-gmbh_iatf_de.pdf,application/pdf,dbbf15a9ff5ac019bc9737cb3b9d6ebb1254e177c278b2b71726210cbd22ff3c,1474,RETRIEVED_FOR_SCREENING,,"Some source access failed. Supplied automation systems and quality certificates do not establish the company own thermal duties, fuel or useful energy storage."
RS2-ba108730f25fb14e1d8f,P36,,https://www.bogm.de/wp-content/uploads/2026/05/141717-kunststofftechnik-borgmann-gmbh_iso-9001_de.pdf,OBSERVED_COMPANY_LINK,2026-10-08T08:29:21+00:00,Codex,200,https://www.bogm.de/wp-content/uploads/2026/05/141717-kunststofftechnik-borgmann-gmbh_iso-9001_de.pdf,application/pdf,1faa027ebe6d5ba55f42c3430b5576596b537916c3ad4087a4a34811654882ca,1586,RETRIEVED_FOR_SCREENING,,"Some source access failed. Supplied automation systems and quality certificates do not establish the company own thermal duties, fuel or useful energy storage."
RS2-2d1bc142afcd9d263393,P36,,https://www.bogm.de/wp-content/uploads/2026/05/141717-kunststofftechnik-borgmann-gmbh_iso-9001_en.pdf,OBSERVED_COMPANY_LINK,2026-10-08T08:29:21+00:00,Codex,200,https://www.bogm.de/wp-content/uploads/2026/05/141717-kunststofftechnik-borgmann-gmbh_iso-9001_en.pdf,application/pdf,a8e7f891076ba8e0835f2df69d0353c2f156ff9ae3eda64f68eb306454f2025c,1480,RETRIEVED_FOR_SCREENING,,"Some source access failed. Supplied automation systems and quality certificates do not establish the company own thermal duties, fuel or useful energy storage."
RS2-1e4deb6cd8cde04ad2ef,P37,,https://atka.de/nachhaltigkeit.php,OBSERVED_COMPANY_LINK,2026-10-08T08:29:22+00:00,Codex,200,https://atka.de/nachhaltigkeit.php,text/html; charset=UTF-8,902106e582b42cad2dc752c984e52ee8006f6590849a4b684eee6318a4ace821,8347,RETRIEVED_FOR_SCREENING,,"Customer shrink-cap machinery is not owned thermal equipment. Material silos are product inventories, not thermal energy buffers; PV/room-heat recovery facts retained."
RS2-36234d0c03ed7093d4ea,P37,S-P37-05,https://atka.de/spritzguss.php,REGISTERED_SOURCE,2026-10-08T08:25:45+00:00,Codex,200,https://atka.de/spritzguss.php,text/html; charset=UTF-8,5a8908f78f7325dccbf981ec88031d5838ba94defeae893354eb247dd44a89a0,6399,RETRIEVED_FOR_SCREENING,,"Customer shrink-cap machinery is not owned thermal equipment. Material silos are product inventories, not thermal energy buffers; PV/room-heat recovery facts retained."
RS2-a957cba2a8c416e6b67e,P37,,https://www.atka.de/bearbeitungsprozesse.php,OBSERVED_COMPANY_LINK,2026-10-08T08:29:22+00:00,Codex,200,https://www.atka.de/bearbeitungsprozesse.php,text/html; charset=UTF-8,edfa5be2e7986ecb23a22935000284d8330b867b018f607c58228c2f26684335,3774,RETRIEVED_FOR_SCREENING,,"Customer shrink-cap machinery is not owned thermal equipment. Material silos are product inventories, not thermal energy buffers; PV/room-heat recovery facts retained."
RS2-c0e52d490d1d9f1f0bbf,P37,,https://www.atka.de/en/nachhaltigkeit.php,TARGETED_WEB_SEARCH,2026-10-08T08:29:46+00:00,Codex,,,,,0,FAILED,<urlopen error timed out>,"Customer shrink-cap machinery is not owned thermal equipment. Material silos are product inventories, not thermal energy buffers; PV/room-heat recovery facts retained."
RS2-b2f1419a4d00faa26e8c,P37,S-P37-02,https://www.atka.de/nachhaltigkeit.php,REGISTERED_SOURCE,2026-10-08T08:25:45+00:00,Codex,200,https://www.atka.de/nachhaltigkeit.php,text/html; charset=UTF-8,902106e582b42cad2dc752c984e52ee8006f6590849a4b684eee6318a4ace821,8347,RETRIEVED_FOR_SCREENING,,"Customer shrink-cap machinery is not owned thermal equipment. Material silos are product inventories, not thermal energy buffers; PV/room-heat recovery facts retained."
RS2-ad66123c145e2fe34a67,P37,,https://www.atka.de/sondermaschinenbau.php,OBSERVED_COMPANY_LINK,2026-10-08T08:29:22+00:00,Codex,200,https://www.atka.de/sondermaschinenbau.php,text/html; charset=UTF-8,904df3eed9f74cffa1a5f357a9c9496846bad97c7b2d92f57cfffbc2a04b9714,5016,RETRIEVED_FOR_SCREENING,,"Customer shrink-cap machinery is not owned thermal equipment. Material silos are product inventories, not thermal energy buffers; PV/room-heat recovery facts retained."
RS2-e59bb2bdc12caf0657f3,P37,S-P37-04,https://www.atka.de/unternehmen.php,REGISTERED_SOURCE,2026-10-08T08:25:45+00:00,Codex,200,https://www.atka.de/unternehmen.php,text/html; charset=UTF-8,4d1cea16bae64ba003149967672d8e4158619abaff96513a95d41f7b65e6731d,13010,RETRIEVED_FOR_SCREENING,,"Customer shrink-cap machinery is not owned thermal equipment. Material silos are product inventories, not thermal energy buffers; PV/room-heat recovery facts retained."
RS2-b2441daba49b41d6fe12,P38,S-P38-02,https://eloxalwerk-ehingen.com/,REGISTERED_SOURCE,2026-10-08T08:25:45+00:00,Codex,200,https://eloxalwerk-ehingen.com/,text/html,b449ced4a64c9a8a8755fcc11c6be03b454c5d97a66cfdb01ae9adb413aea89c,1752,TEST_SYSTEM_EXCLUDED,,Publicly reachable environment site explicitly labels itself TEST-SYSTEM/non-live. BHKW/PV statements there are not accepted as confirmed current deployment without corroboration.
RS2-d139d501c7da4ed00920,P38,,https://eloxalwerk-ehingen.com/qualitaetsmanagement/umwelt/,OBSERVED_COMPANY_LINK,2026-10-08T08:29:23+00:00,Codex,200,https://eloxalwerk-ehingen.com/qualitaetsmanagement/umwelt/,text/html,541eb9f217686e240b8be09f48aee6b97c47aab63e4ad34da05e8d4a3a363249,1701,TEST_SYSTEM_EXCLUDED,,Publicly reachable environment site explicitly labels itself TEST-SYSTEM/non-live. BHKW/PV statements there are not accepted as confirmed current deployment without corroboration.
RS2-41e74be1eab24973f9d2,P38,S-P38-03,https://www.akz-online.de/mitglieder/eloxalwerk-ehingen-kraemer-eckert-gmbh-co-kg/,REGISTERED_SOURCE,2026-10-08T08:25:46+00:00,Codex,200,https://www.akz-online.de/mitglieder/eloxalwerk-ehingen-kraemer-eckert-gmbh-co-kg/,text/html; charset=UTF-8,5fb53d50b3903916f750229d8939dee2abdae42853b9208d51995774634ef8b0,2217,RETRIEVED_FOR_SCREENING,,Publicly reachable environment site explicitly labels itself TEST-SYSTEM/non-live. BHKW/PV statements there are not accepted as confirmed current deployment without corroboration.
RS2-3b55a25bd9b4ea8f1ece,P38,S-P38-01,https://www.eloxalwerk-ehingen.com/kontakt/anfahrt/,REGISTERED_SOURCE,2026-10-08T08:25:45+00:00,Codex,200,https://www.eloxalwerk-ehingen.com/kontakt/anfahrt/,text/html,0b1566960cc6481ce33cf26ec9359722657c1420a7111fdaa73fe168eb73f5af,1282,TEST_SYSTEM_EXCLUDED,,Publicly reachable environment site explicitly labels itself TEST-SYSTEM/non-live. BHKW/PV statements there are not accepted as confirmed current deployment without corroboration.
RS2-488d1404fcf28aa23044,P38,,https://www.eloxalwerk-ehingen.com/qualitaetsmanagement/umwelt/,OBSERVED_COMPANY_LINK,2026-10-08T08:29:22+00:00,Codex,200,https://www.eloxalwerk-ehingen.com/qualitaetsmanagement/umwelt/,text/html,541eb9f217686e240b8be09f48aee6b97c47aab63e4ad34da05e8d4a3a363249,1701,TEST_SYSTEM_EXCLUDED,,Publicly reachable environment site explicitly labels itself TEST-SYSTEM/non-live. BHKW/PV statements there are not accepted as confirmed current deployment without corroboration.
RS2-a577e85173c0754a1205,P39,S-P39-02,https://www.eloxal-hoefler.de/,REGISTERED_SOURCE,2026-10-08T08:25:50+00:00,Codex,200,https://www.eloxal-hoefler.de/,text/html; charset=utf-8,976be7d1f4b8b26326c2ca61e507b0fd0057ebe6a89e07dc14f1c92eaed13e81,2254,RETRIEVED_FOR_SCREENING,,Owner automatic lines/crane support existing motor/control assessments. Equipment modernisation without energy impact and completion dates is not a recent energy-transition investment.
RS2-886dcf764833d6a2cf3a,P39,S-P39-01,https://www.eloxal-hoefler.de/kontakt.html,REGISTERED_SOURCE,2026-10-08T08:25:49+00:00,Codex,200,https://www.eloxal-hoefler.de/kontakt.html,text/html; charset=utf-8,dba0d503ac29b1a613c81fbe2bd936d9a212796367821ed18d72a9ee312b6175,1462,RETRIEVED_FOR_SCREENING,,Owner automatic lines/crane support existing motor/control assessments. Equipment modernisation without energy impact and completion dates is not a recent energy-transition investment.
RS2-760d8e661fd3dbe327fd,P39,S-P39-03,https://www.eloxal-hoefler.de/leistungen.html,REGISTERED_SOURCE,2026-10-08T08:25:50+00:00,Codex,200,https://www.eloxal-hoefler.de/leistungen.html,text/html; charset=utf-8,b52acc415d8c7e4be6c9df3e352e3822894447d72a7a88b1d4da2e1fe4e09ca5,2211,RETRIEVED_FOR_SCREENING,,Owner automatic lines/crane support existing motor/control assessments. Equipment modernisation without energy impact and completion dates is not a recent energy-transition investment.
RS2-df5af98e02e4d2a6142b,P39,S-P39-04,https://www.eloxal-hoefler.de/ueber-uns.html,REGISTERED_SOURCE,2026-10-08T08:25:50+00:00,Codex,200,https://www.eloxal-hoefler.de/ueber-uns.html,text/html; charset=utf-8,4ed5e35bb0284a2c8c7bbdc6c0d082f49950e96f2fd68f07ffe57858b7fc726c,3064,RETRIEVED_FOR_SCREENING,,Owner automatic lines/crane support existing motor/control assessments. Equipment modernisation without energy impact and completion dates is not a recent energy-transition investment.
RS2-b9a8dc58f954d857b28e,P39,S-P39-06,https://www.eloxal-hoefler.de/zertifikate.html,REGISTERED_SOURCE,2026-10-08T08:25:50+00:00,Codex,200,https://www.eloxal-hoefler.de/zertifikate.html,text/html; charset=utf-8,201d98652969920b9cfbc129cc4d9805254aedcce7bbd0a4f66e90e204166243,1128,RETRIEVED_FOR_SCREENING,,Owner automatic lines/crane support existing motor/control assessments. Equipment modernisation without energy impact and completion dates is not a recent energy-transition investment.
RS2-7a44e79a4523f58636dc,P40,S-P40-03,https://oftech.de/downloads/,REGISTERED_SOURCE,2026-10-08T08:25:51+00:00,Codex,200,https://oftech.de/downloads/,text/html; charset=UTF-8,10b2c62df98b3435b10f8de84f212c4e77e93a9dc65a569e96fdffe457662372,882,RETRIEVED_FOR_SCREENING,,Old2010PV is outside the investment window. Download/management claims do not alone authenticate current certificate maturity; no new thermal duties or storage established.
RS2-8396319a9c9dc6f0fed4,P40,S-P40-02,https://oftech.de/umweltpolitik/,REGISTERED_SOURCE,2026-10-08T08:25:50+00:00,Codex,200,https://oftech.de/umweltpolitik/,text/html; charset=UTF-8,b9b03021d20ad560d2cdf0e04ebc5283a79d4a0abcab98c27f02a3083e725c2e,1716,RETRIEVED_FOR_SCREENING,,Old2010PV is outside the investment window. Download/management claims do not alone authenticate current certificate maturity; no new thermal duties or storage established.
RS2-85f26b8c5e80ef6242ce,P41,S-P41-05,https://www.forschungsstiftung.bayern.de/projekt/verbesserte-energieausbeute-beim-hartanodisieren/,REGISTERED_SOURCE,2026-10-08T08:25:51+00:00,Codex,200,https://www.forschungsstiftung.bayern.de/projekt/verbesserte-energieausbeute-beim-hartanodisieren/,text/html; charset=UTF-8,51af061b41f5ffb97df545a5896e7181e5900f3fadecc2837e4329542bda8455,9300,RETRIEVED_FOR_SCREENING,,Higher bath temperatures and heat pumps are described as research. Planned technology and project-partner fuel mixes are not current own operating data.
RS2-f18538846ae5af9a4e90,P41,S-P41-06,https://www.galvano-weis.com/impressum,REGISTERED_SOURCE,2026-10-08T08:25:56+00:00,Codex,200,https://www.galvano-weis.com/impressum,text/html,217b0534b5175b4affbd2ecf85d614e225896744e98fc6bd48fce49930e407d4,3805,RETRIEVED_FOR_SCREENING,,Higher bath temperatures and heat pumps are described as research. Planned technology and project-partner fuel mixes are not current own operating data.
RS2-e1d445e73ae83688d74d,P41,S-P41-04,https://www.galvano-weis.com/umwelt,REGISTERED_SOURCE,2026-10-08T08:25:51+00:00,Codex,200,https://www.galvano-weis.com/umwelt,text/html,bb25a682d9ee51a007ca1de0d2d007b7db075a1d330796a9279ead4198c8cc07,1655,RETRIEVED_FOR_SCREENING,,Higher bath temperatures and heat pumps are described as research. Planned technology and project-partner fuel mixes are not current own operating data.
RS2-1926af0c21e24c28eba1,P42,,https://www.ot-schwerin.de/schweisstechnische-anf.html,OBSERVED_COMPANY_LINK,2026-10-08T08:29:23+00:00,Codex,200,https://www.ot-schwerin.de/schweisstechnische-anf.html,text/html; charset=UTF-8,6245e2e38337b746e620b1821f2a98683e2469b7198805b6e43b6d5739041fa7,2456,RETRIEVED_FOR_SCREENING,,Certificate scope includes own and customer services; this does not independently attribute all compressors to own production or establish current drive power/thermal buffers.
RS2-e91bb5610d08087a28f6,P42,S-P42-02,https://www.ot-schwerin.de/umweltmanagement.html,REGISTERED_SOURCE,2026-10-08T08:25:56+00:00,Codex,200,https://www.ot-schwerin.de/umweltmanagement.html,text/html; charset=UTF-8,f0e654630e74b498ae9ff14e148e59479bf78135aac011ebd87faf189a507986,2384,RETRIEVED_FOR_SCREENING,,Certificate scope includes own and customer services; this does not independently attribute all compressors to own production or establish current drive power/thermal buffers.
RS2-684c11003bb312fe7e98,P42,S-P42-03,https://www.ot-schwerin.de/umweltmanagement.html?_hash=s0lGTqN2t2hLlg5_g7fqZqUTEboZVon9tT8vVT7Vx-8&ctx=a%3A1%3A%7Bs%3A2%3A%22id%22%3Bi%3A174%3B%7D&p=ot%2Fcontent%2Fgrafiken%2Fzertifikate%2F14001+2023_deutsch.pdf,OBSERVED_COMPANY_LINK,2026-10-08T08:29:23+00:00,Codex,200,https://www.ot-schwerin.de/umweltmanagement.html?_hash=s0lGTqN2t2hLlg5_g7fqZqUTEboZVon9tT8vVT7Vx-8&ctx=a%3A1%3A%7Bs%3A2%3A%22id%22%3Bi%3A174%3B%7D&p=ot%2Fcontent%2Fgrafiken%2Fzertifikate%2F14001+2023_deutsch.pdf,application/pdf,ccbbd54710fbdbe18d817c1e34bb36f0e88f5c022e532f79d3f02d95a13bca7f,1607,RETRIEVED_FOR_SCREENING,,Certificate scope includes own and customer services; this does not independently attribute all compressors to own production or establish current drive power/thermal buffers.
RS2-e177a516810899961ff2,P43,S-P43-02,https://www.ressource-deutschland.de/,REGISTERED_SOURCE,2026-10-08T08:25:58+00:00,Codex,,,,,0,FAILED,<urlopen error timed out>,Project heated printing platform/control work is separated from own current plant operation. No attributable heat-carrier/temperature or completed energy investment found.
RS2-3b4de6f8442f758a7591,P43,S-P43-03,https://www.ressource-deutschland.de/netzwerk/industrie-club-ressourceneffizienz/club-mitglieder/wzr-ceramic-solutions-gmbh,REGISTERED_SOURCE,2026-10-08T08:25:58+00:00,Codex,,,,,0,FAILED,<urlopen error timed out>,Project heated printing platform/control work is separated from own current plant operation. No attributable heat-carrier/temperature or completed energy investment found.
RS2-5ebcd82ef925670b2e8d,P43,,https://wzr-ceramic.de/amazing-abgeschlossen-wzr-entwickelt-3d-druckprozesse-fuer-keramische-membranreaktoren/,OBSERVED_COMPANY_LINK,2026-10-08T08:29:28+00:00,Codex,200,https://wzr-ceramic.de/amazing-abgeschlossen-wzr-entwickelt-3d-druckprozesse-fuer-keramische-membranreaktoren/,text/html; charset=UTF-8,311dbc6c3c50681b31ad946a894a9eebf648498290b1dd67c36a6cc1672d3fc4,13014,RETRIEVED_FOR_SCREENING,,Project heated printing platform/control work is separated from own current plant operation. No attributable heat-carrier/temperature or completed energy investment found.
RS2-64c3c2d2280a8c682c33,P43,,https://wzr-ceramic.de/en/sustainability/,OBSERVED_COMPANY_LINK,2026-10-08T08:29:23+00:00,Codex,200,https://wzr-ceramic.de/en/sustainability/,text/html; charset=UTF-8,e0f32184029e3823944f7fc445d3305e7596e8b19212adfb6d156cb60a400b33,12689,RETRIEVED_FOR_SCREENING,,Project heated printing platform/control work is separated from own current plant operation. No attributable heat-carrier/temperature or completed energy investment found.
RS2-4d7fe10b8c98238ff287,P43,S-P43-04,https://wzr-ceramic.de/kaltplastische-extrusion/,REGISTERED_SOURCE,2026-10-08T08:25:58+00:00,Codex,200,https://wzr-ceramic.de/kaltplastische-extrusion/,text/html; charset=UTF-8,4245971586f0fe20e2c324a66ec02fa47cd8994219fb99124e228e673e34e348,11275,RETRIEVED_FOR_SCREENING,,Project heated printing platform/control work is separated from own current plant operation. No attributable heat-carrier/temperature or completed energy investment found.
RS2-9d49f1a39c76a8ac1aed,P43,S-P43-05,https://wzr-ceramic.de/keramikbeschichtung/,REGISTERED_SOURCE,2026-10-08T08:25:58+00:00,Codex,200,https://wzr-ceramic.de/keramikbeschichtung/,text/html; charset=UTF-8,7c2809b21adae3985540a388292bdbe587a8d7a8575cb0fd64a88bc8da73fcd5,18609,RETRIEVED_FOR_SCREENING,,Project heated printing platform/control work is separated from own current plant operation. No attributable heat-carrier/temperature or completed energy investment found.
RS2-66ff70dcb0c7981a73a2,P43,S-P43-06,https://wzr-ceramic.de/nachhaltigkeit/,REGISTERED_SOURCE,2026-10-08T08:25:58+00:00,Codex,200,https://wzr-ceramic.de/nachhaltigkeit/,text/html; charset=UTF-8,f203b8926307054c732f0999ac418b6225f4a36a16efa8a1a2b17b93b1d04311,14030,RETRIEVED_FOR_SCREENING,,Project heated printing platform/control work is separated from own current plant operation. No attributable heat-carrier/temperature or completed energy investment found.
RS2-090adb229fd5cd0bccc5,P43,S-P43-07,https://wzr-ceramic.de/neue-geraete-bei-wzr/,REGISTERED_SOURCE,2026-10-08T08:25:59+00:00,Codex,200,https://wzr-ceramic.de/neue-geraete-bei-wzr/,text/html; charset=UTF-8,7d5bcea0f9e4413a8138e463e5f794c9ad8e0ecba045db71b5363e8ae9b694d3,5940,RETRIEVED_FOR_SCREENING,,Project heated printing platform/control work is separated from own current plant operation. No attributable heat-carrier/temperature or completed energy investment found.
RS2-4abf6ea6bd965ae24be4,P43,S-P43-08,https://wzr-ceramic.de/qualitaetssicherung-wzr/,REGISTERED_SOURCE,2026-10-08T08:25:59+00:00,Codex,200,https://wzr-ceramic.de/qualitaetssicherung-wzr/,text/html; charset=UTF-8,478ee3211e4a275a7a9991f26d5a0ab929d3e663abac1e9bc8ae8413cdd14fa7,4630,RETRIEVED_FOR_SCREENING,,Project heated printing platform/control work is separated from own current plant operation. No attributable heat-carrier/temperature or completed energy investment found.
RS2-ba4b4f14a62801816064,P43,,https://wzr-ceramic.de/redox3d-ein-innovativer-schritt-auf-dem-weg-zur-energiewende/,OBSERVED_COMPANY_LINK,2026-10-08T08:29:28+00:00,Codex,200,https://wzr-ceramic.de/redox3d-ein-innovativer-schritt-auf-dem-weg-zur-energiewende/,text/html; charset=UTF-8,ad4f701b81d9904029a878a90caf7f62e7dcb3c2a196b3aa99a1e1d85b7d4931,6003,RETRIEVED_FOR_SCREENING,,Project heated printing platform/control work is separated from own current plant operation. No attributable heat-carrier/temperature or completed energy investment found.
RS2-b5e9b0a1182d4cb0ca92,P43,,https://wzr-ceramic.de/wp-content/uploads/2020/08/Nikolay_Kollenberg_Additiv-oder-subtraktiv-eine-wirtschaftliche-Betrachtung_2020-1.pdf,TARGETED_WEB_SEARCH,2026-10-08T08:29:46+00:00,Codex,200,https://wzr-ceramic.de/wp-content/uploads/2020/08/Nikolay_Kollenberg_Additiv-oder-subtraktiv-eine-wirtschaftliche-Betrachtung_2020-1.pdf,application/pdf,026a3ec66d4d0defa4eb3956e63c4bf5ae9aa7f9044a034dc978b0b869d3694c,37310,RETRIEVED_FOR_SCREENING,,Project heated printing platform/control work is separated from own current plant operation. No attributable heat-carrier/temperature or completed energy investment found.
RS2-4e220c36d0865586927c,P44,S-P44-05,https://oxidkeramik.de/oxidkeramik-branchen/energieundumwelt.aspx,REGISTERED_SOURCE,2026-10-08T08:26:06+00:00,Codex,200,https://oxidkeramik.de/oxidkeramik-branchen/energieundumwelt.aspx,text/html; charset=utf-8,ea67440776848341fcc06baeada0c55d22528bb02d4d4a7ce64a382f349e1da5,3417,RETRIEVED_FOR_SCREENING,,"Customer pumps, isolators and energy applications are not owned manufacturing drives, PV or thermal storage."
RS2-61f2e13caf81c5a1f01f,P44,,https://oxidkeramik.de/oxidkeramik-branchen/maschinenbau.aspx,OBSERVED_COMPANY_LINK,2026-10-08T08:29:29+00:00,Codex,,,,,0,FAILED,<urlopen error timed out>,"Customer pumps, isolators and energy applications are not owned manufacturing drives, PV or thermal storage."
RS2-badc66a6cd96ce081cde,P44,,https://oxidkeramik.de/oxidkeramik-broschueren/Brochure_Machine_Components_OK997.pdf,TARGETED_WEB_SEARCH,2026-10-08T08:29:47+00:00,Codex,200,https://oxidkeramik.de/oxidkeramik-broschueren/Brochure_Machine_Components_OK997.pdf,application/pdf,9c890a09ddcbe6f11907d4483fcb4faae93bef061ed1950a07e727a3c8cba9bf,5693,RETRIEVED_FOR_SCREENING,,"Customer pumps, isolators and energy applications are not owned manufacturing drives, PV or thermal storage."
RS2-9d8c26bf17c5e404f821,P44,,https://oxidkeramik.de/oxidkeramik-broschueren/Brochure_Pump_Components_CARSIC310.pdf,TARGETED_WEB_SEARCH,2026-10-08T08:29:47+00:00,Codex,200,https://oxidkeramik.de/oxidkeramik-broschueren/Brochure_Pump_Components_CARSIC310.pdf,application/pdf,b12c41af58112e619b912994754c81cdff5366478b38dce66daf2c61eb2abacb,6687,RETRIEVED_FOR_SCREENING,,"Customer pumps, isolators and energy applications are not owned manufacturing drives, PV or thermal storage."
RS2-12dc1955085d701f2ef8,P44,,https://oxidkeramik.de/oxidkeramik-broschueren/Broschuere_Maschinenbauteilen_aus_OK997.pdf,OBSERVED_COMPANY_LINK,2026-10-08T08:29:29+00:00,Codex,,,,,0,FAILED,<urlopen error timed out>,"Customer pumps, isolators and energy applications are not owned manufacturing drives, PV or thermal storage."
RS2-a78d95003735615db240,P44,,https://oxidkeramik.de/oxidkeramik-broschueren/Broschuere_Maschinenbauteilen_aus_Zirkonoxidkeramik.pdf,OBSERVED_COMPANY_LINK,2026-10-08T08:29:29+00:00,Codex,,,,,0,FAILED,<urlopen error timed out>,"Customer pumps, isolators and energy applications are not owned manufacturing drives, PV or thermal storage."
RS2-0af7d27320896713097f,P44,S-P44-06,https://oxidkeramik.de/oxidkeramik-unternehmen/downloads.aspx,REGISTERED_SOURCE,2026-10-08T08:26:07+00:00,Codex,200,https://oxidkeramik.de/oxidkeramik-unternehmen/downloads.aspx,text/html; charset=utf-8,ae1429b2e3bb79ac56b2dd5593bc786e6ee9ea4510da39377f05d702a624e57f,1923,RETRIEVED_FOR_SCREENING,,"Customer pumps, isolators and energy applications are not owned manufacturing drives, PV or thermal storage."
RS2-72963406266259db7a51,P44,S-P44-04,https://oxidkeramik.de/oxidkeramik-unternehmen/qualitaet.aspx,REGISTERED_SOURCE,2026-10-08T08:26:00+00:00,Codex,200,https://oxidkeramik.de/oxidkeramik-unternehmen/qualitaet.aspx,text/html; charset=utf-8,b125988aca97d80e11f323bf941c2ed3f4f08c4957cc741e7144c07716c0df99,3444,RETRIEVED_FOR_SCREENING,,"Customer pumps, isolators and energy applications are not owned manufacturing drives, PV or thermal storage."
RS2-d18b010310cd04770363,P44,S-P44-03,https://oxidkeramik.de/oxidkeramik-unternehmen/ueber-uns.aspx,REGISTERED_SOURCE,2026-10-08T08:26:00+00:00,Codex,200,https://oxidkeramik.de/oxidkeramik-unternehmen/ueber-uns.aspx,text/html; charset=utf-8,229c23780cf94420b8f35caadd5cca09784de9d32424ad8ba5fed84d8e33804d,3675,RETRIEVED_FOR_SCREENING,,"Customer pumps, isolators and energy applications are not owned manufacturing drives, PV or thermal storage."
RS2-68d66abec8189518042d,P44,S-P44-02,https://www.ceramic-applications.com/,REGISTERED_SOURCE,2026-10-08T08:25:59+00:00,Codex,200,https://www.ceramic-applications.com/,text/html; charset=UTF-8,4f6cedf7456912ea042c2281c415504b9b78178ba6605b6034e3cf72f3dc7eec,61764,RETRIEVED_FOR_SCREENING,,"Customer pumps, isolators and energy applications are not owned manufacturing drives, PV or thermal storage."
RS2-955feacc5d8b99e2b8de,P45,S-P45-02 | S-P45-05,https://www.harzkristall.de/,REGISTERED_SOURCE,2026-10-08T08:26:07+00:00,Codex,200,https://www.harzkristall.de/,text/html; charset=utf-8,accf045aab7a80c782b9feba99dacfe4cb96327f005b5c5a09b9a381ddae5051,10608,RETRIEVED_FOR_SCREENING,,Glassmaking/show workshop burner evidence does not establish a complete current plant fuel balance or independently useful thermal storage.
RS2-8c01272cae33c318345a,P45,S-P45-04,https://www.harzkristall.de/fileadmin/user_upload/pdf/Harzkristall_Sales-Broschuere_220126.pdf,REGISTERED_SOURCE,2026-10-08T08:26:07+00:00,Codex,200,https://www.harzkristall.de/fileadmin/user_upload/pdf/Harzkristall_Sales-Broschuere_220126.pdf,application/pdf,e9220430430b5d838c1e09e6889d02debd8aac1f1aad48fdf1bb460f76288c25,5952,RETRIEVED_FOR_SCREENING,,Glassmaking/show workshop burner evidence does not establish a complete current plant fuel balance or independently useful thermal storage.
RS2-b265590559c61fb19665,P45,S-P45-03,https://www.harzkristall.de/huette-mieten,REGISTERED_SOURCE,2026-10-08T08:26:07+00:00,Codex,200,https://www.harzkristall.de/huette-mieten,text/html; charset=utf-8,92e949a2bda7edfad4afd54304a2488c5e412191134fc97b12b3a1650ce100f8,2891,RETRIEVED_FOR_SCREENING,,Glassmaking/show workshop burner evidence does not establish a complete current plant fuel balance or independently useful thermal storage.
RS2-dfc531027ec3aa711b24,P46,S-P46-02,https://www.pofahermsdorf.de/,REGISTERED_SOURCE,2026-10-08T08:26:07+00:00,Codex,200,https://www.pofahermsdorf.de/,text/html; charset=UTF-8,7020e7dfd11a9d190f784010bf2e4ef9b6d569eeb7215aa10c4386b934adf48b,4391,RETRIEVED_FOR_SCREENING,,Customer RTO ceramic heat-storage products are not own energy stores. No attributable current production heat carrier or rated thermal duty established.
RS2-64c20609fb01d62ba817,P46,,https://www.pofahermsdorf.de/portfolio-view/wabenkoerper-fuer-waermetauscheranwendungen/,OBSERVED_COMPANY_LINK,2026-10-08T08:29:30+00:00,Codex,200,https://www.pofahermsdorf.de/portfolio-view/wabenkoerper-fuer-waermetauscheranwendungen/,text/html; charset=UTF-8,63d54eed152096502ffd5d368f0dbc6a17d039011a1fc5f83758a2d649c5af3d,3576,RETRIEVED_FOR_SCREENING,,Customer RTO ceramic heat-storage products are not own energy stores. No attributable current production heat carrier or rated thermal duty established.
RS2-bf71f8a0724299611ace,P46,S-P46-04,https://www.pofahermsdorf.de/wp-content/uploads/2023/05/EMS_dt.pdf,OBSERVED_COMPANY_LINK,2026-10-08T08:29:30+00:00,Codex,200,https://www.pofahermsdorf.de/wp-content/uploads/2023/05/EMS_dt.pdf,application/pdf,670749ba9ca354c1b0449f51cb1274213982a9b39899c58b69360c2271e0aadb,3571,RETRIEVED_FOR_SCREENING,,Customer RTO ceramic heat-storage products are not own energy stores. No attributable current production heat carrier or rated thermal duty established.
RS2-b5de4e32f4cec52a593b,P46,S-P46-05,https://www.pofahermsdorf.de/wp-content/uploads/2023/05/UMS_dt.pdf,OBSERVED_COMPANY_LINK,2026-10-08T08:29:30+00:00,Codex,200,https://www.pofahermsdorf.de/wp-content/uploads/2023/05/UMS_dt.pdf,application/pdf,ff9b42de9bd5db7614f6ff71dbf226ac0727a1db0af5bf39f82e35c84edf1225,3569,RETRIEVED_FOR_SCREENING,,Customer RTO ceramic heat-storage products are not own energy stores. No attributable current production heat carrier or rated thermal duty established.
RS2-fee2f6393676d042c893,P46,S-P46-03,https://www.pofahermsdorf.de/zertifizierungen/,REGISTERED_SOURCE,2026-10-08T08:26:08+00:00,Codex,200,https://www.pofahermsdorf.de/zertifizierungen/,text/html; charset=UTF-8,7b19be3312e1c16291301141ef2fa254e4afc25ccb996fa9579845f5dd480344,2357,RETRIEVED_FOR_SCREENING,,Customer RTO ceramic heat-storage products are not own energy stores. No attributable current production heat carrier or rated thermal duty established.
RS2-268ddd86d456ba973b6b,P47,S-P47-02,https://www.hofmann-ceramic.de/,REGISTERED_SOURCE,2026-10-08T08:26:08+00:00,Codex,200,https://www.hofmann-ceramic.de/,text/html; charset=UTF-8,35d83dd952668d74d7b85aebffcad3f50220f0de9f9b616e2a82038099f2e354,3887,RETRIEVED_FOR_SCREENING,,Own history supports2022/2023PV energy project and older furnace heat recovery. Integrated supply components count once.2017/2018gas conversion is not a verified current whole-plant fuel balance; policy has no public dated target/roadmap.
RS2-534eded535c13e56dc43,P47,S-P47-03,https://www.hofmann-ceramic.de/downloads/,REGISTERED_SOURCE,2026-10-08T08:26:08+00:00,Codex,200,https://www.hofmann-ceramic.de/downloads/,text/html; charset=UTF-8,fd1727e50ad174d4b7637b34a503dc2a8bff6787be29b09b3cb202e95b0842e2,1649,RETRIEVED_FOR_SCREENING,,Own history supports2022/2023PV energy project and older furnace heat recovery. Integrated supply components count once.2017/2018gas conversion is not a verified current whole-plant fuel balance; policy has no public dated target/roadmap.
RS2-39804fac86705ccad116,P47,S-P47-06,https://www.hofmann-ceramic.de/firmengeschichte/,TARGETED_WEB_SEARCH,2026-10-08T08:29:47+00:00,Codex,200,https://www.hofmann-ceramic.de/firmengeschichte/,text/html; charset=UTF-8,a17a296a6972f57bdbf76b02665b6dde12843cc902a58254daca5d1dfecc3839,3129,SELECTED_ANCHOR_RECHECK,,Own history supports2022/2023PV energy project and older furnace heat recovery. Integrated supply components count once.2017/2018gas conversion is not a verified current whole-plant fuel balance; policy has no public dated target/roadmap.
RS2-c272b7f90f98990a6a33,P47,S-P47-07,https://www.hofmann-ceramic.de/managementsysteme-und-unternehmenspolitik/,TARGETED_FOLLOWUP,2026-10-08T08:43:01+00:00,Codex,200,https://www.hofmann-ceramic.de/managementsysteme-und-unternehmenspolitik/,text/html; charset=UTF-8,7915bb95d360dae7a62b66feafca03bcb3cdfcf23a627417300a12cacb60fb02,4692,SELECTED_ANCHOR_RECHECK,,Own history supports2022/2023PV energy project and older furnace heat recovery. Integrated supply components count once.2017/2018gas conversion is not a verified current whole-plant fuel balance; policy has no public dated target/roadmap.
RS2-46fe20824842712ddedd,P47,,https://www.hofmann-ceramic.de/prozessoptimierung/,OBSERVED_COMPANY_LINK,2026-10-08T08:29:31+00:00,Codex,200,https://www.hofmann-ceramic.de/prozessoptimierung/,text/html; charset=UTF-8,449038c2a909a700338c466ea3b4e32f23b58f752483ccaf64bcbcbc72301ce7,3207,RETRIEVED_FOR_SCREENING,,Own history supports2022/2023PV energy project and older furnace heat recovery. Integrated supply components count once.2017/2018gas conversion is not a verified current whole-plant fuel balance; policy has no public dated target/roadmap.
RS2-8acafb70c8f10372eecf,P47,S-P47-04,https://www.hofmann-ceramic.de/wp-content/uploads/EM_00533-Z04304_de.pdf,OBSERVED_COMPANY_LINK,2026-10-08T08:29:31+00:00,Codex,200,https://www.hofmann-ceramic.de/wp-content/uploads/EM_00533-Z04304_de.pdf,application/pdf,7598473ce5f7b9c76fb530049f4971f3f09cfd9bb1415844dccef03edadd6f8c,1514115,RETRIEVED_FOR_SCREENING,,Own history supports2022/2023PV energy project and older furnace heat recovery. Integrated supply components count once.2017/2018gas conversion is not a verified current whole-plant fuel balance; policy has no public dated target/roadmap.
RS2-ba65683d970cb3fc3256,P47,S-P47-05,https://www.hofmann-ceramic.de/wp-content/uploads/UM00533Z04303de.pdf,OBSERVED_COMPANY_LINK,2026-10-08T08:29:31+00:00,Codex,200,https://www.hofmann-ceramic.de/wp-content/uploads/UM00533Z04303de.pdf,application/pdf,bdea9469ffa1555792738bbe5f3fe4143002de0f04781cd7681a0d8b7578e5eb,1514730,RETRIEVED_FOR_SCREENING,,Own history supports2022/2023PV energy project and older furnace heat recovery. Integrated supply components count once.2017/2018gas conversion is not a verified current whole-plant fuel balance; policy has no public dated target/roadmap.
RS2-281e1256a0427960f1e1,P50,S-P50-02,https://www.brauerei-ayinger.de/,REGISTERED_SOURCE,2026-10-08T08:26:12+00:00,Codex,200,https://www.brauerei-ayinger.de/,text/html; charset=UTF-8,f45747d2d3881e71c49c6ea15471b25728fcbd096180b8d494d2099d397c080d,1701,RETRIEVED_FOR_SCREENING,,Heat-pump and brewery-process evidence retained. Reduction in gas use is not zero remaining fossil duty; cold/cooling assets are not automatically usable thermal stores.
RS2-a64488c072b89a286adb,P50,S-P50-03,https://www.brauerei-ayinger.de/bierdorf-aying/nachhaltigkeit/,REGISTERED_SOURCE,2026-10-08T08:26:13+00:00,Codex,200,https://www.brauerei-ayinger.de/bierdorf-aying/nachhaltigkeit/,text/html; charset=UTF-8,c798b5b14b8cd6e477bfb5fb47c54f438907db47faa1a6f303528d8d25a568fa,2603,RETRIEVED_FOR_SCREENING,,Heat-pump and brewery-process evidence retained. Reduction in gas use is not zero remaining fossil duty; cold/cooling assets are not automatically usable thermal stores.
RS2-e2a188e5842898b86020,P50,S-P50-01,https://www.brauerei-ayinger.de/impressum/,REGISTERED_SOURCE,2026-10-08T08:26:08+00:00,Codex,200,https://www.brauerei-ayinger.de/impressum/,text/html; charset=UTF-8,63681a0cd50552a5698c6518f68e48d76a625246842986e8f46a228364447f08,3870,RETRIEVED_FOR_SCREENING,,Heat-pump and brewery-process evidence retained. Reduction in gas use is not zero remaining fossil duty; cold/cooling assets are not automatically usable thermal stores.
RS2-c7620228c7cd538b6899,P50,S-P50-07,https://www.brauerei-ayinger.de/wp-content/uploads/2025/10/Umwelterklaerung2023_BrauereiAying.pdf,REGISTERED_SOURCE,2026-10-08T08:26:14+00:00,Codex,200,https://www.brauerei-ayinger.de/wp-content/uploads/2025/10/Umwelterklaerung2023_BrauereiAying.pdf,application/pdf,09d9f3668ea9e36c8e2f706fbcecbc6b3b041be1a5ac4ba6ce94e22d31e96270,28,RETRIEVED_FOR_SCREENING,,Heat-pump and brewery-process evidence retained. Reduction in gas use is not zero remaining fossil duty; cold/cooling assets are not automatically usable thermal stores.
RS2-2a172258a2319a0ccd82,P50,S-P50-04,https://www.dena.de/energy-award/good-practice/aying-brauerei-franz-inselkammer-igs/,REGISTERED_SOURCE,2026-10-08T08:26:13+00:00,Codex,200,https://www.dena.de/energy-award/good-practice/aying-brauerei-franz-inselkammer-igs/,text/html; charset=utf-8,73aca9cb5757d89491646ff0e2f6c485495915dc461f7aa7b0e7d547b02a86f3,4193,RETRIEVED_FOR_SCREENING,,Heat-pump and brewery-process evidence retained. Reduction in gas use is not zero remaining fossil duty; cold/cooling assets are not automatically usable thermal stores.
RS2-b809b92c8f9016b6af78,P50,S-P50-05,https://www.umweltpakt.bayern.de/umwelt_klimapakt/praxis_innovation/beispiele/praxis/detail.htm?id=84,REGISTERED_SOURCE,2026-10-08T08:26:13+00:00,Codex,200,https://www.umweltpakt.bayern.de/umwelt_klimapakt/praxis_innovation/beispiele/praxis/detail.htm?id=84,text/html; charset=UTF-8,8ea5fd000b9f5667dd14a525b8560341b93fd87ba998b97d93c77c8478fa4129,3963,RETRIEVED_FOR_SCREENING,,Heat-pump and brewery-process evidence retained. Reduction in gas use is not zero remaining fossil duty; cold/cooling assets are not automatically usable thermal stores.
RS2-8ace885e601344fcd948,P51,S-P51-01,https://www.distelhaeuser.de/impressumdatenschutz/,REGISTERED_SOURCE,2026-10-08T08:26:14+00:00,Codex,200,https://www.distelhaeuser.de/impressumdatenschutz/,text/html; charset=utf-8,b1f9a163d6e77e8aac1da5017571cf1866ac6c1e3938dce11731921b6545573b,95824,RETRIEVED_FOR_SCREENING,,"Cold fermentation/storage describes products, not hot-process temperatures or dispatchable storage. Generic automation history does not establish named current energy control."
RS2-9d0f24202f906c21b43f,P51,S-P51-04,https://www.distelhaeuser.de/unsere-brauerei/braukunst/,REGISTERED_SOURCE,2026-10-08T08:26:17+00:00,Codex,200,https://www.distelhaeuser.de/unsere-brauerei/braukunst/,text/html; charset=utf-8,b8e497f53a05d561675d47c219d559d0d05c20b7ed6966a011c2971431289d36,8741,RETRIEVED_FOR_SCREENING,,"Cold fermentation/storage describes products, not hot-process temperatures or dispatchable storage. Generic automation history does not establish named current energy control."
RS2-d1675f7d5537a80796ef,P51,S-P51-02,https://www.distelhaeuser.de/unsere-brauerei/regionalitaet/,REGISTERED_SOURCE,2026-10-08T08:26:15+00:00,Codex,200,https://www.distelhaeuser.de/unsere-brauerei/regionalitaet/,text/html; charset=utf-8,bd0d5defe4bd7c61e65f7366495ba75e3bb8dd949a2444adccf92710185ac74c,5172,RETRIEVED_FOR_SCREENING,,"Cold fermentation/storage describes products, not hot-process temperatures or dispatchable storage. Generic automation history does not establish named current energy control."
RS2-bb476d0de0c1d394c2f1,P52,S-P52-01,https://alpirsbacher.de/rechtliches/impressum/,REGISTERED_SOURCE,2026-10-08T08:26:17+00:00,Codex,,,,,0,FAILED,<urlopen error timed out>,Registered substantive site retrievals timed out. Failure is recorded as an access limitation; deployment absence and zero values are not inferred.
RS2-6a9433603fc6c64b0b73,P52,S-P52-03,https://alpirsbacher.de/ueber-uns/rohstoffe/,REGISTERED_SOURCE,2026-10-08T08:26:17+00:00,Codex,,,,,0,FAILED,<urlopen error timed out>,Registered substantive site retrievals timed out. Failure is recorded as an access limitation; deployment absence and zero values are not inferred.
RS2-aacf13e02d94e4eea4b7,P52,S-P52-04,https://alpirsbacher.de/ueber-uns/unsere-geschichte/,REGISTERED_SOURCE,2026-10-08T08:26:19+00:00,Codex,,,,,0,FAILED,<urlopen error timed out>,Registered substantive site retrievals timed out. Failure is recorded as an access limitation; deployment absence and zero values are not inferred.
RS2-c33e2d362e1f29019029,P52,S-P52-02,https://alpirsbacher.de/ueber-uns/unsere-werte/,REGISTERED_SOURCE,2026-10-08T08:26:17+00:00,Codex,,,,,0,FAILED,<urlopen error timed out>,Registered substantive site retrievals timed out. Failure is recorded as an access limitation; deployment absence and zero values are not inferred.
RS2-defbbddbc8cc065f17e6,P53,S-P53-01,https://rittmayer.de/impressum,REGISTERED_SOURCE,2026-10-08T08:26:20+00:00,Codex,200,https://rittmayer.de/impressum,text/html; charset=UTF-8,18d198f16fcc3e9e1a8d0955ad2518b99f99a236123e0c25a2381aaea016c9b4,7219,RETRIEVED_FOR_SCREENING,,Owner explicitly states wood-chip brewery heat supply.2023PV planning/building is not dated commissioned PV; Gastwirtschaft and brewery heat scopes remain separate.
RS2-f37231ebda48198dd399,P53,S-P53-02,https://rittmayer.de/nachhaltigkeit,REGISTERED_SOURCE,2026-10-08T08:26:20+00:00,Codex,200,https://rittmayer.de/nachhaltigkeit,text/html; charset=UTF-8,bad26a4428c08736b0449394dea0b22961f4d59c051eea08711625719e2ad532,2711,SELECTED_ANCHOR_RECHECK,,Owner explicitly states wood-chip brewery heat supply.2023PV planning/building is not dated commissioned PV; Gastwirtschaft and brewery heat scopes remain separate.
RS2-ac47168a36ffc39b0967,P53,,https://rittmayer.de/wp-content/uploads/2023/10/Traditionelles-Bier-nachhaltig-interpretiert.pdf,OBSERVED_COMPANY_LINK,2026-10-08T08:29:31+00:00,Codex,404,,,,0,FAILED,HTTP Error 404: Not Found,Owner explicitly states wood-chip brewery heat supply.2023PV planning/building is not dated commissioned PV; Gastwirtschaft and brewery heat scopes remain separate.
RS2-fa5b10f84b3a94b2f999,P54,,https://www.waldhaus-bier.de/fileadmin/_processed_/3/5/csm_kachel-familie-schmid_176bb91fc4.jpg,OBSERVED_COMPANY_LINK,2026-10-08T08:29:32+00:00,Codex,200,https://www.waldhaus-bier.de/fileadmin/_processed_/3/5/csm_kachel-familie-schmid_176bb91fc4.jpg,image/jpeg,4be5b3a2d7eb61336faa193ee2df22f784becaa20270af594dd79658642b91c0,793799,NON_TEXT,,Owner2017PV predates lookback. Purchased hydroelectricity is not owned generation; a failed newer heat/cooling press URL supplies no body proof.
RS2-a3bb106b9b7bb5ed9812,P54,,https://www.waldhaus-bier.de/fileadmin/_processed_/9/d/csm_kachel-dieter-schmid-lager_57d1fbcec0.png,OBSERVED_COMPANY_LINK,2026-10-08T08:29:33+00:00,Codex,200,https://www.waldhaus-bier.de/fileadmin/_processed_/9/d/csm_kachel-dieter-schmid-lager_57d1fbcec0.png,image/png,2df95f1da8757ba624390db07cb9cd82728f1e3bd3e2a410951ccea22917f9bc,559298,NON_TEXT,,Owner2017PV predates lookback. Purchased hydroelectricity is not owned generation; a failed newer heat/cooling press URL supplies no body proof.
RS2-a37f22d68a21c0053695,P54,S-P54-01,https://www.waldhaus-bier.de/impressum/,REGISTERED_SOURCE,2026-10-08T08:26:20+00:00,Codex,200,https://www.waldhaus-bier.de/impressum/,text/html; charset=utf-8,f55d133f70aef19f00dae960f3fc03826829f185e61fcc85b750fa2ea020fa1a,2196,RETRIEVED_FOR_SCREENING,,Owner2017PV predates lookback. Purchased hydroelectricity is not owned generation; a failed newer heat/cooling press URL supplies no body proof.
RS2-211e479c43ef2215082f,P54,,https://www.waldhaus-bier.de/newsroom/presseberichte/details/privatbrauerei-waldhaus-setzt-konsequent-auf-nachhaltigkeit/,TARGETED_WEB_SEARCH,2026-10-08T08:29:47+00:00,Codex,404,,,,0,FAILED,HTTP Error 404: Not Found,Owner2017PV predates lookback. Purchased hydroelectricity is not owned generation; a failed newer heat/cooling press URL supplies no body proof.
RS2-d39424d75afd151756e9,P54,S-P54-02,https://www.waldhaus-bier.de/privatbrauerei/,REGISTERED_SOURCE,2026-10-08T08:26:20+00:00,Codex,200,https://www.waldhaus-bier.de/privatbrauerei/,text/html; charset=utf-8,f914572b8dc20a05acec8a894d948026620ab072e2af3a3e18c8cad3c188c98c,3613,RETRIEVED_FOR_SCREENING,,Owner2017PV predates lookback. Purchased hydroelectricity is not owned generation; a failed newer heat/cooling press URL supplies no body proof.
RS2-e8d4a6a4f2b9f94b3c20,P54,S-P54-04,https://www.waldhaus-bier.de/privatbrauerei/historie/,REGISTERED_SOURCE,2026-10-08T08:26:24+00:00,Codex,200,https://www.waldhaus-bier.de/privatbrauerei/historie/,text/html; charset=utf-8,c2fe5d5bf0678bd6128500b53c243a52ee901bf56e54bd6f0f8539630d407642,3325,RETRIEVED_FOR_SCREENING,,Owner2017PV predates lookback. Purchased hydroelectricity is not owned generation; a failed newer heat/cooling press URL supplies no body proof.
RS2-522498c42d096a7a1ea4,P54,S-P54-03,https://www.waldhaus-bier.de/privatbrauerei/umweltschutz/,REGISTERED_SOURCE,2026-10-08T08:26:23+00:00,Codex,200,https://www.waldhaus-bier.de/privatbrauerei/umweltschutz/,text/html; charset=utf-8,9a11bee395f21c308980621b9ee6544d397d1825ac1741e07796c2f362155fe1,1892,RETRIEVED_FOR_SCREENING,,Owner2017PV predates lookback. Purchased hydroelectricity is not owned generation; a failed newer heat/cooling press URL supplies no body proof.
RS2-39e4479272d9ba82893b,P55,S-P55-05,https://www.merschbrock.de/,REGISTERED_SOURCE,2026-10-08T08:26:28+00:00,Codex,200,https://www.merschbrock.de/,text/html; charset=UTF-8,2de4cc5c11f2badf2d206e75cd14a5784fcf4c436006f65403800fa94143e21e,4149,RETRIEVED_FOR_SCREENING,,Known CHP/PV chronology retained. Absorption cooling is not independently useful thermal storage; no owned process temperature or complete fuel mix established.
RS2-557a42b27da6b09c1c31,P55,,https://www.merschbrock.de/en/sustainability/,OBSERVED_COMPANY_LINK,2026-10-08T08:29:37+00:00,Codex,200,https://www.merschbrock.de/en/sustainability/,text/html; charset=UTF-8,568e4b9014d50ebf891d692df669d9bc0717e16a4a52a387226c120356774479,3193,RETRIEVED_FOR_SCREENING,,Known CHP/PV chronology retained. Absorption cooling is not independently useful thermal storage; no owned process temperature or complete fuel mix established.
RS2-2871dd4cdb52f6ec0b04,P55,S-P55-01,https://www.merschbrock.de/kontakt/,REGISTERED_SOURCE,2026-10-08T08:26:24+00:00,Codex,200,https://www.merschbrock.de/kontakt/,text/html; charset=UTF-8,ed1f716cc06ac1a4ff548c0f849c4482b9f5a513296723b5fa8bfb09723e1f18,1915,RETRIEVED_FOR_SCREENING,,Known CHP/PV chronology retained. Absorption cooling is not independently useful thermal storage; no owned process temperature or complete fuel mix established.
RS2-5a59768a9005c1cedfec,P55,,https://www.merschbrock.de/leistungen,OBSERVED_COMPANY_LINK,2026-10-08T08:29:38+00:00,Codex,200,https://www.merschbrock.de/leistungen/,text/html; charset=UTF-8,15c677cf30da6d1a5365bd308ceaeadb91917e13cb017e83fc04254ca0b1e6a1,9952,RETRIEVED_FOR_SCREENING,,Known CHP/PV chronology retained. Absorption cooling is not independently useful thermal storage; no owned process temperature or complete fuel mix established.
RS2-cd13693ad31c72bd585b,P55,S-P55-02 | S-P55-06,https://www.merschbrock.de/leistungen/,REGISTERED_SOURCE,2026-10-08T08:26:24+00:00,Codex,200,https://www.merschbrock.de/leistungen/,text/html; charset=UTF-8,15c677cf30da6d1a5365bd308ceaeadb91917e13cb017e83fc04254ca0b1e6a1,9952,RETRIEVED_FOR_SCREENING,,Known CHP/PV chronology retained. Absorption cooling is not independently useful thermal storage; no owned process temperature or complete fuel mix established.
RS2-6066512c242f546f9cf9,P55,,https://www.merschbrock.de/nachhaltigkeit,OBSERVED_COMPANY_LINK,2026-10-08T08:29:38+00:00,Codex,200,https://www.merschbrock.de/nachhaltigkeit/,text/html; charset=UTF-8,06cce1b7b9524c09a764976bc1c450c6bf514571c08a465731d768936d1b22d2,3488,RETRIEVED_FOR_SCREENING,,Known CHP/PV chronology retained. Absorption cooling is not independently useful thermal storage; no owned process temperature or complete fuel mix established.
RS2-c0a63affa5999a7c5c70,P55,S-P55-03,https://www.merschbrock.de/nachhaltigkeit/,REGISTERED_SOURCE,2026-10-08T08:26:27+00:00,Codex,200,https://www.merschbrock.de/nachhaltigkeit/,text/html; charset=UTF-8,06cce1b7b9524c09a764976bc1c450c6bf514571c08a465731d768936d1b22d2,3488,RETRIEVED_FOR_SCREENING,,Known CHP/PV chronology retained. Absorption cooling is not independently useful thermal storage; no owned process temperature or complete fuel mix established.
RS2-c2f1793874233741fac7,P56,S-P56-02,https://www.spritzguss-mueller.de/,REGISTERED_SOURCE,2026-10-08T08:26:28+00:00,Codex,200,https://www.spritzguss-mueller.de/,text/html; charset=UTF-8,a579b771cd61324e7935d4bd424d0791f1c555a4bea2b0350a31e528de91090c,2398,RETRIEVED_FOR_SCREENING,,Electrical assemblies and mechanical systems supplied to customers are excluded from owned energy assets; tool-shop activity supplies no heat duty/fuel data.
RS2-986b17c5fc1ad7cb019b,P56,S-P56-01,https://www.spritzguss-mueller.de/en/impressum/,REGISTERED_SOURCE,2026-10-08T08:26:28+00:00,Codex,200,https://www.spritzguss-mueller.de/en/impressum/,text/html; charset=UTF-8,f8549980cc5221c8b3adbd22b091463f902f271ba716f27a8155d4f27011ca4b,2659,RETRIEVED_FOR_SCREENING,,Electrical assemblies and mechanical systems supplied to customers are excluded from owned energy assets; tool-shop activity supplies no heat duty/fuel data.
RS2-16ff64b458888a5f7639,P56,,https://www.spritzguss-mueller.de/en/sonderfertigung/,OBSERVED_COMPANY_LINK,2026-10-08T08:29:38+00:00,Codex,200,https://www.spritzguss-mueller.de/en/sonderfertigung/,text/html; charset=UTF-8,90d04586f03fa95b4bf9f77347fae045f15d4620e5b2a2d889a3c880dbab95d4,1422,RETRIEVED_FOR_SCREENING,,Electrical assemblies and mechanical systems supplied to customers are excluded from owned energy assets; tool-shop activity supplies no heat duty/fuel data.
RS2-44609d5aae300dfb510c,P56,,https://www.spritzguss-mueller.de/en/sondermaschinenbau/,OBSERVED_COMPANY_LINK,2026-10-08T08:29:38+00:00,Codex,200,https://www.spritzguss-mueller.de/en/sondermaschinenbau/,text/html; charset=UTF-8,194e5d5c6d64bc3b2aa9eed975e5f58941060aeecc408c8e80c1c77f09f22780,2154,RETRIEVED_FOR_SCREENING,,Electrical assemblies and mechanical systems supplied to customers are excluded from owned energy assets; tool-shop activity supplies no heat duty/fuel data.
RS2-7f1b81f6c54d2a6c99bd,P56,S-P56-05,https://www.spritzguss-mueller.de/firmengeschichte/,REGISTERED_SOURCE,2026-10-08T08:26:31+00:00,Codex,200,https://www.spritzguss-mueller.de/firmengeschichte/,text/html; charset=UTF-8,02de28b1c622c4c26ea5a52af464a95d45b9294d9b1937aa28b9285917ba9105,2329,RETRIEVED_FOR_SCREENING,,Electrical assemblies and mechanical systems supplied to customers are excluded from owned energy assets; tool-shop activity supplies no heat duty/fuel data.
RS2-5a5eff470ac9f1143ae6,P56,,https://www.spritzguss-mueller.de/sondermaschinenbau/,OBSERVED_COMPANY_LINK,2026-10-08T08:29:38+00:00,Codex,200,https://www.spritzguss-mueller.de/sondermaschinenbau/,text/html; charset=UTF-8,ba4b80124fd6d7d64d826f18a0d7a5f0ed20d6fd1e11c7a934cf708e7e180318,2142,RETRIEVED_FOR_SCREENING,,Electrical assemblies and mechanical systems supplied to customers are excluded from owned energy assets; tool-shop activity supplies no heat duty/fuel data.
RS2-1b12a5e3082f6a663bd6,P56,S-P56-03,https://www.spritzguss-mueller.de/spritzguss/,REGISTERED_SOURCE,2026-10-08T08:26:28+00:00,Codex,,,,,0,FAILED,<urlopen error timed out>,Electrical assemblies and mechanical systems supplied to customers are excluded from owned energy assets; tool-shop activity supplies no heat duty/fuel data.
RS2-64a413e356ddfc96a0a5,P56,S-P56-04,https://www.spritzguss-mueller.de/werkzeugbau/,REGISTERED_SOURCE,2026-10-08T08:26:28+00:00,Codex,200,https://www.spritzguss-mueller.de/werkzeugbau/,text/html; charset=UTF-8,9e00853d89800670ecdaaa2998daadf602639dafc1cfa72eb98edc78b11c70a4,2721,RETRIEVED_FOR_SCREENING,,Electrical assemblies and mechanical systems supplied to customers are excluded from owned energy assets; tool-shop activity supplies no heat duty/fuel data.
RS2-7db21dfde1d1bb6eebc9,P57,S-P57-02,https://www.stocker-kunststoff.de/,REGISTERED_SOURCE,2026-10-08T08:26:31+00:00,Codex,200,https://www.stocker-kunststoff.de/,text/html; charset=UTF-8,e787609e0718d8a99154a2299e251c3e7067ae269d34e0f063669ae4c679b79b,13973,RETRIEVED_FOR_SCREENING,,Stock-photo equipment and material property/test temperatures are not owned operating equipment or production heat temperatures.
RS2-640e344a8d0bee77d2e1,P57,S-P57-03,https://www.stocker-kunststoff.de/fertigung/,REGISTERED_SOURCE,2026-10-08T08:26:31+00:00,Codex,200,https://www.stocker-kunststoff.de/fertigung/,text/html; charset=UTF-8,3618464bb7c17cdae82a4108ea4b2d081d30bd244243001cf020f1a6fc6d4871,12459,RETRIEVED_FOR_SCREENING,,Stock-photo equipment and material property/test temperatures are not owned operating equipment or production heat temperatures.
RS2-7035ba19536b36b2a549,P57,S-P57-01,https://www.stocker-kunststoff.de/impressum/,REGISTERED_SOURCE,2026-10-08T08:26:31+00:00,Codex,200,https://www.stocker-kunststoff.de/impressum/,text/html; charset=UTF-8,c7b22e1d09445055a95fb2d2e0f17188507f85918715a9ba49a54d12d079c4cb,10239,RETRIEVED_FOR_SCREENING,,Stock-photo equipment and material property/test temperatures are not owned operating equipment or production heat temperatures.
RS2-02a91885dfe073bfa407,P57,S-P57-04,https://www.stocker-kunststoff.de/qualitatsmanagement/,REGISTERED_SOURCE,2026-10-08T08:26:32+00:00,Codex,200,https://www.stocker-kunststoff.de/qualitatsmanagement/,text/html; charset=UTF-8,776e2a6b50e6f11c3a57cce55bcfc22fa54acd06d28d254d2f93a19e7708c03e,9938,RETRIEVED_FOR_SCREENING,,Stock-photo equipment and material property/test temperatures are not owned operating equipment or production heat temperatures.
RS2-7ac402ef56392f466596,P58,,https://www.dorn-spritzguss.de/aktuelles/detail/unsere-photovoltaikanlagen/,OBSERVED_COMPANY_LINK,2026-10-08T08:29:39+00:00,Codex,200,https://www.dorn-spritzguss.de/aktuelles/detail/unsere-photovoltaikanlagen/,text/html; charset=utf-8,1097930b1b2156eaf364dcc37dd1f334f4052c09bca7e8ee9de10ac9305a4603,3411,RETRIEVED_FOR_SCREENING,,"Machine clamping forces are not energy powers. Mills/dryers provide no attributable operating heat temperature, current fuel or energy-store parameters."
RS2-1abf08eee5e5f08b4a89,P58,S-P58-01,https://www.dorn-spritzguss.de/impressum/,REGISTERED_SOURCE,2026-10-08T08:26:32+00:00,Codex,200,https://www.dorn-spritzguss.de/impressum/,text/html; charset=utf-8,c1eb9217ae2a53cb7719d0d20dff8ed159ce62508eee3aac6b896e744b7b6b95,3705,RETRIEVED_FOR_SCREENING,,"Machine clamping forces are not energy powers. Mills/dryers provide no attributable operating heat temperature, current fuel or energy-store parameters."
RS2-27bc8664880006480699,P58,S-P58-02,https://www.dorn-spritzguss.de/leistungen/spritzguss/,REGISTERED_SOURCE,2026-10-08T08:26:32+00:00,Codex,200,https://www.dorn-spritzguss.de/leistungen/spritzguss/,text/html; charset=utf-8,dbb0e5ec1f037b2dcd0cefc565f5ad84c4f95e36c9bec4460e37e21cb9f7fefb,4531,RETRIEVED_FOR_SCREENING,,"Machine clamping forces are not energy powers. Mills/dryers provide no attributable operating heat temperature, current fuel or energy-store parameters."
RS2-bcaf8cd29323916b177b,P58,S-P58-06,https://www.dorn-spritzguss.de/leistungen/werkzeugbau/,REGISTERED_SOURCE,2026-10-08T08:26:36+00:00,Codex,200,https://www.dorn-spritzguss.de/leistungen/werkzeugbau/,text/html; charset=utf-8,b76faa303fa45179257072b92ea271b1ffb5b9d6a389d5d07f590c11102cb93e,4907,RETRIEVED_FOR_SCREENING,,"Machine clamping forces are not energy powers. Mills/dryers provide no attributable operating heat temperature, current fuel or energy-store parameters."
RS2-b2f1862d80ed1609b102,P58,S-P58-04,https://www.dorn-spritzguss.de/unternehmen/geschichte/,REGISTERED_SOURCE,2026-10-08T08:26:36+00:00,Codex,200,https://www.dorn-spritzguss.de/unternehmen/geschichte/,text/html; charset=utf-8,d10656f78203c0e84fe63bf1da692380f682e0fdb5de2a23886d986806c49b2f,6019,RETRIEVED_FOR_SCREENING,,"Machine clamping forces are not energy powers. Mills/dryers provide no attributable operating heat temperature, current fuel or energy-store parameters."
RS2-783bd2350fdef6f43068,P58,S-P58-03,https://www.dorn-spritzguss.de/unternehmen/nachhaltigkeit/,REGISTERED_SOURCE,2026-10-08T08:26:34+00:00,Codex,200,https://www.dorn-spritzguss.de/unternehmen/nachhaltigkeit/,text/html; charset=utf-8,3ae6213a8723a06f0618134c11e27a13e2b1e42a1375d998278ffbf9b037bf75,4812,RETRIEVED_FOR_SCREENING,,"Machine clamping forces are not energy powers. Mills/dryers provide no attributable operating heat temperature, current fuel or energy-store parameters."
RS2-49ed0393d50ba1a93cef,P58,S-P58-07,https://www.dorn-spritzguss.de/unternehmen/qualitaet/,REGISTERED_SOURCE,2026-10-08T08:26:36+00:00,Codex,200,https://www.dorn-spritzguss.de/unternehmen/qualitaet/,text/html; charset=utf-8,7792981748285b023325896205104e6495b141fc90e1beedfd83b4e7d2832387,3598,RETRIEVED_FOR_SCREENING,,"Machine clamping forces are not energy powers. Mills/dryers provide no attributable operating heat temperature, current fuel or energy-store parameters."
RS2-9079799c3bed89841f2c,P59,S-P59-02,https://ak-kunststoffspritzguss.com/,REGISTERED_SOURCE,2026-10-08T08:26:38+00:00,Codex,200,https://ak-kunststoffspritzguss.com/,text/html; charset=UTF-8,6c06cd1ddba81755d73dd9f66977210d6cfb8347f166a58fcae99019c54098a9,11588,RETRIEVED_FOR_SCREENING,,Production heat recovery for floor/room heating is not dispatchable thermal storage. Supplied automation is not automatically owned coordinated control.
RS2-466671053140e426f188,P59,S-P59-01,https://ak-kunststoffspritzguss.com/impressum/,REGISTERED_SOURCE,2026-10-08T08:26:36+00:00,Codex,200,https://ak-kunststoffspritzguss.com/impressum/,text/html; charset=UTF-8,a3dc43e55ce12755adbe67b9cee6c3940243f615cbecab28e214563859092a48,72027,RETRIEVED_FOR_SCREENING,,Production heat recovery for floor/room heating is not dispatchable thermal storage. Supplied automation is not automatically owned coordinated control.
RS2-7ceb4bcaccfeda8c8a88,P59,,https://ak-kunststoffspritzguss.com/latest-news/,TARGETED_WEB_SEARCH,2026-10-08T08:29:51+00:00,Codex,200,https://ak-kunststoffspritzguss.com/latest-news/,text/html; charset=UTF-8,9f2917495411e1301ca335342bfec313be5350d491148f14dffa9ffc45d6bdd9,3267,RETRIEVED_FOR_SCREENING,,Production heat recovery for floor/room heating is not dispatchable thermal storage. Supplied automation is not automatically owned coordinated control.
RS2-a2d369b57e5d69879b2e,P59,,https://ak-kunststoffspritzguss.com/production/,OBSERVED_COMPANY_LINK,2026-10-08T08:29:39+00:00,Codex,200,https://ak-kunststoffspritzguss.com/production/,text/html; charset=UTF-8,b3492a9e743e1b5062ac1311fe9a62317c9180a4a8728f908fc97956e256d9d7,2673,RETRIEVED_FOR_SCREENING,,Production heat recovery for floor/room heating is not dispatchable thermal storage. Supplied automation is not automatically owned coordinated control.
RS2-57f6afaed9865a643dcf,P59,S-P59-03,https://ak-kunststoffspritzguss.com/produktion/,REGISTERED_SOURCE,2026-10-08T08:26:38+00:00,Codex,200,https://ak-kunststoffspritzguss.com/produktion/,text/html; charset=UTF-8,7747284f91bfc22321468fba4a26f91e713aecc220f9e0a0088e7bbf9c45c005,3030,RETRIEVED_FOR_SCREENING,,Production heat recovery for floor/room heating is not dispatchable thermal storage. Supplied automation is not automatically owned coordinated control.
RS2-8d4c24622e24a9c5312b,P59,S-P59-04,https://ak-kunststoffspritzguss.com/qualitaetsmanagement/,REGISTERED_SOURCE,2026-10-08T08:26:38+00:00,Codex,200,https://ak-kunststoffspritzguss.com/qualitaetsmanagement/,text/html; charset=UTF-8,72d0c69f5040199724d4488593136f423003411e39a2bc47cf38686506896184,2250,RETRIEVED_FOR_SCREENING,,Production heat recovery for floor/room heating is not dispatchable thermal storage. Supplied automation is not automatically owned coordinated control.
RS2-c36b6fb35ebd8871ddd9,P60,S-P60-07,https://www.dqsglobal.com/en/customer-database/hartchrom-beck-gmbh,REGISTERED_SOURCE,2026-10-08T08:26:45+00:00,Codex,200,https://www.dqsglobal.com/en/customer-database/hartchrom-beck-gmbh,text/html; charset=UTF-8,0abaf448adda56923faff36146102107b0b924c588ec3aa7c0c311b330237a8f,4831,RETRIEVED_FOR_SCREENING,,"Test equipment and additive-manufacturing descriptions lack operating heat duty/temperature evidence. Failed routes remain failed, not absence proof."
RS2-c6f2aba42c6e3e6e17e6,P60,S-P60-01 | S-P60-03,https://www.hartchrom-beck.de/,REGISTERED_SOURCE,2026-10-08T08:26:39+00:00,Codex,200,https://www.hartchrom-beck.de/,text/html; charset=utf-8,aaa2c3bbb63ed281b8b4ae285d51330990daf2cb304559a809ce93e141073d2f,2533,RETRIEVED_FOR_SCREENING,,"Test equipment and additive-manufacturing descriptions lack operating heat duty/temperature evidence. Failed routes remain failed, not absence proof."
RS2-224519b3a66efbac727e,P60,,https://www.hartchrom-beck.de/additive-fertigung,OBSERVED_COMPANY_LINK,2026-10-08T08:29:44+00:00,Codex,200,https://www.hartchrom-beck.de/additive-fertigung,text/html; charset=utf-8,f822f487af6b48f76c2cf3b7bc7438536e37ece9e4e74eae0b9d95cd98aa09a1,4275,RETRIEVED_FOR_SCREENING,,"Test equipment and additive-manufacturing descriptions lack operating heat duty/temperature evidence. Failed routes remain failed, not absence proof."
RS2-8d726da5fbdb8e6cafca,P60,S-P60-05,https://www.hartchrom-beck.de/bearbeitungstechnik/,REGISTERED_SOURCE,2026-10-08T08:26:39+00:00,Codex,200,https://www.hartchrom-beck.de/bearbeitungstechnik/,text/html; charset=utf-8,77fca4572594f8b93f9975a356f7fcd3833b954a8d11782f3adf75dfcb8bcf5e,2701,RETRIEVED_FOR_SCREENING,,"Test equipment and additive-manufacturing descriptions lack operating heat duty/temperature evidence. Failed routes remain failed, not absence proof."
RS2-ec4fd0f593e610ab39b2,P60,,https://www.hartchrom-beck.de/bearbeitungstechnik/additive-fertigung,OBSERVED_COMPANY_LINK,2026-10-08T08:29:44+00:00,Codex,404,,,,0,FAILED,HTTP Error 404: Not Found,"Test equipment and additive-manufacturing descriptions lack operating heat duty/temperature evidence. Failed routes remain failed, not absence proof."
RS2-72d82b93fd8952d9538a,P60,S-P60-04,https://www.hartchrom-beck.de/beschichtungstechnik/,REGISTERED_SOURCE,2026-10-08T08:26:39+00:00,Codex,200,https://www.hartchrom-beck.de/beschichtungstechnik/,text/html; charset=utf-8,f8f5adb801c17e45eef3fa18fddd30e299f29a5a98fad350a40736e873ae71f3,3754,RETRIEVED_FOR_SCREENING,,"Test equipment and additive-manufacturing descriptions lack operating heat duty/temperature evidence. Failed routes remain failed, not absence proof."
RS2-8f4481be6434ca6f09ad,P60,,https://www.hartchrom-beck.de/beschichtungstechnik/additive-fertigung,OBSERVED_COMPANY_LINK,2026-10-08T08:29:39+00:00,Codex,404,,,,0,FAILED,HTTP Error 404: Not Found,"Test equipment and additive-manufacturing descriptions lack operating heat duty/temperature evidence. Failed routes remain failed, not absence proof."
RS2-7ff61616e70737f354c7,P60,S-P60-02,https://www.hartchrom-beck.de/einsatzmoeglichkeiten/,REGISTERED_SOURCE,2026-10-08T08:26:39+00:00,Codex,404,,,,0,FAILED,HTTP Error 404: Not Found,"Test equipment and additive-manufacturing descriptions lack operating heat duty/temperature evidence. Failed routes remain failed, not absence proof."
RS2-1c18b9dd40a5d00506a8,P61,S-P61-02,https://www.galvanik-horstmann.de/galvanotechnik/,REGISTERED_SOURCE,2026-10-08T08:26:45+00:00,Codex,200,https://www.galvanik-horstmann.de/galvanotechnik/,text/html; charset=UTF-8,0e96a9630420289c0cb45c84fabe183163ae6a57f94335100ca862e34ab38422,4171,RETRIEVED_FOR_SCREENING,,"Own brochure distinguishes CHP/PV from adjacent supplier advertisements. No commissioned battery, useful thermal buffer, complete heat fuel mix or recent project dates established."
RS2-ae9f919fc193ea5516d0,P61,S-P61-01,https://www.galvanik-horstmann.de/impressum/,REGISTERED_SOURCE,2026-10-08T08:26:45+00:00,Codex,200,https://www.galvanik-horstmann.de/impressum/,text/html; charset=UTF-8,c0a7fa8b349669a124b1199a36fb30bb7933ae4e92a391f3714341585aa26b69,3146,RETRIEVED_FOR_SCREENING,,"Own brochure distinguishes CHP/PV from adjacent supplier advertisements. No commissioned battery, useful thermal buffer, complete heat fuel mix or recent project dates established."
RS2-2841f351522ec265b4ae,P61,S-P61-03,https://www.galvanik-horstmann.de/leistungen/,REGISTERED_SOURCE,2026-10-08T08:26:45+00:00,Codex,200,https://www.galvanik-horstmann.de/leistungen/,text/html; charset=UTF-8,a849b1f0ebbfad0dbd92a750785453c90f391d0f8380ded266a0f84fd39cb4f2,3625,RETRIEVED_FOR_SCREENING,,"Own brochure distinguishes CHP/PV from adjacent supplier advertisements. No commissioned battery, useful thermal buffer, complete heat fuel mix or recent project dates established."
RS2-22757a7928b190411295,P61,,https://www.galvanik-horstmann.de/mehr-als-75-jahre-erfahrung-in-der-galvanotechnik/,OBSERVED_COMPANY_LINK,2026-10-08T08:29:44+00:00,Codex,200,https://www.galvanik-horstmann.de/mehr-als-75-jahre-erfahrung-in-der-galvanotechnik/,text/html; charset=UTF-8,91d494fa9d2c2e7d223fcfaca9ac7bcda61751e0ebb5247b01d856c9b9332681,3677,RETRIEVED_FOR_SCREENING,,"Own brochure distinguishes CHP/PV from adjacent supplier advertisements. No commissioned battery, useful thermal buffer, complete heat fuel mix or recent project dates established."
RS2-5509d17876204025edd9,P61,S-P61-05,https://www.galvanik-horstmann.de/umwelt/,REGISTERED_SOURCE,2026-10-08T08:26:46+00:00,Codex,200,https://www.galvanik-horstmann.de/umwelt/,text/html; charset=UTF-8,51251d25c7bee5ea9ba7a7894f71df3f85f457072c643c6b91cc1af84f37f0b1,3140,RETRIEVED_FOR_SCREENING,,"Own brochure distinguishes CHP/PV from adjacent supplier advertisements. No commissioned battery, useful thermal buffer, complete heat fuel mix or recent project dates established."
RS2-3f61646e9636893a4c40,P61,S-P61-04,https://www.galvanik-horstmann.de/unser-pruefverfahren/,REGISTERED_SOURCE,2026-10-08T08:26:46+00:00,Codex,200,https://www.galvanik-horstmann.de/unser-pruefverfahren/,text/html; charset=UTF-8,4bbe250c8c1bcb7f23f7a4b9470ea33f4e93e1574944f9f3231281bb2ab12bea,2060,RETRIEVED_FOR_SCREENING,,"Own brochure distinguishes CHP/PV from adjacent supplier advertisements. No commissioned battery, useful thermal buffer, complete heat fuel mix or recent project dates established."
RS2-5f6f5bac4fe276b817ff,P61,S-P61-06,https://www.galvanik-horstmann.de/wp-content/uploads/2020/11/GalvanikHorstmann.pdf,REGISTERED_SOURCE,2026-10-08T08:26:46+00:00,Codex,200,https://www.galvanik-horstmann.de/wp-content/uploads/2020/11/GalvanikHorstmann.pdf,application/pdf,cd38a7d0cdc4b4882c315f2648b04552885ee4693c5c3ed0f441bf64eb805b7c,17984,SELECTED_ANCHOR_RECHECK,,"Own brochure distinguishes CHP/PV from adjacent supplier advertisements. No commissioned battery, useful thermal buffer, complete heat fuel mix or recent project dates established."
RS2-54c7f00eea7607ec7a7c,P62,S-P62-03,https://www.galvanotechnik-kessel.de/,REGISTERED_SOURCE,2026-10-08T08:26:46+00:00,Codex,200,https://www.galvanotechnik-kessel.de/,text/html; charset=UTF-8,fb4f4dd7c1564a3691e9ab541b65aec9cafab129e1e3064237e7a201701e0d9e,4993,RETRIEVED_FOR_SCREENING,,"Existing energy management retained. Management financial goals are not implemented measures, public dated climate targets or attributable heat fuel data."
RS2-d52a245248b6d78c8ee2,P62,,https://www.galvanotechnik-kessel.de/2026/01/galvanotechnik-kessel-bedankt-sich-bei-herrn-marco-chiea-fuer-20-jahre-engagierte-und-erfolgreiche-zusammenarbeit/,OBSERVED_COMPANY_LINK,2026-10-08T08:29:46+00:00,Codex,200,https://www.galvanotechnik-kessel.de/2026/01/galvanotechnik-kessel-bedankt-sich-bei-herrn-marco-chiea-fuer-20-jahre-engagierte-und-erfolgreiche-zusammenarbeit/,text/html; charset=UTF-8,f33dc49ca155fbe5794b4f7e8fac3f344e43bc6d90c898d9af95c8cbdc7283cd,3951,RETRIEVED_FOR_SCREENING,,"Existing energy management retained. Management financial goals are not implemented measures, public dated climate targets or attributable heat fuel data."
RS2-80ec5ca22e5000d2cff4,P62,,https://www.galvanotechnik-kessel.de/en/quality-environment/energy-management/,OBSERVED_COMPANY_LINK,2026-10-08T08:29:46+00:00,Codex,200,https://www.galvanotechnik-kessel.de/en/quality-environment/energy-management/,text/html; charset=UTF-8,8db5d832042c288e4077bbf5828aca4c37e709a0043cc38a8620151d5318bc5a,2520,RETRIEVED_FOR_SCREENING,,"Existing energy management retained. Management financial goals are not implemented measures, public dated climate targets or attributable heat fuel data."
RS2-0768b51ba2d45e495be3,P62,S-P62-01,https://www.galvanotechnik-kessel.de/impressum/,REGISTERED_SOURCE,2026-10-08T08:26:46+00:00,Codex,200,https://www.galvanotechnik-kessel.de/impressum/,text/html; charset=UTF-8,e7770033abbea09a4eb412807085b8ac07a7691b694fc9326382aa1d2223ee42,5968,RETRIEVED_FOR_SCREENING,,"Existing energy management retained. Management financial goals are not implemented measures, public dated climate targets or attributable heat fuel data."
RS2-d68cc495cf9c77d3dff8,P62,,https://www.galvanotechnik-kessel.de/qualitaet/,TARGETED_WEB_SEARCH,2026-10-08T08:29:52+00:00,Codex,200,https://www.galvanotechnik-kessel.de/qualitaet/,text/html; charset=UTF-8,789a01667a633b29a78a3176e86860086a18a1d8ef92e199ecbd15a13c00ad31,4192,RETRIEVED_FOR_SCREENING,,"Existing energy management retained. Management financial goals are not implemented measures, public dated climate targets or attributable heat fuel data."
RS2-be952b26110b0d9e5d14,P62,S-P62-06,https://www.galvanotechnik-kessel.de/qualitaet/energiemanagement/,REGISTERED_SOURCE,2026-10-08T08:26:46+00:00,Codex,200,https://www.galvanotechnik-kessel.de/qualitaet/energiemanagement/,text/html; charset=UTF-8,96461470f49a329db3c9e135057ea7f5bc52ae8fc2581518888a22153c399d5e,3621,RETRIEVED_FOR_SCREENING,,"Existing energy management retained. Management financial goals are not implemented measures, public dated climate targets or attributable heat fuel data."
RS2-3a574b7a70d851578cc8,P62,S-P62-07,https://www.galvanotechnik-kessel.de/qualitaet/umweltmanagement/,REGISTERED_SOURCE,2026-10-08T08:26:46+00:00,Codex,200,https://www.galvanotechnik-kessel.de/qualitaet/umweltmanagement/,text/html; charset=UTF-8,1c920a6f303c0c142809297477515fa8feb85286075b88628a3ff59c9b04e356,3648,RETRIEVED_FOR_SCREENING,,"Existing energy management retained. Management financial goals are not implemented measures, public dated climate targets or attributable heat fuel data."
RS2-c39829d28039d649aa9b,P63,S-P63-01,https://otk-galvanik.de/,REGISTERED_SOURCE,2026-10-08T08:26:50+00:00,Codex,200,https://otk-galvanik.de/,text/html,10ef149157a06b89d70f212658f24952f17293b5bfc20fc1c521958f5ff9941b,1739,RETRIEVED_FOR_SCREENING,,"Generic technical/process list supplies no individually attributed heat temperatures, fuel balance, dispatch window or storage parameters."
RS2-39e72f39ad2ec4747c19,P63,S-P63-03,https://otk-galvanik.de/de/97787-Technik,REGISTERED_SOURCE,2026-10-08T08:26:51+00:00,Codex,200,https://otk-galvanik.de/de/97787-Technik,text/html,6e440700aa8a52f41b545dce4f12765ddeb2dfed0b00ea0e69d068aeeae7181c,669,RETRIEVED_FOR_SCREENING,,"Generic technical/process list supplies no individually attributed heat temperatures, fuel balance, dispatch window or storage parameters."
RS2-0ae6be1e87b0be31934d,P64,S-P64-02,https://www.wieland-oberflaeche.de/,REGISTERED_SOURCE,2026-10-08T08:26:52+00:00,Codex,,,,,0,FAILED,<urlopen error timed out>,Three-shift operation is not permission to shift production loads. Some source access failed; no additional heat/storage or converter evidence established.
RS2-27f6c734dc3302a88af5,P64,S-P64-01,https://www.wieland-oberflaeche.de/impressum,REGISTERED_SOURCE,2026-10-08T08:26:52+00:00,Codex,,,,,0,FAILED,<urlopen error timed out>,Three-shift operation is not permission to shift production loads. Some source access failed; no additional heat/storage or converter evidence established.
RS2-4f912d4ae4c0f3b7314a,P64,S-P64-03,https://www.wieland-oberflaeche.de/stellenangebote,REGISTERED_SOURCE,2026-10-08T08:26:52+00:00,Codex,200,https://www.wieland-oberflaeche.de/stellenangebote,text/html; charset=UTF-8,2e97e113f4891a85f7c2b491dd1744c257ff9680322187310043bc050d3c65fe,6581,RETRIEVED_FOR_SCREENING,,Three-shift operation is not permission to shift production loads. Some source access failed; no additional heat/storage or converter evidence established.
RS2-2e7447ad6e32486f2da5,P65,S-P65-01,https://www.fuerstenberg-porzellan.com/,REGISTERED_SOURCE,2026-10-08T08:26:52+00:00,Codex,200,https://www.fuerstenberg-porzellan.com/,text/html; charset=UTF-8,54cdbdc58df9d841f7aab4ebdc4e7b221d42da7a4e6de60643873f171f851cf1,12883,RETRIEVED_FOR_SCREENING,,"Own high-temperature firing is retained. Green branding and multi-hour firing do not establish heat carrier, safe interruption or concrete energy deployment."
RS2-cd1f6eb5c046e8d8dac7,P65,S-P65-03,https://www.fuerstenberg-porzellan.com/en/blog/blick-in-die-produktion,REGISTERED_SOURCE,2026-10-08T08:26:52+00:00,Codex,200,https://www.fuerstenberg-porzellan.com/en/blog/blick-in-die-produktion,text/html; charset=UTF-8,38f3a1ad77e547d5cdca330e191762649fbd479c1d075c99108ade7142ee800b,12857,RETRIEVED_FOR_SCREENING,,"Own high-temperature firing is retained. Green branding and multi-hour firing do not establish heat carrier, safe interruption or concrete energy deployment."
RS2-dd88d28e3452aecc8839,P65,,https://www.fuerstenberg-porzellan.com/manufaktur/sonderanfertigungen-individualisierung,OBSERVED_COMPANY_LINK,2026-10-08T08:29:49+00:00,Codex,200,https://www.fuerstenberg-porzellan.com/manufaktur/sonderanfertigungen-individualisierung/,text/html; charset=UTF-8,14e3a43e109da706f306b58fa7c80ff05348c017726dda77bef15f221fea88de,8497,RETRIEVED_FOR_SCREENING,,"Own high-temperature firing is retained. Green branding and multi-hour firing do not establish heat carrier, safe interruption or concrete energy deployment."
RS2-36ae1291291d7c7ce81b,P65,,https://www.fuerstenberg-porzellan.com/manufaktur/sonderanfertigungen-individualisierung/,OBSERVED_COMPANY_LINK,2026-10-08T08:29:46+00:00,Codex,200,https://www.fuerstenberg-porzellan.com/manufaktur/sonderanfertigungen-individualisierung/,text/html; charset=UTF-8,14e3a43e109da706f306b58fa7c80ff05348c017726dda77bef15f221fea88de,8497,RETRIEVED_FOR_SCREENING,,"Own high-temperature firing is retained. Green branding and multi-hour firing do not establish heat carrier, safe interruption or concrete energy deployment."
RS2-61d7b92c7b4c86571143,P66,S-P66-04,https://group.vattenfall.com/de/newsroom/news/2023/mit-abwasser-und-algen-auf-dem-weg-zum-netto-nullverbrauch,REGISTERED_SOURCE,2026-10-08T08:26:53+00:00,Codex,200,https://group.vattenfall.com/de/newsroom/news/2023/mit-abwasser-und-algen-auf-dem-weg-zum-netto-nullverbrauch,text/html; charset=utf-8,50a26907054b42834c0ebc990913ac0d20db63c9184824e82191b87def763eb8,8753,RETRIEVED_FOR_SCREENING,,Owner exports waste heat to an external utility. External utility energy assets/heat storage are not owned plant storage; no new fuel or drive inventory established.
RS2-809fc1a250b4640fa516,P66,S-P66-01,https://www.kpm-berlin.com/,REGISTERED_SOURCE,2026-10-08T08:26:53+00:00,Codex,200,https://www.kpm-berlin.com/,text/html; charset=utf-8,bd1cebd09416ca64f13102bad450e921d13c7c4b39dcd38596802776f80e94cb,8102,RETRIEVED_FOR_SCREENING,,Owner exports waste heat to an external utility. External utility energy assets/heat storage are not owned plant storage; no new fuel or drive inventory established.
RS2-c3ee3380a9463b18c93d,P66,S-P66-03,https://www.kpm-berlin.com/pages/manufaktur-porzellan-handwerkskunst,REGISTERED_SOURCE,2026-10-08T08:26:53+00:00,Codex,200,https://www.kpm-berlin.com/pages/manufaktur-porzellan-handwerkskunst,text/html; charset=utf-8,2d5d214f3e7005723b6e6b8ffeb360bd469dac3c8b6c49a991e86dfa8992d996,15153,RETRIEVED_FOR_SCREENING,,Owner exports waste heat to an external utility. External utility energy assets/heat storage are not owned plant storage; no new fuel or drive inventory established.
RS2-06e773a8af197e8758ea,P66,,https://www.kpm-berlin.com/pages/nachhaltiges-kpm-porzellan,TARGETED_WEB_SEARCH,2026-10-08T08:29:53+00:00,Codex,200,https://www.kpm-berlin.com/pages/nachhaltiges-kpm-porzellan,text/html; charset=utf-8,ea4c327e9606f979dcfe0657f7cd2ed1396b4749f93c351602f6f2ba3ce48263,13578,RETRIEVED_FOR_SCREENING,,Owner exports waste heat to an external utility. External utility energy assets/heat storage are not owned plant storage; no new fuel or drive inventory established.
RS2-0dd3c44ddfdf0deb148b,P66,S-P66-05,https://www.ressource-deutschland.de/themen/bauwesen/vernetzung-von-waerme/,REGISTERED_SOURCE,2026-10-08T08:26:56+00:00,Codex,200,https://www.ressource-deutschland.de/themen/bauwesen/vernetzung-von-waerme/,text/html; charset=utf-8,744b7297b10ed6c78b26249108cd5e59d73c6fea6c36298289677813b50e46cd,31651,RETRIEVED_FOR_SCREENING,,Owner exports waste heat to an external utility. External utility energy assets/heat storage are not owned plant storage; no new fuel or drive inventory established.
RS2-95d09bc7c9e8494145dd,P66,S-P66-02,https://www.stiftung-kpm.de/,REGISTERED_SOURCE,2026-10-08T08:26:53+00:00,Codex,200,https://www.stiftung-kpm.de/,text/html;charset=utf-8,bf0e48d19b7d3ed33ea74c5ec8fc289fd6f6ef50ad8fd0c7fa19dd0972ee4e8e,2533,RETRIEVED_FOR_SCREENING,,Owner exports waste heat to an external utility. External utility energy assets/heat storage are not owned plant storage; no new fuel or drive inventory established.
RS2-517c7ea2b4aa37dd6680,P67,S-P67-02,https://www.moeschter-group.com/,REGISTERED_SOURCE,2026-10-08T08:26:57+00:00,Codex,200,https://www.moeschter-group.com/de/,text/html; charset=utf-8,8382156e8995ad2b0bfd5c9c3c05fbf10143b9cea87eff4b88cf9d3f48ce81e1,2572,RETRIEVED_FOR_SCREENING,,Group product heat resistance and overseas offset PV projects are excluded from owned Dortmund process temperatures and onsite PV.
RS2-a3e17627f21f3b08b5b9,P67,S-P67-03,https://www.moeschter-group.com/de/doceram/downloads/,REGISTERED_SOURCE,2026-10-08T08:26:58+00:00,Codex,200,https://www.moeschter-group.com/de/doceram/downloads/,text/html; charset=utf-8,afc58e8a0984b857ecafd6e6075c1368480c4bd67aeebb9a76cc9958f5d3048c,7517,RETRIEVED_FOR_SCREENING,,Group product heat resistance and overseas offset PV projects are excluded from owned Dortmund process temperatures and onsite PV.
RS2-e10539ecc5bac7177143,P67,S-P67-01,https://www.moeschter-group.com/de/doceram/uebersicht/,REGISTERED_SOURCE,2026-10-08T08:26:56+00:00,Codex,200,https://www.moeschter-group.com/de/doceram/uebersicht/,text/html; charset=utf-8,630b6b89eec5f3633b54216ea9c1118b1268211b40333383657dd3cd88670d1a,3393,RETRIEVED_FOR_SCREENING,,Group product heat resistance and overseas offset PV projects are excluded from owned Dortmund process temperatures and onsite PV.
RS2-cd5c0390bd1a1fc9be9a,P67,,https://www.moeschter-group.com/de/downloads/,OBSERVED_COMPANY_LINK,2026-10-08T08:29:50+00:00,Codex,200,https://www.moeschter-group.com/de/doceram/downloads/,text/html; charset=utf-8,94a616200c65f454a2d6e278e7c07649d5a86b42aa1da160d7598d7141637734,7517,RETRIEVED_FOR_SCREENING,,Group product heat resistance and overseas offset PV projects are excluded from owned Dortmund process temperatures and onsite PV.
RS2-4cb9d532e91be451e7e7,P67,,https://www.moeschter-group.com/fileadmin/content/mediathek/zertifikate/Nachhaltigkeit/2025_IC_Urkunde-Klimabeitrag_DE.pdf,OBSERVED_COMPANY_LINK,2026-10-08T08:29:51+00:00,Codex,200,https://www.moeschter-group.com/fileadmin/content/mediathek/zertifikate/Nachhaltigkeit/2025_IC_Urkunde-Klimabeitrag_DE.pdf,application/pdf,6a8050be5345d239254b70abf13f6639738409caa69a69b990cb44a2b0e64429,6515,RETRIEVED_FOR_SCREENING,,Group product heat resistance and overseas offset PV projects are excluded from owned Dortmund process temperatures and onsite PV.
RS2-1b3e746065863e0559f3,P67,,https://www.moeschter-group.com/fileadmin/content/mediathek/zertifikate/Nachhaltigkeit/2025_MG_Urkunde-Klimabeitrag_DE.pdf,OBSERVED_COMPANY_LINK,2026-10-08T08:29:50+00:00,Codex,200,https://www.moeschter-group.com/fileadmin/content/mediathek/zertifikate/Nachhaltigkeit/2025_MG_Urkunde-Klimabeitrag_DE.pdf,application/pdf,dbc50e32b1e6b3071758d12d1e9ac19104c3e561983a174a63815ba80afdf153,6490,RETRIEVED_FOR_SCREENING,,Group product heat resistance and overseas offset PV projects are excluded from owned Dortmund process temperatures and onsite PV.
RS2-ed555e3dcb2487061c86,P68,S-P68-02,https://technoker.de/,REGISTERED_SOURCE,2026-10-08T08:27:00+00:00,Codex,200,https://technoker.de/,text/html; charset=UTF-8,63cca0d95b2e7e462334551b94af0b3c944c41f2e53bb1cc35d727ceb12224a5,3256,RETRIEVED_FOR_SCREENING,,Biogas versus bio-liquid-gas wording conflicts remain unresolved. Thermal oxidiser fuel does not establish all production heat; bare2021date does not prove investment-window completion.
RS2-78f89665ff535db49543,P68,S-P68-04,https://technoker.de/dienstleistungen,REGISTERED_SOURCE,2026-10-08T08:27:01+00:00,Codex,200,https://technoker.de/dienstleistungen,text/html; charset=UTF-8,d82b1b258e66e119e8c56c7457d39e30fd2f8b1ed9ae647aa8e2a147704eb3de,3823,RETRIEVED_FOR_SCREENING,,Biogas versus bio-liquid-gas wording conflicts remain unresolved. Thermal oxidiser fuel does not establish all production heat; bare2021date does not prove investment-window completion.
RS2-456ca606b900215e7907,P68,S-P68-01,https://technoker.de/impressum,REGISTERED_SOURCE,2026-10-08T08:26:58+00:00,Codex,200,https://technoker.de/impressum,text/html; charset=UTF-8,de4f23b026a02b6be1d04741124ad42bcc846890b46846d9679173d5e0cd5653,4484,RETRIEVED_FOR_SCREENING,,Biogas versus bio-liquid-gas wording conflicts remain unresolved. Thermal oxidiser fuel does not establish all production heat; bare2021date does not prove investment-window completion.
RS2-6948b41046dd4e802f1e,P68,S-P68-03,https://technoker.de/ueberuns,REGISTERED_SOURCE,2026-10-08T08:27:01+00:00,Codex,200,https://technoker.de/ueberuns,text/html; charset=UTF-8,a9906fdc452a1368b10d062ad21f1fe7764b416ae51ec291346c50b6dbdcb00e,7217,RETRIEVED_FOR_SCREENING,,Biogas versus bio-liquid-gas wording conflicts remain unresolved. Thermal oxidiser fuel does not establish all production heat; bare2021date does not prove investment-window completion.
RS2-a0a158ab6b08b9a879da,P68,S-P68-05,https://technoker.de/wp-content/uploads/2024/02/04.12.2023.pdf,REGISTERED_SOURCE,2026-10-08T08:27:02+00:00,Codex,200,https://technoker.de/wp-content/uploads/2024/02/04.12.2023.pdf,application/pdf,daeb42c793d8e79f854ef79c4666ebe1e792538c24cf444850358ef9163845ef,1,RETRIEVED_FOR_SCREENING,,Biogas versus bio-liquid-gas wording conflicts remain unresolved. Thermal oxidiser fuel does not establish all production heat; bare2021date does not prove investment-window completion.
RS2-c0326f8a7d0ab511ed6a,P70,S-P70-01,https://www.ceram-gmbh.de/impressum/,REGISTERED_SOURCE,2026-10-08T08:27:03+00:00,Codex,200,https://www.ceram-gmbh.de/impressum/,text/html; charset=UTF-8,51b4ae7c78e457f809ffb21f657bb7f975e7c8fe6653052736f0d9028a453caa,3952,RETRIEVED_FOR_SCREENING,,"Own spray drying/sintering identified but thermal carrier, actual heat duty, useful storage and converter topology remain unspecified."
RS2-8968ee4ecaa139e81e9a,P70,S-P70-02,https://www.ceram-gmbh.de/leistungsspektrum/,REGISTERED_SOURCE,2026-10-08T08:27:04+00:00,Codex,200,https://www.ceram-gmbh.de/leistungsspektrum/,text/html; charset=UTF-8,459d0cdfce14f34721d1c981d39748db24433eae5fd994a0ef7fe8f8a7e0c2bd,2086,RETRIEVED_FOR_SCREENING,,"Own spray drying/sintering identified but thermal carrier, actual heat duty, useful storage and converter topology remain unspecified."
RS2-594e2d3e3ad05d3b9e5d,P71,S-P71-03,https://www.atp.ag/de/projekte/floetzinger-brauerei-in-schechen/,REGISTERED_SOURCE,2026-10-08T08:27:05+00:00,Codex,200,https://www.atp.ag/de/projekte/floetzinger-brauerei-in-schechen/,text/html; charset=UTF-8,bffa147eff842d4fa3cefb9b414be6e62cbf46a278c3bab6869f59293690c96e,9651,RETRIEVED_FOR_SCREENING,,Warehouse heat pump/PV are building/logistics assets. Their operating temperatures do not establish brewery process heating or own useful thermal dispatch storage.
RS2-d85295d25f566c8cb4a3,P71,S-P71-01 | S-P71-02,https://www.floetzinger.de/,REGISTERED_SOURCE,2026-10-08T08:27:04+00:00,Codex,200,https://www.floetzinger.de/,text/html; charset=utf-8,c949a286eefeef348154099ebebc78117fe98d7cb7674de47a15aa877c1d204f,748,RETRIEVED_FOR_SCREENING,,Warehouse heat pump/PV are building/logistics assets. Their operating temperatures do not establish brewery process heating or own useful thermal dispatch storage.
RS2-81c003676091bb4194af,P72,S-P72-01 | S-P72-02,https://www.hb-ts.de/,REGISTERED_SOURCE,2026-10-08T08:27:05+00:00,Codex,200,https://www.hb-ts.de/,text/html; charset=utf-8,0738a4dbaadd04236fc0d53fff1566e9dac99ddbd36b12040b53c3a4f60b3e6e,2128,RETRIEVED_FOR_SCREENING,,Existing PV/robotics evidence retained. Product cold storage is not dispatchable thermal storage; lauter construction is not final commissioning and PV area is not kWp.
RS2-4c12f392e4241f12717f,P72,S-P72-05,https://www.hb-ts.de/neue-palettierung/,REGISTERED_SOURCE,2026-10-08T08:27:06+00:00,Codex,200,https://www.hb-ts.de/neue-palettierung/,text/html; charset=utf-8,b9949540f6f450e45b1b6b79c4a18270dc4d7575480c87315551b9211676cec2,3240,RETRIEVED_FOR_SCREENING,,Existing PV/robotics evidence retained. Product cold storage is not dispatchable thermal storage; lauter construction is not final commissioning and PV area is not kWp.
RS2-85b0cfdca7d2bf6b062f,P72,S-P72-06,https://www.hb-ts.de/neuer-laeuterbottich/,REGISTERED_SOURCE,2026-10-08T08:27:07+00:00,Codex,200,https://www.hb-ts.de/neuer-laeuterbottich/,text/html; charset=utf-8,a4ac36d9af721ac8e775012810bc074cc281ae854654322306ef8e019be16188,3546,RETRIEVED_FOR_SCREENING,,Existing PV/robotics evidence retained. Product cold storage is not dispatchable thermal storage; lauter construction is not final commissioning and PV area is not kWp.
RS2-da0c4befd5eb404631ee,P72,S-P72-04,https://www.hb-ts.de/pv-module-fuer-bierkuehlung/,REGISTERED_SOURCE,2026-10-08T08:27:05+00:00,Codex,200,https://www.hb-ts.de/pv-module-fuer-bierkuehlung/,text/html; charset=utf-8,8fbb683923bb1f27b26ce0e80f78a732762950ed79ebc5884b61bfe02d9923c2,2875,RETRIEVED_FOR_SCREENING,,Existing PV/robotics evidence retained. Product cold storage is not dispatchable thermal storage; lauter construction is not final commissioning and PV area is not kWp.
RS2-f5420486534e42f1a625,P72,S-P72-03,https://www.hb-ts.de/umwelt-soziales/,REGISTERED_SOURCE,2026-10-08T08:27:05+00:00,Codex,200,https://www.hb-ts.de/umwelt-soziales/,text/html; charset=utf-8,724f5d3779b18e9d552c0f13ff5a3fac283122962400cfe401dc8dd256491742,1707,RETRIEVED_FOR_SCREENING,,Existing PV/robotics evidence retained. Product cold storage is not dispatchable thermal storage; lauter construction is not final commissioning and PV area is not kWp.
RS2-a2143708c27572999258,P73,S-P73-03,https://www.brauerei-kundmueller.com/self-guided-tour,REGISTERED_SOURCE,2026-10-08T08:27:08+00:00,Codex,200,https://www.brauerei-kundmueller.com/self-guided-tour,text/html; charset=utf-8,1c7942e8aa721c6430c2ad020e562b520e021bb16700dc6a10cac84b31ca04df,11864,RETRIEVED_FOR_SCREENING,,Vapour condensation/hot-water recovery is not independently useful thermal storage. Solar-brewery branding does not establish100percent renewable thermal fuel; some newer source access failed.
RS2-432ac798b86d37b7e2e6,P73,S-P73-04,https://www.brauerei-kundmueller.com/self-guided-tour/station-19,REGISTERED_SOURCE,2026-10-08T08:27:09+00:00,Codex,200,https://www.brauerei-kundmueller.com/self-guided-tour/station-19,text/html; charset=utf-8,a43985b71cf8437bfd8c736bb18f21f458262eb0f69ffa74d06e1e9219960256,2567,RETRIEVED_FOR_SCREENING,,Vapour condensation/hot-water recovery is not independently useful thermal storage. Solar-brewery branding does not establish100percent renewable thermal fuel; some newer source access failed.
RS2-82ccb2ac17eb4cefa180,P73,S-P73-05,https://www.brauerei-kundmueller.com/self-guided-tour/station-20,REGISTERED_SOURCE,2026-10-08T08:27:11+00:00,Codex,200,https://www.brauerei-kundmueller.com/self-guided-tour/station-20,text/html; charset=utf-8,bfebd43dc933cd0947e2346f3ed129e0c1567c1a739f8ccc750f97fae75d9408,2421,RETRIEVED_FOR_SCREENING,,Vapour condensation/hot-water recovery is not independently useful thermal storage. Solar-brewery branding does not establish100percent renewable thermal fuel; some newer source access failed.
RS2-0cebd0de887b2d8c2087,P73,S-P73-01 | S-P73-02,https://www.brauerei-kundmueller.de/,REGISTERED_SOURCE,2026-10-08T08:27:07+00:00,Codex,,,,,0,FAILED,<urlopen error timed out>,Vapour condensation/hot-water recovery is not independently useful thermal storage. Solar-brewery branding does not establish100percent renewable thermal fuel; some newer source access failed.
RS2-0e63543dc04105a5bc3b,P73,S-P73-06,https://www.brauerei-kundmueller.de/assets/node/vv49lvhqx8ppc/brauerei-kundmueller_hausbroschuere_A5_2025_13.0_WEB-DE.pdf,REGISTERED_SOURCE,2026-10-08T08:27:11+00:00,Codex,,,,,0,FAILED,<urlopen error timed out>,Vapour condensation/hot-water recovery is not independently useful thermal storage. Solar-brewery branding does not establish100percent renewable thermal fuel; some newer source access failed.
RS2-1143c50fafc5a1f983c9,P74,S-P74-01 | S-P74-02,https://www.maisel.com/,REGISTERED_SOURCE,2026-10-08T08:27:11+00:00,Codex,200,https://www.maisel.com/,text/html; charset=UTF-8,c9e7686a0b9ba1d5dcf5338560543172d63f0b61c075286a40814365701e794b,10029,RETRIEVED_FOR_SCREENING,,"2020owner study measured actual refrigeration/compressors and evaluated PV/CHP. Conditional engineering/planning fit is explicit; commissioned generation, current fleet ratings and recent investment are not established."
RS2-3b0910ac3f0efe8698fd,P74,S-P74-03,https://www.maisel.com/familie-maisel/qualitaet/,REGISTERED_SOURCE,2026-10-08T08:27:11+00:00,Codex,200,https://www.maisel.com/familie-maisel/qualitaet/,text/html; charset=UTF-8,d33d8c0c6b038563e72815ffab06917e4608c52a69303c7c166fa623d05a98d4,5979,RETRIEVED_FOR_SCREENING,,"2020owner study measured actual refrigeration/compressors and evaluated PV/CHP. Conditional engineering/planning fit is explicit; commissioned generation, current fleet ratings and recent investment are not established."
RS2-407586e112ace79141d7,P74,S-P74-04,https://www.maisel.com/presse-neuigkeiten/gesamtenergiekonzept-fuer-die-brauerei-gebr-maisel/,TARGETED_WEB_SEARCH,2026-10-08T08:29:53+00:00,Codex,200,https://www.maisel.com/presse-neuigkeiten/gesamtenergiekonzept-fuer-die-brauerei-gebr-maisel/,text/html; charset=UTF-8,766b57d886a4791938bca6d6c5f67e3d877dacdd98560fe09e3ff96119886627,5363,SELECTED_ANCHOR_RECHECK,,"2020owner study measured actual refrigeration/compressors and evaluated PV/CHP. Conditional engineering/planning fit is explicit; commissioned generation, current fleet ratings and recent investment are not established."
RS2-a94fbe0d9543d4ffeb39,P75,S-P75-02,https://www.jb-falter.de/,REGISTERED_SOURCE,2026-10-08T08:27:12+00:00,Codex,200,https://www.jb-falter.de/,text/html; charset=utf-8,8a1e83c4adedd1768a0a5ee2a8ba6760da2dfb369a3b3411eef504dbbacae471,2074,RETRIEVED_FOR_SCREENING,,Unnumbered brewery heat stages and cold fermentation do not establish specific heat operating temperatures or independent thermal storage.
RS2-df12b95a5d5edf297253,P75,S-P75-06,https://www.jb-falter.de/brauerei/bautagebuch,REGISTERED_SOURCE,2026-10-08T08:27:13+00:00,Codex,200,https://www.jb-falter.de/brauerei/bautagebuch,text/html; charset=utf-8,605ed1899241c3dee187bfdda20ad04b714f992fe1767be14e60145f23f1d965,1590,RETRIEVED_FOR_SCREENING,,Unnumbered brewery heat stages and cold fermentation do not establish specific heat operating temperatures or independent thermal storage.
RS2-a769c178282cb403cf46,P75,S-P75-03,https://www.jb-falter.de/brauerei/produktion,REGISTERED_SOURCE,2026-10-08T08:27:12+00:00,Codex,200,https://www.jb-falter.de/brauerei/produktion,text/html; charset=utf-8,feb296fe7f825e8eb0d6c1c7812630dc7b0e305795ee28c038727ab3e7d8e762,1989,RETRIEVED_FOR_SCREENING,,Unnumbered brewery heat stages and cold fermentation do not establish specific heat operating temperatures or independent thermal storage.
RS2-1e9d8bc10a87907e5f0c,P75,S-P75-07,https://www.jb-falter.de/brauerei/produktion/abfuellung,REGISTERED_SOURCE,2026-10-08T08:27:13+00:00,Codex,200,https://www.jb-falter.de/brauerei/produktion/abfuellung,text/html; charset=utf-8,4190101aad6ea836eb3582e84ca518d466a117b8edd38b94e51c52c3dffe6835,1898,RETRIEVED_FOR_SCREENING,,Unnumbered brewery heat stages and cold fermentation do not establish specific heat operating temperatures or independent thermal storage.
RS2-2da2a5299c18ab141e11,P75,S-P75-05,https://www.jb-falter.de/brauerei/produktion/lagerung-reifung,REGISTERED_SOURCE,2026-10-08T08:27:12+00:00,Codex,200,https://www.jb-falter.de/brauerei/produktion/lagerung-reifung,text/html; charset=utf-8,59f04847592eacfedcd4198e82134b481b7736602cbf88f739633eee3d457cd3,2106,RETRIEVED_FOR_SCREENING,,Unnumbered brewery heat stages and cold fermentation do not establish specific heat operating temperatures or independent thermal storage.
RS2-11fc5e96dfba1367ccb4,P75,S-P75-04,https://www.jb-falter.de/brauerei/produktion/sudhaus,REGISTERED_SOURCE,2026-10-08T08:27:12+00:00,Codex,200,https://www.jb-falter.de/brauerei/produktion/sudhaus,text/html; charset=utf-8,8c347e027446497ce9212d715a8eafe585ba73cd82b2b581b8acaa62f92bb2ba,1906,RETRIEVED_FOR_SCREENING,,Unnumbered brewery heat stages and cold fermentation do not establish specific heat operating temperatures or independent thermal storage.
RS2-7b66b2d07893e7575972,P75,S-P75-01,https://www.jb-falter.de/service/impressum,REGISTERED_SOURCE,2026-10-08T08:27:11+00:00,Codex,200,https://www.jb-falter.de/service/impressum,text/html; charset=utf-8,7a602c950d80a290b850e8084d5ae3aa5cc7f3bddc3ddd5a53b65a0cc0dadad5,4654,RETRIEVED_FOR_SCREENING,,Unnumbered brewery heat stages and cold fermentation do not establish specific heat operating temperatures or independent thermal storage.
RS2-b7a0460f41d0f075c43b,P76,S-P76-02,https://si-tech-gmbh.com/,REGISTERED_SOURCE,2026-10-08T08:27:17+00:00,Codex,200,https://si-tech-gmbh.com/,text/html; charset=utf-8,d8287344c90a0a6818e2e867f6c0da9691f2ad4456145fd95266788846aeeea6,4460,RETRIEVED_FOR_SCREENING,,Three-shift production and machine count do not establish safe interruption/shift windows or dated energy-asset commissioning.
RS2-61058aca30b5b6022bf5,P76,S-P76-05,https://si-tech-gmbh.com/assets/dl/nachhaltigkeit/certificate-din-iso-14001-2015-en.pdf,OBSERVED_COMPANY_LINK,2026-10-08T08:29:51+00:00,Codex,200,https://si-tech-gmbh.com/assets/dl/nachhaltigkeit/certificate-din-iso-14001-2015-en.pdf,application/pdf,1ff0577299f48a7e0ebc4e3dcabf8cf4426a2b23dcfa585e5bdf58a5ad9e86f1,1253,RETRIEVED_FOR_SCREENING,,Three-shift production and machine count do not establish safe interruption/shift windows or dated energy-asset commissioning.
RS2-9fd64b313370646673d4,P76,,https://si-tech-gmbh.com/assets/dl/nachhaltigkeit/zertifikat-din-iso-14001-2015-de.pdf,OBSERVED_COMPANY_LINK,2026-10-08T08:29:54+00:00,Codex,200,https://si-tech-gmbh.com/assets/dl/nachhaltigkeit/zertifikat-din-iso-14001-2015-de.pdf,application/pdf,3be11f2caf273b260dee2c93c1724f6402775ad5880f78be4e047fdd9b5f8563,1298,RETRIEVED_FOR_SCREENING,,Three-shift production and machine count do not establish safe interruption/shift windows or dated energy-asset commissioning.
RS2-6dc40e64bf9f3c1b64f9,P76,S-P76-01,https://si-tech-gmbh.com/impressum/,REGISTERED_SOURCE,2026-10-08T08:27:13+00:00,Codex,200,https://si-tech-gmbh.com/,text/html; charset=utf-8,d8287344c90a0a6818e2e867f6c0da9691f2ad4456145fd95266788846aeeea6,4460,RETRIEVED_FOR_SCREENING,,Three-shift production and machine count do not establish safe interruption/shift windows or dated energy-asset commissioning.
RS2-48086f4f2bc163e0cbdb,P76,S-P76-06,https://si-tech-gmbh.com/leistungen/kunststoffspritzguss,REGISTERED_SOURCE,2026-10-08T08:27:17+00:00,Codex,200,https://si-tech-gmbh.com/leistungen/kunststoffspritzguss,text/html; charset=utf-8,51d1706596594cab619e609809db015cb3572298c53b3774e974a8d11d4f97f6,4819,RETRIEVED_FOR_SCREENING,,Three-shift production and machine count do not establish safe interruption/shift windows or dated energy-asset commissioning.
RS2-e44242533066b94074d2,P76,S-P76-07,https://si-tech-gmbh.com/leistungen/werkzeugbau,REGISTERED_SOURCE,2026-10-08T08:27:17+00:00,Codex,200,https://si-tech-gmbh.com/leistungen/werkzeugbau,text/html; charset=utf-8,cce58af213eeb1be72a9d0f3c5a3ddb915d8d341629b1d95bb784afc37761a4b,4223,RETRIEVED_FOR_SCREENING,,Three-shift production and machine count do not establish safe interruption/shift windows or dated energy-asset commissioning.
RS2-1a5b4018bae60cc4e179,P76,S-P76-08,https://si-tech-gmbh.com/unternehmen/historie,REGISTERED_SOURCE,2026-10-08T08:27:17+00:00,Codex,200,https://si-tech-gmbh.com/unternehmen/historie,text/html; charset=utf-8,2a7b67cdcf6d0b7e85591e4c9bb7d4305105198dba3da9c539269b6d962c4905,5663,RETRIEVED_FOR_SCREENING,,Three-shift production and machine count do not establish safe interruption/shift windows or dated energy-asset commissioning.
RS2-f55e8d49222314a88a14,P76,S-P76-04,https://si-tech-gmbh.com/unternehmen/nachhaltigkeit,REGISTERED_SOURCE,2026-10-08T08:27:17+00:00,Codex,200,https://si-tech-gmbh.com/unternehmen/nachhaltigkeit,text/html; charset=utf-8,1e0ac5e9ce0aa9c695543d0b76fc103037021f04adba76c56e7d66a37c1ae8c3,4992,RETRIEVED_FOR_SCREENING,,Three-shift production and machine count do not establish safe interruption/shift windows or dated energy-asset commissioning.
RS2-32e4a07fd68d89317746,P76,S-P76-09,https://si-tech-gmbh.com/unternehmen/qualitaet,REGISTERED_SOURCE,2026-10-08T08:27:18+00:00,Codex,200,https://si-tech-gmbh.com/unternehmen/qualitaet,text/html; charset=utf-8,62d9fbe6ec0b5b61cda8a609761a442c181ac46ce178872d8e09c815abaa0384,4563,RETRIEVED_FOR_SCREENING,,Three-shift production and machine count do not establish safe interruption/shift windows or dated energy-asset commissioning.
RS2-e6cd763a7e547768846a,P77,S-P77-02,https://www.metak.de/,REGISTERED_SOURCE,2026-10-08T08:27:18+00:00,Codex,200,https://www.metak.de/,text/html; charset=utf-8,147df81f90ff23acff22378457652d9a114c6cc448f28f7a60714a14eb6127af,17412,RETRIEVED_FOR_SCREENING,,Peak-use refrigeration/free cooling and servo drives are not heat-fuel or thermal-store evidence. Newer news route failed; no new owned PV established.
RS2-0c26b3e7dc49e2fec31c,P77,,https://www.metak.de/fileadmin/_processed_/c/9/csm_Umweltmassnahmen_2022_e37d70acc0.png,OBSERVED_COMPANY_LINK,2026-10-08T08:29:55+00:00,Codex,200,https://www.metak.de/fileadmin/_processed_/c/9/csm_Umweltmassnahmen_2022_e37d70acc0.png,image/png,7fb1ae2e97ca06fc2fd359f3da6fb36e365fecd3c106ad835d20c3f4450907d6,146851,NON_TEXT,,Peak-use refrigeration/free cooling and servo drives are not heat-fuel or thermal-store evidence. Newer news route failed; no new owned PV established.
RS2-ca701a79a7d9eeaea422,P77,S-P77-01,https://www.metak.de/impressum,REGISTERED_SOURCE,2026-10-08T08:27:18+00:00,Codex,200,https://www.metak.de/impressum,text/html; charset=utf-8,51cb7bd1b8190b9ae9d97f0615165bff90987376f60b5ec5a42ec6542b7561e9,2510,RETRIEVED_FOR_SCREENING,,Peak-use refrigeration/free cooling and servo drives are not heat-fuel or thermal-store evidence. Newer news route failed; no new owned PV established.
RS2-ea914dab0d79b831d32f,P77,S-P77-05,https://www.metak.de/leistungen/maschinenpark,REGISTERED_SOURCE,2026-10-08T08:27:21+00:00,Codex,200,https://www.metak.de/leistungen/maschinenpark,text/html; charset=utf-8,5f207bda2151fdf8c88fb7ea0165498a966c1b778d1782d8070f8cba2a3034dd,6751,RETRIEVED_FOR_SCREENING,,Peak-use refrigeration/free cooling and servo drives are not heat-fuel or thermal-store evidence. Newer news route failed; no new owned PV established.
RS2-30560ef336a275cc20a0,P77,S-P77-04,https://www.metak.de/leistungen/werkzeugbau,REGISTERED_SOURCE,2026-10-08T08:27:21+00:00,Codex,200,https://www.metak.de/leistungen/werkzeugbau,text/html; charset=utf-8,42cf86b1ab47cdbd7f1da58a3c39dacbffc40a702c6e0a7c5bb25c8d1e77e908,7389,RETRIEVED_FOR_SCREENING,,Peak-use refrigeration/free cooling and servo drives are not heat-fuel or thermal-store evidence. Newer news route failed; no new owned PV established.
RS2-acd958bc126837c1bd73,P77,,https://www.metak.de/umwelt,OBSERVED_COMPANY_LINK,2026-10-08T08:29:55+00:00,Codex,200,https://www.metak.de/umwelt,text/html; charset=utf-8,7082ab66426ffbcbb6ffcd0fd08eb3d3aae1f5fdc6221c43507c2cafc60788fe,1563,RETRIEVED_FOR_SCREENING,,Peak-use refrigeration/free cooling and servo drives are not heat-fuel or thermal-store evidence. Newer news route failed; no new owned PV established.
RS2-d4555212ea26ee029e97,P77,S-P77-03,https://www.metak.de/umwelt/leitlinien-massnahmen,REGISTERED_SOURCE,2026-10-08T08:27:18+00:00,Codex,200,https://www.metak.de/umwelt/leitlinien-massnahmen,text/html; charset=utf-8,87c2a6dd9ab3a6dc2bd27041b5ba846f449932b83fc7b44e204f330ddd2d23e6,10331,RETRIEVED_FOR_SCREENING,,Peak-use refrigeration/free cooling and servo drives are not heat-fuel or thermal-store evidence. Newer news route failed; no new owned PV established.
RS2-9186f7b9d73501af3311,P77,,https://www.metak.de/unternehmensmeldung/energieeinsparung,TARGETED_WEB_SEARCH,2026-10-08T08:29:55+00:00,Codex,404,,,,0,FAILED,HTTP Error 404: Not Found,Peak-use refrigeration/free cooling and servo drives are not heat-fuel or thermal-store evidence. Newer news route failed; no new owned PV established.
RS2-d2712fc84b2c95933e02,P77,,https://www.metak.de/unternehmensmeldung/energiemanagement,TARGETED_WEB_SEARCH,2026-10-08T08:29:55+00:00,Codex,200,https://www.metak.de/unternehmensmeldung/energiemanagement,text/html; charset=utf-8,413f06b48d9549390ad80570554ed493476991c905e5753b5d8d23225d5296f3,1936,RETRIEVED_FOR_SCREENING,,Peak-use refrigeration/free cooling and servo drives are not heat-fuel or thermal-store evidence. Newer news route failed; no new owned PV established.
RS2-b5f1d1023175acec48da,P78,S-P78-01 | S-P78-02,https://www.erlemann-huckenbeck.de/,REGISTERED_SOURCE,2026-10-08T08:27:21+00:00,Codex,502,,,,0,FAILED,HTTP Error 502: Bad Gateway,"Company-authored release states own pressing temperature130-150degreesC. Discrete curing supports weak sequencing only; no allowable interruption, heat carrier or duty power is established."
RS2-0d6afacb2c8dcdda8891,P78,S-P78-03,https://www.industriebox.de/2023/04/18/hochwertige-kunststoffteile-von-erlemann-huckenbeck/,REGISTERED_SOURCE,2026-10-08T08:27:21+00:00,Codex,200,https://www.industriebox.de/2023/04/18/hochwertige-kunststoffteile-von-erlemann-huckenbeck/,text/html; charset=UTF-8,bfc01ab1d5f379ca51c5e81611079ee8db8975c9277851275fa0cd13ceb31b74,9916,SELECTED_ANCHOR_RECHECK,,"Company-authored release states own pressing temperature130-150degreesC. Discrete curing supports weak sequencing only; no allowable interruption, heat carrier or duty power is established."
RS2-e3db606448e37ad56ff0,P79,S-P79-02,https://www.langer-group.de/,REGISTERED_SOURCE,2026-10-08T08:27:21+00:00,Codex,200,https://www.langer-group.de/,text/html; charset=utf-8,fcf6c5f1a78cc743ed70ec1d7d4488398a61264897c395627c1cf1cb376e45ab,4773,RETRIEVED_FOR_SCREENING,,Planned September2026PV expansion is not commissioned merely because its date passed. Announced equipment availability is not actual delivery; no owned process heat temperature established.
RS2-ed14736dd22c3270d557,P79,,https://www.langer-group.de/Deutschland/Kunststoffspritzguss/direct/Spritzguss-Serienfertigung.html,OBSERVED_COMPANY_LINK,2026-10-08T08:29:56+00:00,Codex,200,https://www.langer-group.de/Deutschland/Kunststoffspritzguss/direct/Spritzguss-Serienfertigung.html,text/html; charset=utf-8,dd9790f00fe6dbdd1b8abb0a4735adee257e566fd031b2b4aab6aed6bb0c1b02,23091,RETRIEVED_FOR_SCREENING,,Planned September2026PV expansion is not commissioned merely because its date passed. Announced equipment availability is not actual delivery; no owned process heat temperature established.
RS2-c57136c0320ffc8ae603,P79,S-P79-01,https://www.langer-group.de/Impressum-Langer-Group,REGISTERED_SOURCE,2026-10-08T08:27:21+00:00,Codex,200,https://www.langer-group.de/Impressum-Langer-Group,text/html; charset=utf-8,b0ea25d24fb6f6065dbde834338702647fbefed495f69ba5b9908f3872a6dfb9,3031,RETRIEVED_FOR_SCREENING,,Planned September2026PV expansion is not commissioned merely because its date passed. Announced equipment availability is not actual delivery; no owned process heat temperature established.
RS2-6292996b4288e1328eb3,P79,,https://www.langer-group.de/Maschinenkomponenten,OBSERVED_COMPANY_LINK,2026-10-08T08:29:56+00:00,Codex,200,https://www.langer-group.de/Maschinenkomponenten,text/html; charset=utf-8,7a016fa116426178813eab4c654f591bceaaced41ec09fa215107f4449c3aa32,23836,RETRIEVED_FOR_SCREENING,,Planned September2026PV expansion is not commissioned merely because its date passed. Announced equipment availability is not actual delivery; no owned process heat temperature established.
RS2-72cb7b8faeca95bd8693,P79,S-P79-03,https://www.langer-group.de/Nachhaltigkeit-Leitbild,REGISTERED_SOURCE,2026-10-08T08:27:22+00:00,Codex,200,https://www.langer-group.de/Nachhaltigkeit-Leitbild,text/html; charset=utf-8,5a684e9410619a55df66764ea678b469193bea480cc2766eacc881c4240373cf,8916,RETRIEVED_FOR_SCREENING,,Planned September2026PV expansion is not commissioned merely because its date passed. Announced equipment availability is not actual delivery; no owned process heat temperature established.
RS2-e3fec4e9732c370c3cd4,P79,S-P79-06,https://www.langer-group.de/data/media/60/6034_0x0x0x0x0_DNK_Erklaerung_2024_Langer_GmbH___Co__KG.pdf,REGISTERED_SOURCE,2026-10-08T08:27:26+00:00,Codex,200,https://www.langer-group.de/data/media/60/6034_0x0x0x0x0_DNK_Erklaerung_2024_Langer_GmbH___Co__KG.pdf,application/pdf,7576030b6e5f461ebe05aaa83ba23c4d5cbe609dd27b7a925686dc81a25321b8,141280,RETRIEVED_FOR_SCREENING,,Planned September2026PV expansion is not commissioned merely because its date passed. Announced equipment availability is not actual delivery; no owned process heat temperature established.
RS2-71cc2539737c82be4acd,P79,,https://www.langer-group.de/technische-Ausstattung,OBSERVED_COMPANY_LINK,2026-10-08T08:29:55+00:00,Codex,200,https://www.langer-group.de/technische-Ausstattung,text/html; charset=utf-8,4207b179e4238e9acb933523d422139cff98455551da329217548d0415c2cb41,7222,RETRIEVED_FOR_SCREENING,,Planned September2026PV expansion is not commissioned merely because its date passed. Announced equipment availability is not actual delivery; no owned process heat temperature established.
RS2-f0ef1937390598445cc0,P80,S-P80-02,https://www.mkt-gmbh.org/,REGISTERED_SOURCE,2026-10-08T08:27:26+00:00,Codex,200,https://www.mkt-gmbh.org/,text/html,d95f9c14a1ad3057931fc533aa17fd51e2ab85c0952df2106bfb9add0c6e2f1e,1968,RETRIEVED_FOR_SCREENING,,Purchased hydroelectricity is not owned PV. Undated machinery investment does not establish recent energy CAPEX; no thermal carrier or usable store established.
RS2-c07a4b105848935232fb,P80,S-P80-01,https://www.mkt-gmbh.org/impressum/,REGISTERED_SOURCE,2026-10-08T08:27:26+00:00,Codex,200,https://www.mkt-gmbh.org/impressum/,text/html,d337ce58c4677b50b855b56271536e4c36b0c66ee55e77d79b02c36d2fec9b13,820,RETRIEVED_FOR_SCREENING,,Purchased hydroelectricity is not owned PV. Undated machinery investment does not establish recent energy CAPEX; no thermal carrier or usable store established.
RS2-73f9e3a025ec6b1b334c,P80,S-P80-05,https://www.mkt-gmbh.org/kontakt/ueber-uns,REGISTERED_SOURCE,2026-10-08T08:27:26+00:00,Codex,200,https://www.mkt-gmbh.org/kontakt/ueber-uns,text/html,ec991d8879340df3013409edf29ea484f3c0d9e481d9d6e2b91ae6a26a0a8f0b,2498,RETRIEVED_FOR_SCREENING,,Purchased hydroelectricity is not owned PV. Undated machinery investment does not establish recent energy CAPEX; no thermal carrier or usable store established.
RS2-5c821d82f99e1b886d7d,P80,S-P80-07,https://www.mkt-gmbh.org/pdf/Naturenergie.pdf,OBSERVED_COMPANY_LINK,2026-10-08T08:29:57+00:00,Codex,200,https://www.mkt-gmbh.org/pdf/Naturenergie.pdf,application/pdf,673f7ab1fa68801bd561054026343437e3c7cfc65cc4b75e62f92e9e2ab76f47,938,RETRIEVED_FOR_SCREENING,,Purchased hydroelectricity is not owned PV. Undated machinery investment does not establish recent energy CAPEX; no thermal carrier or usable store established.
RS2-5e59850e2098b1d3a338,P80,S-P80-04,https://www.mkt-gmbh.org/spritzguss,REGISTERED_SOURCE,2026-10-08T08:27:26+00:00,Codex,200,https://www.mkt-gmbh.org/spritzguss,text/html,d0e4804cf0463f8a6a6cc9c092317c47eddbe33477f541bf4e029aa5213f6cd5,1840,RETRIEVED_FOR_SCREENING,,Purchased hydroelectricity is not owned PV. Undated machinery investment does not establish recent energy CAPEX; no thermal carrier or usable store established.
RS2-ec34c4048b7175841146,P80,S-P80-03,https://www.mkt-gmbh.org/werkzeugbau,REGISTERED_SOURCE,2026-10-08T08:27:26+00:00,Codex,200,https://www.mkt-gmbh.org/werkzeugbau,text/html,2d115391e840dc8c498fbf3274dcfa6a858afbd8a85f13a3926239db0525e96d,2389,RETRIEVED_FOR_SCREENING,,Purchased hydroelectricity is not owned PV. Undated machinery investment does not establish recent energy CAPEX; no thermal carrier or usable store established.
RS2-f3920f533a4d7b50e95c,P81,S-P81-02,https://ceranod.de/,REGISTERED_SOURCE,2026-10-08T08:27:28+00:00,Codex,,,,,0,FAILED,<urlopen error timed out>,Registered own-site retrievals timed out. PEO material studies do not establish current own production heat; access failure is not absence proof.
RS2-15f904bef2532a986b68,P81,S-P81-01,https://ceranod.de/impressum/,REGISTERED_SOURCE,2026-10-08T08:27:28+00:00,Codex,,,,,0,FAILED,<urlopen error timed out>,Registered own-site retrievals timed out. PEO material studies do not establish current own production heat; access failure is not absence proof.
RS2-19e6fa33ca04221b9125,P81,S-P81-03,https://ceranod.de/unternehmen/umwelt-technik/,REGISTERED_SOURCE,2026-10-08T08:27:28+00:00,Codex,,,,,0,FAILED,<urlopen error timed out>,Registered own-site retrievals timed out. PEO material studies do not establish current own production heat; access failure is not absence proof.
RS2-eff702eb0feba90cf0d7,P81,S-P81-04,https://ceranod.de/verfahren/plasmakeramik/,REGISTERED_SOURCE,2026-10-08T08:27:28+00:00,Codex,,,,,0,FAILED,<urlopen error timed out>,Registered own-site retrievals timed out. PEO material studies do not establish current own production heat; access failure is not absence proof.
RS2-db16cd8dbfb079f92c2f,P82,S-P82-01 | S-P82-02,https://www.galvanotec-hagen.de/,REGISTERED_SOURCE,2026-10-08T08:27:29+00:00,Codex,200,https://www.galvanotec-hagen.de/,text/html,5a1e3553f64b9512eb4610aa25141aac8c77a8f04d08db116539b90bf82ba066,1308,RETRIEVED_FOR_SCREENING,,"Generic plant descriptions do not supply owned operating heat temperatures, thermal carrier, dispatchable buffers or permissible shift windows."
RS2-1d0848e7024cef238077,P82,S-P82-03,https://www.galvanotec-hagen.de/qualitaetsmanagement,REGISTERED_SOURCE,2026-10-08T08:27:29+00:00,Codex,200,https://www.galvanotec-hagen.de/qualitaetsmanagement,text/html; charset=utf-8,c534522613c7ba51f441148fdcddea09902157977b0e1d7f713e09ce9a984afa,897,RETRIEVED_FOR_SCREENING,,"Generic plant descriptions do not supply owned operating heat temperatures, thermal carrier, dispatchable buffers or permissible shift windows."
RS2-9b23dd80922434432fc7,P82,,https://www.galvanotec-hagen.de/qualitaetsmanagement/pruefverfahren,OBSERVED_COMPANY_LINK,2026-10-08T08:29:57+00:00,Codex,200,https://www.galvanotec-hagen.de/qualitaetsmanagement/pruefverfahren,text/html,946cc2530097c8d73bed94a324b0afb69790060df263cf302d1a1cb9a080c58f,1364,RETRIEVED_FOR_SCREENING,,"Generic plant descriptions do not supply owned operating heat temperatures, thermal carrier, dispatchable buffers or permissible shift windows."
RS2-5055d6d70d78843c1b2a,P83,S-P83-03,https://mwtek.rlp.de/presse/detail/schmitt-investitionen-staerken-wettbewerbsfaehigkeit-und-region-nachhaltig-rund-555000-euro-foerderung-fuer-gerbracht-moench-galvanotechnik-gmbh,REGISTERED_SOURCE,2026-10-08T08:27:32+00:00,Codex,200,https://mwtek.rlp.de/presse/detail/schmitt-investitionen-staerken-wettbewerbsfaehigkeit-und-region-nachhaltig-rund-555000-euro-foerderung-fuer-gerbracht-moench-galvanotechnik-gmbh,text/html; charset=utf-8,86813258df9d98e4f9df7711b36a7ae4c0563c226e66d038bf3098fdaf93b5b7,11763,RETRIEVED_FOR_SCREENING,,Funding/capacity announcements lack energy-project commissioning proof. Ministry navigation mentions solar energy but is not company deployment evidence.
RS2-6681918f126805afff72,P83,S-P83-02,https://www.galvanotec.de/,REGISTERED_SOURCE,2026-10-08T08:27:32+00:00,Codex,200,https://www.galvanotec.de/,text/html; charset=UTF-8,11b7ef05e1f015ed70241ab17a925743f01cf76f38400fb96d0f9edb151c527b,4391,RETRIEVED_FOR_SCREENING,,Funding/capacity announcements lack energy-project commissioning proof. Ministry navigation mentions solar energy but is not company deployment evidence.
RS2-ccc7a464a43a6a204a11,P83,S-P83-01,https://www.galvanotec.de/impressum/,REGISTERED_SOURCE,2026-10-08T08:27:29+00:00,Codex,200,https://www.galvanotec.de/impressum/,text/html; charset=UTF-8,7188f18fd80d89cfc408b2f1eb7bb56257246a3a98397e52a91574ebb695f119,5345,RETRIEVED_FOR_SCREENING,,Funding/capacity announcements lack energy-project commissioning proof. Ministry navigation mentions solar energy but is not company deployment evidence.
RS2-890418cade0cb31b1013,P84,S-P84-04,https://sa-oberflaechen.de/,REGISTERED_SOURCE,2026-10-08T08:27:34+00:00,Codex,200,https://sa-oberflaechen.de/,text/html; charset=UTF-8,52d1b23d68bf4a44716dea53b40f823557e54be43f086717b5a5d6d8b05d41cf,4373,RETRIEVED_FOR_SCREENING,,Plant imagery and general surface-treatment services give no attributable heat ratings/carriers or dated energy projects; equipment photographs are not a quantified energy inventory.
RS2-0e0b64e4b00214aa650b,P84,S-P84-01,https://sa-oberflaechen.de/impressum/,REGISTERED_SOURCE,2026-10-08T08:27:32+00:00,Codex,200,https://sa-oberflaechen.de/impressum/,text/html; charset=UTF-8,6a866bcd753fa11f6c1762c49847c78604ac591c42c2f5d943b7b837482b0efa,6228,RETRIEVED_FOR_SCREENING,,Plant imagery and general surface-treatment services give no attributable heat ratings/carriers or dated energy projects; equipment photographs are not a quantified energy inventory.
RS2-546f15a2475355d3f179,P84,S-P84-03,https://sa-oberflaechen.de/ueber-uns/unsere-anlage/,REGISTERED_SOURCE,2026-10-08T08:27:32+00:00,Codex,200,https://sa-oberflaechen.de/ueber-uns/unsere-anlage/,text/html; charset=UTF-8,25e1e8c5f138486eb80f640419b4eade0f2715fbec30141189f6a139dc3512f6,2685,RETRIEVED_FOR_SCREENING,,Plant imagery and general surface-treatment services give no attributable heat ratings/carriers or dated energy projects; equipment photographs are not a quantified energy inventory.
RS2-4d9b1670ffe9ac8db4d4,P84,S-P84-02,https://sa-oberflaechen.de/unsere-produktion/,REGISTERED_SOURCE,2026-10-08T08:27:32+00:00,Codex,200,https://sa-oberflaechen.de/unsere-produktion/,text/html; charset=UTF-8,4aac19d6910cee6938a3e817bd4d344c269de6beb26ca7b2f985ae817c0d02b7,2315,RETRIEVED_FOR_SCREENING,,Plant imagery and general surface-treatment services give no attributable heat ratings/carriers or dated energy projects; equipment photographs are not a quantified energy inventory.
RS2-7243c223683cc43dc884,P84,,https://sa-oberflaechen.de/wp-content/uploads/2023/03/Sauer-Oberflaechentechnik-Pulverbeschichtunganlage-01-1030x687.jpg,OBSERVED_COMPANY_LINK,2026-10-08T08:29:58+00:00,Codex,200,https://sa-oberflaechen.de/wp-content/uploads/2023/03/Sauer-Oberflaechentechnik-Pulverbeschichtunganlage-01-1030x687.jpg,image/jpeg,fc85c164f7d98c098254c3b5f2b6304c81b1e5ba6ce293977774c3a7fea4861c,515012,NON_TEXT,,Plant imagery and general surface-treatment services give no attributable heat ratings/carriers or dated energy projects; equipment photographs are not a quantified energy inventory.
RS2-f969155595eb88423ec4,P84,,https://sa-oberflaechen.de/wp-content/uploads/2023/03/Sauer-Oberflaechentechnik-Pulverbeschichtunganlage-02-1030x687.jpg,OBSERVED_COMPANY_LINK,2026-10-08T08:29:58+00:00,Codex,200,https://sa-oberflaechen.de/wp-content/uploads/2023/03/Sauer-Oberflaechentechnik-Pulverbeschichtunganlage-02-1030x687.jpg,image/jpeg,d7f6c24ffe1799bca412af7ebff20c570dd02a982d29aaef30dbffc16d1a97cd,570137,NON_TEXT,,Plant imagery and general surface-treatment services give no attributable heat ratings/carriers or dated energy projects; equipment photographs are not a quantified energy inventory.
RS2-468233ea3a312a38519d,P85,S-P85-01 | S-P85-02,https://www.galvanotechnic.de/,REGISTERED_SOURCE,2026-10-08T08:27:35+00:00,Codex,200,https://www.galvanotechnic.de/meta/home-schweizer-galvanotechnic.html,text/html; charset=utf-8,80918cd59762e25045122466854b1b9e1480611f75e69ba8721e4d723c3baced,890,RETRIEVED_FOR_SCREENING,,"Own catalogue separates55-95degreesCbath and180-230degreesCtempering duties from customer coating resistance. Carrier, duty power and permissible dispatch window remain unknown."
RS2-2e5ae92ca1dc9fab6870,P85,S-P85-03,https://www.schweizer-galvano.de/,REGISTERED_SOURCE,2026-10-08T08:27:36+00:00,Codex,200,https://schweizer-galvano.de/,text/html; charset=UTF-8,3a3a3df07592b5ec9af7cac451b9407b20acc5967a59f233ac41f917247fa5e6,47796,SELECTED_ANCHOR_RECHECK,,"Own catalogue separates55-95degreesCbath and180-230degreesCtempering duties from customer coating resistance. Carrier, duty power and permissible dispatch window remain unknown."
RS2-3ebabca5e14e866e7dcc,P86,S-P86-01 | S-P86-02,https://gts-keramik.de/,REGISTERED_SOURCE,2026-10-08T08:27:36+00:00,Codex,200,https://gts-keramik.de/,text/html; charset=UTF-8,b913e9345f9c487fc2240a0a75327ac84d8281953943cf8563e755c098603d52,25545,RETRIEVED_FOR_SCREENING,,Customer1700degreesCmaterial resistance and solar containers are not own firing temperature or owned onsite PV.
RS2-b9cd3e2788ee11893c48,P86,S-P86-03,https://gts-keramik.de/ueber-uns/,REGISTERED_SOURCE,2026-10-08T08:27:41+00:00,Codex,200,https://gts-keramik.de/ueber-uns/,text/html; charset=UTF-8,088c63231d88a489aed9380e9b1500870577f1590501e84760c5de504343cb99,13108,RETRIEVED_FOR_SCREENING,,Customer1700degreesCmaterial resistance and solar containers are not own firing temperature or owned onsite PV.
RS2-46c1b36011f08c39ce9c,P87,S-P87-01,https://ceramany.com/impressum/,REGISTERED_SOURCE,2026-10-08T08:27:41+00:00,Codex,200,https://ceramany.com/impressum/,text/html; charset=UTF-8,a01ef432136a3229d11c084f4b7fd644689795decdaf7ee999589c40c354384f,26767,RETRIEVED_FOR_SCREENING,,German entity versus foreign manufacturing-site attribution remains unresolved. Brand/group production and energy assets are not transferred into this entity record.
RS2-abadf81ffe6548d6003c,P87,S-P87-02,https://ceramany.com/kontakt/,REGISTERED_SOURCE,2026-10-08T08:27:42+00:00,Codex,200,https://ceramany.com/kontakt/,text/html; charset=UTF-8,111e8873d2c731ef51dfab02c444aaaf209df2586833013877635be235e8b395,25237,RETRIEVED_FOR_SCREENING,,German entity versus foreign manufacturing-site attribution remains unresolved. Brand/group production and energy assets are not transferred into this entity record.
RS2-fbaa92856ae8cb73d0cf,P87,S-P87-03,https://ceramany.com/ueber-uns/,REGISTERED_SOURCE,2026-10-08T08:27:42+00:00,Codex,200,https://ceramany.com/ueber-uns/,text/html; charset=UTF-8,e7da9be6a6cb422ca9cb3fa6dbfb5e0add444eb31eb24999559e6f25b25defc8,30123,RETRIEVED_FOR_SCREENING,,German entity versus foreign manufacturing-site attribution remains unresolved. Brand/group production and energy assets are not transferred into this entity record.
RS2-95f302a8736caad320e5,P87,S-P87-05,https://ceramany.com/wp-content/uploads/ceramany-praesenation-de.pdf,REGISTERED_SOURCE,2026-10-08T08:27:42+00:00,Codex,200,https://ceramany.com/wp-content/uploads/ceramany-praesenation-de.pdf,application/pdf,ef57a67da8c1e229efc6972e7ed1b8bd1f9a8de1cae4de55336c77b0d0623e9e,10174,RETRIEVED_FOR_SCREENING,,German entity versus foreign manufacturing-site attribution remains unresolved. Brand/group production and energy assets are not transferred into this entity record.
RS2-7c1af12c4f1b8193baf7,P88,S-P88-02,https://ceramaret.com/,REGISTERED_SOURCE,2026-10-08T08:27:43+00:00,Codex,200,https://ceramaret.com/,text/html; charset=utf-8,762f8455b0fe01c4379c58aaa8da2d8970eeaba0b617807744abf4320cf0d85f,6179,RETRIEVED_FOR_SCREENING,,Swiss group and Meissen plant equipment scopes remain separate. Generic process capability/HIP ratings do not establish this plant actual current thermal temperatures or fuel.
RS2-d33b118128333122d6e4,P88,,https://ceramaret.com/de/anwendungen/polieren/w%C3%A4rmebehandlungen,OBSERVED_COMPANY_LINK,2026-10-08T08:30:04+00:00,Codex,,,,,0,FAILED,<urlopen error timed out>,Swiss group and Meissen plant equipment scopes remain separate. Generic process capability/HIP ratings do not establish this plant actual current thermal temperatures or fuel.
RS2-9e44823f4bc72ddbb97e,P88,S-P88-01,https://ceramaret.com/de/legal/impressum,REGISTERED_SOURCE,2026-10-08T08:27:43+00:00,Codex,200,https://ceramaret.com/de/legal/impressum,text/html; charset=utf-8,d4ac808178e403b030d9051295cbb124d4f216b33c09c04fdf8c493ae3b298b2,3597,RETRIEVED_FOR_SCREENING,,Swiss group and Meissen plant equipment scopes remain separate. Generic process capability/HIP ratings do not establish this plant actual current thermal temperatures or fuel.
RS2-1b84729de97357d0d94a,P88,,https://ceramaret.com/de/technologien/polieren/warmebehandlungen,OBSERVED_COMPANY_LINK,2026-10-08T08:30:04+00:00,Codex,,,,,0,FAILED,<urlopen error timed out>,Swiss group and Meissen plant equipment scopes remain separate. Generic process capability/HIP ratings do not establish this plant actual current thermal temperatures or fuel.
RS2-21f7995b452570fefb16,P88,,https://ceramaret.com/images/default-source/accueil---galerie/high-production-double-lapping-process.jpg?sfvrsn=7cb7e205_20,OBSERVED_COMPANY_LINK,2026-10-08T08:30:04+00:00,Codex,,,,,0,FAILED,<urlopen error timed out>,Swiss group and Meissen plant equipment scopes remain separate. Generic process capability/HIP ratings do not establish this plant actual current thermal temperatures or fuel.
RS2-b5f52cc75737c5bebb22,P88,S-P88-03,https://ceramaret.com/sites-de-production,REGISTERED_SOURCE,2026-10-08T08:27:43+00:00,Codex,200,https://ceramaret.com/sites-de-production,text/html; charset=utf-8,6532716a48f9158edf71a66bc8eb59cff48a8a87e8b848e4b7eb0db73fda8f4d,4163,RETRIEVED_FOR_SCREENING,,Swiss group and Meissen plant equipment scopes remain separate. Generic process capability/HIP ratings do not establish this plant actual current thermal temperatures or fuel.
RS2-602d571e59b4acfc81af,P88,S-P88-04,https://ceramaret.com/technologies/gestion-de-la-qualite,REGISTERED_SOURCE,2026-10-08T08:27:43+00:00,Codex,200,https://ceramaret.com/technologies/gestion-de-la-qualite,text/html; charset=utf-8,f43cbe8f34f0d9371d5564aabfc18f472743fc08750c8ea3261d856e4dd769ce,5162,RETRIEVED_FOR_SCREENING,,Swiss group and Meissen plant equipment scopes remain separate. Generic process capability/HIP ratings do not establish this plant actual current thermal temperatures or fuel.
RS2-b99b9d428289b2c06e34,P88,S-P88-05,https://ceramaret.com/technologies/mise-en-forme-et-frittage,REGISTERED_SOURCE,2026-10-08T08:27:45+00:00,Codex,200,https://ceramaret.com/technologies/mise-en-forme-et-frittage,text/html; charset=utf-8,5a590f02fa1dd8ab0bfe054fcdc9295f4572d80a72d1051fe45d50ab8e562faf,6898,RETRIEVED_FOR_SCREENING,,Swiss group and Meissen plant equipment scopes remain separate. Generic process capability/HIP ratings do not establish this plant actual current thermal temperatures or fuel.
RS2-bf9dbaf44bf42cbc7741,P89,S-P89-01 | S-P89-02,https://www.tkf-froemgen.de/,REGISTERED_SOURCE,2026-10-08T08:27:46+00:00,Codex,,,,,0,FAILED,<urlopen error timed out>,Maximum1700degreesCfurnace capability is not an actual reported production temperature. Inert atmosphere is not the heating energy carrier.
RS2-e9f015e3a507d8183ecc,P89,S-P89-04,https://www.tkf-froemgen.de/en/range-of-services.html,REGISTERED_SOURCE,2026-10-08T08:27:50+00:00,Codex,200,https://www.tkf-froemgen.de/en/range-of-services.html,text/html; charset=utf-8,cb05635f17db3149009523c3683fa469653549b7b0cdd89a6608c169b87af80a,2620,RETRIEVED_FOR_SCREENING,,Maximum1700degreesCfurnace capability is not an actual reported production temperature. Inert atmosphere is not the heating energy carrier.
RS2-84c9cdb4f85ce0b85a3e,P89,S-P89-03,https://www.tkf-froemgen.de/en/technical-ceramics.html,REGISTERED_SOURCE,2026-10-08T08:27:49+00:00,Codex,200,https://www.tkf-froemgen.de/en/technical-ceramics.html,text/html; charset=utf-8,ad9aaecc22b13019e9e036b5e08279145da5a54e05524bd562e345bc992adade,1463,RETRIEVED_FOR_SCREENING,,Maximum1700degreesCfurnace capability is not an actual reported production temperature. Inert atmosphere is not the heating energy carrier.
RS2-d8d833eccc056b546509,P89,,https://www.tkf-froemgen.de/en/tl_files/Bilder/Maschinenpark/Aussenrund.JPG,OBSERVED_COMPANY_LINK,2026-10-08T08:30:06+00:00,Codex,404,,,,0,FAILED,HTTP Error 404: Not Found,Maximum1700degreesCfurnace capability is not an actual reported production temperature. Inert atmosphere is not the heating energy carrier.
RS2-8f1f8fe020534789865d,P89,,https://www.tkf-froemgen.de/en/tl_files/Bilder/Maschinenpark/Flach.JPG,OBSERVED_COMPANY_LINK,2026-10-08T08:30:06+00:00,Codex,404,,,,0,FAILED,HTTP Error 404: Not Found,Maximum1700degreesCfurnace capability is not an actual reported production temperature. Inert atmosphere is not the heating energy carrier.
RS2-0c7d5b3951c2c970d711,P89,,https://www.tkf-froemgen.de/en/tl_files/Bilder/Maschinenpark/Innenrund.JPG,OBSERVED_COMPANY_LINK,2026-10-08T08:30:06+00:00,Codex,404,,,,0,FAILED,HTTP Error 404: Not Found,Maximum1700degreesCfurnace capability is not an actual reported production temperature. Inert atmosphere is not the heating energy carrier.
RS2-a2c12488853233bdcf9a,P90,S-P90-02,https://innokeramik.de/,REGISTERED_SOURCE,2026-10-08T08:27:51+00:00,Codex,200,https://innokeramik.de/,text/html; charset=UTF-8,546c89bcd986e7e578a10c129b0e16dc0b69d9e750ca8443cc09fe7ef9bb9e4a,4721,RETRIEVED_FOR_SCREENING,,Partner KITO/KLAX firing and customer technologies are not owned InnoKeramik cutting-site thermal processes or energy assets.
RS2-b85703389fda70caca69,P90,S-P90-01,https://innokeramik.de/impressum/,REGISTERED_SOURCE,2026-10-08T08:27:50+00:00,Codex,200,https://innokeramik.de/impressum/,text/html; charset=UTF-8,8871f8600a67a720364633b9bcd4d26438a505dffaa9313d528edbf927b637c3,11690,RETRIEVED_FOR_SCREENING,,Partner KITO/KLAX firing and customer technologies are not owned InnoKeramik cutting-site thermal processes or energy assets.
RS2-a8e3d0566a813082c0ad,P90,S-P90-04,https://innokeramik.de/innopartner/,REGISTERED_SOURCE,2026-10-08T08:27:51+00:00,Codex,200,https://innokeramik.de/innopartner/,text/html; charset=UTF-8,36aaa61853200f07089e92c28127c50b397d32bad381652dd0742d9979dfa44d,9786,RETRIEVED_FOR_SCREENING,,Partner KITO/KLAX firing and customer technologies are not owned InnoKeramik cutting-site thermal processes or energy assets.
RS2-0611f2a02a292a4f52de,P90,S-P90-03,https://innokeramik.de/ueber-uns/,REGISTERED_SOURCE,2026-10-08T08:27:51+00:00,Codex,200,https://innokeramik.de/ueber-uns/,text/html; charset=UTF-8,212def9251dd152e53eeed465e5042155c497090d4c2207a3d7c25dfb5cd42d1,9766,RETRIEVED_FOR_SCREENING,,Partner KITO/KLAX firing and customer technologies are not owned InnoKeramik cutting-site thermal processes or energy assets.
RS2-e271739c4206d8e34a14,P91,S-P91-02,https://www.riegele.de/,REGISTERED_SOURCE,2026-10-08T08:27:54+00:00,Codex,200,https://www.riegele.de/,text/html; charset=UTF-8,8e15c8d0b986067c44e8831b826fb24e9dea7f4a76925d793abb80527439d2fa,2255,RETRIEVED_FOR_SCREENING,,EMAS refrigeration/maturation temperatures are not hot-process temperatures. Boiler heat recovery and product tanks do not establish separately usable thermal storage or admissible load shifts.
RS2-4f93322ff5a25f78dbfe,P91,,https://www.riegele.de/brauereifuehrung-technik/,OBSERVED_COMPANY_LINK,2026-10-08T08:30:06+00:00,Codex,200,https://www.riegele.de/brauereifuehrung-technik/,text/html; charset=UTF-8,433300553588549162149d90c4900b0a015ef4bceca37c8c46dc233e8ef9acb7,4764,RETRIEVED_FOR_SCREENING,,EMAS refrigeration/maturation temperatures are not hot-process temperatures. Boiler heat recovery and product tanks do not establish separately usable thermal storage or admissible load shifts.
RS2-ca59ad71fc5c92cadb54,P91,S-P91-01,https://www.riegele.de/impressum/,REGISTERED_SOURCE,2026-10-08T08:27:51+00:00,Codex,200,https://www.riegele.de/impressum/,text/html; charset=UTF-8,0e45ad8c9353445bec7e8ee7e96079b869b55b3f9e9e548d35733abe7966cd2e,1822,RETRIEVED_FOR_SCREENING,,EMAS refrigeration/maturation temperatures are not hot-process temperatures. Boiler heat recovery and product tanks do not establish separately usable thermal storage or admissible load shifts.
RS2-c0db901c9c80f4d5ae37,P91,S-P91-03,https://www.riegele.de/region_umwelt/,REGISTERED_SOURCE,2026-10-08T08:27:55+00:00,Codex,200,https://www.riegele.de/region_umwelt/,text/html; charset=UTF-8,83be2c6d27c283d2f192a82799885fdadfbb580571a9dcd87947815287b6f30a,2652,RETRIEVED_FOR_SCREENING,,EMAS refrigeration/maturation temperatures are not hot-process temperatures. Boiler heat recovery and product tanks do not establish separately usable thermal storage or admissible load shifts.
RS2-bd4b68457ad416628deb,P91,,https://www.riegele.de/wp-content/uploads/2024/01/Umwelterklaerung_2023_Brauhaus-Riegele.pdf,TARGETED_WEB_SEARCH,2026-10-08T08:29:55+00:00,Codex,404,,,,0,FAILED,HTTP Error 404: Not Found,EMAS refrigeration/maturation temperatures are not hot-process temperatures. Boiler heat recovery and product tanks do not establish separately usable thermal storage or admissible load shifts.
RS2-66013596cefff116651c,P91,S-P91-04,https://www.riegele.de/wp-content/uploads/2024/01/Umwelterklaerung_2025_Brauhaus-Riegele.pdf,REGISTERED_SOURCE,2026-10-08T08:27:55+00:00,Codex,200,https://www.riegele.de/wp-content/uploads/2024/01/Umwelterklaerung_2025_Brauhaus-Riegele.pdf,application/pdf,c6aa9f5cb65926f5e843bdd76bbfdacf5780418537d734e5857f69abe4c31418,64024,RETRIEVED_FOR_SCREENING,,EMAS refrigeration/maturation temperatures are not hot-process temperatures. Boiler heat recovery and product tanks do not establish separately usable thermal storage or admissible load shifts.
RS2-9e951a097eade41d2944,P92,S-P92-06,https://www.hornberger-lebensquell.de/wir-ueber-uns,REGISTERED_SOURCE,2026-10-08T08:28:02+00:00,Codex,200,https://www.hornberger-lebensquell.de/wir-ueber-uns,text/html; charset=utf-8,dfa247126e78744ff3d86084f491a795422ab023beddc6313cc1d375da0a4aa2,4018,RETRIEVED_FOR_SCREENING,,Owner wood-chip/PV facts retained.2021PV year lacks exact qualifying lookback date; contradictory2021/2023nitrogen dates do not establish another energy investment. No heat temperature or certified current system established.
RS2-ed887ddf038048584c4d,P92,S-P92-02,https://www.kettererbier.de/,REGISTERED_SOURCE,2026-10-08T08:27:58+00:00,Codex,200,https://www.kettererbier.de/,text/html; charset=utf-8,80b191097af610af9b553f3806419f9e2dc4d7df2fa4d61d6fe41d3eae6ea1dc,2372,RETRIEVED_FOR_SCREENING,,Owner wood-chip/PV facts retained.2021PV year lacks exact qualifying lookback date; contradictory2021/2023nitrogen dates do not establish another energy investment. No heat temperature or certified current system established.
RS2-fdd6efdc613631fe3eee,P92,S-P92-04,https://www.kettererbier.de/brauerei/brauereirundgang,REGISTERED_SOURCE,2026-10-08T08:28:01+00:00,Codex,200,https://www.kettererbier.de/brauerei/brauereirundgang,text/html; charset=utf-8,8d211f987058162b88dc0ec235121199e2da476605dca30a4e6c4effaa160f8a,5066,RETRIEVED_FOR_SCREENING,,Owner wood-chip/PV facts retained.2021PV year lacks exact qualifying lookback date; contradictory2021/2023nitrogen dates do not establish another energy investment. No heat temperature or certified current system established.
RS2-fb1fd93f8615db733eeb,P92,S-P92-05,https://www.kettererbier.de/brauerei/geschichte,REGISTERED_SOURCE,2026-10-08T08:28:01+00:00,Codex,,,,,0,FAILED,<urlopen error timed out>,Owner wood-chip/PV facts retained.2021PV year lacks exact qualifying lookback date; contradictory2021/2023nitrogen dates do not establish another energy investment. No heat temperature or certified current system established.
RS2-acc75cb060704caa1a0f,P92,S-P92-01,https://www.kettererbier.de/impressum/,REGISTERED_SOURCE,2026-10-08T08:27:56+00:00,Codex,200,https://www.kettererbier.de/impressum/,text/html; charset=utf-8,3632249980cfd091507a3defbc9a18bf3740fa740cc8ebebac94cefa2a3895ea,4067,RETRIEVED_FOR_SCREENING,,Owner wood-chip/PV facts retained.2021PV year lacks exact qualifying lookback date; contradictory2021/2023nitrogen dates do not establish another energy investment. No heat temperature or certified current system established.
RS2-3f6f7cad71cc1aa9c3c0,P92,S-P92-03,https://www.kettererbier.de/netterer-welt/umweltschutz,REGISTERED_SOURCE,2026-10-08T08:28:00+00:00,Codex,200,https://www.kettererbier.de/netterer-welt/umweltschutz,text/html; charset=utf-8,5fbd2722bb3692acab507d300cfcba4fbe22304fbfc03d230511f0de153ffbff,2573,RETRIEVED_FOR_SCREENING,,Owner wood-chip/PV facts retained.2021PV year lacks exact qualifying lookback date; contradictory2021/2023nitrogen dates do not establish another energy investment. No heat temperature or certified current system established.
RS2-7d276948045098702d34,P93,S-P93-02,https://www.brauerei-schimpfle.de/,REGISTERED_SOURCE,2026-10-08T08:28:03+00:00,Codex,200,https://www.brauerei-schimpfle.de/,text/html; charset=utf-8,202a6a4cebfd7d24736bc9bb8474d7e77632b56f5a3395ea807e222f6736a0e1,4402,RETRIEVED_FOR_SCREENING,,Cold maturation and installed pressure tanks are not useful thermal buffers. Heat recovery from controlled compressors does not establish hot-process temperatures or remaining heat fuel.
RS2-d0995814aa00dbf11eb0,P93,S-P93-06,https://www.brauerei-schimpfle.de/blog-collection/jahresruckblick,REGISTERED_SOURCE,2026-10-08T08:28:03+00:00,Codex,200,https://www.brauerei-schimpfle.de/blog-collection/jahresruckblick,text/html; charset=utf-8,26b2ceee390b546c5e7be0f860a49fc69d6cf8aa5b98d46bb1abf2cfddb88993,2232,RETRIEVED_FOR_SCREENING,,Cold maturation and installed pressure tanks are not useful thermal buffers. Heat recovery from controlled compressors does not establish hot-process temperatures or remaining heat fuel.
RS2-024bf63950497fd8a1e6,P93,S-P93-04,https://www.brauerei-schimpfle.de/brauerei,REGISTERED_SOURCE,2026-10-08T08:28:03+00:00,Codex,200,https://www.brauerei-schimpfle.de/brauerei,text/html; charset=utf-8,4133bccb997f94dd4c978d78f5ee457d18e4e8a552a15e117eb3a4b86c971f5e,9221,RETRIEVED_FOR_SCREENING,,Cold maturation and installed pressure tanks are not useful thermal buffers. Heat recovery from controlled compressors does not establish hot-process temperatures or remaining heat fuel.
RS2-7ed1fd985d39925a6f04,P93,S-P93-01,https://www.brauerei-schimpfle.de/impressum/,REGISTERED_SOURCE,2026-10-08T08:28:03+00:00,Codex,404,,,,0,FAILED,HTTP Error 404: Not Found,Cold maturation and installed pressure tanks are not useful thermal buffers. Heat recovery from controlled compressors does not establish hot-process temperatures or remaining heat fuel.
RS2-125a725eb20fe4b7ff6a,P93,,https://www.brauerei-schimpfle.de/produkte/bazi,OBSERVED_COMPANY_LINK,2026-10-08T08:30:06+00:00,Codex,200,https://www.brauerei-schimpfle.de/produkte/bazi,text/html; charset=utf-8,caba3c5db533be31d6a26769d00586212f3b9d88eb1f8f4275ae3e834b9ae2bb,2258,RETRIEVED_FOR_SCREENING,,Cold maturation and installed pressure tanks are not useful thermal buffers. Heat recovery from controlled compressors does not establish hot-process temperatures or remaining heat fuel.
RS2-e43635f86a4c62e2f5e2,P93,,https://www.brauerei-schimpfle.de/produkte/losch-zwerg,OBSERVED_COMPANY_LINK,2026-10-08T08:30:06+00:00,Codex,200,https://www.brauerei-schimpfle.de/produkte/losch-zwerg,text/html; charset=utf-8,d073a165af9c10ad885a6b99a320be3583042a4e0edfc51fdd8dbb74f5f081ad,2229,RETRIEVED_FOR_SCREENING,,Cold maturation and installed pressure tanks are not useful thermal buffers. Heat recovery from controlled compressors does not establish hot-process temperatures or remaining heat fuel.
RS2-07a3976024765e52d726,P94,S-P94-02,https://kuchlbauer.de/,REGISTERED_SOURCE,2026-10-08T08:28:04+00:00,Codex,200,https://kuchlbauer.de/,text/html; charset=UTF-8,5313f7dde28b4d337aaecbfb128ce9df8c0cba60edd82c76cdc06590305913a3,1853,RETRIEVED_FOR_SCREENING,,Logistics PV/electrical storage/room heat pump are separate from brewery process heat. Electrical storage is not a thermal store; no own admissible process dispatch windows found.
RS2-be5f1ab6512403382360,P94,S-P94-03,https://kuchlbauer.de/bier-und-kunst/logistikzentrum/,REGISTERED_SOURCE,2026-10-08T08:28:04+00:00,Codex,200,https://kuchlbauer.de/bier-und-kunst/logistikzentrum/,text/html; charset=UTF-8,c2439036699b9cf51c14a3d7ecb83601f8fe132aa5fc64a8daf3768a54b3c81b,7240,RETRIEVED_FOR_SCREENING,,Logistics PV/electrical storage/room heat pump are separate from brewery process heat. Electrical storage is not a thermal store; no own admissible process dispatch windows found.
RS2-904e6f0424fa86cd7b54,P94,S-P94-01,https://kuchlbauer.de/impressum/,REGISTERED_SOURCE,2026-10-08T08:28:03+00:00,Codex,200,https://kuchlbauer.de/impressum/,text/html; charset=UTF-8,05b51441e643d606b28c2fc44a859789d31620d05f0ef051242949d106d8ef0d,1296,RETRIEVED_FOR_SCREENING,,Logistics PV/electrical storage/room heat pump are separate from brewery process heat. Electrical storage is not a thermal store; no own admissible process dispatch windows found.
RS2-61c85d0f1e77b2e21e41,P94,S-P94-04,https://stanglmeier-bau.de/aktuelles/beitrag/eroeffnung-kuchlbauer-weissbier-quartier.html,REGISTERED_SOURCE,2026-10-08T08:28:04+00:00,Codex,200,https://stanglmeier-bau.de/aktuelles/beitrag/eroeffnung-kuchlbauer-weissbier-quartier.html,text/html; charset=UTF-8,2ce957b38a3b36f691c10b58e02b46375af69c71e29c6070fd2b26d43f3ca1c4,2162,RETRIEVED_FOR_SCREENING,,Logistics PV/electrical storage/room heat pump are separate from brewery process heat. Electrical storage is not a thermal store; no own admissible process dispatch windows found.
RS2-92da68dbaf07c044999e,P95,S-P95-02,https://www.winkler-braeu.de/,REGISTERED_SOURCE,2026-10-08T08:28:04+00:00,Codex,200,https://www.winkler-braeu.de/,text/html; charset=utf-8,52837c959781333f2de168bf122ff906e131a288f94bd8bb722ec518bb6fe83e,9223,RETRIEVED_FOR_SCREENING,,"Previously inspected brewery supplier case retained. Hotel assets and Amberg namesake are excluded; no new heat fuel, usable thermal storage, temperature or energy CAPEX established."
RS2-0f6bbb08a1310be7d4dc,P95,S-P95-05,https://www.winkler-braeu.de/fileadmin/files/PDF/2024_WinklerBraeu_Unternehmensphilosophie.pdf,REGISTERED_SOURCE,2026-10-08T08:28:11+00:00,Codex,200,https://www.winkler-braeu.de/fileadmin/files/PDF/2024_WinklerBraeu_Unternehmensphilosophie.pdf,application/pdf,5d0820e04e9cf8eda18acc06c136e56e6c9c17c861b26b3c2c641f234be36c69,10581,RETRIEVED_FOR_SCREENING,,"Previously inspected brewery supplier case retained. Hotel assets and Amberg namesake are excluded; no new heat fuel, usable thermal storage, temperature or energy CAPEX established."
RS2-133ed1f2784167918d15,P95,S-P95-01,https://www.winkler-braeu.de/impressum/,REGISTERED_SOURCE,2026-10-08T08:28:04+00:00,Codex,404,,,,0,FAILED,HTTP Error 404: Not Found,"Previously inspected brewery supplier case retained. Hotel assets and Amberg namesake are excluded; no new heat fuel, usable thermal storage, temperature or energy CAPEX established."
RS2-7cdc0cdde23bd6d25826,P95,S-P95-04,https://www.winkler-braeu.de/privatbrauerei-bayern/brauhandwerk,REGISTERED_SOURCE,2026-10-08T08:28:10+00:00,Codex,200,https://www.winkler-braeu.de/privatbrauerei-bayern/brauhandwerk,text/html; charset=utf-8,e5cacd180b079aab7fa728b89de8d8a8a89b5aa5329ed5fa80dde306af5946e6,4001,RETRIEVED_FOR_SCREENING,,"Previously inspected brewery supplier case retained. Hotel assets and Amberg namesake are excluded; no new heat fuel, usable thermal storage, temperature or energy CAPEX established."
RS2-04fb59fdd83813c3d559,P96,S-P96-01 | S-P96-02,https://www.peka-spritzguss.de/,REGISTERED_SOURCE,2026-10-08T08:28:11+00:00,Codex,200,https://www.peka-spritzguss.de/,text/html; charset=UTF-8,7166de856e124d810249e9769e8981d4426548e3ced759abc1fa45bdc3b8c98e,4754,RETRIEVED_FOR_SCREENING,,"Temperature-resistant customer products and automated inspection are not own process heat temperatures, heat fuel or energy-control deployment."
RS2-7f65c5ea4e95fd2e0872,P96,S-P96-03,https://www.peka-spritzguss.de/qualitaet/,REGISTERED_SOURCE,2026-10-08T08:28:11+00:00,Codex,200,https://www.peka-spritzguss.de/qualitaet/,text/html; charset=UTF-8,2f9cf9f22111cfd2267088016f3e05af4787c369e5ef8133539fd9558c140a8f,2078,RETRIEVED_FOR_SCREENING,,"Temperature-resistant customer products and automated inspection are not own process heat temperatures, heat fuel or energy-control deployment."
RS2-b246be93d178ab12af5a,P96,,https://www.peka-spritzguss.de/werkzeugtechnik,OBSERVED_COMPANY_LINK,2026-10-08T08:30:06+00:00,Codex,200,https://www.peka-spritzguss.de/werkzeugtechnik/,text/html; charset=UTF-8,3ce41ebdc5f6d224d0817963a21a13e86b2a10feac73fbaa7acc8ca5ba3f2bac,2039,RETRIEVED_FOR_SCREENING,,"Temperature-resistant customer products and automated inspection are not own process heat temperatures, heat fuel or energy-control deployment."
RS2-8c3de7f70958183455df,P96,,https://www.peka-spritzguss.de/werkzeugtechnik/,OBSERVED_COMPANY_LINK,2026-10-08T08:30:07+00:00,Codex,200,https://www.peka-spritzguss.de/werkzeugtechnik/,text/html; charset=UTF-8,3ce41ebdc5f6d224d0817963a21a13e86b2a10feac73fbaa7acc8ca5ba3f2bac,2039,RETRIEVED_FOR_SCREENING,,"Temperature-resistant customer products and automated inspection are not own process heat temperatures, heat fuel or energy-control deployment."
RS2-23d3d044b9f2a7247d49,P97,S-P97-02,https://www.peco-germany.com/,REGISTERED_SOURCE,2026-10-08T08:28:12+00:00,Codex,200,https://www.peco-germany.com/,text/html; charset=UTF-8,1cefbcdc8b5f3bd519128d2b41e426a3bad3927509d4ffc9491f4d96001a3881,6726,RETRIEVED_FOR_SCREENING,,Owner describes injection machines with temperature-control equipment; operating temperatures/carriers are not given. Renewable grid-electricity purchase is not own generation or a verified management certificate.
RS2-95009ab563ab28dfc10c,P97,S-P97-01,https://www.peco-germany.com/impressum/,REGISTERED_SOURCE,2026-10-08T08:28:12+00:00,Codex,200,https://www.peco-germany.com/impressum/,text/html; charset=UTF-8,c9cca21b40d01d6866ea556efb80c48631c3a420423087a38955bcaefdb3277f,3452,RETRIEVED_FOR_SCREENING,,Owner describes injection machines with temperature-control equipment; operating temperatures/carriers are not given. Renewable grid-electricity purchase is not own generation or a verified management certificate.
RS2-0b8102137c7fd35e6137,P97,,https://www.peco-germany.com/leistungen/spritzgussfertigung/,OBSERVED_COMPANY_LINK,2026-10-08T08:30:12+00:00,Codex,200,https://www.peco-germany.com/leistungen/spritzgussfertigung/,text/html; charset=UTF-8,45a8836bc1da556a5c734212795e4b3c6893602e714e6e8b00d19b22fa1f418f,7571,RETRIEVED_FOR_SCREENING,,Owner describes injection machines with temperature-control equipment; operating temperatures/carriers are not given. Renewable grid-electricity purchase is not own generation or a verified management certificate.
RS2-2a1ba7d11ecf9b6e4069,P97,S-P97-03,https://www.peco-germany.com/unternehmen/geschichte/,REGISTERED_SOURCE,2026-10-08T08:28:13+00:00,Codex,200,https://www.peco-germany.com/unternehmen/geschichte/,text/html; charset=UTF-8,ac0ecca40d65225381537167ee420222ad3741e30e7ab19f59227dc39e4c86b9,5216,RETRIEVED_FOR_SCREENING,,Owner describes injection machines with temperature-control equipment; operating temperatures/carriers are not given. Renewable grid-electricity purchase is not own generation or a verified management certificate.
RS2-fb63d238b0cf5b3750da,P97,,https://www.peco-germany.com/unternehmen/nachhaltiges-handeln/,OBSERVED_COMPANY_LINK,2026-10-08T08:30:07+00:00,Codex,200,https://www.peco-germany.com/unternehmen/nachhaltiges-handeln/,text/html; charset=UTF-8,58a46237508dbab48625d0589413672e195db521ddf6aaea03ca8b6f01342d63,3762,RETRIEVED_FOR_SCREENING,,Owner describes injection machines with temperature-control equipment; operating temperatures/carriers are not given. Renewable grid-electricity purchase is not own generation or a verified management certificate.
RS2-61ee43650a2f45a1d947,P98,S-P98-02,https://www.frank-formenbau-spritzguss.de/,REGISTERED_SOURCE,2026-10-08T08:28:13+00:00,Codex,200,https://www.frank-formenbau-spritzguss.de/,text/html;charset=utf-8,1d1a00efd7cc2b04f29723ca5735f0f6c843df317057c67a919b360e77085c19,5865,RETRIEVED_FOR_SCREENING,,"Toolmaking/automation services and customer material-temperature ranges are not own heat temperatures, fuel or completed energy projects; supplied automation remains separate from owned operation."
RS2-73f19d180f148ccf8ca4,P98,,https://www.frank-formenbau-spritzguss.de/branchen-produkte/maschinenbau/,OBSERVED_COMPANY_LINK,2026-10-08T08:30:12+00:00,Codex,200,https://www.frank-formenbau-spritzguss.de/branchen-produkte/maschinenbau/,text/html;charset=utf-8,751b504c84dfa7c63d9822cf270f20bb63f7dec0c2e19ad30042c6de32f0b944,5843,RETRIEVED_FOR_SCREENING,,"Toolmaking/automation services and customer material-temperature ranges are not own heat temperatures, fuel or completed energy projects; supplied automation remains separate from owned operation."
RS2-59f478f45d6d6b2631df,P98,S-P98-01,https://www.frank-formenbau-spritzguss.de/impressum/,REGISTERED_SOURCE,2026-10-08T08:28:13+00:00,Codex,200,https://www.frank-formenbau-spritzguss.de/impressum/,text/html;charset=utf-8,ae0dde0d4c1821b23c02ad93c8dcd5d5f6f753ee01102643ded5732912dbb0c4,7528,RETRIEVED_FOR_SCREENING,,"Toolmaking/automation services and customer material-temperature ranges are not own heat temperatures, fuel or completed energy projects; supplied automation remains separate from owned operation."
RS2-858398260d79a2ee520e,P98,S-P98-04,https://www.frank-formenbau-spritzguss.de/kompetenz/formenbau/,REGISTERED_SOURCE,2026-10-08T08:28:18+00:00,Codex,200,https://www.frank-formenbau-spritzguss.de/leistungen/formenbau-automation/,text/html;charset=utf-8,e7a7015b69e9f314a840347e34dc824a5ab14e4030ad96bfb7cbc719819f0f15,4991,RETRIEVED_FOR_SCREENING,,"Toolmaking/automation services and customer material-temperature ranges are not own heat temperatures, fuel or completed energy projects; supplied automation remains separate from owned operation."
RS2-79fbd3bdf790b4d662bd,P98,,https://www.frank-formenbau-spritzguss.de/leistungen/cnc-fraesen/,OBSERVED_COMPANY_LINK,2026-10-08T08:30:14+00:00,Codex,200,https://www.frank-formenbau-spritzguss.de/leistungen/cnc-fraesen/,text/html;charset=utf-8,43beaa2b4e4bf75cdb826207f1c59bc4efa82d323f17a681d76d957794176f1f,3457,RETRIEVED_FOR_SCREENING,,"Toolmaking/automation services and customer material-temperature ranges are not own heat temperatures, fuel or completed energy projects; supplied automation remains separate from owned operation."
RS2-1d266e8374ad7e1907e0,P98,,https://www.frank-formenbau-spritzguss.de/leistungen/formenbau-automation/,OBSERVED_COMPANY_LINK,2026-10-08T08:30:13+00:00,Codex,200,https://www.frank-formenbau-spritzguss.de/leistungen/formenbau-automation/,text/html;charset=utf-8,e7a7015b69e9f314a840347e34dc824a5ab14e4030ad96bfb7cbc719819f0f15,4991,RETRIEVED_FOR_SCREENING,,"Toolmaking/automation services and customer material-temperature ranges are not own heat temperatures, fuel or completed energy projects; supplied automation remains separate from owned operation."
RS2-d8235a3a790c86cce7be,P98,S-P98-03,https://www.frank-formenbau-spritzguss.de/leistungen/spritzguss-kunststoffteile/,REGISTERED_SOURCE,2026-10-08T08:28:16+00:00,Codex,200,https://www.frank-formenbau-spritzguss.de/leistungen/spritzguss-kunststoffteile/,text/html;charset=utf-8,884701fa65069941a04bbd7038ecc52435d1db2d5fdefdcc2078c6a35d8067ad,16058,RETRIEVED_FOR_SCREENING,,"Toolmaking/automation services and customer material-temperature ranges are not own heat temperatures, fuel or completed energy projects; supplied automation remains separate from owned operation."
RS2-a0f9c906c007f26d269c,P99,S-P99-01 | S-P99-02,https://www.kt-breitungen.de/,REGISTERED_SOURCE,2026-10-08T08:28:18+00:00,Codex,200,https://www.kt-breitungen.de/,text/html; charset=UTF-8,8b05b95cd7794a8b7bda773f884f94c849854a6296ad6189c670029d49d05695,4513,RETRIEVED_FOR_SCREENING,,Arburg model names/clamping force alone do not establish installed converter topology or current heating temperature. Part-by-part inspection is not a coordinated energy controller.
RS2-21139e1763dca4eb2681,P99,S-P99-03,https://www.kt-breitungen.de/maschinenpark/,REGISTERED_SOURCE,2026-10-08T08:28:18+00:00,Codex,200,https://www.kt-breitungen.de/maschinenpark/,text/html; charset=UTF-8,eb16e812c2370294c07a4d1b22cc75097a3fbfce66dc8b80e56557dbd48b34cc,2834,RETRIEVED_FOR_SCREENING,,Arburg model names/clamping force alone do not establish installed converter topology or current heating temperature. Part-by-part inspection is not a coordinated energy controller.
RS2-26ac1dbeed25332e2dfb,P99,S-P99-04,https://www.kt-breitungen.de/qualitaet/,REGISTERED_SOURCE,2026-10-08T08:28:19+00:00,Codex,200,https://www.kt-breitungen.de/qualitaet/,text/html; charset=UTF-8,37196cc076906c6aea57882c358b4200a6a1483ad7e7df2d106a00a95f019096,2064,RETRIEVED_FOR_SCREENING,,Arburg model names/clamping force alone do not establish installed converter topology or current heating temperature. Part-by-part inspection is not a coordinated energy controller.
RS2-667850ad603b0f931697,P100,S-P100-06,https://klaeger-group.com/news/automatisierung-neue-spritzgussmaschine/,REGISTERED_SOURCE,2026-10-08T08:28:21+00:00,Codex,200,https://klaeger-group.com/news/automatisierung-neue-spritzgussmaschine/,text/html; charset=UTF-8,0027382192b1886966e42a3b1b424fd3c38e6193afb4783fb742dd4dc14326ca,4616,RETRIEVED_FOR_SCREENING,,Group Kläger SPC new electric machine must not be transferred to Kläger Spritzguss without entity/site attribution.2010PV is outside lookback; room heat recovery does not establish production fuel remainder.
RS2-f19e24531a49953ee2a2,P100,S-P100-02,https://klaeger.de/,REGISTERED_SOURCE,2026-10-08T08:28:20+00:00,Codex,200,https://klaeger.de/,text/html; charset=UTF-8,ad8b21308747d070b5fdda876df088a397399a31c49456768faea65a31c5ec5c,6875,RETRIEVED_FOR_SCREENING,,Group Kläger SPC new electric machine must not be transferred to Kläger Spritzguss without entity/site attribution.2010PV is outside lookback; room heat recovery does not establish production fuel remainder.
RS2-0f59dbde39d2ea2a8871,P100,,https://klaeger.de/company/sustainability/,OBSERVED_COMPANY_LINK,2026-10-08T08:30:14+00:00,Codex,200,https://klaeger.de/company/sustainability/,text/html; charset=UTF-8,b540ec44b0928c0f3b11cadaaa20577d02c8dac1b293bd04ab74e73413f6639f,3605,RETRIEVED_FOR_SCREENING,,Group Kläger SPC new electric machine must not be transferred to Kläger Spritzguss without entity/site attribution.2010PV is outside lookback; room heat recovery does not establish production fuel remainder.
RS2-9b025f5d0436c12423e0,P100,,https://klaeger.de/de/produkte-und-service/keramik/keramik-in-branchen/chemie-und-verfahrenstechnik/,OBSERVED_COMPANY_LINK,2026-10-08T08:30:14+00:00,Codex,200,https://klaeger.de/de/produkte-und-service/keramik/keramik-in-branchen/chemie-und-verfahrenstechnik/,text/html; charset=UTF-8,6aa223958670ed03cea5444b469f6dcf9d5af69898f0d1b363ea231453a2397f,5612,RETRIEVED_FOR_SCREENING,,Group Kläger SPC new electric machine must not be transferred to Kläger Spritzguss without entity/site attribution.2010PV is outside lookback; room heat recovery does not establish production fuel remainder.
RS2-bcfcd73e4dbe32f4f33f,P100,,https://klaeger.de/de/unternehmen/nachhaltikgeit/,TARGETED_WEB_SEARCH,2026-10-08T08:29:55+00:00,Codex,200,https://klaeger.de/de/unternehmen/nachhaltikgeit/,text/html; charset=UTF-8,64d6c520b2cf9bdd1af917cf1e70b4780dee150175cd006926c47232746ce274,4263,RETRIEVED_FOR_SCREENING,,Group Kläger SPC new electric machine must not be transferred to Kläger Spritzguss without entity/site attribution.2010PV is outside lookback; room heat recovery does not establish production fuel remainder.
RS2-affbff1e5c6c5bea48ad,P100,S-P100-03,https://klaeger.de/unternehmen/nachhaltikgeit/,REGISTERED_SOURCE,2026-10-08T08:28:20+00:00,Codex,200,https://klaeger.de/de/unternehmen/nachhaltikgeit/,text/html; charset=UTF-8,64d6c520b2cf9bdd1af917cf1e70b4780dee150175cd006926c47232746ce274,4263,RETRIEVED_FOR_SCREENING,,Group Kläger SPC new electric machine must not be transferred to Kläger Spritzguss without entity/site attribution.2010PV is outside lookback; room heat recovery does not establish production fuel remainder.
RS2-2fbd37caa2d4e44d86f4,P100,S-P100-04,https://klaeger.de/wp-content/uploads/Maschinenpark-Klaeger_2023.pdf,REGISTERED_SOURCE,2026-10-08T08:28:20+00:00,Codex,200,https://klaeger.de/wp-content/uploads/Maschinenpark-Klaeger_2023.pdf,application/pdf,4017d285a8d72f02d46914d5d1047a4ab9dd622e3b84124b9c6423e3fb138595,10125,RETRIEVED_FOR_SCREENING,,Group Kläger SPC new electric machine must not be transferred to Kläger Spritzguss without entity/site attribution.2010PV is outside lookback; room heat recovery does not establish production fuel remainder.
RS2-02266cfde4790721aa82,P100,S-P100-05,https://klaeger.de/wp-content/uploads/Prozessbeschreibung-Keramikspritzguss.pdf,REGISTERED_SOURCE,2026-10-08T08:28:21+00:00,Codex,200,https://klaeger.de/wp-content/uploads/Prozessbeschreibung-Keramikspritzguss.pdf,application/pdf,a56385c7276555355331a3e2b6475409cef3d8f9ac2db2ce0453b1b5fca9e0d9,6995,RETRIEVED_FOR_SCREENING,,Group Kläger SPC new electric machine must not be transferred to Kläger Spritzguss without entity/site attribution.2010PV is outside lookback; room heat recovery does not establish production fuel remainder.
RS2-4647c2d56e3b847f8907,P100,S-P100-01,https://kunststoffspritzguss-produzent.de/,REGISTERED_SOURCE,2026-10-08T08:28:19+00:00,Codex,200,https://kunststoffspritzguss-produzent.de/,text/html; charset=UTF-8,4dfd107967f83dbdbaa4e9c759e57e6888a087d238aa2f026adfe3e1abafbf66,8593,RETRIEVED_FOR_SCREENING,,Group Kläger SPC new electric machine must not be transferred to Kläger Spritzguss without entity/site attribution.2010PV is outside lookback; room heat recovery does not establish production fuel remainder.
RS2-d0746341aa91f1e8ece5,P101,S-P101-05,https://www.gws-mk.de/oekoprofit-workshop-nachhaltigkeit-und-ressourceneffizienz-im-fokus/,REGISTERED_SOURCE,2026-10-08T08:28:29+00:00,Codex,200,https://www.gws-mk.de/oekoprofit-workshop-nachhaltigkeit-und-ressourceneffizienz-im-fokus/,text/html; charset=UTF-8,518e02768306d4071c5d8c87e62389ea4b510b834e4ae36698d1f93d0613909d,9691,RETRIEVED_FOR_SCREENING,,Ökoprofit workshop explains standards generally; hosting it is not current ISO50001certification or completed energy investment. Existing brochure heat temperatures/fuels remain unspecified.
RS2-d411eec6f3715d4d2729,P101,S-P101-02,https://www.metoba.de/,REGISTERED_SOURCE,2026-10-08T08:28:21+00:00,Codex,200,https://www.metoba.de/,text/html; charset=UTF-8,bf20ecf827061e1603d12bd3bdc49cde686c12bbf23ba23ff89ab2c6325690af,10399,RETRIEVED_FOR_SCREENING,,Ökoprofit workshop explains standards generally; hosting it is not current ISO50001certification or completed energy investment. Existing brochure heat temperatures/fuels remain unspecified.
RS2-02e58b1623c6bcc564db,P101,S-P101-01,https://www.metoba.de/impressum/,REGISTERED_SOURCE,2026-10-08T08:28:21+00:00,Codex,200,https://www.metoba.de/impressum/,text/html; charset=UTF-8,2b71c4727f9206ba7ae3f3c4e50647a94ed484a6bcf8e5f62e0e8301a8fe3c4b,6659,RETRIEVED_FOR_SCREENING,,Ökoprofit workshop explains standards generally; hosting it is not current ISO50001certification or completed energy investment. Existing brochure heat temperatures/fuels remain unspecified.
RS2-11d223a3fa315e9f97e1,P101,,https://www.metoba.de/sonderverfahren/,OBSERVED_COMPANY_LINK,2026-10-08T08:30:15+00:00,Codex,200,https://www.metoba.de/sonderverfahren/,text/html; charset=UTF-8,584b9f13305d601030bdc2c40ec9deaa5c6863fede4aa66a70fa9b698093705d,2649,RETRIEVED_FOR_SCREENING,,Ökoprofit workshop explains standards generally; hosting it is not current ISO50001certification or completed energy investment. Existing brochure heat temperatures/fuels remain unspecified.
RS2-fb1a99fcddab42fa69cc,P101,,https://www.metoba.de/sonderverfahren/handgalvanik/,OBSERVED_COMPANY_LINK,2026-10-08T08:30:19+00:00,Codex,200,https://www.metoba.de/sonderverfahren/handgalvanik/,text/html; charset=UTF-8,37049884bc85f3dbb49d68c9616dbe543c47b12fcdf4bdc874c26f67f51a24da,3132,RETRIEVED_FOR_SCREENING,,Ökoprofit workshop explains standards generally; hosting it is not current ISO50001certification or completed energy investment. Existing brochure heat temperatures/fuels remain unspecified.
RS2-7ce348e30d61496cc702,P101,,https://www.metoba.de/unternehmen/,OBSERVED_COMPANY_LINK,2026-10-08T08:30:14+00:00,Codex,200,https://www.metoba.de/unternehmen/,text/html; charset=UTF-8,131435d9d15962c4cdb22de91fca0e48de27ac798a43de8789eebf8d30ed249c,9285,RETRIEVED_FOR_SCREENING,,Ökoprofit workshop explains standards generally; hosting it is not current ISO50001certification or completed energy investment. Existing brochure heat temperatures/fuels remain unspecified.
RS2-6bee0af4bbde613d6e22,P101,S-P101-03,https://www.metoba.de/wp-content/uploads/2019/10/Metoba-Imagebrosch%C3%BCre.pdf,REGISTERED_SOURCE,2026-10-08T08:28:29+00:00,Codex,200,https://www.metoba.de/wp-content/uploads/2019/10/Metoba-Imagebrosch%C3%BCre.pdf,application/pdf,f6af7c2d42ca63bcd49c0573412b7fe613a9eab1f9c35f8181ee94fd3c0639fa,25120,RETRIEVED_FOR_SCREENING,,Ökoprofit workshop explains standards generally; hosting it is not current ISO50001certification or completed energy investment. Existing brochure heat temperatures/fuels remain unspecified.
RS2-59b7f36ab5ec97bdf1ca,P102,S-P102-01 | S-P102-02,https://www.rudolf-clauss.de/,REGISTERED_SOURCE,2026-10-08T08:28:29+00:00,Codex,200,https://www.rudolf-clauss.de/de/,text/html; charset=utf-8,99485e92d60c86bfbe7bf7e7712548843c23281cdda26f4d29ee39b430d7e654,5022,RETRIEVED_FOR_SCREENING,,"Owner environmental page discusses general galvanising/customer material benefits and residue treatment. These are not owned heat duties, generation or completed energy projects."
RS2-af6b550a5a61c61fb216,P102,,https://www.rudolf-clauss.de/de/branchen/maschinenbau/,OBSERVED_COMPANY_LINK,2026-10-08T08:30:19+00:00,Codex,200,https://www.rudolf-clauss.de/de/branchen/maschinenbau/,text/html; charset=utf-8,00acdc5289ed785504448e5531e6225c32923785a2c17f385fc4df4209bde58a,6212,RETRIEVED_FOR_SCREENING,,"Owner environmental page discusses general galvanising/customer material benefits and residue treatment. These are not owned heat duties, generation or completed energy projects."
RS2-a7fa0f02e1c34d05c5d0,P102,S-P102-03,https://www.rudolf-clauss.de/de/nachhaltigkeit/,REGISTERED_SOURCE,2026-10-08T08:28:29+00:00,Codex,200,https://www.rudolf-clauss.de/de/nachhaltigkeit/,text/html; charset=utf-8,b3355a8e3abae3c328abe034f00e697ae20f6060503b31bcef016fde33416f60,4976,RETRIEVED_FOR_SCREENING,,"Owner environmental page discusses general galvanising/customer material benefits and residue treatment. These are not owned heat duties, generation or completed energy projects."
RS2-1f46ae6cb6c523e929e4,P102,,https://www.rudolf-clauss.de/de/unternehmen/umwelt/,OBSERVED_COMPANY_LINK,2026-10-08T08:30:19+00:00,Codex,200,https://www.rudolf-clauss.de/de/unternehmen/umwelt/,text/html; charset=utf-8,94cd14a019fb156c26db68468d7836c094ffd0541257d3a5135f8fcd99577a7c,5064,RETRIEVED_FOR_SCREENING,,"Owner environmental page discusses general galvanising/customer material benefits and residue treatment. These are not owned heat duties, generation or completed energy projects."
RS2-570d83b588393603e20c,P102,,https://www.rudolf-clauss.de/en/sustainability/,OBSERVED_COMPANY_LINK,2026-10-08T08:30:19+00:00,Codex,200,https://www.rudolf-clauss.de/en/sustainability/,text/html; charset=utf-8,0d47b8cde91843c914964db24b3e5c6b960eb0c074d29a0baec6044d2a2ddbee,4961,RETRIEVED_FOR_SCREENING,,"Owner environmental page discusses general galvanising/customer material benefits and residue treatment. These are not owned heat duties, generation or completed energy projects."
RS2-98c06f5ff169fa6ed190,P103,S-P103-01 | S-P103-02,https://www.wigl-gmbh.de/,REGISTERED_SOURCE,2026-10-08T08:28:29+00:00,Codex,200,https://www.wigl-gmbh.de/,text/html; charset=UTF-8,4bb7cb627928ea68e58c52c8416b9686c496f75c12f71a2348ac2e01560c6c17,8764,RETRIEVED_FOR_SCREENING,,"Coating-service resistance and galvanic electricity are separated from own operating heat temperatures; no installed thermal fuel, store or dated energy investment established."
RS2-01ee5f92b610a5b0f768,P103,S-P103-03,https://www.wigl-gmbh.de/professionelle-oberflaechenveredelung/,REGISTERED_SOURCE,2026-10-08T08:28:29+00:00,Codex,200,https://www.wigl-gmbh.de/professionelle-oberflaechenveredelung/,text/html; charset=UTF-8,0c26d97f542b572fa8afbda804fd482e826037946fc04461b1cbf16e409d2174,21840,RETRIEVED_FOR_SCREENING,,"Coating-service resistance and galvanic electricity are separated from own operating heat temperatures; no installed thermal fuel, store or dated energy investment established."
RS2-4555ea7c733e824918bb,P103,S-P103-04,https://www.wigl-gmbh.de/zertifikate/,REGISTERED_SOURCE,2026-10-08T08:28:29+00:00,Codex,200,https://www.wigl-gmbh.de/zertifikate/,text/html; charset=UTF-8,5740c2d86e0608216087b4fcf5ab03c00438d402ebda8508fc4ce1bf952c0c94,5291,RETRIEVED_FOR_SCREENING,,"Coating-service resistance and galvanic electricity are separated from own operating heat temperatures; no installed thermal fuel, store or dated energy investment established."
RS2-c1e9315d485863ae4b55,P104,S-P104-02,https://holder-oft.de/,REGISTERED_SOURCE,2026-10-08T08:28:36+00:00,Codex,200,https://holder-oft.de/,text/html; charset=UTF-8,225b9a4e6765c6ab1c0943d9590911b8acac9882aaa8ef3d9ec7a0ab87a39805,10765,RETRIEVED_FOR_SCREENING,,"Owner describes controlled aluminium heat treatment but publishes no operating temperatures, heating carrier or energy powers. Existing certificate assessment remains separate from new plant research."
RS2-225a08c168cef7705012,P104,,https://holder-oft.de/company/quality-and-environment/?lang=en,TARGETED_WEB_SEARCH,2026-10-08T08:29:55+00:00,Codex,404,,,,0,FAILED,HTTP Error 404: Not Found,"Owner describes controlled aluminium heat treatment but publishes no operating temperatures, heating carrier or energy powers. Existing certificate assessment remains separate from new plant research."
RS2-5c6efa668f075b67d1f6,P104,S-P104-01,https://holder-oft.de/impressum/,REGISTERED_SOURCE,2026-10-08T08:28:32+00:00,Codex,200,https://holder-oft.de/impressum/,text/html; charset=UTF-8,35a724c060f09626355843301ee6ec47f11dbdaf02324bcc11bf8f6af19a7f8d,7865,RETRIEVED_FOR_SCREENING,,"Owner describes controlled aluminium heat treatment but publishes no operating temperatures, heating carrier or energy powers. Existing certificate assessment remains separate from new plant research."
RS2-21caa56c4050584b956e,P104,S-P104-03,https://holder-oft.de/kompetenzzentrum/zertifikate/,REGISTERED_SOURCE,2026-10-08T08:28:36+00:00,Codex,200,https://holder-oft.de/kompetenzzentrum/zertifikate/,text/html; charset=UTF-8,a317357a1a06343107fd535703ff9849e7e34a062c21279d83e2d2b8fc27221d,5534,RETRIEVED_FOR_SCREENING,,"Owner describes controlled aluminium heat treatment but publishes no operating temperatures, heating carrier or energy powers. Existing certificate assessment remains separate from new plant research."
RS2-3d3e8ba3bc8ef6a6a96b,P104,S-P104-05,https://holder-oft.de/oberflaechenverfahren/waermebehandlung-von-aluminium/,REGISTERED_SOURCE,2026-10-08T08:28:36+00:00,Codex,200,https://holder-oft.de/verfahren/aluminium-behandlung/waermebehandlung-von-aluminium/,text/html; charset=UTF-8,81d73f6619f59a4af2ec4fb8cd38bc00dc718050491d9cd1def7523dc3c28d9c,11283,RETRIEVED_FOR_SCREENING,,"Owner describes controlled aluminium heat treatment but publishes no operating temperatures, heating carrier or energy powers. Existing certificate assessment remains separate from new plant research."
RS2-d2cd44125881a21b5b39,P104,S-P104-04,https://holder-oft.de/unternehmen/qualitaet-und-umwelt/,REGISTERED_SOURCE,2026-10-08T08:28:36+00:00,Codex,200,https://holder-oft.de/unternehmen/qualitaet-und-umwelt/,text/html; charset=UTF-8,c5628afcc3edee2b17a0a378bd1cd4a78a52fd23463d6881f8e7570c83d44b76,9591,RETRIEVED_FOR_SCREENING,,"Owner describes controlled aluminium heat treatment but publishes no operating temperatures, heating carrier or energy powers. Existing certificate assessment remains separate from new plant research."
RS2-74b31149a70afc455dbe,P104,,https://holder-oft.de/verfahren/,OBSERVED_COMPANY_LINK,2026-10-08T08:30:20+00:00,Codex,200,https://holder-oft.de/verfahren/,text/html; charset=UTF-8,893edaca8e209c98052e9bb29b7961313001acdc1ae715d811ed5ebbae864350,7773,RETRIEVED_FOR_SCREENING,,"Owner describes controlled aluminium heat treatment but publishes no operating temperatures, heating carrier or energy powers. Existing certificate assessment remains separate from new plant research."
RS2-9c653aadd758d7532c46,P104,,https://holder-oft.de/verfahren/aluminium-behandlung/waermebehandlung-von-aluminium/,OBSERVED_COMPANY_LINK,2026-10-08T08:30:20+00:00,Codex,200,https://holder-oft.de/verfahren/aluminium-behandlung/waermebehandlung-von-aluminium/,text/html; charset=UTF-8,129f9d847f26ed469b2608b584e120aafae5da89431a1a29547474c7d6910eb0,11283,RETRIEVED_FOR_SCREENING,,"Owner describes controlled aluminium heat treatment but publishes no operating temperatures, heating carrier or energy powers. Existing certificate assessment remains separate from new plant research."
RS2-9cefbce0fd8c5ee87281,P104,,https://holder-oft.de/verfahren/galvanische-verzinkung/,OBSERVED_COMPANY_LINK,2026-10-08T08:30:21+00:00,Codex,200,https://holder-oft.de/verfahren/galvanische-verzinkung/,text/html; charset=UTF-8,073213894e3a0094a886617b231a3b417bde436d2c85d41dd9011ca92b1d681e,5217,RETRIEVED_FOR_SCREENING,,"Owner describes controlled aluminium heat treatment but publishes no operating temperatures, heating carrier or energy powers. Existing certificate assessment remains separate from new plant research."
RS2-5ed02d185d5681374687,P105,S-P105-02,https://www.dresdnersilber.de/,REGISTERED_SOURCE,2026-10-08T08:28:37+00:00,Codex,200,https://www.dresdnersilber.de/,text/html;charset=UTF-8,2e42876e278b989406c9d2e68a1f66ab9c265b8a124ce4aeb01b3a4d4c9758a1,5928,RETRIEVED_FOR_SCREENING,,Own automated treatment line retained. Funding for e-invoicing/data capture is not an energy-transition project; failed chamber article does not prove absence of measures.
RS2-3da475e674dec52697cd,P105,,https://www.dresdnersilber.de/de/zertifikate/umweltmanagement,OBSERVED_COMPANY_LINK,2026-10-08T08:30:22+00:00,Codex,200,https://www.dresdnersilber.de/de/zertifikate/umweltmanagement,text/html;charset=UTF-8,873dd3a87b6ad0df33cf0af9e2093a6fd6f4e94d4fd948a34bff52f7b76320bf,2171,RETRIEVED_FOR_SCREENING,,Own automated treatment line retained. Funding for e-invoicing/data capture is not an energy-transition project; failed chamber article does not prove absence of measures.
RS2-032e7cd20198a03c65c5,P105,S-P105-01,https://www.dresdnersilber.de/impressum/,REGISTERED_SOURCE,2026-10-08T08:28:37+00:00,Codex,200,https://www.dresdnersilber.de/impressum,text/html;charset=UTF-8,433132798d835db293168f156ce780b89c26d3a49c19f234c18e74cbb3efddae,7229,RETRIEVED_FOR_SCREENING,,Own automated treatment line retained. Funding for e-invoicing/data capture is not an energy-transition project; failed chamber article does not prove absence of measures.
RS2-3e5d24c261d12eb9700f,P105,S-P105-05,https://www.ihk.de/dresden/servicenavigation/presse-publikationen/meldungen/engagement-fuer-umwelt-und-klima-erneut-ausgezeichnet-7172602,REGISTERED_SOURCE,2026-10-08T08:28:39+00:00,Codex,,,,,0,FAILED,<urlopen error timed out>,Own automated treatment line retained. Funding for e-invoicing/data capture is not an energy-transition project; failed chamber article does not prove absence of measures.
RS2-fdb54eacf37f148cc614,P106,S-P106-02,https://www.fv-technische-keramik.de/,REGISTERED_SOURCE,2026-10-08T08:28:39+00:00,Codex,200,https://www.fv-technische-keramik.de/,text/html; charset=utf-8,8407a9129551da3b9fb52183dbb1040dbf9488144940b0fb3d2ac7efb902995c,3417,RETRIEVED_FOR_SCREENING,,"Owner manufacturing/quality page and general annual machine investment supply no thermal duty/fuel, completed energy project date or public quantified climate target."
RS2-878988b8f23c9a6c11b2,P106,,https://www.fv-technische-keramik.de/fileadmin/_processed_/6/1/csm_Fertigung_5._Foto_IMG_2863_ret_fec5aa67e7.jpg,OBSERVED_COMPANY_LINK,2026-10-08T08:30:22+00:00,Codex,200,https://www.fv-technische-keramik.de/fileadmin/_processed_/6/1/csm_Fertigung_5._Foto_IMG_2863_ret_fec5aa67e7.jpg,image/jpeg,ff7dc1f83596025c11455646ed65b06c49074b13a0dc2c64b1b2fe99894c629f,80557,NON_TEXT,,"Owner manufacturing/quality page and general annual machine investment supply no thermal duty/fuel, completed energy project date or public quantified climate target."
RS2-48e4e7e31409013831a4,P106,,https://www.fv-technische-keramik.de/fileadmin/_processed_/6/a/csm_Fertigung12.FotoIMG_6748ret1_e26c18ff56.jpg,OBSERVED_COMPANY_LINK,2026-10-08T08:30:22+00:00,Codex,200,https://www.fv-technische-keramik.de/fileadmin/_processed_/6/a/csm_Fertigung12.FotoIMG_6748ret1_e26c18ff56.jpg,image/jpeg,b6f1a1a6c63c806c55399543b2b0fa0095e462be3440f7d965015491f1e15383,96695,NON_TEXT,,"Owner manufacturing/quality page and general annual machine investment supply no thermal duty/fuel, completed energy project date or public quantified climate target."
RS2-3d72b10b53a68c19deda,P106,,https://www.fv-technische-keramik.de/fileadmin/_processed_/d/d/csm_Fertigung_2._Foto_IMG_2760_ret_7c90bf8bb5.jpg,OBSERVED_COMPANY_LINK,2026-10-08T08:30:22+00:00,Codex,200,https://www.fv-technische-keramik.de/fileadmin/_processed_/d/d/csm_Fertigung_2._Foto_IMG_2760_ret_7c90bf8bb5.jpg,image/jpeg,8e2443d37c6ae4e11c4a4dfe7abd2367aa927171ee2e3713547c81349e96902e,100919,NON_TEXT,,"Owner manufacturing/quality page and general annual machine investment supply no thermal duty/fuel, completed energy project date or public quantified climate target."
RS2-808a8a374864f74b89cf,P106,S-P106-01,https://www.fv-technische-keramik.de/impressum/,REGISTERED_SOURCE,2026-10-08T08:28:39+00:00,Codex,200,https://www.fv-technische-keramik.de/impressum/,text/html; charset=utf-8,8b282c2343ce2046e053d3bbce8b0de4d3a94420e9082239a5a93c8965870c10,4256,RETRIEVED_FOR_SCREENING,,"Owner manufacturing/quality page and general annual machine investment supply no thermal duty/fuel, completed energy project date or public quantified climate target."
RS2-937863aa2d653cc941fb,P106,S-P106-04,https://www.fv-technische-keramik.de/unternehmen/,REGISTERED_SOURCE,2026-10-08T08:28:41+00:00,Codex,200,https://www.fv-technische-keramik.de/unternehmen/,text/html; charset=utf-8,b19dafce2c77e37afa4a13114f105b4813c8512ff115a51691aee458d45a5f5b,3341,RETRIEVED_FOR_SCREENING,,"Owner manufacturing/quality page and general annual machine investment supply no thermal duty/fuel, completed energy project date or public quantified climate target."
RS2-264b781aee6eb0fc50e6,P106,S-P106-03,https://www.fv-technische-keramik.de/unternehmen/fertigungsverfahren/,REGISTERED_SOURCE,2026-10-08T08:28:41+00:00,Codex,200,https://www.fv-technische-keramik.de/unternehmen/fertigungsverfahren/,text/html; charset=utf-8,310b903b2b27e8cf6b7b421a188e7fc19cd48e3666271486d223abbe5132557f,2324,RETRIEVED_FOR_SCREENING,,"Owner manufacturing/quality page and general annual machine investment supply no thermal duty/fuel, completed energy project date or public quantified climate target."
RS2-facfb50876f5633685a4,P107,S-P107-04,https://dibbern-porzellanurnen.de/porzellanmanufaktur/,REGISTERED_SOURCE,2026-10-08T08:28:43+00:00,Codex,200,https://dibbern-porzellanurnen.de/porzellanmanufaktur/,text/html; charset=UTF-8,e2ccc13aa399d06ab72138f27c18c62fcb0122f3029d6666bfc0f9fe5e624365,2408,RETRIEVED_FOR_SCREENING,,Own kiln heat recovery retained. Main Dibbern pages/catalogues return403; parent-brand assets are not inherited into the manufacturing entity and fuel/control facts remain unknown.
RS2-63937848dff879257760,P107,S-P107-02,https://www.dibbern.de/en/about-dibbern/manufactory/,REGISTERED_SOURCE,2026-10-08T08:28:41+00:00,Codex,403,,,,0,FAILED,HTTP Error 403: Forbidden,Own kiln heat recovery retained. Main Dibbern pages/catalogues return403; parent-brand assets are not inherited into the manufacturing entity and fuel/control facts remain unknown.
RS2-d17637093ef97db43de6,P107,S-P107-01,https://www.dibbern.de/en/about-us/,REGISTERED_SOURCE,2026-10-08T08:28:41+00:00,Codex,403,,,,0,FAILED,HTTP Error 403: Forbidden,Own kiln heat recovery retained. Main Dibbern pages/catalogues return403; parent-brand assets are not inherited into the manufacturing entity and fuel/control facts remain unknown.
RS2-1ac84eeb7fc66944d2c1,P107,,https://www.dibbern.de/out/media/DIBBERN_SC-Brochure_2025.pdf,TARGETED_WEB_SEARCH,2026-10-08T08:29:56+00:00,Codex,403,,,,0,FAILED,HTTP Error 403: Forbidden,Own kiln heat recovery retained. Main Dibbern pages/catalogues return403; parent-brand assets are not inherited into the manufacturing entity and fuel/control facts remain unknown.
RS2-0429e3bb63262d426f7e,P107,,https://www.dibbern.de/out/media/FBC-Catalogue_2024-low.pdf,TARGETED_WEB_SEARCH,2026-10-08T08:29:55+00:00,Codex,403,,,,0,FAILED,HTTP Error 403: Forbidden,Own kiln heat recovery retained. Main Dibbern pages/catalogues return403; parent-brand assets are not inherited into the manufacturing entity and fuel/control facts remain unknown.
RS2-207fe52c3c750ad7d201,P108,S-P108-01,https://reichenbach-porzellan.de/,REGISTERED_SOURCE,2026-10-08T08:28:43+00:00,Codex,200,https://reichenbach-porzellan.de/,text/html; charset=UTF-8,8915e8f4a96ab126d30ea5938d99cfb386a0aa975284fd63f679262932d4798c,7287,RETRIEVED_FOR_SCREENING,,"Own firing temperatures retained. Sustainability article concerns materials, packaging and grounds, not concrete plant energy deployment, heat fuel or useful thermal storage."
RS2-256d0e49e8b817a25365,P108,,https://reichenbach-porzellan.de/aktuelles/,OBSERVED_COMPANY_LINK,2026-10-08T08:30:26+00:00,Codex,200,https://reichenbach-porzellan.de/aktuelles/,text/html; charset=UTF-8,839fd51cfe6c1b0214a26859b7cad9819a343984788a4682119082af413ddde2,22531,RETRIEVED_FOR_SCREENING,,"Own firing temperatures retained. Sustainability article concerns materials, packaging and grounds, not concrete plant energy deployment, heat fuel or useful thermal storage."
RS2-a8c133a4fb4c1af0e9b8,P108,,https://reichenbach-porzellan.de/brennen/,OBSERVED_COMPANY_LINK,2026-10-08T08:30:22+00:00,Codex,200,https://reichenbach-porzellan.de/portfolio/brennen/,text/html; charset=UTF-8,a62dc04a51186de45bb6277e7c7f61e0ce97cef76e0ee519e859a932e773414f,5642,RETRIEVED_FOR_SCREENING,,"Own firing temperatures retained. Sustainability article concerns materials, packaging and grounds, not concrete plant energy deployment, heat fuel or useful thermal storage."
RS2-c07b9211bdf0255afed8,P108,,https://reichenbach-porzellan.de/en/sustainability-is-not-a-product-trend-its-a-basic-attitude-to-life/,OBSERVED_COMPANY_LINK,2026-10-08T08:30:22+00:00,Codex,200,https://reichenbach-porzellan.de/en/sustainability-is-not-a-product-trend-its-a-basic-attitude-to-life/,text/html; charset=UTF-8,f08722b797cbe33717f4ffaa545a31272a31ffa4c9ef5519ece0cce4881642a8,6995,RETRIEVED_FOR_SCREENING,,"Own firing temperatures retained. Sustainability article concerns materials, packaging and grounds, not concrete plant energy deployment, heat fuel or useful thermal storage."
RS2-07cc8afda8dbf3d080c8,P108,S-P108-02,https://reichenbach-porzellan.de/manufaktur/,REGISTERED_SOURCE,2026-10-08T08:28:44+00:00,Codex,200,https://reichenbach-porzellan.de/manufaktur/,text/html; charset=UTF-8,9f317d35630a69dfb6460a6b8038aa007bd7749052b0ce2df6bd753912af0f39,8229,RETRIEVED_FOR_SCREENING,,"Own firing temperatures retained. Sustainability article concerns materials, packaging and grounds, not concrete plant energy deployment, heat fuel or useful thermal storage."
RS2-d3708994644819c2e38a,P108,S-P108-04,https://reichenbach-porzellan.de/nachhaltigkeit-ist-kein-produkttrend/,REGISTERED_SOURCE,2026-10-08T08:28:48+00:00,Codex,200,https://reichenbach-porzellan.de/nachhaltigkeit-ist-kein-produkttrend/,text/html; charset=UTF-8,0413e7e0b70afb1e9ac5afd6e42437edb17fc7b903375ecd0863341fd85a32f3,7518,RETRIEVED_FOR_SCREENING,,"Own firing temperatures retained. Sustainability article concerns materials, packaging and grounds, not concrete plant energy deployment, heat fuel or useful thermal storage."
RS2-efb69f5599f2b9987eba,P108,S-P108-03,https://reichenbach-porzellan.de/portfolio/brennen/,REGISTERED_SOURCE,2026-10-08T08:28:47+00:00,Codex,200,https://reichenbach-porzellan.de/portfolio/brennen/,text/html; charset=UTF-8,5bc993575991eb71085076deae7b43cab8612e5ff5d2618b07eb9a3f6f1e31cd,5642,RETRIEVED_FOR_SCREENING,,"Own firing temperatures retained. Sustainability article concerns materials, packaging and grounds, not concrete plant energy deployment, heat fuel or useful thermal storage."
RS2-3544e951fe35f4a6ca35,P109,S-P109-02,https://www.nymphenburg.com/,REGISTERED_SOURCE,2026-10-08T08:28:48+00:00,Codex,200,https://www.nymphenburg.com/,text/html; charset=utf-8,95f3a8c934bc41419a7898cc673124e4b6f42aba128fb702b5df65bf57aa9912,5072,RETRIEVED_FOR_SCREENING,,"Current imprint names Königliche Porzellan Manufaktur Nymphenburg GmbH&Co.KG, differing from dataset. Mechanical water drives are not electric converters/generation; no entity transfer or new numeric assessment made."
RS2-e511af7e80d71e5b8deb,P109,S-P109-03,https://www.nymphenburg.com/pages/brennerei,REGISTERED_SOURCE,2026-10-08T08:28:48+00:00,Codex,200,https://www.nymphenburg.com/pages/brennerei,text/html; charset=utf-8,7e7cb59fc1109dc309ebbf6f511f1b9d7dca4602b2215eb74a47f209f58f1f3f,5524,RETRIEVED_FOR_SCREENING,,"Current imprint names Königliche Porzellan Manufaktur Nymphenburg GmbH&Co.KG, differing from dataset. Mechanical water drives are not electric converters/generation; no entity transfer or new numeric assessment made."
RS2-d74e0f6b6946d34c0f8b,P109,,https://www.nymphenburg.com/pages/fertigung,OBSERVED_COMPANY_LINK,2026-10-08T08:30:26+00:00,Codex,200,https://www.nymphenburg.com/pages/fertigung,text/html; charset=utf-8,03e1d230b18562f60aa1aac5ad59337efb29f3a5308e259d0fa49392d293c32b,4385,RETRIEVED_FOR_SCREENING,,"Current imprint names Königliche Porzellan Manufaktur Nymphenburg GmbH&Co.KG, differing from dataset. Mechanical water drives are not electric converters/generation; no entity transfer or new numeric assessment made."
RS2-dfcde48d797a267c9caa,P109,S-P109-05,https://www.nymphenburg.com/pages/qualitatsversprechen,REGISTERED_SOURCE,2026-10-08T08:28:49+00:00,Codex,200,https://www.nymphenburg.com/pages/qualitatsversprechen,text/html; charset=utf-8,e33be60af0a72e3a95009e9807ee048aeaf8faf8cb7ae5110d8356f63c45c4ff,5875,RETRIEVED_FOR_SCREENING,,"Current imprint names Königliche Porzellan Manufaktur Nymphenburg GmbH&Co.KG, differing from dataset. Mechanical water drives are not electric converters/generation; no entity transfer or new numeric assessment made."
RS2-a4ede03d58fd04977f7f,P109,,https://www.nymphenburg.com/pages/sonderanfertigung,OBSERVED_COMPANY_LINK,2026-10-08T08:30:26+00:00,Codex,200,https://www.nymphenburg.com/pages/sonderanfertigung,text/html; charset=utf-8,8b6df810684f430d8a2aa6abc8671a9fc400ca782ed05c345481609c48766387,5360,RETRIEVED_FOR_SCREENING,,"Current imprint names Königliche Porzellan Manufaktur Nymphenburg GmbH&Co.KG, differing from dataset. Mechanical water drives are not electric converters/generation; no entity transfer or new numeric assessment made."
RS2-1aeedc499cd6c54eb660,P109,S-P109-04,https://www.nymphenburg.com/pages/wasserkraft,REGISTERED_SOURCE,2026-10-08T08:28:48+00:00,Codex,200,https://www.nymphenburg.com/pages/wasserkraft,text/html; charset=utf-8,f11dcb34e1b515372e7480f42418a3346ab3382edcf42b3b6e2a624b2a53a8b7,5303,RETRIEVED_FOR_SCREENING,,"Current imprint names Königliche Porzellan Manufaktur Nymphenburg GmbH&Co.KG, differing from dataset. Mechanical water drives are not electric converters/generation; no entity transfer or new numeric assessment made."
RS2-57b5227a0b3a91e1d72b,P109,S-P109-01,https://www.nymphenburg.com/policies/legal-notice,REGISTERED_SOURCE,2026-10-08T08:28:48+00:00,Codex,200,https://www.nymphenburg.com/policies/legal-notice,text/html; charset=utf-8,dec89584da9b6c515fc7a4e9bffa3c3ff48c874af8f76bad09c132b64c68fb1c,4623,RETRIEVED_FOR_SCREENING,,"Current imprint names Königliche Porzellan Manufaktur Nymphenburg GmbH&Co.KG, differing from dataset. Mechanical water drives are not electric converters/generation; no entity transfer or new numeric assessment made."
RS2-617838efb9e4335fc585,P110,S-P110-03,https://eschenbachporzellan.de/faq,REGISTERED_SOURCE,2026-10-08T08:28:49+00:00,Codex,200,https://eschenbachporzellan.de/faq,text/html; charset=utf-8,2f48f5660db02946c7ffe6afd5f022153a49f0130ff0894b87baee1d99fc3e20,5607,RETRIEVED_FOR_SCREENING,,Current Eschenbach imprint identifies Eschenbach Porzellan GmbH rather than Neue Porzellanfabrik Triptis GmbH. Own brand FAQ/older energy assets cannot be attributed to the dataset entity without succession/site evidence.
RS2-ac931bc92a86de871160,P110,S-P110-01,https://eschenbachporzellan.de/impressum,REGISTERED_SOURCE,2026-10-08T08:28:49+00:00,Codex,200,https://eschenbachporzellan.de/impressum,text/html; charset=utf-8,c2954d493cef72da853f6cf64a754d20f6ad55609041034ca8353804b94f96c9,1879,RETRIEVED_FOR_SCREENING,,Current Eschenbach imprint identifies Eschenbach Porzellan GmbH rather than Neue Porzellanfabrik Triptis GmbH. Own brand FAQ/older energy assets cannot be attributed to the dataset entity without succession/site evidence.
RS2-9833d02ca45f5a8d7244,P110,S-P110-04,https://eschenbachporzellan.de/unternehmen/geschichte,REGISTERED_SOURCE,2026-10-08T08:28:49+00:00,Codex,200,https://eschenbachporzellan.de/unternehmen/geschichte,text/html; charset=utf-8,38f37eeb10f602891b5e874217dba1b0a04d706d5087d6d79a23e07cffb75c43,3418,RETRIEVED_FOR_SCREENING,,Current Eschenbach imprint identifies Eschenbach Porzellan GmbH rather than Neue Porzellanfabrik Triptis GmbH. Own brand FAQ/older energy assets cannot be attributed to the dataset entity without succession/site evidence.
RS2-d76ece92c56cd4612675,P110,S-P110-02,https://www.triptisporzellan.de/,REGISTERED_SOURCE,2026-10-08T08:28:49+00:00,Codex,502,,,,0,FAILED,HTTP Error 502: Bad Gateway,Current Eschenbach imprint identifies Eschenbach Porzellan GmbH rather than Neue Porzellanfabrik Triptis GmbH. Own brand FAQ/older energy assets cannot be attributed to the dataset entity without succession/site evidence.
