check_id,company_id,score_field,original_value,checked_value,original_confidence,checked_confidence,outcome,checked_by,check_method,checked_date,original_source_ids,checked_source_ids,decision_note,checked_evidence_basis,final_score_approval
RC-20261007-P04-temperature_fit_score,P04,temperature_fit_score,10,10,B,B,CONFIRMED,Codex,PRIMARY_SOURCE_RECHECK_AND_ANCHOR_REVIEW,2026-10-07,S-P04-06,S-P04-06,Primary source content and entity/period boundaries were re-read against coding_manual.md. The anchor remains supported within the stated confidence and conditional scope; unknown operational facts are not promoted to deployment or final approval.,"Official sustainability evidence documents wort processing up to 97 C, predominantly gas-based heat supply and a stated plan to electrify heat supply using heat pumps and solar systems. This supports a strong low-/medium-temperature electrification fit without inferring site load.",NOT_GRANTED
RC-20261007-P04-process_electrification_score,P04,process_electrification_score,7,7,B,B,CONFIRMED,Codex,PRIMARY_SOURCE_RECHECK_AND_ANCHOR_REVIEW,2026-10-07,S-P04-06,S-P04-06,Primary source content and entity/period boundaries were re-read against coding_manual.md. The anchor remains supported within the stated confidence and conditional scope; unknown operational facts are not promoted to deployment or final approval.,The company explicitly plans heat-supply electrification and identifies heat pumps among the intended measures. This is a clear firm-specific use case but does not establish multiple implemented electrification applications.,NOT_GRANTED
RC-20261007-P04-fossil_heat_displacement_score,P04,fossil_heat_displacement_score,5,5,A,A,CONFIRMED,Codex,PRIMARY_SOURCE_RECHECK_AND_ANCHOR_REVIEW,2026-10-07,S-P04-06,S-P04-06,Primary source content and entity/period boundaries were re-read against coding_manual.md. The anchor remains supported within the stated confidence and conditional scope; unknown operational facts are not promoted to deployment or final approval.,"The report describes heat supply as predominantly gas-based while also documenting substantial brewing and malt-related heat demand and a plan to electrify heat supply. The score reflects substitution potential, not completed displacement.",NOT_GRANTED
RC-20261007-P04-motor_drive_score,P04,motor_drive_score,5,5,B,B,CONFIRMED,Codex,PRIMARY_SOURCE_RECHECK_AND_ANCHOR_REVIEW,2026-10-07,S-P04-06,S-P04-06,Primary source content and entity/period boundaries were re-read against coding_manual.md. The anchor remains supported within the stated confidence and conditional scope; unknown operational facts are not promoted to deployment or final approval.,"The official report documents a central refrigeration plant and process operations with cooling demand. This supports material compressor/drive relevance, but the repository evidence does not justify the maximum score for several intensive drive applications.",NOT_GRANTED
RC-20261007-P04-power_conversion_score,P04,power_conversion_score,5,5,C,C,CONFIRMED,Codex,PRIMARY_SOURCE_RECHECK_AND_ANCHOR_REVIEW,2026-10-07,S-P04-06,S-P04-06,Primary source content and entity/period boundaries were re-read against coding_manual.md. The anchor remains supported within the stated confidence and conditional scope; unknown operational facts are not promoted to deployment or final approval.,"Planned heat-pump-based heat electrification creates a clear material power-conversion use case. No evidence supports several central converter or rectifier applications, so the maximum anchor is not proposed.",NOT_GRANTED
RC-20261007-P04-automation_control_score,P04,automation_control_score,4,4,A,A,CONFIRMED,Codex,PRIMARY_SOURCE_RECHECK_AND_ANCHOR_REVIEW,2026-10-07,S-P04-06,S-P04-06,Primary source content and entity/period boundaries were re-read against coding_manual.md. The anchor remains supported within the stated confidence and conditional scope; unknown operational facts are not promoted to deployment or final approval.,"The report documents an operational energy-management system, energy-management software and process-level Power BI reporting, supporting strong sensing and coordinated-control relevance.",NOT_GRANTED
RC-20261007-P04-scheduling_flex_score,P04,scheduling_flex_score,5,2,B,C,CORRECTED,Codex,PRIMARY_SOURCE_RECHECK_AND_ANCHOR_REVIEW,2026-10-07,S-P04-06,S-P04-06,"Discrete production stages or batch processing support only a weak sequencing hypothesis. The cited source does not establish spare capacity, safe interruption, dispatch permission or a usable shifting window.","Discrete production stages or batch processing support only a weak sequencing hypothesis. The cited source does not establish spare capacity, safe interruption, dispatch permission or a usable shifting window.",NOT_GRANTED
RC-20261007-P04-thermal_storage_flex_score,P04,thermal_storage_flex_score,2,,C,UNKNOWN,NEEDS_RESEARCH,Codex,PRIMARY_SOURCE_RECHECK_AND_ANCHOR_REVIEW,2026-10-07,S-P04-06,S-P04-06,"Central refrigeration and cooled beer storage do not establish an available thermal buffer for shifting electrical demand. Need a named usable heat/cold store, operating window and quality constraints.","Central refrigeration and cooled beer storage do not establish an available thermal buffer for shifting electrical demand. Need a named usable heat/cold store, operating window and quality constraints.",NOT_GRANTED
RC-20261007-P04-incremental_load_score,P04,incremental_load_score,5,5,B,B,CONFIRMED,Codex,PRIMARY_SOURCE_RECHECK_AND_ANCHOR_REVIEW,2026-10-07,S-P04-06,S-P04-06,Primary source content and entity/period boundaries were re-read against coding_manual.md. The anchor remains supported within the stated confidence and conditional scope; unknown operational facts are not promoted to deployment or final approval.,"The company publicly plans electrification of heat supply using heat pumps and other measures. This supports material ordinal new-electric-load relevance without estimating kW, MW, MWh or connection capacity.",NOT_GRANTED
RC-20261007-P04-power_quality_score,P04,power_quality_score,1,1,C,C,CONFIRMED,Codex,PRIMARY_SOURCE_RECHECK_AND_ANCHOR_REVIEW,2026-10-07,S-P04-06,S-P04-06,Primary source content and entity/period boundaries were re-read against coding_manual.md. The anchor remains supported within the stated confidence and conditional scope; unknown operational facts are not promoted to deployment or final approval.,"Central refrigeration and planned heat-pump electrification make converter-related power-quality effects possible, but the repository contains no direct harmonic, reactive-power, peak-load or voltage-quality evidence.",NOT_GRANTED
RC-20261007-P04-onsite_integration_score,P04,onsite_integration_score,2,2,B,B,CONFIRMED,Codex,PRIMARY_SOURCE_RECHECK_AND_ANCHOR_REVIEW,2026-10-07,S-P04-06,S-P04-06,Primary source content and entity/period boundaries were re-read against coding_manual.md. The anchor remains supported within the stated confidence and conditional scope; unknown operational facts are not promoted to deployment or final approval.,"A 125 kWp PV installation is documented and the company plans additional electrification. This supports a clear onsite-generation integration use case, but no coordinated storage or microgrid deployment is evidenced.",NOT_GRANTED
RC-20261007-P04-measures_gap_score,P04,measures_gap_score,0,0,A,A,CONFIRMED,Codex,PRIMARY_SOURCE_RECHECK_AND_ANCHOR_REVIEW,2026-10-07,S-P04-06,S-P04-06,Primary source content and entity/period boundaries were re-read against coding_manual.md. The anchor remains supported within the stated confidence and conditional scope; unknown operational facts are not promoted to deployment or final approval.,"The report documents multiple concrete measures including an operational energy-management system and software, process-level reporting, commissioned PV, solar-thermal activity and prior malt-house modernisation. This is not a no-action case.",NOT_GRANTED
RC-20261007-P04-management_gap_score,P04,management_gap_score,2,2,B,B,CONFIRMED,Codex,PRIMARY_SOURCE_RECHECK_AND_ANCHOR_REVIEW,2026-10-07,S-P04-03 | S-P04-04 | S-P04-05 | S-P04-06,S-P04-03 | S-P04-04 | S-P04-05 | S-P04-06,Primary source content and entity/period boundaries were re-read against coding_manual.md. The anchor remains supported within the stated confidence and conditional scope; unknown operational facts are not promoted to deployment or final approval.,"Operational energy management and EMAS participation are documented, but no ISO 50001 certificate was found, the available ISO 14001 certificate is expired and current EMAS validity metadata remains unclear. The partial/other-system anchor is therefore proposed.",NOT_GRANTED
RC-20261007-P04-targets_gap_score,P04,targets_gap_score,0,0,A,A,CONFIRMED,Codex,PRIMARY_SOURCE_RECHECK_AND_ANCHOR_REVIEW,2026-10-07,S-P04-06,S-P04-06,Primary source content and entity/period boundaries were re-read against coding_manual.md. The anchor remains supported within the stated confidence and conditional scope; unknown operational facts are not promoted to deployment or final approval.,A quantified 42% Scope 1 and 2 reduction target by 2030 is documented together with a stated heat-electrification direction and planned heat-pump/solar measures.,NOT_GRANTED
RC-20261007-P04-investment_gap_score,P04,investment_gap_score,0,2,B,B,CORRECTED,Codex,PRIMARY_SOURCE_RECHECK_AND_ANCHOR_REVIEW,2026-10-07,S-P04-06,S-P04-06,"The 2023 report documents completed rooftop PV in 2023. Solar-thermal installation is beginning/planned; the malt-house energy upgrade is dated only 2021, without a commissioning month inside the strict 2021-10-07 to 2026-10-07 window. Count one safely dated completed project, not planned assets or an unbounded 2021 date.","The 2023 report documents completed rooftop PV in 2023. Solar-thermal installation is beginning/planned; the malt-house energy upgrade is dated only 2021, without a commissioning month inside the strict 2021-10-07 to 2026-10-07 window. Count one safely dated completed project, not planned assets or an unbounded 2021 date.",NOT_GRANTED
RC-20261007-P19-measures_gap_score,P19,measures_gap_score,7,7,B,B,CONFIRMED,Codex,PRIMARY_SOURCE_RECHECK_AND_ANCHOR_REVIEW,2026-10-07,S-P19-03,S-P19-03,Primary source content and entity/period boundaries were re-read against coding_manual.md. The anchor remains supported within the stated confidence and conditional scope; unknown operational facts are not promoted to deployment or final approval.,"The long-running EcoGlass programme publicly addresses the melting furnace, firing method and cullet optimisation, but the dossier explicitly avoids inferring a specific deployed energy technology from that programme. The intentions/programme anchor is therefore proposed.",NOT_GRANTED
RC-20261007-P19-management_gap_score,P19,management_gap_score,0,0,A,A,CONFIRMED,Codex,PRIMARY_SOURCE_RECHECK_AND_ANCHOR_REVIEW,2026-10-07,S-P19-04 | S-P19-05,S-P19-04 | S-P19-05,Primary source content and entity/period boundaries were re-read against coding_manual.md. The anchor remains supported within the stated confidence and conditional scope; unknown operational facts are not promoted to deployment or final approval.,Direct TÜV NORD certificates verify current ISO 50001 and ISO 14001 systems for cast-glass production at Wunsiedel.,NOT_GRANTED
RC-20261007-P19-targets_gap_score,P19,targets_gap_score,5,3,B,C,CORRECTED,Codex,PRIMARY_SOURCE_RECHECK_AND_ANCHOR_REVIEW,2026-10-07,S-P19-02 | S-P19-03 | S-P19-04 | S-P19-05,S-P19-02 | S-P19-03 | S-P19-04 | S-P19-05,"The inspected own production/environment/energy pages describe an undated efficiency, environmental or lower-emission ambition. No quantified dated roadmap is established. Under the manual, vague ambition is anchor 3; absence of a DATED target is not sufficient for the no-target anchor 5. Internal targets remain unknown.","The inspected own production/environment/energy pages describe an undated efficiency, environmental or lower-emission ambition. No quantified dated roadmap is established. Under the manual, vague ambition is anchor 3; absence of a DATED target is not sufficient for the no-target anchor 5. Internal targets remain unknown.",NOT_GRANTED
RC-20261007-P12-temperature_fit_score,P12,temperature_fit_score,10,10,A,A,CONFIRMED,Codex,PRIMARY_SOURCE_RECHECK_AND_ANCHOR_REVIEW,2026-10-07,S-P12-03,S-P12-03,Primary source content and entity/period boundaries were re-read against coding_manual.md. The anchor remains supported within the stated confidence and conditional scope; unknown operational facts are not promoted to deployment or final approval.,The validated EMAS statement documents 100–200 °C drying and curing stages in powder coating. This low-/medium-temperature thermal duty is a strong established fit for electric process-heat technologies without inferring site load.,NOT_GRANTED
RC-20261007-P12-process_electrification_score,P12,process_electrification_score,7,7,B,B,CONFIRMED,Codex,PRIMARY_SOURCE_RECHECK_AND_ANCHOR_REVIEW,2026-10-07,S-P12-02 | S-P12-03,S-P12-02 | S-P12-03,Primary source content and entity/period boundaries were re-read against coding_manual.md. The anchor remains supported within the stated confidence and conditional scope; unknown operational facts are not promoted to deployment or final approval.,"The company documents powder-coating drying/curing at 100–200 °C with LPG process heat. That creates one clear firm-specific process-heat electrification use case, but the stored evidence does not establish multiple separate electrification applications.",NOT_GRANTED
RC-20261007-P12-fossil_heat_displacement_score,P12,fossil_heat_displacement_score,4,4,A,A,CONFIRMED,Codex,PRIMARY_SOURCE_RECHECK_AND_ANCHOR_REVIEW,2026-10-07,S-P12-03 | S-P12-05,S-P12-03 | S-P12-05,Primary source content and entity/period boundaries were re-read against coding_manual.md. The anchor remains supported within the stated confidence and conditional scope; unknown operational facts are not promoted to deployment or final approval.,"The EMAS/Klimawin evidence identifies LPG as process heat for powder coating and sets an explicit LPG process-heat intensity reduction target. This supports material fossil-heat displacement potential, while the evidence does not establish that all central thermal service is substitutable.",NOT_GRANTED
RC-20261007-P12-motor_drive_score,P12,motor_drive_score,8,8,A,A,CONFIRMED,Codex,PRIMARY_SOURCE_RECHECK_AND_ANCHOR_REVIEW,2026-10-07,S-P12-03,S-P12-03,Primary source content and entity/period boundaries were re-read against coding_manual.md. The anchor remains supported within the stated confidence and conditional scope; unknown operational facts are not promoted to deployment or final approval.,"The validated environmental statement explicitly identifies compressed air, drives, pumps and motors as electricity users and documents a new compressed-air plant. This supports several material drive applications.",NOT_GRANTED
RC-20261007-P12-power_conversion_score,P12,power_conversion_score,5,5,B,B,CONFIRMED,Codex,PRIMARY_SOURCE_RECHECK_AND_ANCHOR_REVIEW,2026-10-07,S-P12-02 | S-P12-03,S-P12-02 | S-P12-03,Primary source content and entity/period boundaries were re-read against coding_manual.md. The anchor remains supported within the stated confidence and conditional scope; unknown operational facts are not promoted to deployment or final approval.,"The firm documents electrostatic powder coating and electrically driven compressed-air/process equipment. Electrostatic coating provides one clear firm-specific controlled high-voltage/power-conversion use case, but several central converter applications are not established.",NOT_GRANTED
RC-20261007-P12-automation_control_score,P12,automation_control_score,3,3,B,B,CONFIRMED,Codex,PRIMARY_SOURCE_RECHECK_AND_ANCHOR_REVIEW,2026-10-07,S-P12-03 | S-P12-05,S-P12-03 | S-P12-05,Primary source content and entity/period boundaries were re-read against coding_manual.md. The anchor remains supported within the stated confidence and conditional scope; unknown operational facts are not promoted to deployment or final approval.,"Operational energy management, process-heat reduction work and compressed-air optimisation are documented. This supports clear monitoring/control relevance, while the stored evidence does not demonstrate a strongly coordinated plant-wide control architecture.",NOT_GRANTED
RC-20261007-P12-scheduling_flex_score,P12,scheduling_flex_score,5,2,B,C,CORRECTED,Codex,PRIMARY_SOURCE_RECHECK_AND_ANCHOR_REVIEW,2026-10-07,S-P12-02 | S-P12-03,S-P12-02 | S-P12-03,"Discrete production stages or batch processing support only a weak sequencing hypothesis. The cited source does not establish spare capacity, safe interruption, dispatch permission or a usable shifting window.","Discrete production stages or batch processing support only a weak sequencing hypothesis. The cited source does not establish spare capacity, safe interruption, dispatch permission or a usable shifting window.",NOT_GRANTED
RC-20261007-P12-incremental_load_score,P12,incremental_load_score,5,5,B,B,CONFIRMED,Codex,PRIMARY_SOURCE_RECHECK_AND_ANCHOR_REVIEW,2026-10-07,S-P12-03 | S-P12-05,S-P12-03 | S-P12-05,Primary source content and entity/period boundaries were re-read against coding_manual.md. The anchor remains supported within the stated confidence and conditional scope; unknown operational facts are not promoted to deployment or final approval.,"Material LPG process heat at 100–200 °C is documented. Electrifying that process-heat duty would create material additional electrical-load relevance, without estimating kW, MW, MWh or connection capacity.",NOT_GRANTED
RC-20261007-P12-power_quality_score,P12,power_quality_score,1,1,C,C,CONFIRMED,Codex,PRIMARY_SOURCE_RECHECK_AND_ANCHOR_REVIEW,2026-10-07,S-P12-02 | S-P12-03,S-P12-02 | S-P12-03,Primary source content and entity/period boundaries were re-read against coding_manual.md. The anchor remains supported within the stated confidence and conditional scope; unknown operational facts are not promoted to deployment or final approval.,"Electrostatic powder coating plus several motor-driven loads make converter- and drive-related power-quality effects possible, but no harmonic, reactive-power, peak-load or voltage-quality evidence is documented.",NOT_GRANTED
RC-20261007-P12-onsite_integration_score,P12,onsite_integration_score,2,2,B,C,CORRECTED,Codex,PRIMARY_SOURCE_RECHECK_AND_ANCHOR_REVIEW,2026-10-07,S-P12-03 | S-P12-05,S-P12-03 | S-P12-05,The primary environmental/Klimawin reports explicitly describe own PV intended to supply 5–10% of demand and a storage option under consideration. One clear PLANNED integration use case is supported; commissioned PV/storage or coordinated dispatch is not established.,The primary environmental/Klimawin reports explicitly describe own PV intended to supply 5–10% of demand and a storage option under consideration. One clear PLANNED integration use case is supported; commissioned PV/storage or coordinated dispatch is not established.,NOT_GRANTED
RC-20261007-P12-measures_gap_score,P12,measures_gap_score,0,0,A,A,CONFIRMED,Codex,PRIMARY_SOURCE_RECHECK_AND_ANCHOR_REVIEW,2026-10-07,S-P12-03 | S-P12-05,S-P12-03 | S-P12-05,Primary source content and entity/period boundaries were re-read against coding_manual.md. The anchor remains supported within the stated confidence and conditional scope; unknown operational facts are not promoted to deployment or final approval.,"Several concrete measures are documented: operational EMAS/energy management, compressed-air plant replacement with measured electricity reduction, a process-heat reduction project and pellet building heat. Planned PV/storage/heat recovery are additional but are not counted as deployed.",NOT_GRANTED
RC-20261007-P12-management_gap_score,P12,management_gap_score,0,2,A,B,CORRECTED,Codex,PRIMARY_SOURCE_RECHECK_AND_ANCHOR_REVIEW,2026-10-07,S-P12-03 | S-P12-04,S-P12-03 | S-P12-04,"The rendered exact-holder EMAS certificate DE-136-00012 expires on 2026-09-11, before the check date. The 2025-11-21 validated statement and operational energy monitoring support a partial/other system; they do not extend the printed certificate expiry. No successor was verified in the current own download scope and exact-name successor checks. Certification discontinuation is not inferred.","The rendered exact-holder EMAS certificate DE-136-00012 expires on 2026-09-11, before the check date. The 2025-11-21 validated statement and operational energy monitoring support a partial/other system; they do not extend the printed certificate expiry. No successor was verified in the current own download scope and exact-name successor checks. Certification discontinuation is not inferred.",NOT_GRANTED
RC-20261007-P12-targets_gap_score,P12,targets_gap_score,0,0,A,A,CONFIRMED,Codex,PRIMARY_SOURCE_RECHECK_AND_ANCHOR_REVIEW,2026-10-07,S-P12-05 | S-P12-03,S-P12-05 | S-P12-03,Primary source content and entity/period boundaries were re-read against coding_manual.md. The anchor remains supported within the stated confidence and conditional scope; unknown operational facts are not promoted to deployment or final approval.,"The Klimawin report gives a dated Scope 1 target through 2026, a quantified LPG process-heat intensity reduction target and planned PV action. Together these form a dated target with a concrete implementation direction.",NOT_GRANTED
RC-20261007-P12-investment_gap_score,P12,investment_gap_score,0,0,B,B,CORRECTED,Codex,PRIMARY_SOURCE_RECHECK_AND_ANCHOR_REVIEW,2026-10-07,S-P12-03 | S-P12-05,S-P12-03 | S-P12-05,The environmental statement dates the efficient compressor replacement AND building-insulation project to 2023; the Klimawin report documents an implemented process-heat reduction project from August 2024. These are separate completed recent measures. Pellet heating dated only 2021 is not needed to establish the lookback anchor.,The environmental statement dates the efficient compressor replacement AND building-insulation project to 2023; the Klimawin report documents an implemented process-heat reduction project from August 2024. These are separate completed recent measures. Pellet heating dated only 2021 is not needed to establish the lookback anchor.,NOT_GRANTED
RC-20261007-P16-temperature_fit_score,P16,temperature_fit_score,3,3,B,B,CONFIRMED,Codex,PRIMARY_SOURCE_RECHECK_AND_ANCHOR_REVIEW,2026-10-07,S-P16-03,S-P16-03,Primary source content and entity/period boundaries were re-read against coding_manual.md. The anchor remains supported within the stated confidence and conditional scope; unknown operational facts are not promoted to deployment or final approval.,"Official production evidence documents debinding up to 1,100 °C and sintering at 1,200–1,750 °C in high-temperature and chamber furnaces. These very high process temperatures support the difficult/uncertain fit anchor rather than a strong low-temperature electrification fit.",NOT_GRANTED
RC-20261007-P16-scheduling_flex_score,P16,scheduling_flex_score,5,2,B,C,CORRECTED,Codex,PRIMARY_SOURCE_RECHECK_AND_ANCHOR_REVIEW,2026-10-07,S-P16-03,S-P16-03,"Discrete production stages or batch processing support only a weak sequencing hypothesis. The cited source does not establish spare capacity, safe interruption, dispatch permission or a usable shifting window.","Discrete production stages or batch processing support only a weak sequencing hypothesis. The cited source does not establish spare capacity, safe interruption, dispatch permission or a usable shifting window.",NOT_GRANTED
RC-20261007-P16-management_gap_score,P16,management_gap_score,0,0,A,A,CONFIRMED,Codex,PRIMARY_SOURCE_RECHECK_AND_ANCHOR_REVIEW,2026-10-07,S-P16-04 | S-P16-05,S-P16-04 | S-P16-05,Primary source content and entity/period boundaries were re-read against coding_manual.md. The anchor remains supported within the stated confidence and conditional scope; unknown operational facts are not promoted to deployment or final approval.,Direct current certificates verify ISO 50001:2018 and ISO 14001:2015 for the Lauf production site through June 2028.,NOT_GRANTED
RC-20261007-P16-targets_gap_score,P16,targets_gap_score,5,3,B,C,CORRECTED,Codex,PRIMARY_SOURCE_RECHECK_AND_ANCHOR_REVIEW,2026-10-07,S-P16-02 | S-P16-03 | S-P16-04 | S-P16-05,S-P16-02 | S-P16-03 | S-P16-04 | S-P16-05,"The inspected own production/environment/energy pages describe an undated efficiency, environmental or lower-emission ambition. No quantified dated roadmap is established. Under the manual, vague ambition is anchor 3; absence of a DATED target is not sufficient for the no-target anchor 5. Internal targets remain unknown.","The inspected own production/environment/energy pages describe an undated efficiency, environmental or lower-emission ambition. No quantified dated roadmap is established. Under the manual, vague ambition is anchor 3; absence of a DATED target is not sufficient for the no-target anchor 5. Internal targets remain unknown.",NOT_GRANTED
RC-20261007-P05-temperature_fit_score,P05,temperature_fit_score,10,10,A,A,CONFIRMED,Codex,PRIMARY_SOURCE_RECHECK_AND_ANCHOR_REVIEW,2026-10-07,S-P05-04,S-P05-04,Primary source content and entity/period boundaries were re-read against coding_manual.md. The anchor remains supported within the stated confidence and conditional scope; unknown operational facts are not promoted to deployment or final approval.,"The official environmental statement documents brewing, thermal dealcoholisation, pasteurisation and cleaning-related heat uses and explicitly plans electric clean-steam generation. The company's own programme therefore supports a strong established electric-process-heat fit.",NOT_GRANTED
RC-20261007-P05-process_electrification_score,P05,process_electrification_score,7,7,A,A,CONFIRMED,Codex,PRIMARY_SOURCE_RECHECK_AND_ANCHOR_REVIEW,2026-10-07,S-P05-04,S-P05-04,Primary source content and entity/period boundaries were re-read against coding_manual.md. The anchor remains supported within the stated confidence and conditional scope; unknown operational facts are not promoted to deployment or final approval.,"Electric clean-steam generation is an explicit firm-specific process-heat electrification project tied to brewing and cleaning heat demand. This is a clear use case, while multiple separately evidenced electric-process-heat applications are not yet documented.",NOT_GRANTED
RC-20261007-P05-fossil_heat_displacement_score,P05,fossil_heat_displacement_score,5,4,A,B,CORRECTED,Codex,PRIMARY_SOURCE_RECHECK_AND_ANCHOR_REVIEW,2026-10-07,S-P05-04,S-P05-04,"The 2025 environmental statement documents fossil thermal supply and plans only partial electric clean-steam provision for the KEG plant by end 2026. This supports material substitution potential, not evidence that the entire central thermal service is already replaced.","The 2025 environmental statement documents fossil thermal supply and plans only partial electric clean-steam provision for the KEG plant by end 2026. This supports material substitution potential, not evidence that the entire central thermal service is already replaced.",NOT_GRANTED
RC-20261007-P05-motor_drive_score,P05,motor_drive_score,8,8,A,A,CONFIRMED,Codex,PRIMARY_SOURCE_RECHECK_AND_ANCHOR_REVIEW,2026-10-07,S-P05-04,S-P05-04,Primary source content and entity/period boundaries were re-read against coding_manual.md. The anchor remains supported within the stated confidence and conditional scope; unknown operational facts are not promoted to deployment or final approval.,"The official statement documents cooling, refrigeration, pressure-air systems and ventilation together with production/filling processes. These constitute several material compressor, fan and pump/drive applications.",NOT_GRANTED
RC-20261007-P05-power_conversion_score,P05,power_conversion_score,5,5,B,B,CONFIRMED,Codex,PRIMARY_SOURCE_RECHECK_AND_ANCHOR_REVIEW,2026-10-07,S-P05-03 | S-P05-04,S-P05-03 | S-P05-04,Primary source content and entity/period boundaries were re-read against coding_manual.md. The anchor remains supported within the stated confidence and conditional scope; unknown operational facts are not promoted to deployment or final approval.,"Existing PV requires power conversion and the programme explicitly plans electric clean-steam generation. This supports at least one material firm-specific power-conversion/controlled-heat use case, but not several separately evidenced central converter applications.",NOT_GRANTED
RC-20261007-P05-automation_control_score,P05,automation_control_score,4,4,A,A,CONFIRMED,Codex,PRIMARY_SOURCE_RECHECK_AND_ANCHOR_REVIEW,2026-10-07,S-P05-04,S-P05-04,Primary source content and entity/period boundaries were re-read against coding_manual.md. The anchor remains supported within the stated confidence and conditional scope; unknown operational facts are not promoted to deployment or final approval.,"The company documents renewed process control and a dated programme to expand process monitoring. Combined with integrated brewing, cooling and utility systems, this supports strong coordinated-control relevance.",NOT_GRANTED
RC-20261007-P05-scheduling_flex_score,P05,scheduling_flex_score,5,2,B,C,CORRECTED,Codex,PRIMARY_SOURCE_RECHECK_AND_ANCHOR_REVIEW,2026-10-07,S-P05-04,S-P05-04,"Discrete production stages or batch processing support only a weak sequencing hypothesis. The cited source does not establish spare capacity, safe interruption, dispatch permission or a usable shifting window.","Discrete production stages or batch processing support only a weak sequencing hypothesis. The cited source does not establish spare capacity, safe interruption, dispatch permission or a usable shifting window.",NOT_GRANTED
RC-20261007-P05-thermal_storage_flex_score,P05,thermal_storage_flex_score,5,,B,UNKNOWN,NEEDS_RESEARCH,Codex,PRIMARY_SOURCE_RECHECK_AND_ANCHOR_REVIEW,2026-10-07,S-P05-04,S-P05-04,Cooled lager tanks and absorption refrigeration do not by themselves establish dispatchable thermal storage. Need a named useful heat/cold buffer and admissible charging/discharging window.,Cooled lager tanks and absorption refrigeration do not by themselves establish dispatchable thermal storage. Need a named useful heat/cold buffer and admissible charging/discharging window.,NOT_GRANTED
RC-20261007-P05-incremental_load_score,P05,incremental_load_score,5,5,A,A,CONFIRMED,Codex,PRIMARY_SOURCE_RECHECK_AND_ANCHOR_REVIEW,2026-10-07,S-P05-04,S-P05-04,Primary source content and entity/period boundaries were re-read against coding_manual.md. The anchor remains supported within the stated confidence and conditional scope; unknown operational facts are not promoted to deployment or final approval.,"Electric clean-steam generation is an explicit planned process-heat measure. Replacing part of central thermal service with electric steam would create material additional electrical-load relevance, without estimating kW, MW, MWh or grid capacity.",NOT_GRANTED
RC-20261007-P05-power_quality_score,P05,power_quality_score,1,1,C,C,CONFIRMED,Codex,PRIMARY_SOURCE_RECHECK_AND_ANCHOR_REVIEW,2026-10-07,S-P05-03 | S-P05-04,S-P05-03 | S-P05-04,Primary source content and entity/period boundaries were re-read against coding_manual.md. The anchor remains supported within the stated confidence and conditional scope; unknown operational facts are not promoted to deployment or final approval.,"PV, refrigeration/compressor systems, process control and planned electric clean steam create possible converter/drive-related power-quality relevance, but no direct harmonic, reactive-power, voltage-quality or peak-load issue is documented.",NOT_GRANTED
RC-20261007-P05-onsite_integration_score,P05,onsite_integration_score,2,2,A,A,CONFIRMED,Codex,PRIMARY_SOURCE_RECHECK_AND_ANCHOR_REVIEW,2026-10-07,S-P05-03 | S-P05-04,S-P05-03 | S-P05-04,Primary source content and entity/period boundaries were re-read against coding_manual.md. The anchor remains supported within the stated confidence and conditional scope; unknown operational facts are not promoted to deployment or final approval.,"The company documents onsite PV and biogas CHP, with CHP waste heat driving absorption chilling. This is a clear onsite-generation and energy-integration use case; a coordinated microgrid or battery/load-management architecture is not established.",NOT_GRANTED
RC-20261007-P05-measures_gap_score,P05,measures_gap_score,0,0,A,A,CONFIRMED,Codex,PRIMARY_SOURCE_RECHECK_AND_ANCHOR_REVIEW,2026-10-07,S-P05-03 | S-P05-04,S-P05-03 | S-P05-04,Primary source content and entity/period boundaries were re-read against coding_manual.md. The anchor remains supported within the stated confidence and conditional scope; unknown operational facts are not promoted to deployment or final approval.,"Several concrete measures are documented: PV, biogas CHP with absorption chilling, pressure-air and ventilation heat recovery, fermentation-CO2 recovery and process-control renewal.",NOT_GRANTED
RC-20261007-P05-management_gap_score,P05,management_gap_score,2,2,B,B,CONFIRMED,Codex,PRIMARY_SOURCE_RECHECK_AND_ANCHOR_REVIEW,2026-10-07,S-P05-03 | S-P05-04,S-P05-03 | S-P05-04,Primary source content and entity/period boundaries were re-read against coding_manual.md. The anchor remains supported within the stated confidence and conditional scope; unknown operational facts are not promoted to deployment or final approval.,"The company states EMAS registration since 2025 and long-running ISO 14001 certification, but current independent validity metadata is still unclear and no public ISO 50001 certificate was found. This supports the partial/other-system anchor rather than verified mature-system zero.",NOT_GRANTED
RC-20261007-P05-targets_gap_score,P05,targets_gap_score,0,0,A,A,CONFIRMED,Codex,PRIMARY_SOURCE_RECHECK_AND_ANCHOR_REVIEW,2026-10-07,S-P05-04,S-P05-04,Primary source content and entity/period boundaries were re-read against coding_manual.md. The anchor remains supported within the stated confidence and conditional scope; unknown operational facts are not promoted to deployment or final approval.,"The environmental statement documents net greenhouse-gas neutrality by 2045, a 40% reduction target by 2031 from 2021, and dated programme measures through 2026 including electric clean steam, waste-heat use and process monitoring.",NOT_GRANTED
RC-20261007-P05-investment_gap_score,P05,investment_gap_score,0,0,A,B,CORRECTED,Codex,PRIMARY_SOURCE_RECHECK_AND_ANCHOR_REVIEW,2026-10-07,S-P05-03 | S-P05-04,S-P05-03 | S-P05-04,"The primary 2025 environmental statement documents separate completed investment waves: process-control renewal in 2022–2024, wastewater-biogas/CHP/absorption cooling in 2023, and rooftop PV in 2025. These support several recent projects; the printed PV peak unit is internally suspect and is not used as a rating.","The primary 2025 environmental statement documents separate completed investment waves: process-control renewal in 2022–2024, wastewater-biogas/CHP/absorption cooling in 2023, and rooftop PV in 2025. These support several recent projects; the printed PV peak unit is internally suspect and is not used as a rating.",NOT_GRANTED
RC-20261007-P18-temperature_fit_score,P18,temperature_fit_score,3,3,B,B,CONFIRMED,Codex,PRIMARY_SOURCE_RECHECK_AND_ANCHOR_REVIEW,2026-10-07,S-P18-02 | S-P18-03,S-P18-02 | S-P18-03,Primary source content and entity/period boundaries were re-read against coding_manual.md. The anchor remains supported within the stated confidence and conditional scope; unknown operational facts are not promoted to deployment or final approval.,"Official company evidence documents glass melting, cylinder reheating and natural-gas firing. The exact furnace temperature is not stored, so the conservative difficult/uncertain temperature-fit anchor is proposed rather than a stronger electrification-fit score.",NOT_GRANTED
RC-20261007-P18-fossil_heat_displacement_score,P18,fossil_heat_displacement_score,4,4,A,A,CONFIRMED,Codex,PRIMARY_SOURCE_RECHECK_AND_ANCHOR_REVIEW,2026-10-07,S-P18-03,S-P18-03,Primary source content and entity/period boundaries were re-read against coding_manual.md. The anchor remains supported within the stated confidence and conditional scope; unknown operational facts are not promoted to deployment or final approval.,The company explicitly documents natural-gas firing in energy-intensive glass production. This establishes material fossil thermal service; the maximum central-substitution anchor is not used because no firm-specific electric replacement route is yet documented.,NOT_GRANTED
RC-20261007-P18-scheduling_flex_score,P18,scheduling_flex_score,2,2,B,B,CONFIRMED,Codex,PRIMARY_SOURCE_RECHECK_AND_ANCHOR_REVIEW,2026-10-07,S-P18-02,S-P18-02,Primary source content and entity/period boundaries were re-read against coding_manual.md. The anchor remains supported within the stated confidence and conditional scope; unknown operational facts are not promoted to deployment or final approval.,"The production sequence includes mouth blowing, cylinder reheating and sheet forming, which are discrete stages, while the core glass-melting thermal service is inherently persistent. This supports weak rather than strong scheduling flexibility.",NOT_GRANTED
RC-20261007-P18-incremental_load_score,P18,incremental_load_score,5,5,B,B,CONFIRMED,Codex,PRIMARY_SOURCE_RECHECK_AND_ANCHOR_REVIEW,2026-10-07,S-P18-02 | S-P18-03,S-P18-02 | S-P18-03,Primary source content and entity/period boundaries were re-read against coding_manual.md. The anchor remains supported within the stated confidence and conditional scope; unknown operational facts are not promoted to deployment or final approval.,"Natural-gas-fired glass melting is a material thermal service. If a material part of that firm-specific process is electrified, additional electrical-load relevance would be material; no kW, MW, MWh or connection-capacity estimate is inferred.",NOT_GRANTED
RC-20261007-P18-measures_gap_score,P18,measures_gap_score,3,3,B,B,CONFIRMED,Codex,PRIMARY_SOURCE_RECHECK_AND_ANCHOR_REVIEW,2026-10-07,S-P18-03 | S-P18-04,S-P18-03 | S-P18-04,Primary source content and entity/period boundaries were re-read against coding_manual.md. The anchor remains supported within the stated confidence and conditional scope; unknown operational facts are not promoted to deployment or final approval.,"The company documents ongoing firing-efficiency improvements, internal/external cullet use, modern flue-gas filtration and an operational ISO 50001 energy-management system. This supports some concrete transition/efficiency measures, but not a broad portfolio of deployed electrification, storage or heat-recovery solutions.",NOT_GRANTED
RC-20261007-P18-management_gap_score,P18,management_gap_score,0,0,A,A,CONFIRMED,Codex,PRIMARY_SOURCE_RECHECK_AND_ANCHOR_REVIEW,2026-10-07,S-P18-04,S-P18-04,Primary source content and entity/period boundaries were re-read against coding_manual.md. The anchor remains supported within the stated confidence and conditional scope; unknown operational facts are not promoted to deployment or final approval.,A direct current ISO 50001:2018 certificate verifies an operational energy-management system for glass manufacture at the Waldsassen production site through 19 December 2026.,NOT_GRANTED
RC-20261007-P18-targets_gap_score,P18,targets_gap_score,5,3,B,C,CORRECTED,Codex,PRIMARY_SOURCE_RECHECK_AND_ANCHOR_REVIEW,2026-10-07,S-P18-02 | S-P18-03 | S-P18-04,S-P18-02 | S-P18-03 | S-P18-04,"The inspected own production/environment/energy pages describe an undated efficiency, environmental or lower-emission ambition. No quantified dated roadmap is established. Under the manual, vague ambition is anchor 3; absence of a DATED target is not sufficient for the no-target anchor 5. Internal targets remain unknown.","The inspected own production/environment/energy pages describe an undated efficiency, environmental or lower-emission ambition. No quantified dated roadmap is established. Under the manual, vague ambition is anchor 3; absence of a DATED target is not sufficient for the no-target anchor 5. Internal targets remain unknown.",NOT_GRANTED
RC-20261007-P22-temperature_fit_score,P22,temperature_fit_score,10,10,A,C,CORRECTED,Codex,PRIMARY_SOURCE_RECHECK_AND_ANCHOR_REVIEW,2026-10-07,S-P22-02,S-P22-02,"The 2026-04-23 primary article describes a planned brewery heat-pump/vacuum-vapour-compression route. This supports strong established technology fit for the named brewery thermal service, not proof of commissioned site operation or an actual reported operating temperature.","The 2026-04-23 primary article describes a planned brewery heat-pump/vacuum-vapour-compression route. This supports strong established technology fit for the named brewery thermal service, not proof of commissioned site operation or an actual reported operating temperature.",NOT_GRANTED
RC-20261007-P22-process_electrification_score,P22,process_electrification_score,10,10,A,C,CORRECTED,Codex,PRIMARY_SOURCE_RECHECK_AND_ANCHOR_REVIEW,2026-10-07,S-P22-02,S-P22-02,"The primary project describes planned heat pumps and vacuum vapour compression as distinct supported thermal applications. The article says the new energy concept is being built; several proposed use cases are evidenced, but operating deployment is unverified.","The primary project describes planned heat pumps and vacuum vapour compression as distinct supported thermal applications. The article says the new energy concept is being built; several proposed use cases are evidenced, but operating deployment is unverified.",NOT_GRANTED
RC-20261007-P22-fossil_heat_displacement_score,P22,fossil_heat_displacement_score,5,,A,UNKNOWN,NEEDS_RESEARCH,Codex,PRIMARY_SOURCE_RECHECK_AND_ANCHOR_REVIEW,2026-10-07,S-P22-02,S-P22-02,"The article describes a future fossil-free new-production concept. Its 500-litre-oil comparison is an energy-equivalent illustration, not the existing plant fossil-fuel baseline. Need actual remaining fossil thermal supply and substitution scope; neither zero nor maximum displacement is established.","The article describes a future fossil-free new-production concept. Its 500-litre-oil comparison is an energy-equivalent illustration, not the existing plant fossil-fuel baseline. Need actual remaining fossil thermal supply and substitution scope; neither zero nor maximum displacement is established.",NOT_GRANTED
RC-20261007-P22-motor_drive_score,P22,motor_drive_score,5,5,B,C,CORRECTED,Codex,PRIMARY_SOURCE_RECHECK_AND_ANCHOR_REVIEW,2026-10-07,S-P22-02,S-P22-02,"Planned heat pumps and vapour compression establish a material compressor-drive use case conditional on the named demonstration. Commissioned operation, ratings and several intensive current applications are unverified.","Planned heat pumps and vapour compression establish a material compressor-drive use case conditional on the named demonstration. Commissioned operation, ratings and several intensive current applications are unverified.",NOT_GRANTED
RC-20261007-P22-power_conversion_score,P22,power_conversion_score,5,5,B,C,CORRECTED,Codex,PRIMARY_SOURCE_RECHECK_AND_ANCHOR_REVIEW,2026-10-07,S-P22-02,S-P22-02,The named demonstration combines planned own PV with heat pumps and vapour compression. One material converter/controlled-heat integration case is supported as engineering relevance; actual installed topology and commissioned operation are unverified.,The named demonstration combines planned own PV with heat pumps and vapour compression. One material converter/controlled-heat integration case is supported as engineering relevance; actual installed topology and commissioned operation are unverified.,NOT_GRANTED
RC-20261007-P22-automation_control_score,P22,automation_control_score,4,4,A,C,CORRECTED,Codex,PRIMARY_SOURCE_RECHECK_AND_ANCHOR_REVIEW,2026-10-07,S-P22-02,S-P22-02,"The planned system explicitly coordinates PV charging, heat storage and process use to reduce peaks. Strong coordinated-control relevance is supported for this design; current operational dispatch is not verified.","The planned system explicitly coordinates PV charging, heat storage and process use to reduce peaks. Strong coordinated-control relevance is supported for this design; current operational dispatch is not verified.",NOT_GRANTED
RC-20261007-P22-scheduling_flex_score,P22,scheduling_flex_score,8,5,A,C,CORRECTED,Codex,PRIMARY_SOURCE_RECHECK_AND_ANCHOR_REVIEW,2026-10-07,S-P22-02,S-P22-02,The article explicitly describes charging thermal stores with available PV and supplying the brewery later. This is one clear planned shifting/buffering route; multiple independently usable production-shift windows and commissioned dispatch are not established.,The article explicitly describes charging thermal stores with available PV and supplying the brewery later. This is one clear planned shifting/buffering route; multiple independently usable production-shift windows and commissioned dispatch are not established.,NOT_GRANTED
RC-20261007-P22-thermal_storage_flex_score,P22,thermal_storage_flex_score,7,7,A,C,CORRECTED,Codex,PRIMARY_SOURCE_RECHECK_AND_ANCHOR_REVIEW,2026-10-07,S-P22-02,S-P22-02,"The article describes delivery/installation of two buffer stores and one brewing-water store, including 55,000 litres/about 5,000 kWh for the largest. Substantial multi-use storage relevance is supported for the planned system; fully commissioned operation remains unverified.","The article describes delivery/installation of two buffer stores and one brewing-water store, including 55,000 litres/about 5,000 kWh for the largest. Substantial multi-use storage relevance is supported for the planned system; fully commissioned operation remains unverified.",NOT_GRANTED
RC-20261007-P22-incremental_load_score,P22,incremental_load_score,8,8,A,C,CORRECTED,Codex,PRIMARY_SOURCE_RECHECK_AND_ANCHOR_REVIEW,2026-10-07,S-P22-02,S-P22-02,"The source describes central new-brewery thermal demand and multiple planned electrically supplied heat technologies. This supports major ordinal future load-growth relevance IF the design is implemented. It does not establish present electrical demand, a remaining fossil baseline or grid headroom.","The source describes central new-brewery thermal demand and multiple planned electrically supplied heat technologies. This supports major ordinal future load-growth relevance IF the design is implemented. It does not establish present electrical demand, a remaining fossil baseline or grid headroom.",NOT_GRANTED
RC-20261007-P22-power_quality_score,P22,power_quality_score,1,1,C,C,CONFIRMED,Codex,PRIMARY_SOURCE_RECHECK_AND_ANCHOR_REVIEW,2026-10-07,S-P22-02,S-P22-02,Primary source content and entity/period boundaries were re-read against coding_manual.md. The anchor remains supported within the stated confidence and conditional scope; unknown operational facts are not promoted to deployment or final approval.,"PV, heat pumps and vapour-compression equipment create possible converter/drive-related power-quality relevance, but the repository contains no direct harmonic, reactive-power, voltage-quality or peak-current issue evidence.",NOT_GRANTED
RC-20261007-P22-onsite_integration_score,P22,onsite_integration_score,3,3,A,C,CORRECTED,Codex,PRIMARY_SOURCE_RECHECK_AND_ANCHOR_REVIEW,2026-10-07,S-P22-02,S-P22-02,"The planned design explicitly coordinates own PV, heat pumps, vapour compression and thermal stores. Coordinated onsite-integration fit is supported conditionally; completed deployment is not established by the April 2026 construction article.","The planned design explicitly coordinates own PV, heat pumps, vapour compression and thermal stores. Coordinated onsite-integration fit is supported conditionally; completed deployment is not established by the April 2026 construction article.",NOT_GRANTED
RC-20261007-P22-measures_gap_score,P22,measures_gap_score,0,7,A,B,CORRECTED,Codex,PRIMARY_SOURCE_RECHECK_AND_ANCHOR_REVIEW,2026-10-07,S-P22-02,S-P22-02,"The article describes a new demonstration under construction and store delivery/installation that week. It does not verify commissioned operation of the full PV/heat-pump/vapour-compression system. Count a concrete pilot/project only, not several completed operational measures.","The article describes a new demonstration under construction and store delivery/installation that week. It does not verify commissioned operation of the full PV/heat-pump/vapour-compression system. Count a concrete pilot/project only, not several completed operational measures.",NOT_GRANTED
RC-20261007-P22-management_gap_score,P22,management_gap_score,5,5,B,B,CONFIRMED,Codex,PRIMARY_SOURCE_RECHECK_AND_ANCHOR_REVIEW,2026-10-07,S-P22-01 | S-P22-02 | S-P22-03,S-P22-01 | S-P22-02 | S-P22-03,Primary source content and entity/period boundaries were re-read against coding_manual.md. The anchor remains supported within the stated confidence and conditional scope; unknown operational facts are not promoted to deployment or final approval.,"The mandatory certificate register records ISO 50001, ISO 14001 and EMAS as NOT_FOUND_AFTER_CHECK. The sophisticated project itself is not treated as proof of a formal management system.",NOT_GRANTED
RC-20261007-P22-targets_gap_score,P22,targets_gap_score,3,3,B,B,CONFIRMED,Codex,PRIMARY_SOURCE_RECHECK_AND_ANCHOR_REVIEW,2026-10-07,S-P22-02,S-P22-02,Primary source content and entity/period boundaries were re-read against coding_manual.md. The anchor remains supported within the stated confidence and conditional scope; unknown operational facts are not promoted to deployment or final approval.,"The company explicitly aims to substitute fossil fuels in process heat and operate the new brewery on renewable electricity, but the stored evidence does not provide a separate dated reduction target and roadmap metric.",NOT_GRANTED
RC-20261007-P22-investment_gap_score,P22,investment_gap_score,0,3,A,B,CORRECTED,Codex,PRIMARY_SOURCE_RECHECK_AND_ANCHOR_REVIEW,2026-10-07,S-P22-02,S-P22-02,"The 2026-04-23 article describes ONE integrated new-brewery demonstration under construction. Its PV, heat pumps, vapour compression and stores are components of that project, not independent completed investments. No commissioning/completion date is verified.","The 2026-04-23 article describes ONE integrated new-brewery demonstration under construction. Its PV, heat pumps, vapour compression and stores are components of that project, not independent completed investments. No commissioning/completion date is verified.",NOT_GRANTED
RC-20261007-P24-management_gap_score,P24,management_gap_score,0,0,A,A,CONFIRMED,Codex,PRIMARY_SOURCE_RECHECK_AND_ANCHOR_REVIEW,2026-10-07,S-P24-03,S-P24-03,Primary source content and entity/period boundaries were re-read against coding_manual.md. The anchor remains supported within the stated confidence and conditional scope; unknown operational facts are not promoted to deployment or final approval.,A direct SKZ-Cert ISO 50001:2018 certificate verifies the energy-management system for all consumed energy quantities through 3 July 2029.,NOT_GRANTED
RC-20261007-P24-targets_gap_score,P24,targets_gap_score,5,3,B,C,CORRECTED,Codex,PRIMARY_SOURCE_RECHECK_AND_ANCHOR_REVIEW,2026-10-07,S-P24-01 | S-P24-02 | S-P24-03,S-P24-01 | S-P24-02 | S-P24-03,"The inspected own production/environment/energy pages describe an undated efficiency, environmental or lower-emission ambition. No quantified dated roadmap is established. Under the manual, vague ambition is anchor 3; absence of a DATED target is not sufficient for the no-target anchor 5. Internal targets remain unknown.","The inspected own production/environment/energy pages describe an undated efficiency, environmental or lower-emission ambition. No quantified dated roadmap is established. Under the manual, vague ambition is anchor 3; absence of a DATED target is not sufficient for the no-target anchor 5. Internal targets remain unknown.",NOT_GRANTED
RC-20261007-P23-temperature_fit_score,P23,temperature_fit_score,10,,B,UNKNOWN,NEEDS_RESEARCH,Codex,PRIMARY_SOURCE_RECHECK_AND_ANCHOR_REVIEW,2026-10-07,S-P23-02,S-P23-02,"The company documents fully electric injection-machine drives, not an actual process-heating route, operating temperature or remaining thermal substitution duty. Electric drive technology cannot establish process-heat temperature fit or thermal electrification. Need firm-specific thermal equipment/temperature/carrier evidence.","The company documents fully electric injection-machine drives, not an actual process-heating route, operating temperature or remaining thermal substitution duty. Electric drive technology cannot establish process-heat temperature fit or thermal electrification. Need firm-specific thermal equipment/temperature/carrier evidence.",NOT_GRANTED
RC-20261007-P23-process_electrification_score,P23,process_electrification_score,7,,A,UNKNOWN,NEEDS_RESEARCH,Codex,PRIMARY_SOURCE_RECHECK_AND_ANCHOR_REVIEW,2026-10-07,S-P23-02,S-P23-02,"The company documents fully electric injection-machine drives, not an actual process-heating route, operating temperature or remaining thermal substitution duty. Electric drive technology cannot establish process-heat temperature fit or thermal electrification. Need firm-specific thermal equipment/temperature/carrier evidence.","The company documents fully electric injection-machine drives, not an actual process-heating route, operating temperature or remaining thermal substitution duty. Electric drive technology cannot establish process-heat temperature fit or thermal electrification. Need firm-specific thermal equipment/temperature/carrier evidence.",NOT_GRANTED
RC-20261007-P23-motor_drive_score,P23,motor_drive_score,5,5,B,B,CONFIRMED,Codex,PRIMARY_SOURCE_RECHECK_AND_ANCHOR_REVIEW,2026-10-07,S-P23-02,S-P23-02,Primary source content and entity/period boundaries were re-read against coding_manual.md. The anchor remains supported within the stated confidence and conditional scope; unknown operational facts are not promoted to deployment or final approval.,"The company directly documents electric injection-moulding machines. This supports material electric drive relevance, while the repository does not establish several separate intensive drive systems or the machine drive architecture.",NOT_GRANTED
RC-20261007-P23-power_quality_score,P23,power_quality_score,1,1,C,C,CONFIRMED,Codex,PRIMARY_SOURCE_RECHECK_AND_ANCHOR_REVIEW,2026-10-07,S-P23-02,S-P23-02,Primary source content and entity/period boundaries were re-read against coding_manual.md. The anchor remains supported within the stated confidence and conditional scope; unknown operational facts are not promoted to deployment or final approval.,"Electric injection-moulding machines create possible drive/converter-related power-quality relevance, but no harmonic, reactive-power, voltage-quality or peak-load problem is documented.",NOT_GRANTED
RC-20261007-P23-measures_gap_score,P23,measures_gap_score,0,0,A,A,CONFIRMED,Codex,PRIMARY_SOURCE_RECHECK_AND_ANCHOR_REVIEW,2026-10-07,S-P23-02 | S-P23-04,S-P23-02 | S-P23-04,Primary source content and entity/period boundaries were re-read against coding_manual.md. The anchor remains supported within the stated confidence and conditional scope; unknown operational facts are not promoted to deployment or final approval.,"Several concrete measures are directly documented: electric injection-moulding machines, closed-loop mould cooling, reuse of machine waste heat for production/warehouse heating and an operational ISO 50001 system.",NOT_GRANTED
RC-20261007-P23-management_gap_score,P23,management_gap_score,0,0,A,A,CONFIRMED,Codex,PRIMARY_SOURCE_RECHECK_AND_ANCHOR_REVIEW,2026-10-07,S-P23-04,S-P23-04,Primary source content and entity/period boundaries were re-read against coding_manual.md. The anchor remains supported within the stated confidence and conditional scope; unknown operational facts are not promoted to deployment or final approval.,A direct TÜV NORD ISO 50001:2018 certificate verifies the operational energy-management system for the Lennestadt injection-moulding site through 21 May 2027.,NOT_GRANTED
RC-20261007-P23-targets_gap_score,P23,targets_gap_score,5,3,B,C,CORRECTED,Codex,PRIMARY_SOURCE_RECHECK_AND_ANCHOR_REVIEW,2026-10-07,S-P23-01 | S-P23-02 | S-P23-04,S-P23-01 | S-P23-02 | S-P23-04,"The inspected own production/environment/energy pages describe an undated efficiency, environmental or lower-emission ambition. No quantified dated roadmap is established. Under the manual, vague ambition is anchor 3; absence of a DATED target is not sufficient for the no-target anchor 5. Internal targets remain unknown.","The inspected own production/environment/energy pages describe an undated efficiency, environmental or lower-emission ambition. No quantified dated roadmap is established. Under the manual, vague ambition is anchor 3; absence of a DATED target is not sufficient for the no-target anchor 5. Internal targets remain unknown.",NOT_GRANTED
RC-20261007-P11-automation_control_score,P11,automation_control_score,1,1,B,B,CONFIRMED,Codex,PRIMARY_SOURCE_RECHECK_AND_ANCHOR_REVIEW,2026-10-07,S-P11-02,S-P11-02,Primary source content and entity/period boundaries were re-read against coding_manual.md. The anchor remains supported within the stated confidence and conditional scope; unknown operational facts are not promoted to deployment or final approval.,"The company directly documents digital process-data work in electroplating. This supports limited monitoring/control relevance, but not a strongly coordinated plant-wide control architecture.",NOT_GRANTED
RC-20261007-P11-measures_gap_score,P11,measures_gap_score,7,7,B,B,CONFIRMED,Codex,PRIMARY_SOURCE_RECHECK_AND_ANCHOR_REVIEW,2026-10-07,S-P11-02 | S-P11-03,S-P11-02 | S-P11-03,Primary source content and entity/period boundaries were re-read against coding_manual.md. The anchor remains supported within the stated confidence and conditional scope; unknown operational facts are not promoted to deployment or final approval.,"Galvanik 4.1 digital process-data work and certified management systems are documented, but no concrete deployed energy technology measure is established in the current dossier. This supports the intentions/pilot anchor rather than zero measures.",NOT_GRANTED
RC-20261007-P11-management_gap_score,P11,management_gap_score,0,0,A,A,CONFIRMED,Codex,PRIMARY_SOURCE_RECHECK_AND_ANCHOR_REVIEW,2026-10-07,S-P11-03,S-P11-03,Primary source content and entity/period boundaries were re-read against coding_manual.md. The anchor remains supported within the stated confidence and conditional scope; unknown operational facts are not promoted to deployment or final approval.,A direct current LRQA certificate verifies ISO 50001:2018 and ISO 14001:2015 for the Hüttenberg and Wetzlar surface-treatment sites through 1 March 2029.,NOT_GRANTED
RC-20261007-P11-targets_gap_score,P11,targets_gap_score,3,3,B,B,CONFIRMED,Codex,PRIMARY_SOURCE_RECHECK_AND_ANCHOR_REVIEW,2026-10-07,S-P11-01 | S-P11-02,S-P11-01 | S-P11-02,Primary source content and entity/period boundaries were re-read against coding_manual.md. The anchor remains supported within the stated confidence and conditional scope; unknown operational facts are not promoted to deployment or final approval.,The canonical record notes a sustainability strategy but no quantified site target. That supports a vague/undated ambition rather than a dated target or a complete no-target finding.,NOT_GRANTED
RC-20261007-P11-investment_gap_score,P11,investment_gap_score,3,3,B,B,CONFIRMED,Codex,PRIMARY_SOURCE_RECHECK_AND_ANCHOR_REVIEW,2026-10-07,S-P11-02,S-P11-02,Primary source content and entity/period boundaries were re-read against coding_manual.md. The anchor remains supported within the stated confidence and conditional scope; unknown operational facts are not promoted to deployment or final approval.,"The Galvanik 4.1 research and digital process-data initiative is a documented pilot/research activity, while no several recent energy-transition investments are established in the current dossier.",NOT_GRANTED
RC-20261007-P53-power_conversion_score,P53,power_conversion_score,2,2,B,B,CONFIRMED,Codex,PRIMARY_SOURCE_RECHECK_AND_ANCHOR_REVIEW,2026-10-07,S-P53-02,S-P53-02,Primary source content and entity/period boundaries were re-read against coding_manual.md. The anchor remains supported within the stated confidence and conditional scope; unknown operational facts are not promoted to deployment or final approval.,"Onsite photovoltaic generation is directly documented, establishing a firm-specific inverter/power-conversion application. The evidence does not establish several central converter or controlled-electric-heat applications.",NOT_GRANTED
RC-20261007-P53-scheduling_flex_score,P53,scheduling_flex_score,5,5,B,B,CONFIRMED,Codex,PRIMARY_SOURCE_RECHECK_AND_ANCHOR_REVIEW,2026-10-07,S-P53-02,S-P53-02,Primary source content and entity/period boundaries were re-read against coding_manual.md. The anchor remains supported within the stated confidence and conditional scope; unknown operational facts are not promoted to deployment or final approval.,"The company directly documents a heat store integrated with brewery process heat. This provides a real buffer between heat generation and use and therefore supports meaningful scheduling/buffering relevance, without proving several strong shifting options.",NOT_GRANTED
RC-20261007-P53-thermal_storage_flex_score,P53,thermal_storage_flex_score,5,5,A,A,CONFIRMED,Codex,PRIMARY_SOURCE_RECHECK_AND_ANCHOR_REVIEW,2026-10-07,S-P53-02,S-P53-02,Primary source content and entity/period boundaries were re-read against coding_manual.md. The anchor remains supported within the stated confidence and conditional scope; unknown operational facts are not promoted to deployment or final approval.,"A heat store is directly documented in the brewery energy system. Its size and multi-use flexibility are not established, so the clear-buffer anchor is used rather than the maximum.",NOT_GRANTED
RC-20261007-P53-power_quality_score,P53,power_quality_score,1,1,C,C,CONFIRMED,Codex,PRIMARY_SOURCE_RECHECK_AND_ANCHOR_REVIEW,2026-10-07,S-P53-02,S-P53-02,Primary source content and entity/period boundaries were re-read against coding_manual.md. The anchor remains supported within the stated confidence and conditional scope; unknown operational facts are not promoted to deployment or final approval.,"Onsite PV creates a plausible converter-related power-quality relevance, but no harmonic, reactive-power, voltage-quality or peak-load issue is documented.",NOT_GRANTED
RC-20261007-P53-onsite_integration_score,P53,onsite_integration_score,2,2,A,A,CONFIRMED,Codex,PRIMARY_SOURCE_RECHECK_AND_ANCHOR_REVIEW,2026-10-07,S-P53-02,S-P53-02,Primary source content and entity/period boundaries were re-read against coding_manual.md. The anchor remains supported within the stated confidence and conditional scope; unknown operational facts are not promoted to deployment or final approval.,"Photovoltaic generation is directly documented alongside process-heat recovery and thermal storage. This establishes a clear onsite-energy integration case, while coordinated PV/storage/load-management operation is not explicitly documented.",NOT_GRANTED
RC-20261007-P53-measures_gap_score,P53,measures_gap_score,0,0,A,A,CONFIRMED,Codex,PRIMARY_SOURCE_RECHECK_AND_ANCHOR_REVIEW,2026-10-07,S-P53-02,S-P53-02,Primary source content and entity/period boundaries were re-read against coding_manual.md. The anchor remains supported within the stated confidence and conditional scope; unknown operational facts are not promoted to deployment or final approval.,"Several concrete deployed measures are documented: biomass heat, photovoltaic generation, process-heat recovery and heat storage.",NOT_GRANTED
RC-20261007-P53-management_gap_score,P53,management_gap_score,5,5,B,B,CONFIRMED,Codex,PRIMARY_SOURCE_RECHECK_AND_ANCHOR_REVIEW,2026-10-07,S-P53-01 | S-P53-02,S-P53-01 | S-P53-02,Primary source content and entity/period boundaries were re-read against coding_manual.md. The anchor remains supported within the stated confidence and conditional scope; unknown operational facts are not promoted to deployment or final approval.,"ISO 50001, ISO 14001 and EMAS are all recorded as NOT_FOUND_AFTER_CHECK in the mandatory certificate review. This is a public-evidence gap score, not a claim that no internal system exists.",NOT_GRANTED
RC-20261007-P53-targets_gap_score,P53,targets_gap_score,5,3,B,C,CORRECTED,Codex,PRIMARY_SOURCE_RECHECK_AND_ANCHOR_REVIEW,2026-10-07,S-P53-01 | S-P53-02,S-P53-01 | S-P53-02,"The inspected own production/environment/energy pages describe an undated efficiency, environmental or lower-emission ambition. No quantified dated roadmap is established. Under the manual, vague ambition is anchor 3; absence of a DATED target is not sufficient for the no-target anchor 5. Internal targets remain unknown.","The inspected own production/environment/energy pages describe an undated efficiency, environmental or lower-emission ambition. No quantified dated roadmap is established. Under the manual, vague ambition is anchor 3; absence of a DATED target is not sufficient for the no-target anchor 5. Internal targets remain unknown.",NOT_GRANTED
RC-20261007-P20-temperature_fit_score,P20,temperature_fit_score,3,3,A,A,CONFIRMED,Codex,PRIMARY_SOURCE_RECHECK_AND_ANCHOR_REVIEW,2026-10-07,S-P20-04,S-P20-04,Primary source content and entity/period boundaries were re-read against coding_manual.md. The anchor remains supported within the stated confidence and conditional scope; unknown operational facts are not promoted to deployment or final approval.,"The official company process page documents manual hot forming with firing materials at approximately 800 °C. This is direct high-temperature process evidence, but no firm-specific electric-heating technology fit is established, so the conservative difficult/uncertain anchor is proposed.",NOT_GRANTED
RC-20261007-P20-process_electrification_score,P20,process_electrification_score,3,3,B,B,CONFIRMED,Codex,PRIMARY_SOURCE_RECHECK_AND_ANCHOR_REVIEW,2026-10-07,S-P20-04,S-P20-04,Primary source content and entity/period boundaries were re-read against coding_manual.md. The anchor remains supported within the stated confidence and conditional scope; unknown operational facts are not promoted to deployment or final approval.,"A firm-specific firing/hot-forming process at approximately 800 °C is directly documented. It creates an identifiable electrification-relevant process, but no electric kiln, resistance-heating retrofit or other company-specific electrification route is documented.",NOT_GRANTED
RC-20261007-P20-scheduling_flex_score,P20,scheduling_flex_score,5,2,A,C,CORRECTED,Codex,PRIMARY_SOURCE_RECHECK_AND_ANCHOR_REVIEW,2026-10-07,S-P20-04,S-P20-04,"Discrete production stages or batch processing support only a weak sequencing hypothesis. The cited source does not establish spare capacity, safe interruption, dispatch permission or a usable shifting window.","Discrete production stages or batch processing support only a weak sequencing hypothesis. The cited source does not establish spare capacity, safe interruption, dispatch permission or a usable shifting window.",NOT_GRANTED
RC-20261007-P20-measures_gap_score,P20,measures_gap_score,10,10,B,B,CONFIRMED,Codex,PRIMARY_SOURCE_RECHECK_AND_ANCHOR_REVIEW,2026-10-07,S-P20-01 | S-P20-02 | S-P20-03 | S-P20-04,S-P20-01 | S-P20-02 | S-P20-03 | S-P20-04,Primary source content and entity/period boundaries were re-read against coding_manual.md. The anchor remains supported within the stated confidence and conditional scope; unknown operational facts are not promoted to deployment or final approval.,"The checked legal, company, industry-network and process sources establish the production process but do not document a concrete deployed site-energy or decarbonisation measure. This is a public-evidence gap, not proof that no measure exists internally.",NOT_GRANTED
RC-20261007-P20-management_gap_score,P20,management_gap_score,5,5,B,B,CONFIRMED,Codex,PRIMARY_SOURCE_RECHECK_AND_ANCHOR_REVIEW,2026-10-07,S-P20-01 | S-P20-02 | S-P20-03 | S-P20-04,S-P20-01 | S-P20-02 | S-P20-03 | S-P20-04,Primary source content and entity/period boundaries were re-read against coding_manual.md. The anchor remains supported within the stated confidence and conditional scope; unknown operational facts are not promoted to deployment or final approval.,"ISO 50001, ISO 14001 and EMAS are all recorded as NOT_FOUND_AFTER_CHECK in the mandatory certificate review. The score represents the public evidence gap only.",NOT_GRANTED
RC-20261007-P20-targets_gap_score,P20,targets_gap_score,5,5,B,B,CONFIRMED,Codex,PRIMARY_SOURCE_RECHECK_AND_ANCHOR_REVIEW,2026-10-07,S-P20-01 | S-P20-02 | S-P20-03 | S-P20-04,S-P20-01 | S-P20-02 | S-P20-03 | S-P20-04,Primary source content and entity/period boundaries were re-read against coding_manual.md. The anchor remains supported within the stated confidence and conditional scope; unknown operational facts are not promoted to deployment or final approval.,The canonical company record states that no dated site-energy or decarbonisation target was found in the checked public sources.,NOT_GRANTED
RC-20261007-P21-motor_drive_score,P21,motor_drive_score,5,5,B,B,CONFIRMED,Codex,PRIMARY_SOURCE_RECHECK_AND_ANCHOR_REVIEW,2026-10-07,S-P21-02,S-P21-02,Primary source content and entity/period boundaries were re-read against coding_manual.md. The anchor remains supported within the stated confidence and conditional scope; unknown operational facts are not promoted to deployment or final approval.,Efficient compressors support material drive relevance; no multiple-intensive-drive anchor is justified.,NOT_GRANTED
RC-20261007-P21-measures_gap_score,P21,measures_gap_score,0,0,B,B,CONFIRMED,Codex,PRIMARY_SOURCE_RECHECK_AND_ANCHOR_REVIEW,2026-10-07,S-P21-02 | S-P21-04,S-P21-02 | S-P21-04,Primary source content and entity/period boundaries were re-read against coding_manual.md. The anchor remains supported within the stated confidence and conditional scope; unknown operational facts are not promoted to deployment or final approval.,"The washer, air heat recovery and solar-air drying document several measures. The 2026 report corroborates the washer, not every older installation.",NOT_GRANTED
RC-20261007-P21-management_gap_score,P21,management_gap_score,2,2,C,C,CONFIRMED,Codex,PRIMARY_SOURCE_RECHECK_AND_ANCHOR_REVIEW,2026-10-07,S-P21-04,S-P21-04,Primary source content and entity/period boundaries were re-read against coding_manual.md. The anchor remains supported within the stated confidence and conditional scope; unknown operational facts are not promoted to deployment or final approval.,"Ecocockpit provides a carbon-accounting basis. This is a provisional partial-system interpretation, not a verified EnMS or ISO 50001 claim.",NOT_GRANTED
RC-20261007-P21-targets_gap_score,P21,targets_gap_score,3,3,C,C,CONFIRMED,Codex,PRIMARY_SOURCE_RECHECK_AND_ANCHOR_REVIEW,2026-10-07,S-P21-02 | S-P21-04,S-P21-02 | S-P21-04,Primary source content and entity/period boundaries were re-read against coding_manual.md. The anchor remains supported within the stated confidence and conditional scope; unknown operational facts are not promoted to deployment or final approval.,Transformation intent is documented without a site-specific deadline and roadmap.,NOT_GRANTED
RC-20261007-P27-process_electrification_score,P27,process_electrification_score,7,7,C,C,CONFIRMED,Codex,PRIMARY_SOURCE_RECHECK_AND_ANCHOR_REVIEW,2026-10-07,S-P27-03,S-P27-03,Primary source content and entity/period boundaries were re-read against coding_manual.md. The anchor remains supported within the stated confidence and conditional scope; unknown operational facts are not promoted to deployment or final approval.,"ENITEC documents electrically heated small ovens. This establishes a historical firm-specific route, not current deployment or remaining fossil-heat displacement.",NOT_GRANTED
RC-20261007-P27-motor_drive_score,P27,motor_drive_score,8,8,B,B,CONFIRMED,Codex,PRIMARY_SOURCE_RECHECK_AND_ANCHOR_REVIEW,2026-10-07,S-P27-04,S-P27-04,Primary source content and entity/period boundaries were re-read against coding_manual.md. The anchor remains supported within the stated confidence and conditional scope; unknown operational facts are not promoted to deployment or final approval.,Multiple CNC and NC machining and grinding applications support the ordinal maximum drive anchor. No site electricity demand is estimated.,NOT_GRANTED
RC-20261007-P27-automation_control_score,P27,automation_control_score,3,3,B,B,CONFIRMED,Codex,PRIMARY_SOURCE_RECHECK_AND_ANCHOR_REVIEW,2026-10-07,S-P27-04,S-P27-04,Primary source content and entity/period boundaries were re-read against coding_manual.md. The anchor remains supported within the stated confidence and conditional scope; unknown operational facts are not promoted to deployment or final approval.,CNC-controlled machining supports clear control relevance; coordinated site energy control remains unproven.,NOT_GRANTED
RC-20261007-P27-management_gap_score,P27,management_gap_score,5,5,C,C,CONFIRMED,Codex,PRIMARY_SOURCE_RECHECK_AND_ANCHOR_REVIEW,2026-10-07,S-P27-01 | S-P27-04,S-P27-01 | S-P27-04,Primary source content and entity/period boundaries were re-read against coding_manual.md. The anchor remains supported within the stated confidence and conditional scope; unknown operational facts are not promoted to deployment or final approval.,"The recorded ISO 50001, ISO 14001 and EMAS checks found no public evidence. ISO 9001 is a quality-system claim; it does not close the energy/environmental gap. This is public-evidence coding, not non-certification proof.",NOT_GRANTED
RC-20261007-P27-targets_gap_score,P27,targets_gap_score,5,5,C,C,CONFIRMED,Codex,PRIMARY_SOURCE_RECHECK_AND_ANCHOR_REVIEW,2026-10-07,S-P27-01 | S-P27-03,S-P27-01 | S-P27-03,Primary source content and entity/period boundaries were re-read against coding_manual.md. The anchor remains supported within the stated confidence and conditional scope; unknown operational facts are not promoted to deployment or final approval.,The stored search scope records no dated site target. A historical project-level savings aim cannot substitute for a current company roadmap. Internal targets remain unknown.,NOT_GRANTED
RC-20261007-P30-automation_control_score,P30,automation_control_score,3,3,B,B,CONFIRMED,Codex,PRIMARY_SOURCE_RECHECK_AND_ANCHOR_REVIEW,2026-10-07,S-P30-04,S-P30-04,Primary source content and entity/period boundaries were re-read against coding_manual.md. The anchor remains supported within the stated confidence and conditional scope; unknown operational facts are not promoted to deployment or final approval.,Individually adjustable tank cooling supports process-control relevance; this is not coordinated energy/load management.,NOT_GRANTED
RC-20261007-P30-scheduling_flex_score,P30,scheduling_flex_score,2,2,C,C,CONFIRMED,Codex,PRIMARY_SOURCE_RECHECK_AND_ANCHOR_REVIEW,2026-10-07,S-P30-05,S-P30-05,Primary source content and entity/period boundaries were re-read against coding_manual.md. The anchor remains supported within the stated confidence and conditional scope; unknown operational facts are not promoted to deployment or final approval.,"Separate brews provide discrete stages; prolonged quality-constrained maturation justifies only a weak scheduling proposal, not dispatchable flexibility.",NOT_GRANTED
RC-20261007-P30-onsite_integration_score,P30,onsite_integration_score,2,2,C,C,CONFIRMED,Codex,PRIMARY_SOURCE_RECHECK_AND_ANCHOR_REVIEW,2026-10-07,S-P30-03,S-P30-03,Primary source content and entity/period boundaries were re-read against coding_manual.md. The anchor remains supported within the stated confidence and conditional scope; unknown operational facts are not promoted to deployment or final approval.,The company reports PV expansion alongside its production energy measures. One onsite generation use case is proposed; coordinated control is not established.,NOT_GRANTED
RC-20261007-P30-measures_gap_score,P30,measures_gap_score,3,3,B,B,CONFIRMED,Codex,PRIMARY_SOURCE_RECHECK_AND_ANCHOR_REVIEW,2026-10-07,S-P30-03 | S-P30-04,S-P30-03 | S-P30-04,Primary source content and entity/period boundaries were re-read against coding_manual.md. The anchor remains supported within the stated confidence and conditional scope; unknown operational facts are not promoted to deployment or final approval.,Efficient tank cooling is directly documented. Other energy measures are publicly listed; their individual commissioning dates remain open.,NOT_GRANTED
RC-20261007-P30-management_gap_score,P30,management_gap_score,3,3,C,C,CONFIRMED,Codex,PRIMARY_SOURCE_RECHECK_AND_ANCHOR_REVIEW,2026-10-07,S-P30-03,S-P30-03,Primary source content and entity/period boundaries were re-read against coding_manual.md. The anchor remains supported within the stated confidence and conditional scope; unknown operational facts are not promoted to deployment or final approval.,"EMAS is claimed, but the linked declaration is unavailable and current registration validity remains unresolved. No mature verified-system anchor is proposed.",NOT_GRANTED
RC-20261007-P30-targets_gap_score,P30,targets_gap_score,3,3,C,C,CONFIRMED,Codex,PRIMARY_SOURCE_RECHECK_AND_ANCHOR_REVIEW,2026-10-07,S-P30-03,S-P30-03,Primary source content and entity/period boundaries were re-read against coding_manual.md. The anchor remains supported within the stated confidence and conditional scope; unknown operational facts are not promoted to deployment or final approval.,Continuous emissions reduction is stated without a dated site target or implementation roadmap in the checked scope.,NOT_GRANTED
RC-20261007-P30-investment_gap_score,P30,investment_gap_score,2,2,B,B,CONFIRMED,Codex,PRIMARY_SOURCE_RECHECK_AND_ANCHOR_REVIEW,2026-10-07,S-P30-04,S-P30-04,Primary source content and entity/period boundaries were re-read against coding_manual.md. The anchor remains supported within the stated confidence and conditional scope; unknown operational facts are not promoted to deployment or final approval.,The maturation-cellar completion in 2025 falls within the 2021-10-06 to 2026-10-06 lookback. Undated additional measures are not counted as recent investments.,NOT_GRANTED
RC-20261007-P31-fossil_heat_displacement_score,P31,fossil_heat_displacement_score,0,0,B,B,CONFIRMED,Codex,PRIMARY_SOURCE_RECHECK_AND_ANCHOR_REVIEW,2026-10-07,S-P31-02,S-P31-02,Primary source content and entity/period boundaries were re-read against coding_manual.md. The anchor remains supported within the stated confidence and conditional scope; unknown operational facts are not promoted to deployment or final approval.,"The 2024 government case assigns all reported heat to wood chips and biogas. Zero describes this documented baseline, not all future/back-up fuels or zero electrification relevance.",NOT_GRANTED
RC-20261007-P31-scheduling_flex_score,P31,scheduling_flex_score,2,2,C,C,CONFIRMED,Codex,PRIMARY_SOURCE_RECHECK_AND_ANCHOR_REVIEW,2026-10-07,S-P31-04,S-P31-04,Primary source content and entity/period boundaries were re-read against coding_manual.md. The anchor remains supported within the stated confidence and conditional scope; unknown operational facts are not promoted to deployment or final approval.,Discrete brewing and lengthy temperature-constrained fermentation/maturation support only weak scheduling relevance. No usable load shifting is claimed.,NOT_GRANTED
RC-20261007-P31-onsite_integration_score,P31,onsite_integration_score,2,2,B,B,CONFIRMED,Codex,PRIMARY_SOURCE_RECHECK_AND_ANCHOR_REVIEW,2026-10-07,S-P31-03,S-P31-03,Primary source content and entity/period boundaries were re-read against coding_manual.md. The anchor remains supported within the stated confidence and conditional scope; unknown operational facts are not promoted to deployment or final approval.,Operating onsite PV supports a clear generation/production integration use case. Charging and expansion do not prove coordinated load control.,NOT_GRANTED
RC-20261007-P31-measures_gap_score,P31,measures_gap_score,0,0,B,B,CONFIRMED,Codex,PRIMARY_SOURCE_RECHECK_AND_ANCHOR_REVIEW,2026-10-07,S-P31-02 | S-P31-03 | S-P31-04,S-P31-02 | S-P31-03 | S-P31-04,Primary source content and entity/period boundaries were re-read against coding_manual.md. The anchor remains supported within the stated confidence and conditional scope; unknown operational facts are not promoted to deployment or final approval.,"Renewable heat, onsite PV, electric logistics and brewing heat-efficiency measures support several observed actions. Claimed savings are not independently verified.",NOT_GRANTED
RC-20261007-P31-management_gap_score,P31,management_gap_score,2,2,C,C,CONFIRMED,Codex,PRIMARY_SOURCE_RECHECK_AND_ANCHOR_REVIEW,2026-10-07,S-P31-02,S-P31-02,Primary source content and entity/period boundaries were re-read against coding_manual.md. The anchor remains supported within the stated confidence and conditional scope; unknown operational facts are not promoted to deployment or final approval.,"Government evidence documents KLIMAWIN participation. This supports a provisional partial-system anchor, not ISO 50001/EMAS or a verified EnMS.",NOT_GRANTED
RC-20261007-P31-targets_gap_score,P31,targets_gap_score,2,2,B,B,CONFIRMED,Codex,PRIMARY_SOURCE_RECHECK_AND_ANCHOR_REVIEW,2026-10-07,S-P31-02,S-P31-02,Primary source content and entity/period boundaries were re-read against coding_manual.md. The anchor remains supported within the stated confidence and conditional scope; unknown operational facts are not promoted to deployment or final approval.,Electricity self-sufficiency by 2028 is a dated objective. PV pilots/expansion do not establish a sufficiently detailed roadmap for the zero-gap anchor.,NOT_GRANTED
RC-20261007-P31-investment_gap_score,P31,investment_gap_score,0,0,B,B,CONFIRMED,Codex,PRIMARY_SOURCE_RECHECK_AND_ANCHOR_REVIEW,2026-10-07,S-P31-03,S-P31-03,Primary source content and entity/period boundaries were re-read against coding_manual.md. The anchor remains supported within the stated confidence and conditional scope; unknown operational facts are not promoted to deployment or final approval.,Two electric delivery trucks are dated 2023 and 2026. These qualify as company energy-transition investments in the lookback; neither is process-heat electrification.,NOT_GRANTED
RC-20261007-P43-motor_drive_score,P43,motor_drive_score,2,2,B,B,CONFIRMED,Codex,PRIMARY_SOURCE_RECHECK_AND_ANCHOR_REVIEW,2026-10-07,S-P43-04,S-P43-04,Primary source content and entity/period boundaries were re-read against coding_manual.md. The anchor remains supported within the stated confidence and conditional scope; unknown operational facts are not promoted to deployment or final approval.,"The own in-house screw extruder conveys and mixes ceramic paste. A limited drive anchor is supported, without assigning intensive plant drive demand or a particular motor/converter architecture.",NOT_GRANTED
RC-20261007-P43-automation_control_score,P43,automation_control_score,3,3,B,B,CONFIRMED,Codex,PRIMARY_SOURCE_RECHECK_AND_ANCHOR_REVIEW,2026-10-07,S-P43-04,S-P43-04,Primary source content and entity/period boundaries were re-read against coding_manual.md. The anchor remains supported within the stated confidence and conditional scope; unknown operational facts are not promoted to deployment or final approval.,"The own extruder uses G-code for path, speed and material flow, with two separately controlled nozzles. This supports process-control relevance, not coordinated site energy/load control.",NOT_GRANTED
RC-20261007-P43-scheduling_flex_score,P43,scheduling_flex_score,2,2,C,C,CONFIRMED,Codex,PRIMARY_SOURCE_RECHECK_AND_ANCHOR_REVIEW,2026-10-07,S-P43-04,S-P43-04,Primary source content and entity/period boundaries were re-read against coding_manual.md. The anchor remains supported within the stated confidence and conditional scope; unknown operational facts are not promoted to deployment or final approval.,"Separate printing, hours-long drying and subsequent firing establish discrete stages. Only weak scheduling relevance is proposed; no flexible start window, dispatchable load or safe interruption is evidenced.",NOT_GRANTED
RC-20261007-P43-measures_gap_score,P43,measures_gap_score,7,7,C,C,CONFIRMED,Codex,PRIMARY_SOURCE_RECHECK_AND_ANCHOR_REVIEW,2026-10-07,S-P43-06,S-P43-06,Primary source content and entity/period boundaries were re-read against coding_manual.md. The anchor remains supported within the stated confidence and conditional scope; unknown operational facts are not promoted to deployment or final approval.,"The sustainability page expresses an intention to minimise electricity use. Archive digitisation and rainwater reuse are not counted as deployed energy assets; customer PT-Keramik savings are not own-site measures. Checked process, profile, sustainability and equipment pages do not substantiate a concrete own-site energy installation.",NOT_GRANTED
RC-20261007-P43-management_gap_score,P43,management_gap_score,5,5,C,C,CONFIRMED,Codex,PRIMARY_SOURCE_RECHECK_AND_ANCHOR_REVIEW,2026-10-07,S-P43-08 | S-P43-06,S-P43-08 | S-P43-06,Primary source content and entity/period boundaries were re-read against coding_manual.md. The anchor remains supported within the stated confidence and conditional scope; unknown operational facts are not promoted to deployment or final approval.,"The recorded ISO 50001, ISO 14001 and EMAS checks plus the current quality/sustainability pages and exact-name public search do not establish an energy/environmental system. ISO 9001 is a quality claim only. This codes the public evidence gap, not absence of internal certification.",NOT_GRANTED
RC-20261007-P43-targets_gap_score,P43,targets_gap_score,3,3,B,B,CONFIRMED,Codex,PRIMARY_SOURCE_RECHECK_AND_ANCHOR_REVIEW,2026-10-07,S-P43-06,S-P43-06,Primary source content and entity/period boundaries were re-read against coding_manual.md. The anchor remains supported within the stated confidence and conditional scope; unknown operational facts are not promoted to deployment or final approval.,Minimising electricity consumption is an undated aspiration without a quantified company target or roadmap in the checked scope. Historical customer-product savings are not a dated site target.,NOT_GRANTED
RC-20261007-P13-motor_drive_score,P13,motor_drive_score,2,2,C,C,CONFIRMED,Codex,PRIMARY_SOURCE_RECHECK_AND_ANCHOR_REVIEW,2026-10-07,S-P13-05,S-P13-05,Primary source content and entity/period boundaries were re-read against coding_manual.md. The anchor remains supported within the stated confidence and conditional scope; unknown operational facts are not promoted to deployment or final approval.,"The named centrifugal-finishing service describes a machine with a rotating disc. This supports only limited drive relevance; equipment ownership, drive rating and converter topology remain unresolved.",NOT_GRANTED
RC-20261007-P13-power_conversion_score,P13,power_conversion_score,5,5,C,C,CONFIRMED,Codex,PRIMARY_SOURCE_RECHECK_AND_ANCHOR_REVIEW,2026-10-07,S-P13-03 | S-P13-06,S-P13-03 | S-P13-06,Primary source content and entity/period boundaries were re-read against coding_manual.md. The anchor remains supported within the stated confidence and conditional scope; unknown operational facts are not promoted to deployment or final approval.,"The company-specific electroplating service and its authored explanation of DC deposition support one material DC power-supply/conversion use case. This is an ordinal engineering inference, not an inventory of installed rectifiers or modern efficient supplies.",NOT_GRANTED
RC-20261007-P13-scheduling_flex_score,P13,scheduling_flex_score,2,2,C,C,CONFIRMED,Codex,PRIMARY_SOURCE_RECHECK_AND_ANCHOR_REVIEW,2026-10-07,S-P13-02 | S-P13-07,S-P13-02 | S-P13-07,Primary source content and entity/period boundaries were re-read against coding_manual.md. The anchor remains supported within the stated confidence and conditional scope; unknown operational facts are not promoted to deployment or final approval.,"The documented barrel/rack process and three-shift operation support only a weak lot/stage scheduling interpretation. Shift work does not prove freely shiftable load, interruption tolerance or a production buffer.",NOT_GRANTED
RC-20261007-P13-power_quality_score,P13,power_quality_score,1,1,C,C,CONFIRMED,Codex,PRIMARY_SOURCE_RECHECK_AND_ANCHOR_REVIEW,2026-10-07,S-P13-03 | S-P13-06,S-P13-03 | S-P13-06,Primary source content and entity/period boundaries were re-read against coding_manual.md. The anchor remains supported within the stated confidence and conditional scope; unknown operational facts are not promoted to deployment or final approval.,"DC supply for the documented electroplating application makes conversion-related effects possible. This is a limited inference; no measured harmonics, reactive-power issue, peak-load data or deployed mitigation is established.",NOT_GRANTED
RC-20261007-P13-management_gap_score,P13,management_gap_score,2,2,B,B,CONFIRMED,Codex,PRIMARY_SOURCE_RECHECK_AND_ANCHOR_REVIEW,2026-10-07,S-P13-09,S-P13-09,Primary source content and entity/period boundaries were re-read against coding_manual.md. The anchor remains supported within the stated confidence and conditional scope; unknown operational facts are not promoted to deployment or final approval.,A direct current ISO 14001 certificate verifies environmental management for the exact candidate and site through 2029-02-20. A conservative partial/other-system anchor is proposed because energy-management maturity and ISO 50001/EMAS remain unverified; ISO 14001 is not treated as an EnMS.,NOT_GRANTED
RC-20261007-P13-targets_gap_score,P13,targets_gap_score,2,2,B,B,CONFIRMED,Codex,PRIMARY_SOURCE_RECHECK_AND_ANCHOR_REVIEW,2026-10-07,S-P13-04,S-P13-04,Primary source content and entity/period boundaries were re-read against coding_manual.md. The anchor remains supported within the stated confidence and conditional scope; unknown operational facts are not promoted to deployment or final approval.,"The company states climate neutrality by 2025. The dated-target anchor describes the published ambition only; the deadline has passed, achievement is UNKNOWN, and no roadmap is established. No claim of current climate neutrality follows.",NOT_GRANTED
RC-20261007-P25-motor_drive_score,P25,motor_drive_score,2,2,C,C,CONFIRMED,Codex,PRIMARY_SOURCE_RECHECK_AND_ANCHOR_REVIEW,2026-10-07,S-P25-07,S-P25-07,Primary source content and entity/period boundaries were re-read against coding_manual.md. The anchor remains supported within the stated confidence and conditional scope; unknown operational facts are not promoted to deployment or final approval.,"The company explicitly identifies robots in its own machine park. This supports a limited mechanical-drive relevance inference, not an electric/hydraulic injection-machine mix, rated drives or multiple intensive applications. Conflicting undated machine counts are not used.",NOT_GRANTED
RC-20261007-P25-power_conversion_score,P25,power_conversion_score,5,5,C,C,CONFIRMED,Codex,PRIMARY_SOURCE_RECHECK_AND_ANCHOR_REVIEW,2026-10-07,S-P25-05,S-P25-05,Primary source content and entity/period boundaries were re-read against coding_manual.md. The anchor remains supported within the stated confidence and conditional scope; unknown operational facts are not promoted to deployment or final approval.,"Own rooftop PV serving over 80 percent of its generated electricity as self-consumption supports one clear power-conversion use case. Converter relevance is an engineering inference; no inverter model, rating, efficiency upgrade or process rectifier is verified.",NOT_GRANTED
RC-20261007-P25-automation_control_score,P25,automation_control_score,1,1,C,C,CONFIRMED,Codex,PRIMARY_SOURCE_RECHECK_AND_ANCHOR_REVIEW,2026-10-07,S-P25-07,S-P25-07,Primary source content and entity/period boundaries were re-read against coding_manual.md. The anchor remains supported within the stated confidence and conditional scope; unknown operational facts are not promoted to deployment or final approval.,"The company-specific robotics description supports only limited control relevance. It does not establish sensing density, coordinated machine/energy control or an installed energy-management control platform.",NOT_GRANTED
RC-20261007-P25-power_quality_score,P25,power_quality_score,1,1,C,C,CONFIRMED,Codex,PRIMARY_SOURCE_RECHECK_AND_ANCHOR_REVIEW,2026-10-07,S-P25-05,S-P25-05,Primary source content and entity/period boundaries were re-read against coding_manual.md. The anchor remains supported within the stated confidence and conditional scope; unknown operational facts are not promoted to deployment or final approval.,"The own PV conversion use case supports possible conversion-related effects only. No measured harmonics, reactive-power problem, peak-load requirement or installed mitigation is established.",NOT_GRANTED
RC-20261007-P25-onsite_integration_score,P25,onsite_integration_score,2,2,B,B,CONFIRMED,Codex,PRIMARY_SOURCE_RECHECK_AND_ANCHOR_REVIEW,2026-10-07,S-P25-05,S-P25-05,Primary source content and entity/period boundaries were re-read against coding_manual.md. The anchor remains supported within the stated confidence and conditional scope; unknown operational facts are not promoted to deployment or final approval.,"The company explicitly describes rooftop PV on production, administration and warehouse buildings and over 80 percent self-consumption. This is one clear own-site integration use case; it is not a measured load profile, storage, microgrid or coordinated demand response.",NOT_GRANTED
RC-20261007-P25-measures_gap_score,P25,measures_gap_score,3,3,B,B,CONFIRMED,Codex,PRIMARY_SOURCE_RECHECK_AND_ANCHOR_REVIEW,2026-10-07,S-P25-05,S-P25-05,Primary source content and entity/period boundaries were re-read against coding_manual.md. The anchor remains supported within the stated confidence and conditional scope; unknown operational facts are not promoted to deployment or final approval.,"Own company evidence describes rooftop PV and waste-heat utilisation. The conservative some-measures anchor reflects those two concrete undated claims without treating recycling, awards or proposed bioenergy projects as further deployed energy technologies.",NOT_GRANTED
RC-20261007-P25-management_gap_score,P25,management_gap_score,2,2,B,B,CONFIRMED,Codex,PRIMARY_SOURCE_RECHECK_AND_ANCHOR_REVIEW,2026-10-07,S-P25-06,S-P25-06,Primary source content and entity/period boundaries were re-read against coding_manual.md. The anchor remains supported within the stated confidence and conditional scope; unknown operational facts are not promoted to deployment or final approval.,"The direct exact-holder ISO 14001 certificate is current through 2027-02-26. It supports a partial/other-management-system anchor, not verified mature energy management, ISO 50001 or EMAS. Independent human coding review is pending.",NOT_GRANTED
RC-20261007-P25-targets_gap_score,P25,targets_gap_score,3,3,B,B,CONFIRMED,Codex,PRIMARY_SOURCE_RECHECK_AND_ANCHOR_REVIEW,2026-10-07,S-P25-05 | S-P25-07,S-P25-05 | S-P25-07,Primary source content and entity/period boundaries were re-read against coding_manual.md. The anchor remains supported within the stated confidence and conditional scope; unknown operational facts are not promoted to deployment or final approval.,The published bioenergy/circular-economy vision and future-oriented energy-management ambition are undated. Official process/energy/certificate pages and exact-name public energy/target searches on 2026-10-07 establish this public-documentation anchor only; no dated site energy target or achievement is inferred.,NOT_GRANTED
RC-20261007-P15-power_conversion_score,P15,power_conversion_score,5,5,C,C,CONFIRMED,Codex,PRIMARY_SOURCE_RECHECK_AND_ANCHOR_REVIEW,2026-10-07,S-P15-03 | S-P15-04,S-P15-03 | S-P15-04,Primary source content and entity/period boundaries were re-read against coding_manual.md. The anchor remains supported within the stated confidence and conditional scope; unknown operational facts are not promoted to deployment or final approval.,"Company-specific electrochemical anodising, corroborated by the supplier-authored electrical-oxidation description, supports a material electrochemical power-supply/conversion use case as an engineering inference. Rectifier inventory, topology, rating and efficient-supply deployment remain unverified.",NOT_GRANTED
RC-20261007-P15-power_quality_score,P15,power_quality_score,1,1,C,C,CONFIRMED,Codex,PRIMARY_SOURCE_RECHECK_AND_ANCHOR_REVIEW,2026-10-07,S-P15-03 | S-P15-04,S-P15-03 | S-P15-04,Primary source content and entity/period boundaries were re-read against coding_manual.md. The anchor remains supported within the stated confidence and conditional scope; unknown operational facts are not promoted to deployment or final approval.,"Electrical supply for the documented electrochemical process makes conversion-related effects possible. This is a limited inference, not measured harmonics, reactive power, peak-load data or a deployed solution.",NOT_GRANTED
RC-20261007-P15-management_gap_score,P15,management_gap_score,3,3,C,C,CONFIRMED,Codex,PRIMARY_SOURCE_RECHECK_AND_ANCHOR_REVIEW,2026-10-07,S-P15-05 | S-P15-01,S-P15-05 | S-P15-01,Primary source content and entity/period boundaries were re-read against coding_manual.md. The anchor remains supported within the stated confidence and conditional scope; unknown operational facts are not promoted to deployment or final approval.,"A publicly visible self-reported energy-management officer role since December 2016 describes energy-audit and saving duties at the same company; the company imprint names that representative. This supports the unverified-claim anchor only, not a certified EnMS, current audit results, mature-system proof or human approval.",NOT_GRANTED
RC-20261007-P15-targets_gap_score,P15,targets_gap_score,5,5,B,B,CONFIRMED,Codex,PRIMARY_SOURCE_RECHECK_AND_ANCHOR_REVIEW,2026-10-07,S-P15-03 | S-P15-04 | S-P15-05,S-P15-03 | S-P15-04 | S-P15-05,Primary source content and entity/period boundaries were re-read against coding_manual.md. The anchor remains supported within the stated confidence and conditional scope; unknown operational facts are not promoted to deployment or final approval.,"Checked official company/process/imprint sections, supplier case, public energy-role entry and exact-name public energy/certification/CO2/target searches on 2026-10-07. No dated site-energy/decarbonisation target was located in that public scope. This is a public-documentation-gap anchor, not proof that no internal target exists or that no technology is deployed.",NOT_GRANTED
RC-20261007-P26-process_electrification_score,P26,process_electrification_score,7,7,B,B,CONFIRMED,Codex,PRIMARY_SOURCE_RECHECK_AND_ANCHOR_REVIEW,2026-10-07,S-P26-06 | S-P26-07,S-P26-06 | S-P26-07,Primary source content and entity/period boundaries were re-read against coding_manual.md. The anchor remains supported within the stated confidence and conditional scope; unknown operational facts are not promoted to deployment or final approval.,"Own induction-hardening machine and its actual screw-heating process establish one electric thermal use case. This does not establish belt-furnace electrification, additional load, fossil displacement or a commissioned transition date.",NOT_GRANTED
RC-20261007-P26-motor_drive_score,P26,motor_drive_score,2,2,C,C,CONFIRMED,Codex,PRIMARY_SOURCE_RECHECK_AND_ANCHOR_REVIEW,2026-10-07,S-P26-06 | S-P26-07,S-P26-06 | S-P26-07,Primary source content and entity/period boundaries were re-read against coding_manual.md. The anchor remains supported within the stated confidence and conditional scope; unknown operational facts are not promoted to deployment or final approval.,Explicit individual screw rotation and continuous belt processing support limited drive relevance as an engineering inference. No rated drive inventory or material motor-intensive plant mix is established.,NOT_GRANTED
RC-20261007-P26-power_conversion_score,P26,power_conversion_score,5,5,B,B,CORRECTED,Codex,PRIMARY_SOURCE_RECHECK_AND_ANCHOR_REVIEW,2026-10-07,S-P26-07 | S-P26-08,S-P26-07,Own induction hardening is directly documented in the accessible induction page: one material engineering conversion case. The galvanic-coating URL returns 500 and is not used as supporting content; rated topology remains unverified.,Own induction hardening is directly documented in the accessible induction page: one material engineering conversion case. The galvanic-coating URL returns 500 and is not used as supporting content; rated topology remains unverified.,NOT_GRANTED
RC-20261007-P26-automation_control_score,P26,automation_control_score,3,3,B,B,CONFIRMED,Codex,PRIMARY_SOURCE_RECHECK_AND_ANCHOR_REVIEW,2026-10-07,S-P26-07,S-P26-07,Primary source content and entity/period boundaries were re-read against coding_manual.md. The anchor remains supported within the stated confidence and conditional scope; unknown operational facts are not promoted to deployment or final approval.,"Individual quality parameters are monitored and rejects automatically segregated. This supports clear sensing/control relevance, not coordinated energy control or demand response.",NOT_GRANTED
RC-20261007-P26-power_quality_score,P26,power_quality_score,1,1,C,C,CONFIRMED,Codex,PRIMARY_SOURCE_RECHECK_AND_ANCHOR_REVIEW,2026-10-07,S-P26-07,S-P26-07,Primary source content and entity/period boundaries were re-read against coding_manual.md. The anchor remains supported within the stated confidence and conditional scope; unknown operational facts are not promoted to deployment or final approval.,"Induction conversion makes power-quality effects possible; no actual harmonics, reactive-power problem or mitigation inventory is established.",NOT_GRANTED
RC-20261007-P26-measures_gap_score,P26,measures_gap_score,3,3,B,B,CONFIRMED,Codex,PRIMARY_SOURCE_RECHECK_AND_ANCHOR_REVIEW,2026-10-07,S-P26-04 | S-P26-07,S-P26-04 | S-P26-07,Primary source content and entity/period boundaries were re-read against coding_manual.md. The anchor remains supported within the stated confidence and conditional scope; unknown operational facts are not promoted to deployment or final approval.,"Existing induction thermal processing and a current certified EnMS provide some concrete energy-relevant measures. Commissioning dates, measured saving effect and a broad transition portfolio are not established; old electric equipment is not assumed newly substituted fossil heat.",NOT_GRANTED
RC-20261007-P26-management_gap_score,P26,management_gap_score,0,0,A,A,CONFIRMED,Codex,PRIMARY_SOURCE_RECHECK_AND_ANCHOR_REVIEW,2026-10-07,S-P26-04,S-P26-04,Primary source content and entity/period boundaries were re-read against coding_manual.md. The anchor remains supported within the stated confidence and conditional scope; unknown operational facts are not promoted to deployment or final approval.,"Direct exact-holder ISO 50001 certificate, including annex, is valid 2024-06-26 to 2027-06-25. It establishes the mature-system anchor as a pending coding proposal; canonical deployment and Anna human review are unchanged.",NOT_GRANTED
RC-20261007-P26-targets_gap_score,P26,targets_gap_score,5,5,B,C,CORRECTED,Codex,PRIMARY_SOURCE_RECHECK_AND_ANCHOR_REVIEW,2026-10-07,S-P26-01 | S-P26-06 | S-P26-09,S-P26-06 | S-P26-09,"The current own thermal-process and download pages plus the recorded exact-name target search do not establish a public company target in that defined scope. The homepage still returns 500 and was not re-read; this is a bounded public-search gap, not proof of internal absence.","The current own thermal-process and download pages plus the recorded exact-name target search do not establish a public company target in that defined scope. The homepage still returns 500 and was not re-read; this is a bounded public-search gap, not proof of internal absence.",NOT_GRANTED
RC-20261007-P28-motor_drive_score,P28,motor_drive_score,5,5,B,B,CONFIRMED,Codex,PRIMARY_SOURCE_RECHECK_AND_ANCHOR_REVIEW,2026-10-07,S-P28-03,S-P28-03,Primary source content and entity/period boundaries were re-read against coding_manual.md. The anchor remains supported within the stated confidence and conditional scope; unknown operational facts are not promoted to deployment or final approval.,Owned refrigeration compressors and their reduced condensing-pressure operation are explicit. One material compressor use case is supported; no multi-application intensive drive inventory or rated load is inferred.,NOT_GRANTED
RC-20261007-P28-power_conversion_score,P28,power_conversion_score,5,5,C,C,CONFIRMED,Codex,PRIMARY_SOURCE_RECHECK_AND_ANCHOR_REVIEW,2026-10-07,S-P28-04,S-P28-04,Primary source content and entity/period boundaries were re-read against coding_manual.md. The anchor remains supported within the stated confidence and conditional scope; unknown operational facts are not promoted to deployment or final approval.,Own PV powering warehouse cooling supports material converter relevance as an engineering inference; inverter model/rating or variable-speed compressor topology is not verified.,NOT_GRANTED
RC-20261007-P28-automation_control_score,P28,automation_control_score,4,4,B,B,CONFIRMED,Codex,PRIMARY_SOURCE_RECHECK_AND_ANCHOR_REVIEW,2026-10-07,S-P28-03,S-P28-03,Primary source content and entity/period boundaries were re-read against coding_manual.md. The anchor remains supported within the stated confidence and conditional scope; unknown operational facts are not promoted to deployment or final approval.,"Night charging of the owned ice-water buffer supplies daytime wort cooling and relieves coincident bottling/production/office demand. This is explicit energy-related operating coordination, not proof of a named digital EMS or external demand-response contract.",NOT_GRANTED
RC-20261007-P28-scheduling_flex_score,P28,scheduling_flex_score,5,5,B,B,CONFIRMED,Codex,PRIMARY_SOURCE_RECHECK_AND_ANCHOR_REVIEW,2026-10-07,S-P28-03,S-P28-03,Primary source content and entity/period boundaries were re-read against coding_manual.md. The anchor remains supported within the stated confidence and conditional scope; unknown operational facts are not promoted to deployment or final approval.,Documented night production of ice water for daytime cooling establishes a real load-shifting window. No freely interruptible fermentation or quantified dispatch capacity is assumed.,NOT_GRANTED
RC-20261007-P28-thermal_storage_flex_score,P28,thermal_storage_flex_score,5,5,B,B,CONFIRMED,Codex,PRIMARY_SOURCE_RECHECK_AND_ANCHOR_REVIEW,2026-10-07,S-P28-03,S-P28-03,Primary source content and entity/period boundaries were re-read against coding_manual.md. The anchor remains supported within the stated confidence and conditional scope; unknown operational facts are not promoted to deployment or final approval.,"Roughly 90 m3 ice-water tank with explicit night/day use is one clear thermal-buffer use case. Suspect 90-deg-C statement is excluded: no corrected temperature, energy capacity or additional hot-storage use case is invented.",NOT_GRANTED
RC-20261007-P28-power_quality_score,P28,power_quality_score,3,3,B,B,CONFIRMED,Codex,PRIMARY_SOURCE_RECHECK_AND_ANCHOR_REVIEW,2026-10-07,S-P28-03,S-P28-03,Primary source content and entity/period boundaries were re-read against coding_manual.md. The anchor remains supported within the stated confidence and conditional scope; unknown operational facts are not promoted to deployment or final approval.,"Company explicitly describes relieving coincident demand through the cold-water buffer. Clear peak-load relevance does not establish measured harmonics, a missing solution or remaining commercial white space.",NOT_GRANTED
RC-20261007-P28-onsite_integration_score,P28,onsite_integration_score,2,2,B,B,CONFIRMED,Codex,PRIMARY_SOURCE_RECHECK_AND_ANCHOR_REVIEW,2026-10-07,S-P28-04,S-P28-04,Primary source content and entity/period boundaries were re-read against coding_manual.md. The anchor remains supported within the stated confidence and conditional scope; unknown operational facts are not promoted to deployment or final approval.,Dated own PV supplying warehouse cooling establishes one own-site integration use case. Undated night storage is not evidence of coordinated PV-following dispatch or battery deployment.,NOT_GRANTED
RC-20261007-P28-measures_gap_score,P28,measures_gap_score,0,0,B,B,CONFIRMED,Codex,PRIMARY_SOURCE_RECHECK_AND_ANCHOR_REVIEW,2026-10-07,S-P28-03 | S-P28-04,S-P28-03 | S-P28-04,Primary source content and entity/period boundaries were re-read against coding_manual.md. The anchor remains supported within the stated confidence and conditional scope; unknown operational facts are not promoted to deployment or final approval.,"Named refrigeration optimisation, night/day cold buffering with peak relief and own PV/cooling integration support several concrete measures. This does not prove whole-site fossil-free heat or quantified total savings.",NOT_GRANTED
RC-20261007-P28-targets_gap_score,P28,targets_gap_score,3,3,B,B,CONFIRMED,Codex,PRIMARY_SOURCE_RECHECK_AND_ANCHOR_REVIEW,2026-10-07,S-P28-03 | S-P28-04 | S-P28-06,S-P28-03 | S-P28-04 | S-P28-06,Primary source content and entity/period boundaries were re-read against coding_manual.md. The anchor remains supported within the stated confidence and conditional scope; unknown operational facts are not promoted to deployment or final approval.,"Own energy-saving and sustainability ambition is public, but no dated plant-wide target established after company/blog/download and exact-name target searches on 2026-10-07. Warehouse-specific CO2-neutral language is not a dated whole-site achievement.",NOT_GRANTED
RC-20261007-P28-investment_gap_score,P28,investment_gap_score,2,2,B,B,CONFIRMED,Codex,PRIMARY_SOURCE_RECHECK_AND_ANCHOR_REVIEW,2026-10-07,S-P28-04,S-P28-04,Primary source content and entity/period boundaries were re-read against coding_manual.md. The anchor remains supported within the stated confidence and conditional scope; unknown operational facts are not promoted to deployment or final approval.,"Opening on 2025-04-25 documented on 2025-04-28 includes warehouse own PV/cooling integration, inside 2021-10-07 to 2026-10-07. One site project is counted; several associated buildings are not three separate energy investments and the undated cooling article does not establish a second date.",NOT_GRANTED
RC-20261007-P29-fossil_heat_displacement_score,P29,fossil_heat_displacement_score,5,5,B,B,CONFIRMED,Codex,PRIMARY_SOURCE_RECHECK_AND_ANCHOR_REVIEW,2026-10-07,S-P29-03,S-P29-03,Primary source content and entity/period boundaries were re-read against coding_manual.md. The anchor remains supported within the stated confidence and conditional scope; unknown operational facts are not promoted to deployment or final approval.,"Report pp23-24 documents natural-gas steam boiler and natural-gas CHP; gas steam substitutes for legacy defective vapour compression. This supports central fossil-heat relevance without inventing current heat shares, a repaired compressor or quantified displacement.",NOT_GRANTED
RC-20261007-P29-motor_drive_score,P29,motor_drive_score,8,8,A,A,CONFIRMED,Codex,PRIMARY_SOURCE_RECHECK_AND_ANCHOR_REVIEW,2026-10-07,S-P29-03,S-P29-03,Primary source content and entity/period boundaries were re-read against coding_manual.md. The anchor remains supported within the stated confidence and conditional scope; unknown operational facts are not promoted to deployment or final approval.,"Owned compressor, pump, fan and refrigeration duties plus completed IE4 motor replacements are directly documented in the report. This supports multiple motor applications; ratings and savings claims are not turned into new-load estimates.",NOT_GRANTED
RC-20261007-P29-power_conversion_score,P29,power_conversion_score,5,5,C,C,CONFIRMED,Codex,PRIMARY_SOURCE_RECHECK_AND_ANCHOR_REVIEW,2026-10-07,S-P29-03,S-P29-03,Primary source content and entity/period boundaries were re-read against coding_manual.md. The anchor remains supported within the stated confidence and conditional scope; unknown operational facts are not promoted to deployment or final approval.,Owned completed PV installation supports one material conversion use case as an engineering inference. CHP and IE4 motors are not assumed additional converter topologies; no inverter inventory or efficiency-upgrade gap is verified.,NOT_GRANTED
RC-20261007-P29-automation_control_score,P29,automation_control_score,4,4,B,B,CONFIRMED,Codex,PRIMARY_SOURCE_RECHECK_AND_ANCHOR_REVIEW,2026-10-07,S-P29-03,S-P29-03,Primary source content and entity/period boundaries were re-read against coding_manual.md. The anchor remains supported within the stated confidence and conditional scope; unknown operational facts are not promoted to deployment or final approval.,"166 meters cover electricity/water/steam/cold/compressed air, with central digital energy control introduced in 2022 and compressor controls. This establishes energy-related coordination; no dispatch market or automatic score approval is implied.",NOT_GRANTED
RC-20261007-P29-scheduling_flex_score,P29,scheduling_flex_score,2,2,C,C,CONFIRMED,Codex,PRIMARY_SOURCE_RECHECK_AND_ANCHOR_REVIEW,2026-10-07,S-P29-03,S-P29-03,Primary source content and entity/period boundaries were re-read against coding_manual.md. The anchor remains supported within the stated confidence and conditional scope; unknown operational facts are not promoted to deployment or final approval.,Week-long fermentation and 4-5-week temperature-constrained maturation provide only a weak staged/lot-production relevance inference. No validated interruption window or freely dispatchable product storage is claimed.,NOT_GRANTED
RC-20261007-P29-power_quality_score,P29,power_quality_score,3,3,B,B,CONFIRMED,Codex,PRIMARY_SOURCE_RECHECK_AND_ANCHOR_REVIEW,2026-10-07,S-P29-03,S-P29-03,Primary source content and entity/period boundaries were re-read against coding_manual.md. The anchor remains supported within the stated confidence and conditional scope; unknown operational facts are not promoted to deployment or final approval.,Maximum-load regulator and own energy-control context establish clear peak-load relevance; no harmonic measurements or absent power-quality solution is inferred.,NOT_GRANTED
RC-20261007-P29-onsite_integration_score,P29,onsite_integration_score,3,3,B,B,CONFIRMED,Codex,PRIMARY_SOURCE_RECHECK_AND_ANCHOR_REVIEW,2026-10-07,S-P29-03,S-P29-03,Primary source content and entity/period boundaries were re-read against coding_manual.md. The anchor remains supported within the stated confidence and conditional scope; unknown operational facts are not promoted to deployment or final approval.,"Owned PV and CHP, documented central energy monitoring/control and maximum-load regulation support stronger onsite integration. Battery or island operation is not inferred; CHP waste heat is not thermal storage.",NOT_GRANTED
RC-20261007-P29-measures_gap_score,P29,measures_gap_score,0,0,A,A,CONFIRMED,Codex,PRIMARY_SOURCE_RECHECK_AND_ANCHOR_REVIEW,2026-10-07,S-P29-03,S-P29-03,Primary source content and entity/period boundaries were re-read against coding_manual.md. The anchor remains supported within the stated confidence and conditional scope; unknown operational facts are not promoted to deployment or final approval.,"Report completed-program entries document IE4/LED/control and 2022 cellar/PV, plus visually green completed 2024 PV625kWp/NH3 replacement. Future/partly completed fleet steps are excluded. Legacy future-tense narrative does not override dated completed status.",NOT_GRANTED
RC-20261007-P29-management_gap_score,P29,management_gap_score,0,0,A,A,CONFIRMED,Codex,PRIMARY_SOURCE_RECHECK_AND_ANCHOR_REVIEW,2026-10-07,S-P29-03,S-P29-03,Primary source content and entity/period boundaries were re-read against coding_manual.md. The anchor remains supported within the stated confidence and conditional scope; unknown operational facts are not promoted to deployment or final approval.,Exact-organisation EMAS validation signed by registered validator on 2026-06-19 establishes verified mature environmental/energy management anchor. ISO 50001 is not inferred; July 2027/2028 future updates are not certificate expiry or future approval.,NOT_GRANTED
RC-20261007-P29-targets_gap_score,P29,targets_gap_score,0,0,B,B,CONFIRMED,Codex,PRIMARY_SOURCE_RECHECK_AND_ANCHOR_REVIEW,2026-10-07,S-P29-03,S-P29-03,Primary source content and entity/period boundaries were re-read against coding_manual.md. The anchor remains supported within the stated confidence and conditional scope; unknown operational facts are not promoted to deployment or final approval.,"Report p44 identifies emissions reduction to 2030 with dated future steps. This supports the target/roadmap anchor, not achievement, completed 2027/2028 projects, current physical zero emissions or equivalence of offsets to process-heat removal.",NOT_GRANTED
RC-20261007-P29-investment_gap_score,P29,investment_gap_score,0,0,B,B,CONFIRMED,Codex,PRIMARY_SOURCE_RECHECK_AND_ANCHOR_REVIEW,2026-10-07,S-P29-03,S-P29-03,Primary source content and entity/period boundaries were re-read against coding_manual.md. The anchor remains supported within the stated confidence and conditional scope; unknown operational facts are not promoted to deployment or final approval.,"Report p21-22 documents commissioned 2022 cellar/PV/control and visually green completed 2024 PV/NH3 plus 2025 automation, within 2021-10-07 to 2026-10-07. 1994/2015 CHP and prospective fleet projects are excluded; no CAPEX is invented.",NOT_GRANTED
RC-20261007-P33-motor_drive_score,P33,motor_drive_score,2,2,C,C,CONFIRMED,Codex,PRIMARY_SOURCE_RECHECK_AND_ANCHOR_REVIEW,2026-10-07,S-P33-04,S-P33-04,Primary source content and entity/period boundaries were re-read against coding_manual.md. The anchor remains supported within the stated confidence and conditional scope; unknown operational facts are not promoted to deployment or final approval.,"Named owned assembly/feeding/handling application supports limited mechanical-drive relevance. Robot quantities, machine electric/hydraulic mix and intensive rated drive inventory remain unverified; animated zero counters are excluded.",NOT_GRANTED
RC-20261007-P33-power_conversion_score,P33,power_conversion_score,2,2,C,C,CONFIRMED,Codex,PRIMARY_SOURCE_RECHECK_AND_ANCHOR_REVIEW,2026-10-07,S-P33-04,S-P33-04,Primary source content and entity/period boundaries were re-read against coding_manual.md. The anchor remains supported within the stated confidence and conditional scope; unknown operational facts are not promoted to deployment or final approval.,"Named ultrasonic-welding station in own assembly example supports limited generator/conversion relevance as an engineering inference. Generator topology, rating, rectifier inventory and intensive power-conversion use are not verified.",NOT_GRANTED
RC-20261007-P33-automation_control_score,P33,automation_control_score,3,3,B,B,CONFIRMED,Codex,PRIMARY_SOURCE_RECHECK_AND_ANCHOR_REVIEW,2026-10-07,S-P33-03 | S-P33-04,S-P33-03 | S-P33-04,Primary source content and entity/period boundaries were re-read against coding_manual.md. The anchor remains supported within the stated confidence and conditional scope; unknown operational facts are not promoted to deployment or final approval.,Own computer-controlled injection machines and camera/leak-test/automatic-feed assembly workflow establish clear process sensing/control relevance. No energy-coordinated control or runtime/robot count is established.,NOT_GRANTED
RC-20261007-P33-power_quality_score,P33,power_quality_score,1,1,C,C,CONFIRMED,Codex,PRIMARY_SOURCE_RECHECK_AND_ANCHOR_REVIEW,2026-10-07,S-P33-04,S-P33-04,Primary source content and entity/period boundaries were re-read against coding_manual.md. The anchor remains supported within the stated confidence and conditional scope; unknown operational facts are not promoted to deployment or final approval.,"Documented ultrasonic-welding application supports possible power-quality relevance only; no measured harmonic, reactive-power or peak-load issue is established.",NOT_GRANTED
RC-20261007-P33-management_gap_score,P33,management_gap_score,2,2,B,B,CONFIRMED,Codex,PRIMARY_SOURCE_RECHECK_AND_ANCHOR_REVIEW,2026-10-07,S-P33-05 | S-P33-08,S-P33-05 | S-P33-08,Primary source content and entity/period boundaries were re-read against coding_manual.md. The anchor remains supported within the stated confidence and conditional scope; unknown operational facts are not promoted to deployment or final approval.,Exact-holder current ISO 14001 certificate supports a partial/other-system anchor. Issuer list exact Gindele row confirms ISO 9001/14001; neighbouring ISO 50001 rows are other companies. No mature certified EnMS is established.,NOT_GRANTED
RC-20261007-P33-targets_gap_score,P33,targets_gap_score,3,3,B,B,CONFIRMED,Codex,PRIMARY_SOURCE_RECHECK_AND_ANCHOR_REVIEW,2026-10-07,S-P33-06,S-P33-06,Primary source content and entity/period boundaries were re-read against coding_manual.md. The anchor remains supported within the stated confidence and conditional scope; unknown operational facts are not promoted to deployment or final approval.,"Own environmental policy states resource efficiency and waste reduction, without a dated plant energy target. Official process/policy/certificate/issuer/municipal checks and exact-name energy/target searches on 2026-10-07 bound this public-documentation anchor; internal targets are not presumed absent.",NOT_GRANTED
RC-20261007-P35-motor_drive_score,P35,motor_drive_score,8,8,B,B,CONFIRMED,Codex,PRIMARY_SOURCE_RECHECK_AND_ANCHOR_REVIEW,2026-10-07,S-P35-03 | S-P35-04 | S-P35-05,S-P35-03 | S-P35-04 | S-P35-05,Primary source content and entity/period boundaries were re-read against coding_manual.md. The anchor remains supported within the stated confidence and conditional scope; unknown operational facts are not promoted to deployment or final approval.,Own six CNC centres and servo vacuum-forming machinery establish multiple intensive mechanical drive applications; rated electrical power not inferred.,NOT_GRANTED
RC-20261007-P35-power_conversion_score,P35,power_conversion_score,5,5,C,C,CONFIRMED,Codex,PRIMARY_SOURCE_RECHECK_AND_ANCHOR_REVIEW,2026-10-07,S-P35-03,S-P35-03,Primary source content and entity/period boundaries were re-read against coding_manual.md. The anchor remains supported within the stated confidence and conditional scope; unknown operational facts are not promoted to deployment or final approval.,Own2023 PV expansion establishes one material solar-conversion use case as engineering inference;3000 m2 is not kWp/kWh or converter count.,NOT_GRANTED
RC-20261007-P35-automation_control_score,P35,automation_control_score,3,3,B,B,CONFIRMED,Codex,PRIMARY_SOURCE_RECHECK_AND_ANCHOR_REVIEW,2026-10-07,S-P35-04 | S-P35-05,S-P35-04 | S-P35-05,Primary source content and entity/period boundaries were re-read against coding_manual.md. The anchor remains supported within the stated confidence and conditional scope; unknown operational facts are not promoted to deployment or final approval.,"Own CAD/CAM and five-axis simultaneous CNC support clear process control, not coordinated energy dispatch.",NOT_GRANTED
RC-20261007-P35-power_quality_score,P35,power_quality_score,1,1,C,C,CONFIRMED,Codex,PRIMARY_SOURCE_RECHECK_AND_ANCHOR_REVIEW,2026-10-07,S-P35-03,S-P35-03,Primary source content and entity/period boundaries were re-read against coding_manual.md. The anchor remains supported within the stated confidence and conditional scope; unknown operational facts are not promoted to deployment or final approval.,"Own PV/servo context supports possible converter-related effects, without measured harmonics/reactive power/peaks.",NOT_GRANTED
RC-20261007-P35-onsite_integration_score,P35,onsite_integration_score,2,2,B,B,CONFIRMED,Codex,PRIMARY_SOURCE_RECHECK_AND_ANCHOR_REVIEW,2026-10-07,S-P35-03,S-P35-03,Primary source content and entity/period boundaries were re-read against coding_manual.md. The anchor remains supported within the stated confidence and conditional scope; unknown operational facts are not promoted to deployment or final approval.,Actual own PV expansion supports one site integration use case; no storage or energy coordination inferred.,NOT_GRANTED
RC-20261007-P35-measures_gap_score,P35,measures_gap_score,3,3,B,B,CONFIRMED,Codex,PRIMARY_SOURCE_RECHECK_AND_ANCHOR_REVIEW,2026-10-07,S-P35-03,S-P35-03,Primary source content and entity/period boundaries were re-read against coding_manual.md. The anchor remains supported within the stated confidence and conditional scope; unknown operational facts are not promoted to deployment or final approval.,Own PV and servo-machine conversion are concrete energy-relevant measures; CNC2025 generic efficiency not quantified energy saving or a third measure.,NOT_GRANTED
RC-20261007-P35-management_gap_score,P35,management_gap_score,2,2,B,B,CONFIRMED,Codex,PRIMARY_SOURCE_RECHECK_AND_ANCHOR_REVIEW,2026-10-07,S-P35-06,S-P35-06,Primary source content and entity/period boundaries were re-read against coding_manual.md. The anchor remains supported within the stated confidence and conditional scope; unknown operational facts are not promoted to deployment or final approval.,"Exact-holder current ISO14001 establishes partial/other-system anchor, not certified mature EnMS.",NOT_GRANTED
RC-20261007-P35-targets_gap_score,P35,targets_gap_score,3,3,B,B,CONFIRMED,Codex,PRIMARY_SOURCE_RECHECK_AND_ANCHOR_REVIEW,2026-10-07,S-P35-03,S-P35-03,Primary source content and entity/period boundaries were re-read against coding_manual.md. The anchor remains supported within the stated confidence and conditional scope; unknown operational facts are not promoted to deployment or final approval.,Own sustainable/resource-saving policy is undated ambition. Company/process/download/certificate and exact-name public target checks bounded this documentation anchor; internal targets not presumed absent.,NOT_GRANTED
RC-20261007-P35-investment_gap_score,P35,investment_gap_score,2,2,B,B,CONFIRMED,Codex,PRIMARY_SOURCE_RECHECK_AND_ANCHOR_REVIEW,2026-10-07,S-P35-03,S-P35-03,Primary source content and entity/period boundaries were re-read against coding_manual.md. The anchor remains supported within the stated confidence and conditional scope; unknown operational facts are not promoted to deployment or final approval.,Own2023 PV expansion is one energy investment in actual lookback;2019 servo conversion excluded and2024 certificate/2025 capacity efficiency not additional transition projects.,NOT_GRANTED
RC-20261007-P36-motor_drive_score,P36,motor_drive_score,2,2,C,C,CONFIRMED,Codex,PRIMARY_SOURCE_RECHECK_AND_ANCHOR_REVIEW,2026-10-07,S-P36-03 | S-P36-05,S-P36-03 | S-P36-05,Primary source content and entity/period boundaries were re-read against coding_manual.md. The anchor remains supported within the stated confidence and conditional scope; unknown operational facts are not promoted to deployment or final approval.,Own robots support limited drive relevance; moulding closing force not machine power or material hydraulic/electric drive mix.,NOT_GRANTED
RC-20261007-P36-power_conversion_score,P36,power_conversion_score,2,2,C,C,CONFIRMED,Codex,PRIMARY_SOURCE_RECHECK_AND_ANCHOR_REVIEW,2026-10-07,S-P36-03,S-P36-03,Primary source content and entity/period boundaries were re-read against coding_manual.md. The anchor remains supported within the stated confidence and conditional scope; unknown operational facts are not promoted to deployment or final approval.,Actual own online/offline ultrasonic welding supports limited conversion relevance as engineering interpretation. Current solar-energy use alone does not establish owned PV or its inverter topology; regional biogas use is not owned generation.,NOT_GRANTED
RC-20261007-P36-automation_control_score,P36,automation_control_score,4,4,B,B,CONFIRMED,Codex,PRIMARY_SOURCE_RECHECK_AND_ANCHOR_REVIEW,2026-10-07,S-P36-04 | S-P36-05,S-P36-04 | S-P36-05,Primary source content and entity/period boundaries were re-read against coding_manual.md. The anchor remains supported within the stated confidence and conditional scope; unknown operational facts are not promoted to deployment or final approval.,"Explicit own intelligent EMS steers/optimises consumption alongside integrated production robotics; strong coordination relevance is an own claim, not verified dispatch architecture or certified EnMS.",NOT_GRANTED
RC-20261007-P36-power_quality_score,P36,power_quality_score,1,1,C,C,CONFIRMED,Codex,PRIMARY_SOURCE_RECHECK_AND_ANCHOR_REVIEW,2026-10-07,S-P36-03 | S-P36-04,S-P36-03 | S-P36-04,Primary source content and entity/period boundaries were re-read against coding_manual.md. The anchor remains supported within the stated confidence and conditional scope; unknown operational facts are not promoted to deployment or final approval.,Actual own ultrasonic welding supports possible converter-related effects; solar-energy use alone does not prove owned PV inverters or measured site harmonics/peaks.,NOT_GRANTED
RC-20261007-P36-onsite_integration_score,P36,onsite_integration_score,1,1,C,C,CONFIRMED,Codex,PRIMARY_SOURCE_RECHECK_AND_ANCHOR_REVIEW,2026-10-07,S-P36-04,S-P36-04,Primary source content and entity/period boundaries were re-read against coding_manual.md. The anchor remains supported within the stated confidence and conditional scope; unknown operational facts are not promoted to deployment or final approval.,Own intelligent EMS consumption steering supports possible site load-management fit. Current solar/biogas use does not establish owned PV/CHP or a coordinated generation/storage architecture; no clear owned solar integration is claimed.,NOT_GRANTED
RC-20261007-P36-measures_gap_score,P36,measures_gap_score,3,3,B,B,CONFIRMED,Codex,PRIMARY_SOURCE_RECHECK_AND_ANCHOR_REVIEW,2026-10-07,S-P36-04,S-P36-04,Primary source content and entity/period boundaries were re-read against coding_manual.md. The anchor remains supported within the stated confidence and conditional scope; unknown operational facts are not promoted to deployment or final approval.,"Own LED, efficient-machine use and claimed EMS consumption steering plus solar/biogas energy supply are concrete energy-relevant measures. Supply origin does not establish owned PV/CHP; generic efficient-machine claim has no quantified savings. Conservative some-measures anchor.",NOT_GRANTED
RC-20261007-P36-management_gap_score,P36,management_gap_score,2,2,B,B,CONFIRMED,Codex,PRIMARY_SOURCE_RECHECK_AND_ANCHOR_REVIEW,2026-10-07,S-P36-06 | S-P36-04,S-P36-06 | S-P36-04,Primary source content and entity/period boundaries were re-read against coding_manual.md. The anchor remains supported within the stated confidence and conditional scope; unknown operational facts are not promoted to deployment or final approval.,Current ISO14001 verified; generic EMS claim does not establish mature certified EnMS or ISO50001.,NOT_GRANTED
RC-20261007-P36-targets_gap_score,P36,targets_gap_score,3,3,B,B,CONFIRMED,Codex,PRIMARY_SOURCE_RECHECK_AND_ANCHOR_REVIEW,2026-10-07,S-P36-04,S-P36-04,Primary source content and entity/period boundaries were re-read against coding_manual.md. The anchor remains supported within the stated confidence and conditional scope; unknown operational facts are not promoted to deployment or final approval.,Current CO2/resource-improvement ambition lacks dated site roadmap in defined company/process/certificate/exact-name target checks; does not prove no internal target.,NOT_GRANTED
RC-20261007-P38-power_conversion_score,P38,power_conversion_score,5,5,C,C,CONFIRMED,Codex,PRIMARY_SOURCE_RECHECK_AND_ANCHOR_REVIEW,2026-10-07,S-P38-03,S-P38-03,Primary source content and entity/period boundaries were re-read against coding_manual.md. The anchor remains supported within the stated confidence and conditional scope; unknown operational facts are not promoted to deployment or final approval.,Actual owned anodising/galvanic process supports one material conversion relevance as engineering inference. No specific rectifier count/topology/power inferred; group/research facts not current thermal route.,NOT_GRANTED
RC-20261007-P38-power_quality_score,P38,power_quality_score,1,1,C,C,CONFIRMED,Codex,PRIMARY_SOURCE_RECHECK_AND_ANCHOR_REVIEW,2026-10-07,S-P38-03,S-P38-03,Primary source content and entity/period boundaries were re-read against coding_manual.md. The anchor remains supported within the stated confidence and conditional scope; unknown operational facts are not promoted to deployment or final approval.,"Actual own electrochemical process supports possible power-quality relevance only; no measured site harmonics, reactive power or peak constraint.",NOT_GRANTED
RC-20261007-P39-motor_drive_score,P39,motor_drive_score,2,2,C,C,CONFIRMED,Codex,PRIMARY_SOURCE_RECHECK_AND_ANCHOR_REVIEW,2026-10-07,S-P39-03 | S-P39-04,S-P39-03 | S-P39-04,Primary source content and entity/period boundaries were re-read against coding_manual.md. The anchor remains supported within the stated confidence and conditional scope; unknown operational facts are not promoted to deployment or final approval.,Own automated carrier/crane application supports limited drive relevance;2011 history not a recent energy investment or rated current drive inventory.,NOT_GRANTED
RC-20261007-P39-power_conversion_score,P39,power_conversion_score,5,5,C,C,CONFIRMED,Codex,PRIMARY_SOURCE_RECHECK_AND_ANCHOR_REVIEW,2026-10-07,S-P39-03,S-P39-03,Primary source content and entity/period boundaries were re-read against coding_manual.md. The anchor remains supported within the stated confidence and conditional scope; unknown operational facts are not promoted to deployment or final approval.,Actual owned anodising/galvanic process supports one material conversion relevance as engineering inference. No specific rectifier count/topology/power inferred; group/research facts not current thermal route.,NOT_GRANTED
RC-20261007-P39-automation_control_score,P39,automation_control_score,3,3,B,B,CONFIRMED,Codex,PRIMARY_SOURCE_RECHECK_AND_ANCHOR_REVIEW,2026-10-07,S-P39-03 | S-P39-06,S-P39-03 | S-P39-06,Primary source content and entity/period boundaries were re-read against coding_manual.md. The anchor remains supported within the stated confidence and conditional scope; unknown operational facts are not promoted to deployment or final approval.,Two own fully automated anodising plants with bath analytics establish clear process control; no energy coordination inferred.,NOT_GRANTED
RC-20261007-P39-power_quality_score,P39,power_quality_score,1,1,C,C,CONFIRMED,Codex,PRIMARY_SOURCE_RECHECK_AND_ANCHOR_REVIEW,2026-10-07,S-P39-03,S-P39-03,Primary source content and entity/period boundaries were re-read against coding_manual.md. The anchor remains supported within the stated confidence and conditional scope; unknown operational facts are not promoted to deployment or final approval.,"Actual own electrochemical process supports possible power-quality relevance only; no measured site harmonics, reactive power or peak constraint.",NOT_GRANTED
RC-20261007-P39-management_gap_score,P39,management_gap_score,2,2,B,B,CONFIRMED,Codex,PRIMARY_SOURCE_RECHECK_AND_ANCHOR_REVIEW,2026-10-07,S-P39-05,S-P39-05,Primary source content and entity/period boundaries were re-read against coding_manual.md. The anchor remains supported within the stated confidence and conditional scope; unknown operational facts are not promoted to deployment or final approval.,"Exact-holder ISO14001 valid through2026-12-28 establishes other-system anchor, not ISO50001 or mature EnMS.",NOT_GRANTED
RC-20261007-P39-targets_gap_score,P39,targets_gap_score,3,3,B,B,CONFIRMED,Codex,PRIMARY_SOURCE_RECHECK_AND_ANCHOR_REVIEW,2026-10-07,S-P39-04,S-P39-04,Primary source content and entity/period boundaries were re-read against coding_manual.md. The anchor remains supported within the stated confidence and conditional scope; unknown operational facts are not promoted to deployment or final approval.,Current safe-operation/environmental continuous-improvement policy is undated ambition; own process/policy/certificate/exact-name energy-target checks do not establish dated energy roadmap. Internal absence not inferred.,NOT_GRANTED
RC-20261007-P41-power_conversion_score,P41,power_conversion_score,5,5,C,C,CONFIRMED,Codex,PRIMARY_SOURCE_RECHECK_AND_ANCHOR_REVIEW,2026-10-07,S-P41-06,S-P41-06,Primary source content and entity/period boundaries were re-read against coding_manual.md. The anchor remains supported within the stated confidence and conditional scope; unknown operational facts are not promoted to deployment or final approval.,Actual owned anodising/galvanic process supports one material conversion relevance as engineering inference. No specific rectifier count/topology/power inferred; group/research facts not current thermal route.,NOT_GRANTED
RC-20261007-P41-power_quality_score,P41,power_quality_score,1,1,C,C,CONFIRMED,Codex,PRIMARY_SOURCE_RECHECK_AND_ANCHOR_REVIEW,2026-10-07,S-P41-06,S-P41-06,Primary source content and entity/period boundaries were re-read against coding_manual.md. The anchor remains supported within the stated confidence and conditional scope; unknown operational facts are not promoted to deployment or final approval.,"Actual own electrochemical process supports possible power-quality relevance only; no measured site harmonics, reactive power or peak constraint.",NOT_GRANTED
RC-20261007-P41-management_gap_score,P41,management_gap_score,2,2,B,B,CONFIRMED,Codex,PRIMARY_SOURCE_RECHECK_AND_ANCHOR_REVIEW,2026-10-07,S-P41-03 | S-P41-06,S-P41-03 | S-P41-06,Primary source content and entity/period boundaries were re-read against coding_manual.md. The anchor remains supported within the stated confidence and conditional scope; unknown operational facts are not promoted to deployment or final approval.,Current ISO14001 at exact address and own imprint linking abbreviated holder support partial environmental system; canonical legal name remains unchanged.,NOT_GRANTED
RC-20261007-P41-targets_gap_score,P41,targets_gap_score,3,3,B,B,CONFIRMED,Codex,PRIMARY_SOURCE_RECHECK_AND_ANCHOR_REVIEW,2026-10-07,S-P41-04,S-P41-04,Primary source content and entity/period boundaries were re-read against coding_manual.md. The anchor remains supported within the stated confidence and conditional scope; unknown operational facts are not promoted to deployment or final approval.,Current environmental ambition lacks dated energy roadmap in defined own/public-funder/certificate/exact-name target checks.2023 offset claim is not plant reduction;2013 research objective not current firm target.,NOT_GRANTED
RC-20261007-P44-automation_control_score,P44,automation_control_score,1,1,C,C,CONFIRMED,Codex,PRIMARY_SOURCE_RECHECK_AND_ANCHOR_REVIEW,2026-10-07,S-P44-04,S-P44-04,Primary source content and entity/period boundaries were re-read against coding_manual.md. The anchor remains supported within the stated confidence and conditional scope; unknown operational facts are not promoted to deployment or final approval.,Named own modern dimensional/tolerance control devices support limited sensing relevance; no integrated or energy control established.,NOT_GRANTED
RC-20261007-P44-targets_gap_score,P44,targets_gap_score,5,5,B,B,CONFIRMED,Codex,PRIMARY_SOURCE_RECHECK_AND_ANCHOR_REVIEW,2026-10-07,S-P44-03 | S-P44-04 | S-P44-05 | S-P44-06,S-P44-03 | S-P44-04 | S-P44-05 | S-P44-06,Primary source content and entity/period boundaries were re-read against coding_manual.md. The anchor remains supported within the stated confidence and conditional scope; unknown operational facts are not promoted to deployment or final approval.,"Owned company/quality/energy-applications/download sections and exact-name public energy-target/certification searches checked07/10/2026. No dated energy target or explicit own energy ambition found in that scope; customer applications excluded. This is public documentation gap, not absence of internal targets.",NOT_GRANTED
RC-20261007-P45-process_electrification_score,P45,process_electrification_score,10,10,B,B,CONFIRMED,Codex,PRIMARY_SOURCE_RECHECK_AND_ANCHOR_REVIEW,2026-10-07,S-P45-03,S-P45-03,Primary source content and entity/period boundaries were re-read against coding_manual.md. The anchor remains supported within the stated confidence and conditional scope; unknown operational facts are not promoted to deployment or final approval.,"Own electric melt furnace and electric reheating drum establish two strongly supported thermal use cases. Furnace capacity130 kg not kW, incremental load or temperature; not all plant heat presumed electric.",NOT_GRANTED
RC-20261007-P45-motor_drive_score,P45,motor_drive_score,5,5,B,B,CONFIRMED,Codex,PRIMARY_SOURCE_RECHECK_AND_ANCHOR_REVIEW,2026-10-07,S-P45-03 | S-P45-04,S-P45-03 | S-P45-04,Primary source content and entity/period boundaries were re-read against coding_manual.md. The anchor remains supported within the stated confidence and conditional scope; unknown operational facts are not promoted to deployment or final approval.,"Named own grinding/polishing wheels, horizontal/vertical saws and drilling support material drives, without rated or intensive machine-load inventory.",NOT_GRANTED
RC-20261007-P45-power_conversion_score,P45,power_conversion_score,5,5,C,C,CONFIRMED,Codex,PRIMARY_SOURCE_RECHECK_AND_ANCHOR_REVIEW,2026-10-07,S-P45-03,S-P45-03,Primary source content and entity/period boundaries were re-read against coding_manual.md. The anchor remains supported within the stated confidence and conditional scope; unknown operational facts are not promoted to deployment or final approval.,Explicit owned electric melt/reheat plus programmable cooling furnace support one controlled-heat relevance as engineering inference; converter topology/count not established and two electric heaters not counted as separate verified converters.,NOT_GRANTED
RC-20261007-P45-automation_control_score,P45,automation_control_score,3,3,B,B,CONFIRMED,Codex,PRIMARY_SOURCE_RECHECK_AND_ANCHOR_REVIEW,2026-10-07,S-P45-03,S-P45-03,Primary source content and entity/period boundaries were re-read against coding_manual.md. The anchor remains supported within the stated confidence and conditional scope; unknown operational facts are not promoted to deployment or final approval.,"Own cooling oven with settable programmes establishes clear thermal process control, not flexible scheduling or energy coordination.",NOT_GRANTED
RC-20261007-P45-power_quality_score,P45,power_quality_score,1,1,C,C,CONFIRMED,Codex,PRIMARY_SOURCE_RECHECK_AND_ANCHOR_REVIEW,2026-10-07,S-P45-03,S-P45-03,Primary source content and entity/period boundaries were re-read against coding_manual.md. The anchor remains supported within the stated confidence and conditional scope; unknown operational facts are not promoted to deployment or final approval.,Owned electric furnace context supports possible power-quality relevance only; measured harmonics/peaks/reactive power unresolved.,NOT_GRANTED
RC-20261007-P45-onsite_integration_score,P45,onsite_integration_score,2,2,B,B,CORRECTED,Codex,PRIMARY_SOURCE_RECHECK_AND_ANCHOR_REVIEW,2026-10-07,S-P45-01,S-P45-01 | S-P45-05,"The freshly inspected own HOMEPAGE explicitly lists four car and six bicycle charging stations. The imprint establishes identity only. This is one actual own-site charging case; PV, storage or converter ratings are not inferred.","The freshly inspected own HOMEPAGE explicitly lists four car and six bicycle charging stations. The imprint establishes identity only. This is one actual own-site charging case; PV, storage or converter ratings are not inferred.",NOT_GRANTED
RC-20261007-P45-measures_gap_score,P45,measures_gap_score,3,3,B,B,CORRECTED,Codex,PRIMARY_SOURCE_RECHECK_AND_ANCHOR_REVIEW,2026-10-07,S-P45-03 | S-P45-01,S-P45-03 | S-P45-05,"Own rental-workstation equipment documents electric process furnaces, and the own homepage documents four car and six bicycle charging stations. These are some actual energy-relevant installations; commissioning dates and measured substitution savings remain unknown.","Own rental-workstation equipment documents electric process furnaces, and the own homepage documents four car and six bicycle charging stations. These are some actual energy-relevant installations; commissioning dates and measured substitution savings remain unknown.",NOT_GRANTED
RC-20261007-P45-targets_gap_score,P45,targets_gap_score,5,5,B,B,CONFIRMED,Codex,PRIMARY_SOURCE_RECHECK_AND_ANCHOR_REVIEW,2026-10-07,S-P45-03 | S-P45-04 | S-P45-01,S-P45-03 | S-P45-04 | S-P45-01,Primary source content and entity/period boundaries were re-read against coding_manual.md. The anchor remains supported within the stated confidence and conditional scope; unknown operational facts are not promoted to deployment or final approval.,Own company/manufacturing/brochure/site and exact-name public target/certification searches checked07/10/2026. Generic brochure Nachhaltigkeit and heritage mission do not specify a plant energy target; internal target absence not inferred.,NOT_GRANTED
RC-20261007-P50-temperature_fit_score,P50,temperature_fit_score,10,10,B,B,CONFIRMED,Codex,PRIMARY_SOURCE_RECHECK_AND_ANCHOR_REVIEW,2026-10-07,S-P50-04,S-P50-04,Primary source content and entity/period boundaries were re-read against coding_manual.md. The anchor remains supported within the stated confidence and conditional scope; unknown operational facts are not promoted to deployment or final approval.,"dena documents actual83 C heat-pump heater supply to washer bath: strong established fit.135 C is old gas-boiler baseline,150 kW thermal not electrical load; other site temperatures unknown.",NOT_GRANTED
RC-20261007-P50-process_electrification_score,P50,process_electrification_score,7,7,B,B,CONFIRMED,Codex,PRIMARY_SOURCE_RECHECK_AND_ANCHOR_REVIEW,2026-10-07,S-P50-04 | S-P50-05,S-P50-04 | S-P50-05,Primary source content and entity/period boundaries were re-read against coding_manual.md. The anchor remains supported within the stated confidence and conditional scope; unknown operational facts are not promoted to deployment or final approval.,Own installed washer heat pump is one clear electric thermal use case with CHP/cooling heat recovery.2018/2019 commissioning discrepancy remains explicit; does not establish several applications or fossil-free site.,NOT_GRANTED
RC-20261007-P50-motor_drive_score,P50,motor_drive_score,5,5,B,B,CONFIRMED,Codex,PRIMARY_SOURCE_RECHECK_AND_ANCHOR_REVIEW,2026-10-07,S-P50-04 | S-P50-05,S-P50-04 | S-P50-05,Primary source content and entity/period boundaries were re-read against coding_manual.md. The anchor remains supported within the stated confidence and conditional scope; unknown operational facts are not promoted to deployment or final approval.,Documented150 kWthermal heat pump supports material compressor-drive relevance as engineering interpretation;COP approximately4 not verified electrical rating or multiple intensive drive inventory.,NOT_GRANTED
RC-20261007-P50-power_conversion_score,P50,power_conversion_score,2,2,C,C,CONFIRMED,Codex,PRIMARY_SOURCE_RECHECK_AND_ANCHOR_REVIEW,2026-10-07,S-P50-04,S-P50-04,Primary source content and entity/period boundaries were re-read against coding_manual.md. The anchor remains supported within the stated confidence and conditional scope; unknown operational facts are not promoted to deployment or final approval.,Actual heat-pump drive gives limited conversion relevance as engineering interpretation; VSD/converter topology not specified.,NOT_GRANTED
RC-20261007-P50-automation_control_score,P50,automation_control_score,3,3,B,B,CONFIRMED,Codex,PRIMARY_SOURCE_RECHECK_AND_ANCHOR_REVIEW,2026-10-07,S-P50-04 | S-P50-05,S-P50-04 | S-P50-05,Primary source content and entity/period boundaries were re-read against coding_manual.md. The anchor remains supported within the stated confidence and conditional scope; unknown operational facts are not promoted to deployment or final approval.,Actual cascade exchangers/heat pump/bottle-washer integration supports clear process control relevance; verified electricity dispatch architecture not established.,NOT_GRANTED
RC-20261007-P50-power_quality_score,P50,power_quality_score,1,1,C,C,CONFIRMED,Codex,PRIMARY_SOURCE_RECHECK_AND_ANCHOR_REVIEW,2026-10-07,S-P50-04,S-P50-04,Primary source content and entity/period boundaries were re-read against coding_manual.md. The anchor remains supported within the stated confidence and conditional scope; unknown operational facts are not promoted to deployment or final approval.,Actual heat-pump drive supports possible relevance; no harmonic/reactive/peak-load measurement inferred.,NOT_GRANTED
RC-20261007-P50-onsite_integration_score,P50,onsite_integration_score,3,3,B,B,CONFIRMED,Codex,PRIMARY_SOURCE_RECHECK_AND_ANCHOR_REVIEW,2026-10-07,S-P50-04 | S-P50-05,S-P50-04 | S-P50-05,Primary source content and entity/period boundaries were re-read against coding_manual.md. The anchor remains supported within the stated confidence and conditional scope; unknown operational facts are not promoted to deployment or final approval.,"Actual CHP own electricity powers washer heat pump; CHP and recovered cooling heat feed its heat source. This is a coordinated site generation/load/heat use case, not PV/battery deployment.",NOT_GRANTED
RC-20261007-P50-measures_gap_score,P50,measures_gap_score,0,0,B,B,CONFIRMED,Codex,PRIMARY_SOURCE_RECHECK_AND_ANCHOR_REVIEW,2026-10-07,S-P50-04 | S-P50-05,S-P50-04 | S-P50-05,Primary source content and entity/period boundaries were re-read against coding_manual.md. The anchor remains supported within the stated confidence and conditional scope; unknown operational facts are not promoted to deployment or final approval.,"Actual CHP, washer-cooling heat recovery and high-temperature heat pump are separately named actual installations;81% and87% savings scopes differ and are not averaged.",NOT_GRANTED
RC-20261007-P50-management_gap_score,P50,management_gap_score,0,0,B,B,CONFIRMED,Codex,PRIMARY_SOURCE_RECHECK_AND_ANCHOR_REVIEW,2026-10-07,S-P50-06,S-P50-06,Primary source content and entity/period boundaries were re-read against coding_manual.md. The anchor remains supported within the stated confidence and conditional scope; unknown operational facts are not promoted to deployment or final approval.,"Official active register01/09/2026 exact company/site DE-155-00168 supports mature EMAS, independent of2023 report/upload path. Registration-since date not validation/expiry; no human score approval.",NOT_GRANTED
RC-20261007-P51-automation_control_score,P51,automation_control_score,1,1,C,C,CONFIRMED,Codex,PRIMARY_SOURCE_RECHECK_AND_ANCHOR_REVIEW,2026-10-07,S-P51-02 | S-P51-04,S-P51-02 | S-P51-04,Primary source content and entity/period boundaries were re-read against coding_manual.md. The anchor remains supported within the stated confidence and conditional scope; unknown operational facts are not promoted to deployment or final approval.,"Own regionality/process description mentions modern technology/automation and quality checks; limited inference only, no energy coordination or dispatch.",NOT_GRANTED
RC-20261007-P51-measures_gap_score,P51,measures_gap_score,3,3,B,B,CONFIRMED,Codex,PRIMARY_SOURCE_RECHECK_AND_ANCHOR_REVIEW,2026-10-07,S-P51-02,S-P51-02,Primary source content and entity/period boundaries were re-read against coding_manual.md. The anchor remains supported within the stated confidence and conditional scope; unknown operational facts are not promoted to deployment or final approval.,"Own page documents near-complete wort-cooling waste-heat recovery for hot water. Heat recovery not itself thermal store, heat pump or proof of fossil-free heat.",NOT_GRANTED
RC-20261007-P51-management_gap_score,P51,management_gap_score,3,3,C,C,CONFIRMED,Codex,PRIMARY_SOURCE_RECHECK_AND_ANCHOR_REVIEW,2026-10-07,S-P51-03,S-P51-03,Primary source content and entity/period boundaries were re-read against coding_manual.md. The anchor remains supported within the stated confidence and conditional scope; unknown operational facts are not promoted to deployment or final approval.,"Own2022 ISO14001 renewal is a certification claim with no direct current validity. Unverified-claim anchor only, not VALID/current partial system or noncertification.",NOT_GRANTED
RC-20261007-P51-targets_gap_score,P51,targets_gap_score,3,3,B,B,CONFIRMED,Codex,PRIMARY_SOURCE_RECHECK_AND_ANCHOR_REVIEW,2026-10-07,S-P51-03 | S-P51-02,S-P51-03 | S-P51-02,Primary source content and entity/period boundaries were re-read against coding_manual.md. The anchor remains supported within the stated confidence and conditional scope; unknown operational facts are not promoted to deployment or final approval.,"Own continuous climate/resource-improvement ambition lacks dated roadmap in checked current pages and exact-name public target searches;2022 certification announcement not target achievement, internal absence not presumed.",NOT_GRANTED
RC-20261007-P52-targets_gap_score,P52,targets_gap_score,5,5,B,B,CONFIRMED,Codex,PRIMARY_SOURCE_RECHECK_AND_ANCHOR_REVIEW,2026-10-07,S-P52-03 | S-P52-04,S-P52-03 | S-P52-04,Primary source content and entity/period boundaries were re-read against coding_manual.md. The anchor remains supported within the stated confidence and conditional scope; unknown operational facts are not promoted to deployment or final approval.,Current own raw-material/history/brand pages and exact-name energy-target/certification searches checked07/10/2026. No specific plant energy target found; broken old values page is not current evidence.1893/1895/1925 assets not present installations. This documentation gap does not prove absent internal targets.,NOT_GRANTED
RC-20261007-P54-power_conversion_score,P54,power_conversion_score,5,5,C,C,CONFIRMED,Codex,PRIMARY_SOURCE_RECHECK_AND_ANCHOR_REVIEW,2026-10-07,S-P54-03,S-P54-03,Primary source content and entity/period boundaries were re-read against coding_manual.md. The anchor remains supported within the stated confidence and conditional scope; unknown operational facts are not promoted to deployment or final approval.,Owned458.4 kWp PV establishes one material solar-conversion use case as engineering inference; outputkWh and inverter topology unknown.,NOT_GRANTED
RC-20261007-P54-power_quality_score,P54,power_quality_score,1,1,C,C,CONFIRMED,Codex,PRIMARY_SOURCE_RECHECK_AND_ANCHOR_REVIEW,2026-10-07,S-P54-03,S-P54-03,Primary source content and entity/period boundaries were re-read against coding_manual.md. The anchor remains supported within the stated confidence and conditional scope; unknown operational facts are not promoted to deployment or final approval.,Own PV supports possible converter-related power-quality relevance; no measured site issue or grid constraint.,NOT_GRANTED
RC-20261007-P54-onsite_integration_score,P54,onsite_integration_score,2,2,B,B,CONFIRMED,Codex,PRIMARY_SOURCE_RECHECK_AND_ANCHOR_REVIEW,2026-10-07,S-P54-03,S-P54-03,Primary source content and entity/period boundaries were re-read against coding_manual.md. The anchor remains supported within the stated confidence and conditional scope; unknown operational facts are not promoted to deployment or final approval.,"Explicit self-consumption of75% PV generation supports one clear onsite use case; not75% site load, coordinated storage or EMS.",NOT_GRANTED
RC-20261007-P54-measures_gap_score,P54,measures_gap_score,3,3,B,B,CONFIRMED,Codex,PRIMARY_SOURCE_RECHECK_AND_ANCHOR_REVIEW,2026-10-07,S-P54-03,S-P54-03,Primary source content and entity/period boundaries were re-read against coding_manual.md. The anchor remains supported within the stated confidence and conditional scope; unknown operational facts are not promoted to deployment or final approval.,Own PV and renewable electricity procurement establish some concrete energy measures; purchased hydropower is not own hydro plant or process-heat electrification.,NOT_GRANTED
RC-20261007-P54-targets_gap_score,P54,targets_gap_score,3,3,B,B,CONFIRMED,Codex,PRIMARY_SOURCE_RECHECK_AND_ANCHOR_REVIEW,2026-10-07,S-P54-03,S-P54-03,Primary source content and entity/period boundaries were re-read against coding_manual.md. The anchor remains supported within the stated confidence and conditional scope; unknown operational facts are not promoted to deployment or final approval.,Current regional/renewable-electricity ambition is undated; actual75% PV self-consumption achievement not dated forward target. Company/history/environment/exact-name energy-target checks do not establish roadmap; internal absence not presumed.,NOT_GRANTED
RC-20261007-P55-motor_drive_score,P55,motor_drive_score,8,8,B,B,CONFIRMED,Codex,PRIMARY_SOURCE_RECHECK_AND_ANCHOR_REVIEW,2026-10-07,S-P55-05 | S-P55-06,S-P55-05 | S-P55-06,Primary source content and entity/period boundaries were re-read against coding_manual.md. The anchor remains supported within the stated confidence and conditional scope; unknown operational facts are not promoted to deployment or final approval.,"Own compressed-air equipment and CNC high-speed electrode/milling plus robot handling support multiple intensive drive applications, without nominal power or operating hours inferred.",NOT_GRANTED
RC-20261007-P55-power_conversion_score,P55,power_conversion_score,8,8,B,B,CONFIRMED,Codex,PRIMARY_SOURCE_RECHECK_AND_ANCHOR_REVIEW,2026-10-07,S-P55-03 | S-P55-05 | S-P55-06,S-P55-03 | S-P55-05 | S-P55-06,Primary source content and entity/period boundaries were re-read against coding_manual.md. The anchor remains supported within the stated confidence and conditional scope; unknown operational facts are not promoted to deployment or final approval.,"Own material PV, wire/sinker EDM and electric charging are distinct conversion contexts. EDM machining directly requires controlled discharge; topologies/ratings not inferred. CHPs and PV1200 kWp not aggregated into electrical load.",NOT_GRANTED
RC-20261007-P55-automation_control_score,P55,automation_control_score,3,3,B,B,CONFIRMED,Codex,PRIMARY_SOURCE_RECHECK_AND_ANCHOR_REVIEW,2026-10-07,S-P55-06,S-P55-06,Primary source content and entity/period boundaries were re-read against coding_manual.md. The anchor remains supported within the stated confidence and conditional scope; unknown operational facts are not promoted to deployment or final approval.,Own fully automated production/robot/camera QA establish clear control; energy-management coordination architecture remains unverified.,NOT_GRANTED
RC-20261007-P55-power_quality_score,P55,power_quality_score,1,1,C,C,CONFIRMED,Codex,PRIMARY_SOURCE_RECHECK_AND_ANCHOR_REVIEW,2026-10-07,S-P55-05 | S-P55-06,S-P55-05 | S-P55-06,Primary source content and entity/period boundaries were re-read against coding_manual.md. The anchor remains supported within the stated confidence and conditional scope; unknown operational facts are not promoted to deployment or final approval.,"Own EDM/PV/charging supports possible relevance only;2025 transformer does not prove harmonics, reactive-power compensation or peak constraint.",NOT_GRANTED
RC-20261007-P55-onsite_integration_score,P55,onsite_integration_score,3,3,B,B,CONFIRMED,Codex,PRIMARY_SOURCE_RECHECK_AND_ANCHOR_REVIEW,2026-10-07,S-P55-03 | S-P55-05,S-P55-03 | S-P55-05,Primary source content and entity/period boundaries were re-read against coding_manual.md. The anchor remains supported within the stated confidence and conditional scope; unknown operational facts are not promoted to deployment or final approval.,Own PV feeds charging transformer and CHP waste heat heats buildings/supplies absorption chiller. Actual linked production of power/heat/cold supports coordination; no storage or grid-dispatch claim.,NOT_GRANTED
RC-20261007-P55-measures_gap_score,P55,measures_gap_score,0,0,B,B,CONFIRMED,Codex,PRIMARY_SOURCE_RECHECK_AND_ANCHOR_REVIEW,2026-10-07,S-P55-03 | S-P55-05,S-P55-03 | S-P55-05,Primary source content and entity/period boundaries were re-read against coding_manual.md. The anchor remains supported within the stated confidence and conditional scope; unknown operational facts are not promoted to deployment or final approval.,"Own PV, CHP waste-heat use/absorption cooling, efficient compressed air, LED and electric transport/charging are concrete measures. Combined90% own electricity not PV-only/all energy or fossil-free CHP.",NOT_GRANTED
RC-20261007-P55-management_gap_score,P55,management_gap_score,2,2,B,B,CONFIRMED,Codex,PRIMARY_SOURCE_RECHECK_AND_ANCHOR_REVIEW,2026-10-07,S-P55-04,S-P55-04,Primary source content and entity/period boundaries were re-read against coding_manual.md. The anchor remains supported within the stated confidence and conditional scope; unknown operational facts are not promoted to deployment or final approval.,"Exact-holder ISO14001 valid on07/10/2026 until15/10/2026 supports partial environmental system; near expiry disclosed, not mature ISO50001.",NOT_GRANTED
RC-20261007-P55-targets_gap_score,P55,targets_gap_score,3,3,B,B,CONFIRMED,Codex,PRIMARY_SOURCE_RECHECK_AND_ANCHOR_REVIEW,2026-10-07,S-P55-03,S-P55-03,Primary source content and entity/period boundaries were re-read against coding_manual.md. The anchor remains supported within the stated confidence and conditional scope; unknown operational facts are not promoted to deployment or final approval.,Current near-neutral energy ambition lacks dated roadmap in defined own/company/download/certification/exact-name target checks. Annual1100t claim is not independently verified achievement or a dated target; internal absence not inferred.,NOT_GRANTED
RC-20261007-P55-investment_gap_score,P55,investment_gap_score,0,0,B,B,CONFIRMED,Codex,PRIMARY_SOURCE_RECHECK_AND_ANCHOR_REVIEW,2026-10-07,S-P55-03 | S-P55-05,S-P55-03 | S-P55-05,Primary source content and entity/period boundaries were re-read against coding_manual.md. The anchor remains supported within the stated confidence and conditional scope; unknown operational facts are not promoted to deployment or final approval.,PV commissioned2022 and2025 plus charging transformer2025 and public charging2026 are multiple dated completed energy projects in actual2021-2026 window. CHP2014/2020 excluded; undated compressor/LED not dated recent projects.,NOT_GRANTED
RC-20261007-P56-motor_drive_score,P56,motor_drive_score,8,8,B,B,CONFIRMED,Codex,PRIMARY_SOURCE_RECHECK_AND_ANCHOR_REVIEW,2026-10-07,S-P56-04,S-P56-04,Primary source content and entity/period boundaries were re-read against coding_manual.md. The anchor remains supported within the stated confidence and conditional scope; unknown operational facts are not promoted to deployment or final approval.,"Own four mills, Spinner centre, two lathes and grinder support multiple actual drive applications, not invented power from closing force.",NOT_GRANTED
RC-20261007-P56-power_conversion_score,P56,power_conversion_score,5,5,C,C,CONFIRMED,Codex,PRIMARY_SOURCE_RECHECK_AND_ANCHOR_REVIEW,2026-10-07,S-P56-03 | S-P56-04,S-P56-03 | S-P56-04,Primary source content and entity/period boundaries were re-read against coding_manual.md. The anchor remains supported within the stated confidence and conditional scope; unknown operational facts are not promoted to deployment or final approval.,"Named own AGIE EDM supports material conversion as engineering inference; laser marking/TIG are bounded additional cases, not central thermal-electric route.",NOT_GRANTED
RC-20261007-P56-automation_control_score,P56,automation_control_score,3,3,B,B,CONFIRMED,Codex,PRIMARY_SOURCE_RECHECK_AND_ANCHOR_REVIEW,2026-10-07,S-P56-03 | S-P56-04,S-P56-03 | S-P56-04,Primary source content and entity/period boundaries were re-read against coding_manual.md. The anchor remains supported within the stated confidence and conditional scope; unknown operational facts are not promoted to deployment or final approval.,"Own Siemens Step7 SPS, CAD/CAM and automatic assembly establish clear process-control relevance, not energy dispatch.",NOT_GRANTED
RC-20261007-P56-power_quality_score,P56,power_quality_score,1,1,C,C,CONFIRMED,Codex,PRIMARY_SOURCE_RECHECK_AND_ANCHOR_REVIEW,2026-10-07,S-P56-04,S-P56-04,Primary source content and entity/period boundaries were re-read against coding_manual.md. The anchor remains supported within the stated confidence and conditional scope; unknown operational facts are not promoted to deployment or final approval.,Own EDM/TIG supports possible converter-related effects; no measured harmonics/peaks/reactive-power data.,NOT_GRANTED
RC-20261007-P56-targets_gap_score,P56,targets_gap_score,5,5,B,B,CONFIRMED,Codex,PRIMARY_SOURCE_RECHECK_AND_ANCHOR_REVIEW,2026-10-07,S-P56-03 | S-P56-04 | S-P56-05,S-P56-03 | S-P56-04 | S-P56-05,Primary source content and entity/period boundaries were re-read against coding_manual.md. The anchor remains supported within the stated confidence and conditional scope; unknown operational facts are not promoted to deployment or final approval.,Current own/company/production/history/document and exact-name certification/energy-target checks found no attributed dated energy target. This is public-documentation gap only; internal target absence not inferred.,NOT_GRANTED
RC-20261007-P57-targets_gap_score,P57,targets_gap_score,5,5,B,B,CONFIRMED,Codex,PRIMARY_SOURCE_RECHECK_AND_ANCHOR_REVIEW,2026-10-07,S-P57-03 | S-P57-04,S-P57-03 | S-P57-04,Primary source content and entity/period boundaries were re-read against coding_manual.md. The anchor remains supported within the stated confidence and conditional scope; unknown operational facts are not promoted to deployment or final approval.,Own machine/quality/company/document and exact-name public energy/certificate checks found no attributed energy/decarbonisation target. ISO9001 and theoretical quality methods not energy targets; internal absence not inferred.,NOT_GRANTED
RC-20261007-P58-motor_drive_score,P58,motor_drive_score,8,8,B,B,CONFIRMED,Codex,PRIMARY_SOURCE_RECHECK_AND_ANCHOR_REVIEW,2026-10-07,S-P58-06,S-P58-06,Primary source content and entity/period boundaries were re-read against coding_manual.md. The anchor remains supported within the stated confidence and conditional scope; unknown operational facts are not promoted to deployment or final approval.,"Actual own CNC/HSC milling, turning and grinding support multiple intensive applications; machinery ratings unknown.",NOT_GRANTED
RC-20261007-P58-power_conversion_score,P58,power_conversion_score,8,8,C,C,CONFIRMED,Codex,PRIMARY_SOURCE_RECHECK_AND_ANCHOR_REVIEW,2026-10-07,S-P58-03 | S-P58-06,S-P58-03 | S-P58-06,Primary source content and entity/period boundaries were re-read against coding_manual.md. The anchor remains supported within the stated confidence and conditional scope; unknown operational facts are not promoted to deployment or final approval.,"Own wire/sinker EDM, laser welding and PV/battery give multiple real conversion cases by engineering inference.950kWh is stored electrical energy, not converter kW or thermal capacity.",NOT_GRANTED
RC-20261007-P58-automation_control_score,P58,automation_control_score,1,1,B,B,CONFIRMED,Codex,PRIMARY_SOURCE_RECHECK_AND_ANCHOR_REVIEW,2026-10-07,S-P58-07,S-P58-07,Primary source content and entity/period boundaries were re-read against coding_manual.md. The anchor remains supported within the stated confidence and conditional scope; unknown operational facts are not promoted to deployment or final approval.,Own predefined measurement/control cycles and process-capability checks support limited control evidence; no coordinated energy-control topology established.,NOT_GRANTED
RC-20261007-P58-power_quality_score,P58,power_quality_score,1,1,C,C,CONFIRMED,Codex,PRIMARY_SOURCE_RECHECK_AND_ANCHOR_REVIEW,2026-10-07,S-P58-03 | S-P58-06,S-P58-03 | S-P58-06,Primary source content and entity/period boundaries were re-read against coding_manual.md. The anchor remains supported within the stated confidence and conditional scope; unknown operational facts are not promoted to deployment or final approval.,Own EDM/PV/battery and net-bottleneck avoidance claim support possible relevance; no measured harmonic/reactive-power or verified peak constraint.,NOT_GRANTED
RC-20261007-P58-onsite_integration_score,P58,onsite_integration_score,3,3,B,B,CONFIRMED,Codex,PRIMARY_SOURCE_RECHECK_AND_ANCHOR_REVIEW,2026-10-07,S-P58-03,S-P58-03,Primary source content and entity/period boundaries were re-read against coding_manual.md. The anchor remains supported within the stated confidence and conditional scope; unknown operational facts are not promoted to deployment or final approval.,Own950kWh battery stores onsite PV surplus; actual linked generation/storage supports coordinated integration. Not thermal storage;50-60% self-reported electricity share not all energy.,NOT_GRANTED
RC-20261007-P58-measures_gap_score,P58,measures_gap_score,3,3,B,B,CONFIRMED,Codex,PRIMARY_SOURCE_RECHECK_AND_ANCHOR_REVIEW,2026-10-07,S-P58-03,S-P58-03,Primary source content and entity/period boundaries were re-read against coding_manual.md. The anchor remains supported within the stated confidence and conditional scope; unknown operational facts are not promoted to deployment or final approval.,Own PV and electrical storage are two concrete measures; certification and new production hall are not extra energy technologies.,NOT_GRANTED
RC-20261007-P58-management_gap_score,P58,management_gap_score,2,2,B,B,CONFIRMED,Codex,PRIMARY_SOURCE_RECHECK_AND_ANCHOR_REVIEW,2026-10-07,S-P58-05,S-P58-05,Primary source content and entity/period boundaries were re-read against coding_manual.md. The anchor remains supported within the stated confidence and conditional scope; unknown operational facts are not promoted to deployment or final approval.,"Exact-holder DEKRA ISO14001 current2025-11-28 to2028-11-27 supports environmental/other-system anchor, not mature certified EnMS.",NOT_GRANTED
RC-20261007-P58-targets_gap_score,P58,targets_gap_score,3,3,B,B,CONFIRMED,Codex,PRIMARY_SOURCE_RECHECK_AND_ANCHOR_REVIEW,2026-10-07,S-P58-03,S-P58-03,Primary source content and entity/period boundaries were re-read against coding_manual.md. The anchor remains supported within the stated confidence and conditional scope; unknown operational facts are not promoted to deployment or final approval.,Own climate and fossil-independence ambition lacks dated roadmap in defined current own/history/documents/certification and exact-name checks. Emission factor and annual generation are not dated target.,NOT_GRANTED
RC-20261007-P58-investment_gap_score,P58,investment_gap_score,2,2,B,B,CONFIRMED,Codex,PRIMARY_SOURCE_RECHECK_AND_ANCHOR_REVIEW,2026-10-07,S-P58-03 | S-P58-04,S-P58-03 | S-P58-04,Primary source content and entity/period boundaries were re-read against coding_manual.md. The anchor remains supported within the stated confidence and conditional scope; unknown operational facts are not promoted to deployment or final approval.,Actual PV installed2022 inside2021-10-07 to2026-10-07;950kWh battery acquisition undated and1500m2 new hall not a second proven energy project. No date invented.,NOT_GRANTED
RC-20261007-P59-motor_drive_score,P59,motor_drive_score,2,2,C,C,CONFIRMED,Codex,PRIMARY_SOURCE_RECHECK_AND_ANCHOR_REVIEW,2026-10-07,S-P59-03,S-P59-03,Primary source content and entity/period boundaries were re-read against coding_manual.md. The anchor remains supported within the stated confidence and conditional scope; unknown operational facts are not promoted to deployment or final approval.,Own picker/robot on injection machines supports limited actual drive applications as engineering inference; no drive intensity/ratings from35-150t closing force or external tools.,NOT_GRANTED
RC-20261007-P59-automation_control_score,P59,automation_control_score,3,3,B,B,CONFIRMED,Codex,PRIMARY_SOURCE_RECHECK_AND_ANCHOR_REVIEW,2026-10-07,S-P59-03 | S-P59-04,S-P59-03 | S-P59-04,Primary source content and entity/period boundaries were re-read against coding_manual.md. The anchor remains supported within the stated confidence and conditional scope; unknown operational facts are not promoted to deployment or final approval.,Actual robots and own QS/ERP batch trace support clear control relevance; no grid/energy coordination inferred.,NOT_GRANTED
RC-20261007-P59-measures_gap_score,P59,measures_gap_score,3,3,B,B,CONFIRMED,Codex,PRIMARY_SOURCE_RECHECK_AND_ANCHOR_REVIEW,2026-10-07,S-P59-02,S-P59-02,Primary source content and entity/period boundaries were re-read against coding_manual.md. The anchor remains supported within the stated confidence and conditional scope; unknown operational facts are not promoted to deployment or final approval.,"Own cooling-water/exhaust heat supplies complete building underfloor heating. Concrete heat recovery, not absence of other technologies or proven process-fuel displacement.",NOT_GRANTED
RC-20261007-P59-targets_gap_score,P59,targets_gap_score,3,3,B,B,CONFIRMED,Codex,PRIMARY_SOURCE_RECHECK_AND_ANCHOR_REVIEW,2026-10-07,S-P59-02 | S-P59-03 | S-P59-04,S-P59-02 | S-P59-03 | S-P59-04,Primary source content and entity/period boundaries were re-read against coding_manual.md. The anchor remains supported within the stated confidence and conditional scope; unknown operational facts are not promoted to deployment or final approval.,Own energy-conscious/resource-recycling position lacks dated roadmap in defined own/company/production/quality/certificate and exact-name checks; internal targets unknown.,NOT_GRANTED
RC-20261007-P61-power_conversion_score,P61,power_conversion_score,5,5,C,C,CONFIRMED,Codex,PRIMARY_SOURCE_RECHECK_AND_ANCHOR_REVIEW,2026-10-07,S-P61-03,S-P61-03,Primary source content and entity/period boundaries were re-read against coding_manual.md. The anchor remains supported within the stated confidence and conditional scope; unknown operational facts are not promoted to deployment or final approval.,"Named own electrolytic coatings imply material DC rectification as engineering inference; not electricity-driven process HEAT, no ratings invented.",NOT_GRANTED
RC-20261007-P61-automation_control_score,P61,automation_control_score,1,1,B,B,CONFIRMED,Codex,PRIMARY_SOURCE_RECHECK_AND_ANCHOR_REVIEW,2026-10-07,S-P61-04,S-P61-04,Primary source content and entity/period boundaries were re-read against coding_manual.md. The anchor remains supported within the stated confidence and conditional scope; unknown operational facts are not promoted to deployment or final approval.,"Own XRF/eddy-current/magnetic measurements establish limited actual process/QA sensing, not coordinated energy control.",NOT_GRANTED
RC-20261007-P61-power_quality_score,P61,power_quality_score,1,1,C,C,CONFIRMED,Codex,PRIMARY_SOURCE_RECHECK_AND_ANCHOR_REVIEW,2026-10-07,S-P61-03,S-P61-03,Primary source content and entity/period boundaries were re-read against coding_manual.md. The anchor remains supported within the stated confidence and conditional scope; unknown operational facts are not promoted to deployment or final approval.,Own galvanic production supports possible conversion-related effects; no measured harmonic/reactive-power/peak issue.,NOT_GRANTED
RC-20261007-P61-targets_gap_score,P61,targets_gap_score,3,3,B,B,CONFIRMED,Codex,PRIMARY_SOURCE_RECHECK_AND_ANCHOR_REVIEW,2026-10-07,S-P61-05 | S-P61-06,S-P61-05 | S-P61-06,Primary source content and entity/period boundaries were re-read against coding_manual.md. The anchor remains supported within the stated confidence and conditional scope; unknown operational facts are not promoted to deployment or final approval.,Current environmental-improvement policy lacks dated energy target/roadmap in own/process/docs/certification/exact-name checks. Historical KWKK+PV50-55% COMBINED electricity claim is not target or confirmed2026 energy inventory.,NOT_GRANTED
RC-20261007-P63-power_conversion_score,P63,power_conversion_score,5,5,C,C,CONFIRMED,Codex,PRIMARY_SOURCE_RECHECK_AND_ANCHOR_REVIEW,2026-10-07,S-P63-01 | S-P63-03,S-P63-01 | S-P63-03,Primary source content and entity/period boundaries were re-read against coding_manual.md. The anchor remains supported within the stated confidence and conditional scope; unknown operational facts are not promoted to deployment or final approval.,Exact Kaltenkirchen galvanic/anodising production supports material DC conversion as engineering inference. Other OTK companies excluded.,NOT_GRANTED
RC-20261007-P63-automation_control_score,P63,automation_control_score,1,1,C,C,CONFIRMED,Codex,PRIMARY_SOURCE_RECHECK_AND_ANCHOR_REVIEW,2026-10-07,S-P63-03,S-P63-03,Primary source content and entity/period boundaries were re-read against coding_manual.md. The anchor remains supported within the stated confidence and conditional scope; unknown operational facts are not promoted to deployment or final approval.,Own production automaton/bath-line caption establishes limited automation; no precise installed sensing/dispatch topology.,NOT_GRANTED
RC-20261007-P63-power_quality_score,P63,power_quality_score,1,1,C,C,CONFIRMED,Codex,PRIMARY_SOURCE_RECHECK_AND_ANCHOR_REVIEW,2026-10-07,S-P63-01 | S-P63-03,S-P63-01 | S-P63-03,Primary source content and entity/period boundaries were re-read against coding_manual.md. The anchor remains supported within the stated confidence and conditional scope; unknown operational facts are not promoted to deployment or final approval.,Actual galvanic/anodising context supports possible converter effects only; measured network issue unknown.,NOT_GRANTED
RC-20261007-P63-targets_gap_score,P63,targets_gap_score,5,5,B,B,CONFIRMED,Codex,PRIMARY_SOURCE_RECHECK_AND_ANCHOR_REVIEW,2026-10-07,S-P63-01 | S-P63-03,S-P63-01 | S-P63-03,Primary source content and entity/period boundaries were re-read against coding_manual.md. The anchor remains supported within the stated confidence and conditional scope; unknown operational facts are not promoted to deployment or final approval.,Own exact-company/production/technique/document and exact-name primary certification/energy checks found no attributed energy target. Other OTK entities excluded; adviser hours not production window; internal absence not inferred.,NOT_GRANTED
RC-20261007-P64-motor_drive_score,P64,motor_drive_score,2,2,C,C,CONFIRMED,Codex,PRIMARY_SOURCE_RECHECK_AND_ANCHOR_REVIEW,2026-10-07,S-P64-02 | S-P64-03,S-P64-02 | S-P64-03,Primary source content and entity/period boundaries were re-read against coding_manual.md. The anchor remains supported within the stated confidence and conditional scope; unknown operational facts are not promoted to deployment or final approval.,Own rack automats/drum plants support limited actual carrier/drum drives as engineering inference; no intensity or rated power established.,NOT_GRANTED
RC-20261007-P64-power_conversion_score,P64,power_conversion_score,5,5,C,C,CONFIRMED,Codex,PRIMARY_SOURCE_RECHECK_AND_ANCHOR_REVIEW,2026-10-07,S-P64-02,S-P64-02,Primary source content and entity/period boundaries were re-read against coding_manual.md. The anchor remains supported within the stated confidence and conditional scope; unknown operational facts are not promoted to deployment or final approval.,Actual own copper/nickel/silver/zinc/tin galvanic service establishes one material rectification case by engineering inference; customer energy assets not counted.,NOT_GRANTED
RC-20261007-P64-automation_control_score,P64,automation_control_score,3,3,B,B,CONFIRMED,Codex,PRIMARY_SOURCE_RECHECK_AND_ANCHOR_REVIEW,2026-10-07,S-P64-02 | S-P64-03,S-P64-02 | S-P64-03,Primary source content and entity/period boundaries were re-read against coding_manual.md. The anchor remains supported within the stated confidence and conditional scope; unknown operational facts are not promoted to deployment or final approval.,"Own automated rack/drum plants and actual bath-parameter checking establish clear process control, not coordinated energy dispatch.",NOT_GRANTED
RC-20261007-P64-power_quality_score,P64,power_quality_score,1,1,C,C,CONFIRMED,Codex,PRIMARY_SOURCE_RECHECK_AND_ANCHOR_REVIEW,2026-10-07,S-P64-02,S-P64-02,Primary source content and entity/period boundaries were re-read against coding_manual.md. The anchor remains supported within the stated confidence and conditional scope; unknown operational facts are not promoted to deployment or final approval.,Own plating supports possible converter-related effects only; no measured harm/reactive-power/peak data.,NOT_GRANTED
RC-20261007-P64-targets_gap_score,P64,targets_gap_score,5,5,B,B,CONFIRMED,Codex,PRIMARY_SOURCE_RECHECK_AND_ANCHOR_REVIEW,2026-10-07,S-P64-01 | S-P64-02 | S-P64-03,S-P64-01 | S-P64-02 | S-P64-03,Primary source content and entity/period boundaries were re-read against coding_manual.md. The anchor remains supported within the stated confidence and conditional scope; unknown operational facts are not promoted to deployment or final approval.,Exact Schwetzingen company/imprint/process/docs and exact-name energy/certification checks found no own energy/decarbonisation target. Customer-part longevity/PV/wind and unrelated Wieland Group targets excluded; internal absence unknown.,NOT_GRANTED
RC-20261007-P66-temperature_fit_score,P66,temperature_fit_score,3,3,B,B,CONFIRMED,Codex,PRIMARY_SOURCE_RECHECK_AND_ANCHOR_REVIEW,2026-10-07,S-P66-03,S-P66-03,Primary source content and entity/period boundaries were re-read against coding_manual.md. The anchor remains supported within the stated confidence and conditional scope; unknown operational facts are not promoted to deployment or final approval.,Actual owned biscuit980C/high firing1420C establishes difficult high-temperature electric-fit context.110C recovery water is not kiln temperature; no electric conversion technology or fuel assumed.,NOT_GRANTED
RC-20261007-P66-measures_gap_score,P66,measures_gap_score,3,3,C,C,CONFIRMED,Codex,PRIMARY_SOURCE_RECHECK_AND_ANCHOR_REVIEW,2026-10-07,S-P66-04 | S-P66-05,S-P66-04 | S-P66-05,Primary source content and entity/period boundaries were re-read against coding_manual.md. The anchor remains supported within the stated confidence and conditional scope; unknown operational facts are not promoted to deployment or final approval.,"Provider2023 describes actual kiln waste-heat export, VDI case anchors2017. Bounded public historical/project evidence, current2026 portfolio not exhaustive; Siemens heat-pump pilot elsewhere excluded.",NOT_GRANTED
RC-20261007-P66-targets_gap_score,P66,targets_gap_score,5,5,B,B,CONFIRMED,Codex,PRIMARY_SOURCE_RECHECK_AND_ANCHOR_REVIEW,2026-10-07,S-P66-01 | S-P66-03 | S-P66-04 | S-P66-05,S-P66-01 | S-P66-03 | S-P66-04 | S-P66-05,Primary source content and entity/period boundaries were re-read against coding_manual.md. The anchor remains supported within the stated confidence and conditional scope; unknown operational facts are not promoted to deployment or final approval.,Own manufacturing/company/document and exact-name public certificate/energy-target checks found no attributed dated KPM energy target. Network-provider fossil-free goals and adjacent-site pilots excluded; internal target absence unknown.,NOT_GRANTED
RC-20261007-P68-power_conversion_score,P68,power_conversion_score,5,5,C,C,CONFIRMED,Codex,PRIMARY_SOURCE_RECHECK_AND_ANCHOR_REVIEW,2026-10-07,S-P68-02 | S-P68-03,S-P68-02 | S-P68-03,Primary source content and entity/period boundaries were re-read against coding_manual.md. The anchor remains supported within the stated confidence and conditional scope; unknown operational facts are not promoted to deployment or final approval.,"Own2022 PV205kWp supports one material solar-conversion case;205kWp is nameplate, not process demand/electrical kiln or inverter rating.",NOT_GRANTED
RC-20261007-P68-power_quality_score,P68,power_quality_score,1,1,C,C,CONFIRMED,Codex,PRIMARY_SOURCE_RECHECK_AND_ANCHOR_REVIEW,2026-10-07,S-P68-02 | S-P68-03,S-P68-02 | S-P68-03,Primary source content and entity/period boundaries were re-read against coding_manual.md. The anchor remains supported within the stated confidence and conditional scope; unknown operational facts are not promoted to deployment or final approval.,Actual owned PV supports possible conversion-related effects; no measured network issue or converter topology established.,NOT_GRANTED
RC-20261007-P68-onsite_integration_score,P68,onsite_integration_score,2,2,B,B,CONFIRMED,Codex,PRIMARY_SOURCE_RECHECK_AND_ANCHOR_REVIEW,2026-10-07,S-P68-02 | S-P68-03,S-P68-02 | S-P68-03,Primary source content and entity/period boundaries were re-read against coding_manual.md. The anchor remains supported within the stated confidence and conditional scope; unknown operational facts are not promoted to deployment or final approval.,Own PV supplies site energy; one actual onsite integration case. Customer electric-heater products are not own electric heat or load-management topology.,NOT_GRANTED
RC-20261007-P68-measures_gap_score,P68,measures_gap_score,3,3,B,B,CONFIRMED,Codex,PRIMARY_SOURCE_RECHECK_AND_ANCHOR_REVIEW,2026-10-07,S-P68-02 | S-P68-03 | S-P68-05,S-P68-02 | S-P68-03 | S-P68-05,Primary source content and entity/period boundaries were re-read against coding_manual.md. The anchor remains supported within the stated confidence and conditional scope; unknown operational facts are not promoted to deployment or final approval.,"Current own PV and biogas supply for thermal afterburner support some measures. Bio-LPG delivery4436litres in2023 is distinct from regional biogas, not fossil-free whole plant;2018 recovery history retained without silently proving2026 portfolio.",NOT_GRANTED
RC-20261007-P68-targets_gap_score,P68,targets_gap_score,3,3,B,B,CONFIRMED,Codex,PRIMARY_SOURCE_RECHECK_AND_ANCHOR_REVIEW,2026-10-07,S-P68-02 | S-P68-03 | S-P68-04,S-P68-02 | S-P68-03 | S-P68-04,Primary source content and entity/period boundaries were re-read against coding_manual.md. The anchor remains supported within the stated confidence and conditional scope; unknown operational facts are not promoted to deployment or final approval.,Own fossil-independence/energy-efficiency ambition lacks dated roadmap in current/company/docs/certification/exact-name checks. Planned digitalisation by end2023 is not confirmed complete or a current energy target.,NOT_GRANTED
RC-20261007-P68-investment_gap_score,P68,investment_gap_score,2,2,B,B,CONFIRMED,Codex,PRIMARY_SOURCE_RECHECK_AND_ANCHOR_REVIEW,2026-10-07,S-P68-03 | S-P68-05,S-P68-03 | S-P68-05,Primary source content and entity/period boundaries were re-read against coding_manual.md. The anchor remains supported within the stated confidence and conditional scope; unknown operational facts are not promoted to deployment or final approval.,"2022 PV205kWp inside actualwindow.2021 kiln month unavailable, could precede2021-10-07; exclude rather than invent date.2022 gas-supply switch/2023 fuel delivery do not establish separate physical CAPEX;2018 recovery outsidewindow.",NOT_GRANTED
RC-20261007-P70-motor_drive_score,P70,motor_drive_score,5,5,B,B,CONFIRMED,Codex,PRIMARY_SOURCE_RECHECK_AND_ANCHOR_REVIEW,2026-10-07,S-P70-02,S-P70-02,Primary source content and entity/period boundaries were re-read against coding_manual.md. The anchor remains supported within the stated confidence and conditional scope; unknown operational facts are not promoted to deployment or final approval.,"Actual owned contract milling, grinding and air-classification support material mechanical drive use; no ratings, kiln fuel or electric heat inferred.",NOT_GRANTED
RC-20261007-P70-automation_control_score,P70,automation_control_score,1,1,B,B,CONFIRMED,Codex,PRIMARY_SOURCE_RECHECK_AND_ANCHOR_REVIEW,2026-10-07,S-P70-02,S-P70-02,Primary source content and entity/period boundaries were re-read against coding_manual.md. The anchor remains supported within the stated confidence and conditional scope; unknown operational facts are not promoted to deployment or final approval.,Actual own XRF and laser-diffraction measurement establish limited analytical sensing; no integrated energy dispatch.,NOT_GRANTED
RC-20261007-P70-management_gap_score,P70,management_gap_score,3,3,C,C,CONFIRMED,Codex,PRIMARY_SOURCE_RECHECK_AND_ANCHOR_REVIEW,2026-10-07,S-P70-03 | S-P70-04,S-P70-03 | S-P70-04,Primary source content and entity/period boundaries were re-read against coding_manual.md. The anchor remains supported within the stated confidence and conditional scope; unknown operational facts are not promoted to deployment or final approval.,"Own ISO14001 claim only; direct historicalPDF404. No current body/holder/validity verified, cached2026 filename/date not expiry proof; neither VALID nor VERIFIED_EXPIRED. No certification discontinuation inferred.",NOT_GRANTED
RC-20261007-P70-targets_gap_score,P70,targets_gap_score,5,5,B,B,CONFIRMED,Codex,PRIMARY_SOURCE_RECHECK_AND_ANCHOR_REVIEW,2026-10-07,S-P70-02 | S-P70-03,S-P70-02 | S-P70-03,Primary source content and entity/period boundaries were re-read against coding_manual.md. The anchor remains supported within the stated confidence and conditional scope; unknown operational facts are not promoted to deployment or final approval.,Own exact company/process/docs and exact-name primary certification/energy searches found no attributed energy target; material/customer properties and ISO quality claim not targets. Internal absence not inferred.,NOT_GRANTED
RC-20261007-P75-motor_drive_score,P75,motor_drive_score,2,2,C,C,CONFIRMED,Codex,PRIMARY_SOURCE_RECHECK_AND_ANCHOR_REVIEW,2026-10-07,S-P75-03,S-P75-03,Primary source content and entity/period boundaries were re-read against coding_manual.md. The anchor remains supported within the stated confidence and conditional scope; unknown operational facts are not promoted to deployment or final approval.,"Own beer explicitly pumped into lager tanks; limited actual drive application by engineering inference, no machine rating/intensity from brewery sector.",NOT_GRANTED
RC-20261007-P75-targets_gap_score,P75,targets_gap_score,3,3,B,B,CONFIRMED,Codex,PRIMARY_SOURCE_RECHECK_AND_ANCHOR_REVIEW,2026-10-07,S-P75-03 | S-P75-06 | S-P75-07,S-P75-03 | S-P75-06 | S-P75-07,Primary source content and entity/period boundaries were re-read against coding_manual.md. The anchor remains supported within the stated confidence and conditional scope; unknown operational facts are not promoted to deployment or final approval.,Own bottling claims sustainable/resource-saving design but no dated energy roadmap after current production/company/docs/certification/exact-name checks. Alcohol-responsibility policy not energy target;2024 cellar capacity not energy investment.,NOT_GRANTED
RC-20261007-P76-motor_drive_score,P76,motor_drive_score,2,2,C,C,CONFIRMED,Codex,PRIMARY_SOURCE_RECHECK_AND_ANCHOR_REVIEW,2026-10-07,S-P76-06 | S-P76-07,S-P76-06 | S-P76-07,Primary source content and entity/period boundaries were re-read against coding_manual.md. The anchor remains supported within the stated confidence and conditional scope; unknown operational facts are not promoted to deployment or final approval.,"Actual own robots/handling support limited drives;40+ injection machines closing force not drive intensity. Toolmaking by partners, no owned CNC/EDM inherited.",NOT_GRANTED
RC-20261007-P76-power_conversion_score,P76,power_conversion_score,5,5,C,C,CONFIRMED,Codex,PRIMARY_SOURCE_RECHECK_AND_ANCHOR_REVIEW,2026-10-07,S-P76-04,S-P76-04,Primary source content and entity/period boundaries were re-read against coding_manual.md. The anchor remains supported within the stated confidence and conditional scope; unknown operational facts are not promoted to deployment or final approval.,"Actual own onsite PV supports one material conversion case; significant share unquantified, no load or converter rating invented.",NOT_GRANTED
RC-20261007-P76-automation_control_score,P76,automation_control_score,3,3,B,B,CONFIRMED,Codex,PRIMARY_SOURCE_RECHECK_AND_ANCHOR_REVIEW,2026-10-07,S-P76-06,S-P76-06,Primary source content and entity/period boundaries were re-read against coding_manual.md. The anchor remains supported within the stated confidence and conditional scope; unknown operational facts are not promoted to deployment or final approval.,"Own fully automatic handling/packaging, robot systems and production-planning system establish clear actual control relevance; three-shift operation not flexibility permission.",NOT_GRANTED
RC-20261007-P76-power_quality_score,P76,power_quality_score,1,1,C,C,CONFIRMED,Codex,PRIMARY_SOURCE_RECHECK_AND_ANCHOR_REVIEW,2026-10-07,S-P76-04,S-P76-04,Primary source content and entity/period boundaries were re-read against coding_manual.md. The anchor remains supported within the stated confidence and conditional scope; unknown operational facts are not promoted to deployment or final approval.,Own PV supports possible converter relevance only; no measured harmonic/reactive-power/peak signals.,NOT_GRANTED
RC-20261007-P76-onsite_integration_score,P76,onsite_integration_score,2,2,B,B,CONFIRMED,Codex,PRIMARY_SOURCE_RECHECK_AND_ANCHOR_REVIEW,2026-10-07,S-P76-04,S-P76-04,Primary source content and entity/period boundaries were re-read against coding_manual.md. The anchor remains supported within the stated confidence and conditional scope; unknown operational facts are not promoted to deployment or final approval.,"Own PV meets unquantified significant site demand; actual onsite use, no battery or coordinated microgrid inferred.",NOT_GRANTED
RC-20261007-P76-measures_gap_score,P76,measures_gap_score,3,3,B,B,CONFIRMED,Codex,PRIMARY_SOURCE_RECHECK_AND_ANCHOR_REVIEW,2026-10-07,S-P76-04,S-P76-04,Primary source content and entity/period boundaries were re-read against coding_manual.md. The anchor remains supported within the stated confidence and conditional scope; unknown operational facts are not promoted to deployment or final approval.,"Own PV concrete measure; generic efficient technologies, EcoVadis and certificates not additional named energy deployments.",NOT_GRANTED
RC-20261007-P76-management_gap_score,P76,management_gap_score,2,2,B,B,CONFIRMED,Codex,PRIMARY_SOURCE_RECHECK_AND_ANCHOR_REVIEW,2026-10-07,S-P76-05 | S-P76-09,S-P76-05 | S-P76-09,Primary source content and entity/period boundaries were re-read against coding_manual.md. The anchor remains supported within the stated confidence and conditional scope; unknown operational facts are not promoted to deployment or final approval.,SKZ exact-holder ISO14001 current2025-11-29 to2028-11-28 incl annexSiemens15 assembly. Integrated-system claim does not establish mature certified EnMS.,NOT_GRANTED
RC-20261007-P76-targets_gap_score,P76,targets_gap_score,3,3,B,B,CONFIRMED,Codex,PRIMARY_SOURCE_RECHECK_AND_ANCHOR_REVIEW,2026-10-07,S-P76-04 | S-P76-09,S-P76-04 | S-P76-09,Primary source content and entity/period boundaries were re-read against coding_manual.md. The anchor remains supported within the stated confidence and conditional scope; unknown operational facts are not promoted to deployment or final approval.,Current own resource/emission/energy-improvement ambition lacks dated roadmap in current/company/docs/certificate and exact-name checks; internal targets unknown.,NOT_GRANTED
RC-20261007-P77-fossil_heat_displacement_score,P77,fossil_heat_displacement_score,2,2,C,C,CONFIRMED,Codex,PRIMARY_SOURCE_RECHECK_AND_ANCHOR_REVIEW,2026-10-07,S-P77-03,S-P77-03,Primary source content and entity/period boundaries were re-read against coding_manual.md. The anchor remains supported within the stated confidence and conditional scope; unknown operational facts are not promoted to deployment or final approval.,"Own current policy names heating oil for heating AND process purposes reduced by recovery. Possible remaining fossil thermal service, not full fuel inventory, centrality or quantified load.",NOT_GRANTED
RC-20261007-P77-motor_drive_score,P77,motor_drive_score,8,8,B,B,CONFIRMED,Codex,PRIMARY_SOURCE_RECHECK_AND_ANCHOR_REVIEW,2026-10-07,S-P77-03 | S-P77-04 | S-P77-05,S-P77-03 | S-P77-04 | S-P77-05,Primary source content and entity/period boundaries were re-read against coding_manual.md. The anchor remains supported within the stated confidence and conditional scope; unknown operational facts are not promoted to deployment or final approval.,"Own CNC milling, robots/full-electric machine, grinding/mills and vacuum/material feed plus compressor support multiple intensive mechanical applications; closing force not power.",NOT_GRANTED
RC-20261007-P77-power_conversion_score,P77,power_conversion_score,5,5,C,C,CONFIRMED,Codex,PRIMARY_SOURCE_RECHECK_AND_ANCHOR_REVIEW,2026-10-07,S-P77-04 | S-P77-05,S-P77-04 | S-P77-05,Primary source content and entity/period boundaries were re-read against coding_manual.md. The anchor remains supported within the stated confidence and conditional scope; unknown operational facts are not promoted to deployment or final approval.,Actual own EDM supports material conversion as engineering inference; full-electric machines support drives but not electric heat carrier or rated converter data.,NOT_GRANTED
RC-20261007-P77-automation_control_score,P77,automation_control_score,3,3,B,B,CONFIRMED,Codex,PRIMARY_SOURCE_RECHECK_AND_ANCHOR_REVIEW,2026-10-07,S-P77-03 | S-P77-05,S-P77-03 | S-P77-05,Primary source content and entity/period boundaries were re-read against coding_manual.md. The anchor remains supported within the stated confidence and conditional scope; unknown operational facts are not promoted to deployment or final approval.,"Own robots/automated insertion/removal and automatic vacuum-line cleaning support clear process control. IIOT customer/logistics coordination is future intention, not strong installed energy-network control.",NOT_GRANTED
RC-20261007-P77-power_quality_score,P77,power_quality_score,1,1,C,C,CONFIRMED,Codex,PRIMARY_SOURCE_RECHECK_AND_ANCHOR_REVIEW,2026-10-07,S-P77-04 | S-P77-05,S-P77-04 | S-P77-05,Primary source content and entity/period boundaries were re-read against coding_manual.md. The anchor remains supported within the stated confidence and conditional scope; unknown operational facts are not promoted to deployment or final approval.,"Own EDM/electric-machine context supports possible conversion effects, without measured peak/harmonic/reactive-power issue.",NOT_GRANTED
RC-20261007-P77-measures_gap_score,P77,measures_gap_score,0,0,B,B,CONFIRMED,Codex,PRIMARY_SOURCE_RECHECK_AND_ANCHOR_REVIEW,2026-10-07,S-P77-03 | S-P77-05,S-P77-03 | S-P77-05,Primary source content and entity/period boundaries were re-read against coding_manual.md. The anchor remains supported within the stated confidence and conditional scope; unknown operational facts are not promoted to deployment or final approval.,"Own heat recovery, free cooling and servo/full-electric efficient machinery support several concrete energy measures. Certification and recycling not additional energy installations.",NOT_GRANTED
RC-20261007-P77-management_gap_score,P77,management_gap_score,0,0,B,B,CONFIRMED,Codex,PRIMARY_SOURCE_RECHECK_AND_ANCHOR_REVIEW,2026-10-07,S-P77-06 | S-P77-07,S-P77-06 | S-P77-07,Primary source content and entity/period boundaries were re-read against coding_manual.md. The anchor remains supported within the stated confidence and conditional scope; unknown operational facts are not promoted to deployment or final approval.,SKZ ISO50001 exact firm/all consumed energies current2026-09-23 to2029-09-22; separate ISO14001 current. This numeric proposal is not human approval.,NOT_GRANTED
RC-20261007-P77-targets_gap_score,P77,targets_gap_score,3,3,B,B,CONFIRMED,Codex,PRIMARY_SOURCE_RECHECK_AND_ANCHOR_REVIEW,2026-10-07,S-P77-03,S-P77-03,Primary source content and entity/period boundaries were re-read against coding_manual.md. The anchor remains supported within the stated confidence and conditional scope; unknown operational facts are not promoted to deployment or final approval.,Current energy reduction/environment targets have no dated quantified roadmap after own/process/docs/certifier/exact-name target checks. IIOT aspiration is not energy target; internal targets unknown.,NOT_GRANTED
RC-20261007-P79-motor_drive_score,P79,motor_drive_score,8,8,B,B,CONFIRMED,Codex,PRIMARY_SOURCE_RECHECK_AND_ANCHOR_REVIEW,2026-10-07,S-P79-06,S-P79-06,Primary source content and entity/period boundaries were re-read against coding_manual.md. The anchor remains supported within the stated confidence and conditional scope; unknown operational facts are not promoted to deployment or final approval.,"DNK2024 actual own efficient milling, extraction fan/frequency drive and compressor/moulding equipment support multiple drive applications. No ratings inferred.",NOT_GRANTED
RC-20261007-P79-power_conversion_score,P79,power_conversion_score,5,5,B,B,CONFIRMED,Codex,PRIMARY_SOURCE_RECHECK_AND_ANCHOR_REVIEW,2026-10-07,S-P79-03 | S-P79-06,S-P79-03 | S-P79-06,Primary source content and entity/period boundaries were re-read against coding_manual.md. The anchor remains supported within the stated confidence and conditional scope; unknown operational facts are not promoted to deployment or final approval.,Concrete2024 installed extraction frequency converter and existingPV support material conversion; planned storage/expansion not counted as actual hardware.,NOT_GRANTED
RC-20261007-P79-automation_control_score,P79,automation_control_score,4,4,B,B,CONFIRMED,Codex,PRIMARY_SOURCE_RECHECK_AND_ANCHOR_REVIEW,2026-10-07,S-P79-06,S-P79-06,Primary source content and entity/period boundaries were re-read against coding_manual.md. The anchor remains supported within the stated confidence and conditional scope; unknown operational facts are not promoted to deployment or final approval.,"Actual bus-connected sensing/monitoring, BDE, weather-driven ventilation and air/extraction shutoff after last machine impulse establish strong linked control relevance. No grid-dispatch permission claimed.",NOT_GRANTED
RC-20261007-P79-power_quality_score,P79,power_quality_score,1,1,C,C,CONFIRMED,Codex,PRIMARY_SOURCE_RECHECK_AND_ANCHOR_REVIEW,2026-10-07,S-P79-03 | S-P79-06,S-P79-03 | S-P79-06,Primary source content and entity/period boundaries were re-read against coding_manual.md. The anchor remains supported within the stated confidence and conditional scope; unknown operational facts are not promoted to deployment or final approval.,"Own PV/frequency converter support possible effects.2030peak-reduction/storage targets are plans, not measured current peaks/harmonics or installed storage.",NOT_GRANTED
RC-20261007-P79-onsite_integration_score,P79,onsite_integration_score,2,2,B,B,CONFIRMED,Codex,PRIMARY_SOURCE_RECHECK_AND_ANCHOR_REVIEW,2026-10-07,S-P79-03 | S-P79-06,S-P79-03 | S-P79-06,Primary source content and entity/period boundaries were re-read against coding_manual.md. The anchor remains supported within the stated confidence and conditional scope; unknown operational facts are not promoted to deployment or final approval.,"Current base301.76kWp PV is actual onsite generation.675kWp expansion/400kWh battery expectedSeptember2026 not proven complete, no calendar-based upgrade to coordinated storage.",NOT_GRANTED
RC-20261007-P79-measures_gap_score,P79,measures_gap_score,0,0,B,B,CONFIRMED,Codex,PRIMARY_SOURCE_RECHECK_AND_ANCHOR_REVIEW,2026-10-07,S-P79-03 | S-P79-06,S-P79-03 | S-P79-06,Primary source content and entity/period boundaries were re-read against coding_manual.md. The anchor remains supported within the stated confidence and conditional scope; unknown operational facts are not promoted to deployment or final approval.,ExistingPV and concrete2024 frequency-converter/efficient-mill/automatic-window cooling plus permanent air optimisation support several measures; planned2026/2027 expansion excluded.,NOT_GRANTED
RC-20261007-P79-management_gap_score,P79,management_gap_score,0,0,B,B,CONFIRMED,Codex,PRIMARY_SOURCE_RECHECK_AND_ANCHOR_REVIEW,2026-10-07,S-P79-04 | S-P79-05,S-P79-04 | S-P79-05,Primary source content and entity/period boundaries were re-read against coding_manual.md. The anchor remains supported within the stated confidence and conditional scope; unknown operational facts are not promoted to deployment or final approval.,DEKRA ISO50001 exact Langer valid2024-11-19 to2027-11-18; separate ISO14001. Previous expiry not current start.,NOT_GRANTED
RC-20261007-P79-targets_gap_score,P79,targets_gap_score,0,0,B,B,CONFIRMED,Codex,PRIMARY_SOURCE_RECHECK_AND_ANCHOR_REVIEW,2026-10-07,S-P79-06,S-P79-06,Primary source content and entity/period boundaries were re-read against coding_manual.md. The anchor remains supported within the stated confidence and conditional scope; unknown operational facts are not promoted to deployment or final approval.,DNK2024/report2025 states40% ownPV/storage electricity and60% Scope1/2 reduction vs2019 by2030; staged PV/storage/LED/control roadmap and quarterly oversight. Targets not achieved shares;2024/2025 goals not silently current.,NOT_GRANTED
RC-20261007-P79-investment_gap_score,P79,investment_gap_score,0,0,B,B,CONFIRMED,Codex,PRIMARY_SOURCE_RECHECK_AND_ANCHOR_REVIEW,2026-10-07,S-P79-06,S-P79-06,Primary source content and entity/period boundaries were re-read against coding_manual.md. The anchor remains supported within the stated confidence and conditional scope; unknown operational facts are not promoted to deployment or final approval.,"Concrete2024 section lists efficient-mill replacement, installed extraction frequency converter and automatic-window night cooling. Current page2026PV/storage remains EXPECTED, excluded until completion corroborated; dates not invented.",NOT_GRANTED
RC-20261007-P80-motor_drive_score,P80,motor_drive_score,5,5,B,B,CONFIRMED,Codex,PRIMARY_SOURCE_RECHECK_AND_ANCHOR_REVIEW,2026-10-07,S-P80-03 | S-P80-04,S-P80-03 | S-P80-04,Primary source content and entity/period boundaries were re-read against coding_manual.md. The anchor remains supported within the stated confidence and conditional scope; unknown operational facts are not promoted to deployment or final approval.,Own inhouse CNC and automatic handling establish material mechanical drive applications; partner toolshops and21machines alone not own intensive-drive count.,NOT_GRANTED
RC-20261007-P80-power_conversion_score,P80,power_conversion_score,2,2,C,C,CONFIRMED,Codex,PRIMARY_SOURCE_RECHECK_AND_ANCHOR_REVIEW,2026-10-07,S-P80-04 | S-P80-05,S-P80-04 | S-P80-05,Primary source content and entity/period boundaries were re-read against coding_manual.md. The anchor remains supported within the stated confidence and conditional scope; unknown operational facts are not promoted to deployment or final approval.,Own electric Arburg-machine claim supports limited drive-conversion relevance as engineering inference; no installed heater carrier/topology or full converter ratings established.,NOT_GRANTED
RC-20261007-P80-automation_control_score,P80,automation_control_score,3,3,B,B,CONFIRMED,Codex,PRIMARY_SOURCE_RECHECK_AND_ANCHOR_REVIEW,2026-10-07,S-P80-02 | S-P80-04 | S-P80-05,S-P80-02 | S-P80-04 | S-P80-05,Primary source content and entity/period boundaries were re-read against coding_manual.md. The anchor remains supported within the stated confidence and conditional scope; unknown operational facts are not promoted to deployment or final approval.,Actual automatic handling/optical process control plus integrated ERP support clear relevance; not coordinated energy dispatch.,NOT_GRANTED
RC-20261007-P80-power_quality_score,P80,power_quality_score,1,1,C,C,CONFIRMED,Codex,PRIMARY_SOURCE_RECHECK_AND_ANCHOR_REVIEW,2026-10-07,S-P80-04 | S-P80-05,S-P80-04 | S-P80-05,Primary source content and entity/period boundaries were re-read against coding_manual.md. The anchor remains supported within the stated confidence and conditional scope; unknown operational facts are not promoted to deployment or final approval.,"Own electric-machine/automatic-handling context supports possible converter effects only, no measured power-quality issue.",NOT_GRANTED
RC-20261007-P80-measures_gap_score,P80,measures_gap_score,3,3,B,B,CONFIRMED,Codex,PRIMARY_SOURCE_RECHECK_AND_ANCHOR_REVIEW,2026-10-07,S-P80-05 | S-P80-07,S-P80-05 | S-P80-07,Primary source content and entity/period boundaries were re-read against coding_manual.md. The anchor remains supported within the stated confidence and conditional scope; unknown operational facts are not promoted to deployment or final approval.,"Actual electricity procurement2026hydropower and energy-efficient electric-machine investment claim support some measures. Purchased hydro not own generation;285.08t saving is supplier baseline estimate, not verified measured reduction.",NOT_GRANTED
RC-20261007-P80-management_gap_score,P80,management_gap_score,2,2,B,B,CONFIRMED,Codex,PRIMARY_SOURCE_RECHECK_AND_ANCHOR_REVIEW,2026-10-07,S-P80-06,S-P80-06,Primary source content and entity/period boundaries were re-read against coding_manual.md. The anchor remains supported within the stated confidence and conditional scope; unknown operational facts are not promoted to deployment or final approval.,"TÜV SÜD exact-site ISO14001 valid2025-12-02 to2028-12-01 supports partial/other system, not mature EnMS; supply certificate not ISO50001.",NOT_GRANTED
RC-20261007-P80-targets_gap_score,P80,targets_gap_score,3,3,B,B,CONFIRMED,Codex,PRIMARY_SOURCE_RECHECK_AND_ANCHOR_REVIEW,2026-10-07,S-P80-05 | S-P80-07,S-P80-05 | S-P80-07,Primary source content and entity/period boundaries were re-read against coding_manual.md. The anchor remains supported within the stated confidence and conditional scope; unknown operational facts are not promoted to deployment or final approval.,Own efficiency intention lacks dated reduction roadmap in own/company/process/docs/certification/exact-name checks. Supplier estimate/supply period not own dated energy target; internal absence unknown.,NOT_GRANTED
RC-20261007-P81-power_conversion_score,P81,power_conversion_score,8,8,C,C,CONFIRMED,Codex,PRIMARY_SOURCE_RECHECK_AND_ANCHOR_REVIEW,2026-10-07,S-P81-02 | S-P81-03 | S-P81-04,S-P81-02 | S-P81-03 | S-P81-04,Primary source content and entity/period boundaries were re-read against coding_manual.md. The anchor remains supported within the stated confidence and conditional scope; unknown operational facts are not promoted to deployment or final approval.,"Own anodising, plasma electrolytic oxidation and ultrasonic cleaning establish distinct conversion applications by engineering inference; no converter ratings or2000C process heat inferred.",NOT_GRANTED
RC-20261007-P81-automation_control_score,P81,automation_control_score,3,3,B,B,CONFIRMED,Codex,PRIMARY_SOURCE_RECHECK_AND_ANCHOR_REVIEW,2026-10-07,S-P81-03,S-P81-03,Primary source content and entity/period boundaries were re-read against coding_manual.md. The anchor remains supported within the stated confidence and conditional scope; unknown operational facts are not promoted to deployment or final approval.,"Exact Ludwigsburg own fully automated ultrasonic cleaning establishes clear process-control relevance, not energy-grid coordination.",NOT_GRANTED
RC-20261007-P81-power_quality_score,P81,power_quality_score,1,1,C,C,CONFIRMED,Codex,PRIMARY_SOURCE_RECHECK_AND_ANCHOR_REVIEW,2026-10-07,S-P81-02 | S-P81-03 | S-P81-04,S-P81-02 | S-P81-03 | S-P81-04,Primary source content and entity/period boundaries were re-read against coding_manual.md. The anchor remains supported within the stated confidence and conditional scope; unknown operational facts are not promoted to deployment or final approval.,Actual owned anodising/PEO/ultrasonic applications support possible effects only; no measured harmonics/reactive power/peaks.,NOT_GRANTED
RC-20261007-P81-measures_gap_score,P81,measures_gap_score,3,3,B,B,CONFIRMED,Codex,PRIMARY_SOURCE_RECHECK_AND_ANCHOR_REVIEW,2026-10-07,S-P81-03,S-P81-03,Primary source content and entity/period boundaries were re-read against coding_manual.md. The anchor remains supported within the stated confidence and conditional scope; unknown operational facts are not promoted to deployment or final approval.,Own geothermal heating/cooling and renewable purchased energy are concrete energy-relevant measures. Geothermal system does not establish specific electric heat-pump topology or process heat electrification.,NOT_GRANTED
RC-20261007-P81-targets_gap_score,P81,targets_gap_score,3,3,B,B,CONFIRMED,Codex,PRIMARY_SOURCE_RECHECK_AND_ANCHOR_REVIEW,2026-10-07,S-P81-03,S-P81-03,Primary source content and entity/period boundaries were re-read against coding_manual.md. The anchor remains supported within the stated confidence and conditional scope; unknown operational facts are not promoted to deployment or final approval.,Current own resource/energy policy lacks dated roadmap in primary company/process/docs and exact-name energy/certificate/target checks. Customer coating durability not company decarbonisation target; internal absence unknown.,NOT_GRANTED
RC-20261007-P83-motor_drive_score,P83,motor_drive_score,2,2,C,C,CONFIRMED,Codex,PRIMARY_SOURCE_RECHECK_AND_ANCHOR_REVIEW,2026-10-07,S-P83-02,S-P83-02,Primary source content and entity/period boundaries were re-read against coding_manual.md. The anchor remains supported within the stated confidence and conditional scope; unknown operational facts are not promoted to deployment or final approval.,"Owned automatic rack/drum plating supports limited drives as engineering inference; no ratings/intensity from dimensions, grants or staff.",NOT_GRANTED
RC-20261007-P83-power_conversion_score,P83,power_conversion_score,5,5,C,C,CONFIRMED,Codex,PRIMARY_SOURCE_RECHECK_AND_ANCHOR_REVIEW,2026-10-07,S-P83-02,S-P83-02,Primary source content and entity/period boundaries were re-read against coding_manual.md. The anchor remains supported within the stated confidence and conditional scope; unknown operational facts are not promoted to deployment or final approval.,Actual own zinc/nickel/anodising services support material DC rectification by engineering inference; chemical nickel alone not rectification or electric process heat.,NOT_GRANTED
RC-20261007-P83-automation_control_score,P83,automation_control_score,3,3,B,B,CONFIRMED,Codex,PRIMARY_SOURCE_RECHECK_AND_ANCHOR_REVIEW,2026-10-07,S-P83-02,S-P83-02,Primary source content and entity/period boundaries were re-read against coding_manual.md. The anchor remains supported within the stated confidence and conditional scope; unknown operational facts are not promoted to deployment or final approval.,Current own automatic rack coating/anodising supports clear process control; ministry futurecapacity not current installed energy-management architecture.,NOT_GRANTED
RC-20261007-P83-power_quality_score,P83,power_quality_score,1,1,C,C,CONFIRMED,Codex,PRIMARY_SOURCE_RECHECK_AND_ANCHOR_REVIEW,2026-10-07,S-P83-02,S-P83-02,Primary source content and entity/period boundaries were re-read against coding_manual.md. The anchor remains supported within the stated confidence and conditional scope; unknown operational facts are not promoted to deployment or final approval.,Actual galvanic context supports possible converter effects only; no measured network constraint.,NOT_GRANTED
RC-20261007-P83-targets_gap_score,P83,targets_gap_score,5,5,B,B,CONFIRMED,Codex,PRIMARY_SOURCE_RECHECK_AND_ANCHOR_REVIEW,2026-10-07,S-P83-01 | S-P83-02 | S-P83-03,S-P83-01 | S-P83-02 | S-P83-03,Primary source content and entity/period boundaries were re-read against coding_manual.md. The anchor remains supported within the stated confidence and conditional scope; unknown operational facts are not promoted to deployment or final approval.,Own company/process/docs and exact-name primary energy/certification/target checks found no attributed dated energy target.555000EUR GRWcapacity grant and generic efficient processes not energy roadmap; internal absence unknown.,NOT_GRANTED
RC-20261007-P84-targets_gap_score,P84,targets_gap_score,3,3,B,B,CONFIRMED,Codex,PRIMARY_SOURCE_RECHECK_AND_ANCHOR_REVIEW,2026-10-07,S-P84-02 | S-P84-03 | S-P84-04,S-P84-02 | S-P84-03 | S-P84-04,Primary source content and entity/period boundaries were re-read against coding_manual.md. The anchor remains supported within the stated confidence and conditional scope; unknown operational facts are not promoted to deployment or final approval.,Own powder-line efficiency/resource claim lacks dated energy roadmap in company/process/docs/exact-name primary energy/certificate checks. Customer flexibility and2019/2020site construction not energy targets; internal absence unknown.,NOT_GRANTED
RC-20261007-P90-motor_drive_score,P90,motor_drive_score,2,2,C,C,CONFIRMED,Codex,PRIMARY_SOURCE_RECHECK_AND_ANCHOR_REVIEW,2026-10-07,S-P90-03 | S-P90-04,S-P90-03 | S-P90-04,Primary source content and entity/period boundaries were re-read against coding_manual.md. The anchor remains supported within the stated confidence and conditional scope; unknown operational facts are not promoted to deployment or final approval.,"Company expressly owns plate-finishing centre for worktops/stairs/windows. Limited mechanical-drive relevance as engineering inference; exact own machine list unresolved, partner CNC/waterjet sales not intensive owned-drive count.",NOT_GRANTED
RC-20261007-P90-targets_gap_score,P90,targets_gap_score,5,5,B,B,CONFIRMED,Codex,PRIMARY_SOURCE_RECHECK_AND_ANCHOR_REVIEW,2026-10-07,S-P90-01 | S-P90-03 | S-P90-04,S-P90-01 | S-P90-03 | S-P90-04,Primary source content and entity/period boundaries were re-read against coding_manual.md. The anchor remains supported within the stated confidence and conditional scope; unknown operational facts are not promoted to deployment or final approval.,Exact company/own-centre/partner/docs and public primary energy/certificate searches found no attributed own dated energy target. Partner efficiency/digital advice and supplier firing not company targets; internal absence not inferred.,NOT_GRANTED
RC-20261007-P91-fossil_heat_displacement_score,P91,fossil_heat_displacement_score,5,5,B,B,CONFIRMED,Codex,PRIMARY_SOURCE_RECHECK_AND_ANCHOR_REVIEW,2026-10-07,S-P91-04,S-P91-04,Primary source content and entity/period boundaries were re-read against coding_manual.md. The anchor remains supported within the stated confidence and conditional scope; unknown operational facts are not promoted to deployment or final approval.,"Validated2025statement with2024data names gas-fired production steam boiler and6197MWh2024gas heat. Central reported fossil service;2026fuel quantities unverified. Source Leistung4.3MWh unit inconsistent, not repaired to MW or used as rated load.",NOT_GRANTED
RC-20261007-P91-motor_drive_score,P91,motor_drive_score,8,8,B,B,CONFIRMED,Codex,PRIMARY_SOURCE_RECHECK_AND_ANCHOR_REVIEW,2026-10-07,S-P91-04,S-P91-04,Primary source content and entity/period boundaries were re-read against coding_manual.md. The anchor remains supported within the stated confidence and conditional scope; unknown operational facts are not promoted to deployment or final approval.,"Current validated report names brewery pumps, refrigeration and8bar compressors plus bottling bands/drive motors. Multiple actual drives,8bar not motor rating.",NOT_GRANTED
RC-20261007-P91-power_conversion_score,P91,power_conversion_score,5,5,C,C,CONFIRMED,Codex,PRIMARY_SOURCE_RECHECK_AND_ANCHOR_REVIEW,2026-10-07,S-P91-04,S-P91-04,Primary source content and entity/period boundaries were re-read against coding_manual.md. The anchor remains supported within the stated confidence and conditional scope; unknown operational facts are not promoted to deployment or final approval.,"Actual breweryPV since2014 and completedmid2025expansion support material conversion; future logcentrePV12/2025 table not automatically done, no kW from boiler typo.",NOT_GRANTED
RC-20261007-P91-automation_control_score,P91,automation_control_score,3,3,B,B,CONFIRMED,Codex,PRIMARY_SOURCE_RECHECK_AND_ANCHOR_REVIEW,2026-10-07,S-P91-04,S-P91-04,Primary source content and entity/period boundaries were re-read against coding_manual.md. The anchor remains supported within the stated confidence and conditional scope; unknown operational facts are not promoted to deployment or final approval.,"Validated actual environmental-system monitoring, quality/bottling/refrigeration control supports clear relevance. New Sudhaus control12/2026 and coolant control12/2026 remain planned, not installed upgrade.",NOT_GRANTED
RC-20261007-P91-power_quality_score,P91,power_quality_score,1,1,C,C,CONFIRMED,Codex,PRIMARY_SOURCE_RECHECK_AND_ANCHOR_REVIEW,2026-10-07,S-P91-04,S-P91-04,Primary source content and entity/period boundaries were re-read against coding_manual.md. The anchor remains supported within the stated confidence and conditional scope; unknown operational facts are not promoted to deployment or final approval.,ActualPV/drives support possible conversion effects only; no measured harmonic/reactive-power/peak constraint.,NOT_GRANTED
RC-20261007-P91-onsite_integration_score,P91,onsite_integration_score,2,2,B,B,CONFIRMED,Codex,PRIMARY_SOURCE_RECHECK_AND_ANCHOR_REVIEW,2026-10-07,S-P91-04,S-P91-04,Primary source content and entity/period boundaries were re-read against coding_manual.md. The anchor remains supported within the stated confidence and conditional scope; unknown operational facts are not promoted to deployment or final approval.,"ActualAugsburgPV and2025extension meet own electricity use.2024PV171MWh is annual energy, not power; planned logcentrePV or future charging not coordinated installed storage.",NOT_GRANTED
RC-20261007-P91-measures_gap_score,P91,measures_gap_score,0,0,B,B,CONFIRMED,Codex,PRIMARY_SOURCE_RECHECK_AND_ANCHOR_REVIEW,2026-10-07,S-P91-04,S-P91-04,Primary source content and entity/period boundaries were re-read against coding_manual.md. The anchor remains supported within the stated confidence and conditional scope; unknown operational facts are not promoted to deployment or final approval.,"OwnPV, steam waste-heat reuse, refrigeration optimisation and electric forklifts are actual reported measures. Report data2024/validation2025 retained; futureCIP/control/heat alternatives excluded.",NOT_GRANTED
RC-20261007-P91-management_gap_score,P91,management_gap_score,0,0,B,B,CONFIRMED,Codex,PRIMARY_SOURCE_RECHECK_AND_ANCHOR_REVIEW,2026-10-07,S-P91-04 | S-P91-05,S-P91-04 | S-P91-05,Primary source content and entity/period boundaries were re-read against coding_manual.md. The anchor remains supported within the stated confidence and conditional scope; unknown operational facts are not promoted to deployment or final approval.,Signed17/12/2025statement exactDE-104-00126 and officialactive01/09/2026list establish mature EMAS. Registered-since2016 and future report deadlines not validation/expiry.,NOT_GRANTED
RC-20261007-P91-targets_gap_score,P91,targets_gap_score,0,0,B,B,CONFIRMED,Codex,PRIMARY_SOURCE_RECHECK_AND_ANCHOR_REVIEW,2026-10-07,S-P91-04,S-P91-04,Primary source content and entity/period boundaries were re-read against coding_manual.md. The anchor remains supported within the stated confidence and conditional scope; unknown operational facts are not promoted to deployment or final approval.,Validatedreport2025 statesScope1/2minus40%by2033 andminus100%by2045 with a published transformation concept/roadmap; targets not achieved reductions. Planned2026controls/2027CIP remain future.,NOT_GRANTED
RC-20261007-P91-investment_gap_score,P91,investment_gap_score,0,0,B,B,CONFIRMED,Codex,PRIMARY_SOURCE_RECHECK_AND_ANCHOR_REVIEW,2026-10-07,S-P91-04,S-P91-04,Primary source content and entity/period boundaries were re-read against coding_manual.md. The anchor remains supported within the stated confidence and conditional scope; unknown operational facts are not promoted to deployment or final approval.,"Completedmid2025breweryPV expansion andend2023fuel-to-electric forklift are distinct dated energy projects insidewindow. Future12/2025logcentrePV table,12/2026controls and12/2027heat alternatives not presumed done.",NOT_GRANTED
RC-20261007-P92-fossil_heat_displacement_score,P92,fossil_heat_displacement_score,0,0,C,C,CONFIRMED,Codex,PRIMARY_SOURCE_RECHECK_AND_ANCHOR_REVIEW,2026-10-07,S-P92-03 | S-P92-04,S-P92-03 | S-P92-04,Primary source content and entity/period boundaries were re-read against coding_manual.md. The anchor remains supported within the stated confidence and conditional scope; unknown operational facts are not promoted to deployment or final approval.,"Own CURRENT brewery tour explicitly says ALL operating heat exclusively woodchips since2006. Bounded owner thermal-fuel statement supports no identified fossil thermal displacement; not inferred from silence, not independently audited whole-plant/fleet fossil-free or carbon neutral.",NOT_GRANTED
RC-20261007-P92-motor_drive_score,P92,motor_drive_score,2,2,B,B,CONFIRMED,Codex,PRIMARY_SOURCE_RECHECK_AND_ANCHOR_REVIEW,2026-10-07,S-P92-04,S-P92-04,Primary source content and entity/period boundaries were re-read against coding_manual.md. The anchor remains supported within the stated confidence and conditional scope; unknown operational facts are not promoted to deployment or final approval.,"Own wort/beer explicitly pumped amongwhirlpool/fermentation/lager. Actual limited named drives, no intensity/ratings from sector.",NOT_GRANTED
RC-20261007-P92-power_conversion_score,P92,power_conversion_score,5,5,C,C,CONFIRMED,Codex,PRIMARY_SOURCE_RECHECK_AND_ANCHOR_REVIEW,2026-10-07,S-P92-03,S-P92-03,Primary source content and entity/period boundaries were re-read against coding_manual.md. The anchor remains supported within the stated confidence and conditional scope; unknown operational facts are not promoted to deployment or final approval.,"Own2021PV is material solar-conversion use case by engineering inference; nameplate/ratings unavailable, purchased green electricity not own hydro.",NOT_GRANTED
RC-20261007-P92-automation_control_score,P92,automation_control_score,1,1,B,B,CONFIRMED,Codex,PRIMARY_SOURCE_RECHECK_AND_ANCHOR_REVIEW,2026-10-07,S-P92-04,S-P92-04,Primary source content and entity/period boundaries were re-read against coding_manual.md. The anchor remains supported within the stated confidence and conditional scope; unknown operational facts are not promoted to deployment or final approval.,"Own temperature-regulated yeast treatment supports limited actual sensing/control, not broad coordinated energy management or inferred dispatch.",NOT_GRANTED
RC-20261007-P92-power_quality_score,P92,power_quality_score,1,1,C,C,CONFIRMED,Codex,PRIMARY_SOURCE_RECHECK_AND_ANCHOR_REVIEW,2026-10-07,S-P92-03,S-P92-03,Primary source content and entity/period boundaries were re-read against coding_manual.md. The anchor remains supported within the stated confidence and conditional scope; unknown operational facts are not promoted to deployment or final approval.,ActualownPV supports possible effects only; no measured harmonics/reactive-power/peaks.,NOT_GRANTED
RC-20261007-P92-onsite_integration_score,P92,onsite_integration_score,2,2,B,B,CONFIRMED,Codex,PRIMARY_SOURCE_RECHECK_AND_ANCHOR_REVIEW,2026-10-07,S-P92-03,S-P92-03,Primary source content and entity/period boundaries were re-read against coding_manual.md. The anchor remains supported within the stated confidence and conditional scope; unknown operational facts are not promoted to deployment or final approval.,Current own2021PV provides onsite generation; bought green electricity and woodchip heat do not establish additional electrical storage/microgrid.,NOT_GRANTED
RC-20261007-P92-measures_gap_score,P92,measures_gap_score,0,0,B,B,CONFIRMED,Codex,PRIMARY_SOURCE_RECHECK_AND_ANCHOR_REVIEW,2026-10-07,S-P92-03 | S-P92-04,S-P92-03 | S-P92-04,Primary source content and entity/period boundaries were re-read against coding_manual.md. The anchor remains supported within the stated confidence and conditional scope; unknown operational facts are not promoted to deployment or final approval.,"Actualwoodchip thermal supply, onsitePV and renewableelectricity procurement establish several measures. Nitrogen resource substitution recorded separately, conflicting2021/2023dates not averaged or claimed verified energy saving.",NOT_GRANTED
RC-20261007-P92-targets_gap_score,P92,targets_gap_score,3,3,B,B,CONFIRMED,Codex,PRIMARY_SOURCE_RECHECK_AND_ANCHOR_REVIEW,2026-10-07,S-P92-03 | S-P92-04,S-P92-03 | S-P92-04,Primary source content and entity/period boundaries were re-read against coding_manual.md. The anchor remains supported within the stated confidence and conditional scope; unknown operational facts are not promoted to deployment or final approval.,Current reduction ambition lacks dated energy roadmap in current company/process/docs and exact-name primary certificate/energy-target checks. Historical climate-neutral offset claim not current measured whole-company zero; internal targets unknown.,NOT_GRANTED
RC-20261007-P93-motor_drive_score,P93,motor_drive_score,5,5,B,B,CONFIRMED,Codex,PRIMARY_SOURCE_RECHECK_AND_ANCHOR_REVIEW,2026-10-07,S-P93-04,S-P93-04,Primary source content and entity/period boundaries were re-read against coding_manual.md. The anchor remains supported within the stated confidence and conditional scope; unknown operational facts are not promoted to deployment or final approval.,Own power-regulated refrigeration compressors establish material actual drive application; rated motor/converter data undisclosed.,NOT_GRANTED
RC-20261007-P93-power_conversion_score,P93,power_conversion_score,5,5,C,C,CONFIRMED,Codex,PRIMARY_SOURCE_RECHECK_AND_ANCHOR_REVIEW,2026-10-07,S-P93-05,S-P93-05,Primary source content and entity/period boundaries were re-read against coding_manual.md. The anchor remains supported within the stated confidence and conditional scope; unknown operational facts are not promoted to deployment or final approval.,"Own14/06/2024PV commissioned/running;908modules/1500m2not kWp/kWh. Publicprimary2024case,2026operation not independently metered; no power from module count.",NOT_GRANTED
RC-20261007-P93-automation_control_score,P93,automation_control_score,3,3,B,B,CONFIRMED,Codex,PRIMARY_SOURCE_RECHECK_AND_ANCHOR_REVIEW,2026-10-07,S-P93-04,S-P93-04,Primary source content and entity/period boundaries were re-read against coding_manual.md. The anchor remains supported within the stated confidence and conditional scope; unknown operational facts are not promoted to deployment or final approval.,Own controlled compressors and monitored water/wastewater/production-cleaning establish clear actualcontrol. Historical1978automation not installed2026upgrade; AI maintenance claim not human scoring review.,NOT_GRANTED
RC-20261007-P93-power_quality_score,P93,power_quality_score,1,1,C,C,CONFIRMED,Codex,PRIMARY_SOURCE_RECHECK_AND_ANCHOR_REVIEW,2026-10-07,S-P93-04 | S-P93-05 | S-P93-06,S-P93-04 | S-P93-05 | S-P93-06,Primary source content and entity/period boundaries were re-read against coding_manual.md. The anchor remains supported within the stated confidence and conditional scope; unknown operational facts are not promoted to deployment or final approval.,OwnPV/regulatedcompressors support possibleeffects; installed2023transformer enablesPV but no measured harmonics/peak/compensation issue.,NOT_GRANTED
RC-20261007-P93-onsite_integration_score,P93,onsite_integration_score,2,2,C,C,CONFIRMED,Codex,PRIMARY_SOURCE_RECHECK_AND_ANCHOR_REVIEW,2026-10-07,S-P93-05,S-P93-05,Primary source content and entity/period boundaries were re-read against coding_manual.md. The anchor remains supported within the stated confidence and conditional scope; unknown operational facts are not promoted to deployment or final approval.,"Exactowner2024primarypost confirms operatingPV onproduction/logisticsroof. Oneactualsitecase, bounded2024project evidence without independently measured2026continuity; no battery/EMScoordination inferred.",NOT_GRANTED
RC-20261007-P93-measures_gap_score,P93,measures_gap_score,0,0,B,B,CONFIRMED,Codex,PRIMARY_SOURCE_RECHECK_AND_ANCHOR_REVIEW,2026-10-07,S-P93-04 | S-P93-05,S-P93-04 | S-P93-05,Primary source content and entity/period boundaries were re-read against coding_manual.md. The anchor remains supported within the stated confidence and conditional scope; unknown operational facts are not promoted to deployment or final approval.,"Actualrefrigerationheat recovery, power-regulatedcompressors and own2024PV establish several concreteenergymeasures. Water/ROnot extra provedenergytech or storage.",NOT_GRANTED
RC-20261007-P93-targets_gap_score,P93,targets_gap_score,3,3,B,B,CONFIRMED,Codex,PRIMARY_SOURCE_RECHECK_AND_ANCHOR_REVIEW,2026-10-07,S-P93-04 | S-P93-05,S-P93-04 | S-P93-05,Primary source content and entity/period boundaries were re-read against coding_manual.md. The anchor remains supported within the stated confidence and conditional scope; unknown operational facts are not promoted to deployment or final approval.,Currentownenergy/water optimisation and2024renewablescommitment lack dated roadmap incompany/process/docs/exact-name primarycertificate/energytarget checks. Internal targets unknown.,NOT_GRANTED
RC-20261007-P93-investment_gap_score,P93,investment_gap_score,0,2,B,B,CORRECTED,Codex,PRIMARY_SOURCE_RECHECK_AND_ANCHOR_REVIEW,2026-10-07,S-P93-05 | S-P93-06,S-P93-05 | S-P93-06,"The own 2023 review describes a transformer installed partly FOR the forthcoming PV; the own June 2024 post confirms that PV was commissioned. The evidence supports one integrated completed PV/infrastructure project, not two proven independent energy investments.","The own 2023 review describes a transformer installed partly FOR the forthcoming PV; the own June 2024 post confirms that PV was commissioned. The evidence supports one integrated completed PV/infrastructure project, not two proven independent energy investments.",NOT_GRANTED
RC-20261007-P94-motor_drive_score,P94,motor_drive_score,2,2,C,C,CONFIRMED,Codex,PRIMARY_SOURCE_RECHECK_AND_ANCHOR_REVIEW,2026-10-07,S-P94-03,S-P94-03,Primary source content and entity/period boundaries were re-read against coding_manual.md. The anchor remains supported within the stated confidence and conditional scope; unknown operational facts are not promoted to deployment or final approval.,Ownlogistics roomheating/coolingheat pump supports limited mechanicaldrive relevance asengineeringinference; actualbrewerydriveinventory/ratedtopologyunknown.,NOT_GRANTED
RC-20261007-P94-power_conversion_score,P94,power_conversion_score,5,5,C,C,CONFIRMED,Codex,PRIMARY_SOURCE_RECHECK_AND_ANCHOR_REVIEW,2026-10-07,S-P94-03,S-P94-03,Primary source content and entity/period boundaries were re-read against coding_manual.md. The anchor remains supported within the stated confidence and conditional scope; unknown operational facts are not promoted to deployment or final approval.,"ActualownedlogisticsPV/electricalstorage/charging support materialintegratedconversion case; roomHPnot breweryprocessheat, no converterratingsinvented.",NOT_GRANTED
RC-20261007-P94-power_quality_score,P94,power_quality_score,1,1,C,C,CONFIRMED,Codex,PRIMARY_SOURCE_RECHECK_AND_ANCHOR_REVIEW,2026-10-07,S-P94-03,S-P94-03,Primary source content and entity/period boundaries were re-read against coding_manual.md. The anchor remains supported within the stated confidence and conditional scope; unknown operational facts are not promoted to deployment or final approval.,"OwnPV/battery/chargingsupport possibleeffects only, no measurednetwork/harmonic/reactiveissue.",NOT_GRANTED
RC-20261007-P94-onsite_integration_score,P94,onsite_integration_score,3,3,B,B,CONFIRMED,Codex,PRIMARY_SOURCE_RECHECK_AND_ANCHOR_REVIEW,2026-10-07,S-P94-03,S-P94-03,Primary source content and entity/period boundaries were re-read against coding_manual.md. The anchor remains supported within the stated confidence and conditional scope; unknown operational facts are not promoted to deployment or final approval.,"OwnerexplicitlylinksPV andelectricalstorage topower,vehicles androomheat/coldheatpump. Actualcoordinatedlogisticscase, not thermalstorage orwholebreweryautarky.",NOT_GRANTED
RC-20261007-P94-measures_gap_score,P94,measures_gap_score,0,0,B,B,CONFIRMED,Codex,PRIMARY_SOURCE_RECHECK_AND_ANCHOR_REVIEW,2026-10-07,S-P94-03,S-P94-03,Primary source content and entity/period boundaries were re-read against coding_manual.md. The anchor remains supported within the stated confidence and conditional scope; unknown operational facts are not promoted to deployment or final approval.,"OwnPV/electricalstorage/roomHP/charging areconcreteenergymeasures. Climatepositiveclaimcentreonly, not independently auditedwhole-companycarbonnegative.",NOT_GRANTED
RC-20261007-P94-targets_gap_score,P94,targets_gap_score,3,3,B,B,CONFIRMED,Codex,PRIMARY_SOURCE_RECHECK_AND_ANCHOR_REVIEW,2026-10-07,S-P94-03,S-P94-03,Primary source content and entity/period boundaries were re-read against coding_manual.md. The anchor remains supported within the stated confidence and conditional scope; unknown operational facts are not promoted to deployment or final approval.,Currentownlogisticssustainabilitypositionlacksdatedwhole-companyenergyroadmap incompany/production/docs/exact-name publiccertificate/targetchecks. Climatepositivebuildingclaim not achieved brewery-widezeroor datedtarget.,NOT_GRANTED
RC-20261007-P94-investment_gap_score,P94,investment_gap_score,2,2,B,B,CONFIRMED,Codex,PRIMARY_SOURCE_RECHECK_AND_ANCHOR_REVIEW,2026-10-07,S-P94-03 | S-P94-04,S-P94-03 | S-P94-04,Primary source content and entity/period boundaries were re-read against coding_manual.md. The anchor remains supported within the stated confidence and conditional scope; unknown operational facts are not promoted to deployment or final approval.,Actualbuildercentreopening21/09/2024plusownerPV/storage/HP/charging linkedportfolio anchorsone recentintegratedproject. No separate componentcommissiondatesinvented orgrantdateused ascompletion.,NOT_GRANTED
RC-20261007-P95-scheduling_flex_score,P95,scheduling_flex_score,2,2,C,C,CONFIRMED,Codex,PRIMARY_SOURCE_RECHECK_AND_ANCHOR_REVIEW,2026-10-07,S-P95-04,S-P95-04,Primary source content and entity/period boundaries were re-read against coding_manual.md. The anchor remains supported within the stated confidence and conditional scope; unknown operational facts are not promoted to deployment or final approval.,"Firm-specific hand brewing and slow open fermentation support only a weak process-sequencing hypothesis. Available timing slack, temperature limits and dispatchable production remain unproven; batch is not permission to shift.",NOT_GRANTED
RC-20261007-P97-motor_drive_score,P97,motor_drive_score,5,5,C,C,CONFIRMED,Codex,PRIMARY_SOURCE_RECHECK_AND_ANCHOR_REVIEW,2026-10-07,S-P97-03,S-P97-03,Primary source content and entity/period boundaries were re-read against coding_manual.md. The anchor remains supported within the stated confidence and conditional scope; unknown operational facts are not promoted to deployment or final approval.,Several named owned injection machines and periphery establish material machine-drive relevance. Hydraulic/electric topology and motor ratings unresolved; closing force is not kW.,NOT_GRANTED
RC-20261007-P97-power_conversion_score,P97,power_conversion_score,2,2,C,C,CONFIRMED,Codex,PRIMARY_SOURCE_RECHECK_AND_ANCHOR_REVIEW,2026-10-07,S-P97-02,S-P97-02,Primary source content and entity/period boundaries were re-read against coding_manual.md. The anchor remains supported within the stated confidence and conditional scope; unknown operational facts are not promoted to deployment or final approval.,Own ultrasonic welding establishes a limited conversion application; no rated rectifier/inverter inventory or several central energy conversion applications documented.,NOT_GRANTED
RC-20261007-P97-automation_control_score,P97,automation_control_score,3,3,B,B,CONFIRMED,Codex,PRIMARY_SOURCE_RECHECK_AND_ANCHOR_REVIEW,2026-10-07,S-P97-02|S-P97-03,S-P97-02|S-P97-03,Primary source content and entity/period boundaries were re-read against coding_manual.md. The anchor remains supported within the stated confidence and conditional scope; unknown operational facts are not promoted to deployment or final approval.,Own automated assembly and named injection-machine periphery establish clear process-control relevance; not energy-aware coordinated site dispatch.,NOT_GRANTED
RC-20261007-P97-power_quality_score,P97,power_quality_score,1,1,C,C,CONFIRMED,Codex,PRIMARY_SOURCE_RECHECK_AND_ANCHOR_REVIEW,2026-10-07,S-P97-03,S-P97-03,Primary source content and entity/period boundaries were re-read against coding_manual.md. The anchor remains supported within the stated confidence and conditional scope; unknown operational facts are not promoted to deployment or final approval.,Named machine fleet supplies a possible peak/converter relevance hypothesis only. No measured harmonic/reactive-power or transformer constraints.,NOT_GRANTED
RC-20261007-P97-measures_gap_score,P97,measures_gap_score,3,3,B,B,CONFIRMED,Codex,PRIMARY_SOURCE_RECHECK_AND_ANCHOR_REVIEW,2026-10-07,S-P97-03,S-P97-03,Primary source content and entity/period boundaries were re-read against coding_manual.md. The anchor remains supported within the stated confidence and conditional scope; unknown operational facts are not promoted to deployment or final approval.,Own energy-efficient machine/periphery additions are some concrete measures. Technology-specific savings and full-site transition maturity unknown.,NOT_GRANTED
RC-20261007-P97-targets_gap_score,P97,targets_gap_score,3,3,B,B,CONFIRMED,Codex,PRIMARY_SOURCE_RECHECK_AND_ANCHOR_REVIEW,2026-10-07,S-P97-03,S-P97-03,Primary source content and entity/period boundaries were re-read against coding_manual.md. The anchor remains supported within the stated confidence and conditional scope; unknown operational facts are not promoted to deployment or final approval.,Owner describes energy-efficient production ambition without a quantified dated energy target or implementation roadmap.,NOT_GRANTED
RC-20261007-P97-investment_gap_score,P97,investment_gap_score,0,0,B,B,CONFIRMED,Codex,PRIMARY_SOURCE_RECHECK_AND_ANCHOR_REVIEW,2026-10-07,S-P97-03,S-P97-03,Primary source content and entity/period boundaries were re-read against coding_manual.md. The anchor remains supported within the stated confidence and conditional scope; unknown operational facts are not promoted to deployment or final approval.,"Separate own efficient-machine additions from 2022 and 2024 fall within 2021-10-07 to 2026-10-07. Several recent investment waves; not each unit an independent project, no site CAPEX total.",NOT_GRANTED
RC-20261007-P98-motor_drive_score,P98,motor_drive_score,5,5,C,C,CONFIRMED,Codex,PRIMARY_SOURCE_RECHECK_AND_ANCHOR_REVIEW,2026-10-07,S-P98-03|S-P98-04,S-P98-03|S-P98-04,Primary source content and entity/period boundaries were re-read against coding_manual.md. The anchor remains supported within the stated confidence and conditional scope; unknown operational facts are not promoted to deployment or final approval.,"Owned injection production and CNC toolmaking establish material drive relevance, without rated load evidence for the highest anchor.",NOT_GRANTED
RC-20261007-P98-power_conversion_score,P98,power_conversion_score,2,2,C,C,CONFIRMED,Codex,PRIMARY_SOURCE_RECHECK_AND_ANCHOR_REVIEW,2026-10-07,S-P98-03,S-P98-03,Primary source content and entity/period boundaries were re-read against coding_manual.md. The anchor remains supported within the stated confidence and conditional scope; unknown operational facts are not promoted to deployment or final approval.,Own ultrasonic welding is a limited conversion case. Offered hot-runner tooling is not an additional owned converter application.,NOT_GRANTED
RC-20261007-P98-automation_control_score,P98,automation_control_score,3,3,B,B,CONFIRMED,Codex,PRIMARY_SOURCE_RECHECK_AND_ANCHOR_REVIEW,2026-10-07,S-P98-04,S-P98-04,Primary source content and entity/period boundaries were re-read against coding_manual.md. The anchor remains supported within the stated confidence and conditional scope; unknown operational facts are not promoted to deployment or final approval.,Owned CNC tooling and automated handling/assembly support clear control relevance; not coordinated energy dispatch.,NOT_GRANTED
RC-20261007-P98-power_quality_score,P98,power_quality_score,1,1,C,C,CONFIRMED,Codex,PRIMARY_SOURCE_RECHECK_AND_ANCHOR_REVIEW,2026-10-07,S-P98-03|S-P98-04,S-P98-03|S-P98-04,Primary source content and entity/period boundaries were re-read against coding_manual.md. The anchor remains supported within the stated confidence and conditional scope; unknown operational facts are not promoted to deployment or final approval.,Owned machine/CNC fleet permits possible peak/converter hypothesis; no measured electrical-quality problem claimed.,NOT_GRANTED
RC-20261007-P98-targets_gap_score,P98,targets_gap_score,3,3,B,B,CONFIRMED,Codex,PRIMARY_SOURCE_RECHECK_AND_ANCHOR_REVIEW,2026-10-07,S-P98-03,S-P98-03,Primary source content and entity/period boundaries were re-read against coding_manual.md. The anchor remains supported within the stated confidence and conditional scope; unknown operational facts are not promoted to deployment or final approval.,Generic energy-efficient production and CO2-reduction ambition lacks quantified dated energy target/roadmap.,NOT_GRANTED
RC-20261007-P100-temperature_fit_score,P100,temperature_fit_score,3,3,C,C,CONFIRMED,Codex,PRIMARY_SOURCE_RECHECK_AND_ANCHOR_REVIEW,2026-10-07,S-P100-05,S-P100-05,Primary source content and entity/period boundaries were re-read against coding_manual.md. The anchor remains supported within the stated confidence and conditional scope; unknown operational facts are not promoted to deployment or final approval.,Own ceramic sintering examples 1400/1650 C establish difficult high-temperature substitution fit. No low-temperature room-heat transfer into process score; actual furnace carrier unknown.,NOT_GRANTED
RC-20261007-P100-process_electrification_score,P100,process_electrification_score,7,7,C,C,CONFIRMED,Codex,PRIMARY_SOURCE_RECHECK_AND_ANCHOR_REVIEW,2026-10-07,S-P100-05,S-P100-05,Primary source content and entity/period boundaries were re-read against coding_manual.md. The anchor remains supported within the stated confidence and conditional scope; unknown operational facts are not promoted to deployment or final approval.,"Owned sintering/debinding equipment establishes one clear conditional thermal electrification use case. Feasibility, current carrier and remaining substitution demand need evidence.",NOT_GRANTED
RC-20261007-P100-motor_drive_score,P100,motor_drive_score,5,5,B,B,CONFIRMED,Codex,PRIMARY_SOURCE_RECHECK_AND_ANCHOR_REVIEW,2026-10-07,S-P100-04,S-P100-04,Primary source content and entity/period boundaries were re-read against coding_manual.md. The anchor remains supported within the stated confidence and conditional scope; unknown operational facts are not promoted to deployment or final approval.,Named own 40-machine injection fleet and CNC/EDM toolshop establish material drive relevance; kN closing force is not motor kW.,NOT_GRANTED
RC-20261007-P100-power_conversion_score,P100,power_conversion_score,8,8,C,C,CONFIRMED,Codex,PRIMARY_SOURCE_RECHECK_AND_ANCHOR_REVIEW,2026-10-07,S-P100-04|S-P100-03,S-P100-04|S-P100-03,Primary source content and entity/period boundaries were re-read against coding_manual.md. The anchor remains supported within the stated confidence and conditional scope; unknown operational facts are not promoted to deployment or final approval.,"Several owned conversion applications: explicitly electric Zeres machines, EDM and onsite PV/heat pumps. Engineering relevance only; no aggregate electric duty or harmonics invented.",NOT_GRANTED
RC-20261007-P100-automation_control_score,P100,automation_control_score,4,4,B,B,CONFIRMED,Codex,PRIMARY_SOURCE_RECHECK_AND_ANCHOR_REVIEW,2026-10-07,S-P100-04,S-P100-04,Primary source content and entity/period boundaries were re-read against coding_manual.md. The anchor remains supported within the stated confidence and conditional scope; unknown operational facts are not promoted to deployment or final approval.,"Own full parameter monitoring/archiving and fully automated production islands support strong coordinated process-control relevance, not verified energy dispatch.",NOT_GRANTED
RC-20261007-P100-scheduling_flex_score,P100,scheduling_flex_score,2,2,C,C,CONFIRMED,Codex,PRIMARY_SOURCE_RECHECK_AND_ANCHOR_REVIEW,2026-10-07,S-P100-05,S-P100-05,Primary source content and entity/period boundaries were re-read against coding_manual.md. The anchor remains supported within the stated confidence and conditional scope; unknown operational facts are not promoted to deployment or final approval.,Selectable sintering units/volumes and material-dependent cycles permit only a weak scheduling hypothesis. Three-shift production and many furnaces do not prove spare capacity or shifting permission.,NOT_GRANTED
RC-20261007-P100-incremental_load_score,P100,incremental_load_score,5,5,C,C,CONFIRMED,Codex,PRIMARY_SOURCE_RECHECK_AND_ANCHOR_REVIEW,2026-10-07,S-P100-05,S-P100-05,Primary source content and entity/period boundaries were re-read against coding_manual.md. The anchor remains supported within the stated confidence and conditional scope; unknown operational facts are not promoted to deployment or final approval.,"Owned multi-furnace thermal route supplies material ordinal grid-growth relevance IF remaining thermal demand is electrified. No actual kW, fossil baseline, spare transformer capacity or connection estimate.",NOT_GRANTED
RC-20261007-P100-power_quality_score,P100,power_quality_score,3,3,C,C,CONFIRMED,Codex,PRIMARY_SOURCE_RECHECK_AND_ANCHOR_REVIEW,2026-10-07,S-P100-04|S-P100-03,S-P100-04|S-P100-03,Primary source content and entity/period boundaries were re-read against coding_manual.md. The anchor remains supported within the stated confidence and conditional scope; unknown operational facts are not promoted to deployment or final approval.,"Named EDM, electric injection machines and PV establish clear conversion/peak-management relevance. No measured distortion or remediation claim.",NOT_GRANTED
RC-20261007-P100-onsite_integration_score,P100,onsite_integration_score,2,2,B,B,CONFIRMED,Codex,PRIMARY_SOURCE_RECHECK_AND_ANCHOR_REVIEW,2026-10-07,S-P100-03,S-P100-03,Primary source content and entity/period boundaries were re-read against coding_manual.md. The anchor remains supported within the stated confidence and conditional scope; unknown operational facts are not promoted to deployment or final approval.,"Own PV since 2010 is one clear onsite integration use case; no coordinated microgrid, battery or dispatch topology given.",NOT_GRANTED
RC-20261007-P100-measures_gap_score,P100,measures_gap_score,0,0,B,B,CONFIRMED,Codex,PRIMARY_SOURCE_RECHECK_AND_ANCHOR_REVIEW,2026-10-07,S-P100-03|S-P100-04,S-P100-03|S-P100-04,Primary source content and entity/period boundaries were re-read against coding_manual.md. The anchor remains supported within the stated confidence and conditional scope; unknown operational facts are not promoted to deployment or final approval.,"Several own measures: PV, process-waste-heat recovery to rooms via heat pumps/exchangers and explicitly electric machines. Room heating and machine drive are not process-heat electrification proof.",NOT_GRANTED
RC-20261007-P100-targets_gap_score,P100,targets_gap_score,3,3,B,B,CONFIRMED,Codex,PRIMARY_SOURCE_RECHECK_AND_ANCHOR_REVIEW,2026-10-07,S-P100-03,S-P100-03,Primary source content and entity/period boundaries were re-read against coding_manual.md. The anchor remains supported within the stated confidence and conditional scope; unknown operational facts are not promoted to deployment or final approval.,Own continuous environmental optimisation ambition has no quantified dated transition target or roadmap.,NOT_GRANTED
RC-20261007-P101-motor_drive_score,P101,motor_drive_score,5,5,C,C,CONFIRMED,Codex,PRIMARY_SOURCE_RECHECK_AND_ANCHOR_REVIEW,2026-10-07,S-P101-03,S-P101-03,Primary source content and entity/period boundaries were re-read against coding_manual.md. The anchor remains supported within the stated confidence and conditional scope; unknown operational facts are not promoted to deployment or final approval.,Own band/barrel processing supplies material mechanical-drive relevance; no rated motor/compressor inventory.,NOT_GRANTED
RC-20261007-P101-power_conversion_score,P101,power_conversion_score,5,5,C,C,CONFIRMED,Codex,PRIMARY_SOURCE_RECHECK_AND_ANCHOR_REVIEW,2026-10-07,S-P101-03,S-P101-03,Primary source content and entity/period boundaries were re-read against coding_manual.md. The anchor remains supported within the stated confidence and conditional scope; unknown operational facts are not promoted to deployment or final approval.,Own galvanic plating supplies one material electrochemical DC/rectifier engineering use case; rectifier ratings and topology not measured.,NOT_GRANTED
RC-20261007-P101-automation_control_score,P101,automation_control_score,4,4,B,B,CONFIRMED,Codex,PRIMARY_SOURCE_RECHECK_AND_ANCHOR_REVIEW,2026-10-07,S-P101-03,S-P101-03,Primary source content and entity/period boundaries were re-read against coding_manual.md. The anchor remains supported within the stated confidence and conditional scope; unknown operational facts are not promoted to deployment or final approval.,"Own brochure explicitly automatically controls/documents process data across plating operations. Strong process coordination, no energy dispatch conclusion.",NOT_GRANTED
RC-20261007-P101-scheduling_flex_score,P101,scheduling_flex_score,2,2,C,C,CONFIRMED,Codex,PRIMARY_SOURCE_RECHECK_AND_ANCHOR_REVIEW,2026-10-07,S-P101-03,S-P101-03,Primary source content and entity/period boundaries were re-read against coding_manual.md. The anchor remains supported within the stated confidence and conditional scope; unknown operational facts are not promoted to deployment or final approval.,"Owned rack/barrel/selective operations support weak batch-sequencing hypothesis alongside band production. No dispatchable shifts, free capacity or delivery slack proven.",NOT_GRANTED
RC-20261007-P101-power_quality_score,P101,power_quality_score,3,1,C,C,CORRECTED,Codex,PRIMARY_SOURCE_RECHECK_AND_ANCHOR_REVIEW,2026-10-07,S-P101-03,S-P101-03,"Own electrochemical production supports possible rectifier-related harmonic/peak relevance as an engineering hypothesis. The source does not establish a specific rectifier inventory/topology, explicit peak constraint or measured disturbance. Use the possible-signal anchor consistently; chemical nickel and product properties are not additional converter evidence.","Own electrochemical production supports possible rectifier-related harmonic/peak relevance as an engineering hypothesis. The source does not establish a specific rectifier inventory/topology, explicit peak constraint or measured disturbance. Use the possible-signal anchor consistently; chemical nickel and product properties are not additional converter evidence.",NOT_GRANTED
RC-20261007-P101-onsite_integration_score,P101,onsite_integration_score,2,2,B,B,CONFIRMED,Codex,PRIMARY_SOURCE_RECHECK_AND_ANCHOR_REVIEW,2026-10-07,S-P101-05,S-P101-05,Primary source content and entity/period boundaries were re-read against coding_manual.md. The anchor remains supported within the stated confidence and conditional scope; unknown operational facts are not promoted to deployment or final approval.,"Public agency confirms actual own BHKW operation, one onsite generation/heat integration case. Fuel, power and coordinated PV/storage topology unresolved.",NOT_GRANTED
RC-20261007-P101-measures_gap_score,P101,measures_gap_score,3,3,B,B,CONFIRMED,Codex,PRIMARY_SOURCE_RECHECK_AND_ANCHOR_REVIEW,2026-10-07,S-P101-05,S-P101-05,Primary source content and entity/period boundaries were re-read against coding_manual.md. The anchor remains supported within the stated confidence and conditional scope; unknown operational facts are not promoted to deployment or final approval.,BHKW is some concrete energy-efficiency measure; workshop and historical EnMS do not establish several implemented technologies or recent commissioning.,NOT_GRANTED
RC-20261007-P101-management_gap_score,P101,management_gap_score,2,2,B,B,CONFIRMED,Codex,PRIMARY_SOURCE_RECHECK_AND_ANCHOR_REVIEW,2026-10-07,S-P101-04|S-P101-06|S-P101-03,S-P101-04|S-P101-06|S-P101-03,Primary source content and entity/period boundaries were re-read against coding_manual.md. The anchor remains supported within the stated confidence and conditional scope; unknown operational facts are not promoted to deployment or final approval.,"Current EMAS certificate/register verify an environmental management system. Historical EnMS explicitly not ISO 50001 certified; current mature energy-system operation not proven, so partial/other system anchor.",NOT_GRANTED
RC-20261007-P101-targets_gap_score,P101,targets_gap_score,3,3,B,B,CONFIRMED,Codex,PRIMARY_SOURCE_RECHECK_AND_ANCHOR_REVIEW,2026-10-07,S-P101-03,S-P101-03,Primary source content and entity/period boundaries were re-read against coding_manual.md. The anchor remains supported within the stated confidence and conditional scope; unknown operational facts are not promoted to deployment or final approval.,Own brochure states reducing raw materials and energy ambition with no quantified dated current target/roadmap.,NOT_GRANTED
RC-20261007-P105-motor_drive_score,P105,motor_drive_score,2,2,C,C,CONFIRMED,Codex,PRIMARY_SOURCE_RECHECK_AND_ANCHOR_REVIEW,2026-10-07,S-P105-02,S-P105-02,Primary source content and entity/period boundaries were re-read against coding_manual.md. The anchor remains supported within the stated confidence and conditional scope; unknown operational facts are not promoted to deployment or final approval.,Own automatically transported barrel-plating route gives limited mechanical-drive relevance; motor/pump fleet and ratings not documented.,NOT_GRANTED
RC-20261007-P105-power_conversion_score,P105,power_conversion_score,5,5,C,C,CONFIRMED,Codex,PRIMARY_SOURCE_RECHECK_AND_ANCHOR_REVIEW,2026-10-07,S-P105-02|S-P105-05,S-P105-02|S-P105-05,Primary source content and entity/period boundaries were re-read against coding_manual.md. The anchor remains supported within the stated confidence and conditional scope; unknown operational facts are not promoted to deployment or final approval.,Own galvanic finishing is one material electrochemical DC/rectifier application as engineering inference. No specific rectifier inventory.,NOT_GRANTED
RC-20261007-P105-automation_control_score,P105,automation_control_score,3,3,B,B,CONFIRMED,Codex,PRIMARY_SOURCE_RECHECK_AND_ANCHOR_REVIEW,2026-10-07,S-P105-02,S-P105-02,Primary source content and entity/period boundaries were re-read against coding_manual.md. The anchor remains supported within the stated confidence and conditional scope; unknown operational facts are not promoted to deployment or final approval.,"Own automatically controlled treatment line transports barrels through cleaning, plating and rinsing. Clear process-control relevance, not verified energy monitoring or dispatch.",NOT_GRANTED
RC-20261007-P105-power_quality_score,P105,power_quality_score,3,1,C,C,CORRECTED,Codex,PRIMARY_SOURCE_RECHECK_AND_ANCHOR_REVIEW,2026-10-07,S-P105-02,S-P105-02,"Own electrochemical production supports possible rectifier-related harmonic/peak relevance as an engineering hypothesis. The source does not establish a specific rectifier inventory/topology, explicit peak constraint or measured disturbance. Use the possible-signal anchor consistently; chemical nickel and product properties are not additional converter evidence.","Own electrochemical production supports possible rectifier-related harmonic/peak relevance as an engineering hypothesis. The source does not establish a specific rectifier inventory/topology, explicit peak constraint or measured disturbance. Use the possible-signal anchor consistently; chemical nickel and product properties are not additional converter evidence.",NOT_GRANTED
RC-20261007-P105-management_gap_score,P105,management_gap_score,2,2,B,B,CONFIRMED,Codex,PRIMARY_SOURCE_RECHECK_AND_ANCHOR_REVIEW,2026-10-07,S-P105-04|S-P105-05,S-P105-04|S-P105-05,Primary source content and entity/period boundaries were re-read against coding_manual.md. The anchor remains supported within the stated confidence and conditional scope; unknown operational facts are not promoted to deployment or final approval.,"Current ISO 14001 certificate independently corroborated by IHK verifies other environmental system, not mature EnMS or ISO 50001 certification.",NOT_GRANTED
RC-20261007-P106-motor_drive_score,P106,motor_drive_score,5,5,B,B,CONFIRMED,Codex,PRIMARY_SOURCE_RECHECK_AND_ANCHOR_REVIEW,2026-10-07,S-P106-03,S-P106-03,Primary source content and entity/period boundaries were re-read against coding_manual.md. The anchor remains supported within the stated confidence and conditional scope; unknown operational facts are not promoted to deployment or final approval.,Own CNC grinding/honing/polishing inventory establishes material drive relevance. No owned furnace inferred from ceramic products.,NOT_GRANTED
RC-20261007-P106-power_conversion_score,P106,power_conversion_score,2,2,C,C,CONFIRMED,Codex,PRIMARY_SOURCE_RECHECK_AND_ANCHOR_REVIEW,2026-10-07,S-P106-03,S-P106-03,Primary source content and entity/period boundaries were re-read against coding_manual.md. The anchor remains supported within the stated confidence and conditional scope; unknown operational facts are not promoted to deployment or final approval.,"Own ultrasound-assisted machining establishes a limited power-conversion case, without rated converters or thermal route.",NOT_GRANTED
RC-20261007-P106-automation_control_score,P106,automation_control_score,3,3,B,B,CONFIRMED,Codex,PRIMARY_SOURCE_RECHECK_AND_ANCHOR_REVIEW,2026-10-07,S-P106-03,S-P106-03,Primary source content and entity/period boundaries were re-read against coding_manual.md. The anchor remains supported within the stated confidence and conditional scope; unknown operational facts are not promoted to deployment or final approval.,"Own CNC machines programmed with CAD/CAM give clear process-control relevance, not an operational EnMS.",NOT_GRANTED
RC-20261007-P106-power_quality_score,P106,power_quality_score,1,1,C,C,CONFIRMED,Codex,PRIMARY_SOURCE_RECHECK_AND_ANCHOR_REVIEW,2026-10-07,S-P106-03,S-P106-03,Primary source content and entity/period boundaries were re-read against coding_manual.md. The anchor remains supported within the stated confidence and conditional scope; unknown operational facts are not promoted to deployment or final approval.,Owned CNC/ultrasound machining supports possible converter/peak relevance only; no measured disturbance.,NOT_GRANTED
RC-20261007-P108-temperature_fit_score,P108,temperature_fit_score,3,3,C,C,CONFIRMED,Codex,PRIMARY_SOURCE_RECHECK_AND_ANCHOR_REVIEW,2026-10-07,S-P108-03,S-P108-03,Primary source content and entity/period boundaries were re-read against coding_manual.md. The anchor remains supported within the stated confidence and conditional scope; unknown operational facts are not promoted to deployment or final approval.,Owned porcelain firing at 950/1380 C supports difficult high-temperature substitution fit. Actual carrier and feasible electric retrofit remain unresolved.,NOT_GRANTED
RC-20261007-P108-process_electrification_score,P108,process_electrification_score,7,7,C,C,CONFIRMED,Codex,PRIMARY_SOURCE_RECHECK_AND_ANCHOR_REVIEW,2026-10-07,S-P108-03,S-P108-03,Primary source content and entity/period boundaries were re-read against coding_manual.md. The anchor remains supported within the stated confidence and conditional scope; unknown operational facts are not promoted to deployment or final approval.,Owned kiln route establishes one clear conditional thermal-electrification use case. Current electric/fossil baseline unknown; no completed deployment inferred.,NOT_GRANTED
RC-20261007-P108-power_conversion_score,P108,power_conversion_score,5,5,C,C,CONFIRMED,Codex,PRIMARY_SOURCE_RECHECK_AND_ANCHOR_REVIEW,2026-10-07,S-P108-03,S-P108-03,Primary source content and entity/period boundaries were re-read against coding_manual.md. The anchor remains supported within the stated confidence and conditional scope; unknown operational facts are not promoted to deployment or final approval.,Owned firing route supplies one material controlled-electric-heat conversion use case IF electrified; current electrical furnace topology and load remain unknown.,NOT_GRANTED
RC-20261007-P108-scheduling_flex_score,P108,scheduling_flex_score,2,2,C,C,CONFIRMED,Codex,PRIMARY_SOURCE_RECHECK_AND_ANCHOR_REVIEW,2026-10-07,S-P108-03,S-P108-03,Primary source content and entity/period boundaries were re-read against coding_manual.md. The anchor remains supported within the stated confidence and conditional scope; unknown operational facts are not promoted to deployment or final approval.,Owned staged firing permits only weak sequencing hypothesis. Firing stages/duration are not a dispatchable shift window; quality/cooling/order constraints unresolved.,NOT_GRANTED
RC-20261007-P108-incremental_load_score,P108,incremental_load_score,5,5,C,C,CONFIRMED,Codex,PRIMARY_SOURCE_RECHECK_AND_ANCHOR_REVIEW,2026-10-07,S-P108-03,S-P108-03,Primary source content and entity/period boundaries were re-read against coding_manual.md. The anchor remains supported within the stated confidence and conditional scope; unknown operational facts are not promoted to deployment or final approval.,"Owned high-temperature firing supplies material ordinal grid-growth relevance IF remaining demand electrifies. No nameplate/load, fossil baseline or grid headroom inferred.",NOT_GRANTED
RC-20261007-P108-power_quality_score,P108,power_quality_score,1,1,C,C,CONFIRMED,Codex,PRIMARY_SOURCE_RECHECK_AND_ANCHOR_REVIEW,2026-10-07,S-P108-03,S-P108-03,Primary source content and entity/period boundaries were re-read against coding_manual.md. The anchor remains supported within the stated confidence and conditional scope; unknown operational facts are not promoted to deployment or final approval.,Conditional electric controlled-heat conversion supplies only possible peak/quality relevance; no existing measured disturbance.,NOT_GRANTED
RC-20261007-P109-temperature_fit_score,P109,temperature_fit_score,3,3,C,C,CONFIRMED,Codex,PRIMARY_SOURCE_RECHECK_AND_ANCHOR_REVIEW,2026-10-07,S-P109-03,S-P109-03,Primary source content and entity/period boundaries were re-read against coding_manual.md. The anchor remains supported within the stated confidence and conditional scope; unknown operational facts are not promoted to deployment or final approval.,Owned porcelain firing at 950/about 1400 C supports difficult high-temperature substitution fit. Actual carrier and feasible electric retrofit remain unresolved.,NOT_GRANTED
RC-20261007-P109-process_electrification_score,P109,process_electrification_score,7,7,C,C,CONFIRMED,Codex,PRIMARY_SOURCE_RECHECK_AND_ANCHOR_REVIEW,2026-10-07,S-P109-03,S-P109-03,Primary source content and entity/period boundaries were re-read against coding_manual.md. The anchor remains supported within the stated confidence and conditional scope; unknown operational facts are not promoted to deployment or final approval.,Owned kiln route establishes one clear conditional thermal-electrification use case. Current electric/fossil baseline unknown; no completed deployment inferred.,NOT_GRANTED
RC-20261007-P109-power_conversion_score,P109,power_conversion_score,5,5,C,C,CONFIRMED,Codex,PRIMARY_SOURCE_RECHECK_AND_ANCHOR_REVIEW,2026-10-07,S-P109-03,S-P109-03,Primary source content and entity/period boundaries were re-read against coding_manual.md. The anchor remains supported within the stated confidence and conditional scope; unknown operational facts are not promoted to deployment or final approval.,Owned firing route supplies one material controlled-electric-heat conversion use case IF electrified; current electrical furnace topology and load remain unknown.,NOT_GRANTED
RC-20261007-P109-scheduling_flex_score,P109,scheduling_flex_score,2,2,C,C,CONFIRMED,Codex,PRIMARY_SOURCE_RECHECK_AND_ANCHOR_REVIEW,2026-10-07,S-P109-03,S-P109-03,Primary source content and entity/period boundaries were re-read against coding_manual.md. The anchor remains supported within the stated confidence and conditional scope; unknown operational facts are not promoted to deployment or final approval.,Owned staged firing permits only weak sequencing hypothesis. Firing stages/duration are not a dispatchable shift window; quality/cooling/order constraints unresolved.,NOT_GRANTED
RC-20261007-P109-incremental_load_score,P109,incremental_load_score,5,5,C,C,CONFIRMED,Codex,PRIMARY_SOURCE_RECHECK_AND_ANCHOR_REVIEW,2026-10-07,S-P109-03,S-P109-03,Primary source content and entity/period boundaries were re-read against coding_manual.md. The anchor remains supported within the stated confidence and conditional scope; unknown operational facts are not promoted to deployment or final approval.,"Owned high-temperature firing supplies material ordinal grid-growth relevance IF remaining demand electrifies. No nameplate/load, fossil baseline or grid headroom inferred.",NOT_GRANTED
RC-20261007-P109-power_quality_score,P109,power_quality_score,1,1,C,C,CONFIRMED,Codex,PRIMARY_SOURCE_RECHECK_AND_ANCHOR_REVIEW,2026-10-07,S-P109-03,S-P109-03,Primary source content and entity/period boundaries were re-read against coding_manual.md. The anchor remains supported within the stated confidence and conditional scope; unknown operational facts are not promoted to deployment or final approval.,Conditional electric controlled-heat conversion supplies only possible peak/quality relevance; no existing measured disturbance.,NOT_GRANTED
RC-20261007-P109-measures_gap_score,P109,measures_gap_score,3,3,B,B,CONFIRMED,Codex,PRIMARY_SOURCE_RECHECK_AND_ANCHOR_REVIEW,2026-10-07,S-P109-04|S-P109-05,S-P109-04|S-P109-05,Primary source content and entity/period boundaries were re-read against coding_manual.md. The anchor remains supported within the stated confidence and conditional scope; unknown operational facts are not promoted to deployment or final approval.,Own mechanical water power and adapted more climate-friendly kiln technique are some concrete measures. Mechanical water power is not hydroelectric generation or an inverter asset.,NOT_GRANTED
RC-20261007-P109-targets_gap_score,P109,targets_gap_score,3,3,B,B,CONFIRMED,Codex,PRIMARY_SOURCE_RECHECK_AND_ANCHOR_REVIEW,2026-10-07,S-P109-05,S-P109-05,Primary source content and entity/period boundaries were re-read against coding_manual.md. The anchor remains supported within the stated confidence and conditional scope; unknown operational facts are not promoted to deployment or final approval.,Own more climate-friendly firing ambition has no quantified dated target or energy roadmap.,NOT_GRANTED
RC-20261007-P37-motor_drive_score,P37,motor_drive_score,5,5,B,B,CONFIRMED,Codex,PRIMARY_SOURCE_RECHECK_AND_ANCHOR_REVIEW,2026-10-07,S-P37-04|S-P37-05,S-P37-04|S-P37-05,Primary source content and entity/period boundaries were re-read against coding_manual.md. The anchor remains supported within the stated confidence and conditional scope; unknown operational facts are not promoted to deployment or final approval.,Own injection production and toolmaking fleet including two fully electric machines establish material drive relevance; no rated load for maximum anchor.,NOT_GRANTED
RC-20261007-P37-power_conversion_score,P37,power_conversion_score,5,5,C,C,CONFIRMED,Codex,PRIMARY_SOURCE_RECHECK_AND_ANCHOR_REVIEW,2026-10-07,S-P37-02|S-P37-04,S-P37-02|S-P37-04,Primary source content and entity/period boundaries were re-read against coding_manual.md. The anchor remains supported within the stated confidence and conditional scope; unknown operational facts are not promoted to deployment or final approval.,"Own PV and explicitly electric machines establish a material conversion use case, without sitewide rated inverter inventory.",NOT_GRANTED
RC-20261007-P37-automation_control_score,P37,automation_control_score,3,3,B,B,CONFIRMED,Codex,PRIMARY_SOURCE_RECHECK_AND_ANCHOR_REVIEW,2026-10-07,S-P37-05|S-P37-04,S-P37-05|S-P37-04,Primary source content and entity/period boundaries were re-read against coding_manual.md. The anchor remains supported within the stated confidence and conditional scope; unknown operational facts are not promoted to deployment or final approval.,Own automation/injection/toolmaking capability gives clear process-control relevance; efficiency EnMS claim is not proof of energy dispatch.,NOT_GRANTED
RC-20261007-P37-power_quality_score,P37,power_quality_score,1,1,C,C,CONFIRMED,Codex,PRIMARY_SOURCE_RECHECK_AND_ANCHOR_REVIEW,2026-10-07,S-P37-02|S-P37-04,S-P37-02|S-P37-04,Primary source content and entity/period boundaries were re-read against coding_manual.md. The anchor remains supported within the stated confidence and conditional scope; unknown operational facts are not promoted to deployment or final approval.,Owned PV/electric machine fleet suggests possible converter/peak relevance. No measured harmonic/voltage issue.,NOT_GRANTED
RC-20261007-P37-onsite_integration_score,P37,onsite_integration_score,2,2,B,B,CONFIRMED,Codex,PRIMARY_SOURCE_RECHECK_AND_ANCHOR_REVIEW,2026-10-07,S-P37-02,S-P37-02,Primary source content and entity/period boundaries were re-read against coding_manual.md. The anchor remains supported within the stated confidence and conditional scope; unknown operational facts are not promoted to deployment or final approval.,"Own PV stated 630 kwP supports one clear onsite use case. Interpreted PV nameplate kWp, not generated kWh or whole-site demand; storage/microgrid topology unknown.",NOT_GRANTED
RC-20261007-P37-measures_gap_score,P37,measures_gap_score,0,0,B,B,CONFIRMED,Codex,PRIMARY_SOURCE_RECHECK_AND_ANCHOR_REVIEW,2026-10-07,S-P37-02|S-P37-04,S-P37-02|S-P37-04,Primary source content and entity/period boundaries were re-read against coding_manual.md. The anchor remains supported within the stated confidence and conditional scope; unknown operational facts are not promoted to deployment or final approval.,"Several own measures: PV, waste heat for rooms/halls and efficient/electric machines. Waste heat to offices is not process-heat electrification or thermal storage.",NOT_GRANTED
RC-20261007-P37-management_gap_score,P37,management_gap_score,2,2,B,B,CONFIRMED,Codex,PRIMARY_SOURCE_RECHECK_AND_ANCHOR_REVIEW,2026-10-07,S-P37-03|S-P37-02,S-P37-03|S-P37-02,Primary source content and entity/period boundaries were re-read against coding_manual.md. The anchor remains supported within the stated confidence and conditional scope; unknown operational facts are not promoted to deployment or final approval.,Current ISO 14001 confirms an environmental system; own efficient EnMS claim not certified ISO 50001/mature current energy system proof. Partial/other system anchor.,NOT_GRANTED
RC-20261007-P37-targets_gap_score,P37,targets_gap_score,3,3,B,B,CONFIRMED,Codex,PRIMARY_SOURCE_RECHECK_AND_ANCHOR_REVIEW,2026-10-07,S-P37-02,S-P37-02,Primary source content and entity/period boundaries were re-read against coding_manual.md. The anchor remains supported within the stated confidence and conditional scope; unknown operational facts are not promoted to deployment or final approval.,Own continuing efficiency/renewable ambition lacks quantified dated energy target/roadmap.,NOT_GRANTED
RC-20261007-P60-motor_drive_score,P60,motor_drive_score,5,5,B,B,CONFIRMED,Codex,PRIMARY_SOURCE_RECHECK_AND_ANCHOR_REVIEW,2026-10-07,S-P60-05,S-P60-05,Primary source content and entity/period boundaries were re-read against coding_manual.md. The anchor remains supported within the stated confidence and conditional scope; unknown operational facts are not promoted to deployment or final approval.,Owned CNC grinding/polishing establishes material drive relevance without rated motor inventory.,NOT_GRANTED
RC-20261007-P60-power_conversion_score,P60,power_conversion_score,5,5,C,C,CONFIRMED,Codex,PRIMARY_SOURCE_RECHECK_AND_ANCHOR_REVIEW,2026-10-07,S-P60-04,S-P60-04,Primary source content and entity/period boundaries were re-read against coding_manual.md. The anchor remains supported within the stated confidence and conditional scope; unknown operational facts are not promoted to deployment or final approval.,Own 60000 A plating automatic line/pulse plating supports one material DC/rectifier use case. Missing voltage prevents any conversion to kW.,NOT_GRANTED
RC-20261007-P60-automation_control_score,P60,automation_control_score,3,3,B,B,CONFIRMED,Codex,PRIMARY_SOURCE_RECHECK_AND_ANCHOR_REVIEW,2026-10-07,S-P60-04,S-P60-04,Primary source content and entity/period boundaries were re-read against coding_manual.md. The anchor remains supported within the stated confidence and conditional scope; unknown operational facts are not promoted to deployment or final approval.,"Own serial chrome automatic line gives clear process-control relevance, not coordinated energy dispatch.",NOT_GRANTED
RC-20261007-P60-power_quality_score,P60,power_quality_score,3,3,C,C,CONFIRMED,Codex,PRIMARY_SOURCE_RECHECK_AND_ANCHOR_REVIEW,2026-10-07,S-P60-04,S-P60-04,Primary source content and entity/period boundaries were re-read against coding_manual.md. The anchor remains supported within the stated confidence and conditional scope; unknown operational facts are not promoted to deployment or final approval.,"High-current owned electrochemical line supplies clear rectifier/peak-quality relevance; 60000 A alone is not measured harmonic evidence, electric power or transformer headroom.",NOT_GRANTED
RC-20261007-P71-motor_drive_score,P71,motor_drive_score,2,2,C,C,CONFIRMED,Codex,PRIMARY_SOURCE_RECHECK_AND_ANCHOR_REVIEW,2026-10-07,S-P71-03,S-P71-03,Primary source content and entity/period boundaries were re-read against coding_manual.md. The anchor remains supported within the stated confidence and conditional scope; unknown operational facts are not promoted to deployment or final approval.,Completed Schechen building with heat pump establishes limited building-compressor relevance; Rosenheim process motors not inferred.,NOT_GRANTED
RC-20261007-P71-power_conversion_score,P71,power_conversion_score,5,5,C,C,CONFIRMED,Codex,PRIMARY_SOURCE_RECHECK_AND_ANCHOR_REVIEW,2026-10-07,S-P71-03,S-P71-03,Primary source content and entity/period boundaries were re-read against coding_manual.md. The anchor remains supported within the stated confidence and conditional scope; unknown operational facts are not promoted to deployment or final approval.,"Own completed building PV/heat pump provides material conversion case, not brewheat or rated site load.",NOT_GRANTED
RC-20261007-P71-power_quality_score,P71,power_quality_score,1,1,C,C,CONFIRMED,Codex,PRIMARY_SOURCE_RECHECK_AND_ANCHOR_REVIEW,2026-10-07,S-P71-03,S-P71-03,Primary source content and entity/period boundaries were re-read against coding_manual.md. The anchor remains supported within the stated confidence and conditional scope; unknown operational facts are not promoted to deployment or final approval.,"Building PV/heat pump suggests possible inverter/peak relevance, no measured issue.",NOT_GRANTED
RC-20261007-P71-onsite_integration_score,P71,onsite_integration_score,2,2,B,B,CONFIRMED,Codex,PRIMARY_SOURCE_RECHECK_AND_ANCHOR_REVIEW,2026-10-07,S-P71-03,S-P71-03,Primary source content and entity/period boundaries were re-read against coding_manual.md. The anchor remains supported within the stated confidence and conditional scope; unknown operational facts are not promoted to deployment or final approval.,Own Schechen PV is one clear onsite case; coordinated whole-brewery storage/topology unknown.,NOT_GRANTED
RC-20261007-P71-measures_gap_score,P71,measures_gap_score,3,3,B,B,CONFIRMED,Codex,PRIMARY_SOURCE_RECHECK_AND_ANCHOR_REVIEW,2026-10-07,S-P71-03,S-P71-03,Primary source content and entity/period boundaries were re-read against coding_manual.md. The anchor remains supported within the stated confidence and conditional scope; unknown operational facts are not promoted to deployment or final approval.,Completed own building PV/heat pump are some energy measures; whole brewery maturity not established.,NOT_GRANTED
RC-20261007-P71-investment_gap_score,P71,investment_gap_score,2,2,B,B,CONFIRMED,Codex,PRIMARY_SOURCE_RECHECK_AND_ANCHOR_REVIEW,2026-10-07,S-P71-03,S-P71-03,Primary source content and entity/period boundaries were re-read against coding_manual.md. The anchor remains supported within the stated confidence and conditional scope; unknown operational facts are not promoted to deployment or final approval.,One attributable completed energy-efficient Schechen building project October2024 lies within2021-10-07 to2026-10-07; individual assets not counted as separate investment waves.,NOT_GRANTED
RC-20261007-P73-temperature_fit_score,P73,temperature_fit_score,10,10,C,C,CONFIRMED,Codex,PRIMARY_SOURCE_RECHECK_AND_ANCHOR_REVIEW,2026-10-07,S-P73-04,S-P73-04,Primary source content and entity/period boundaries were re-read against coding_manual.md. The anchor remains supported within the stated confidence and conditional scope; unknown operational facts are not promoted to deployment or final approval.,Actual owned mash60/62/68/72C and boiling establish favourable low-temperature fit; actual thermal carrier remains open.,NOT_GRANTED
RC-20261007-P73-process_electrification_score,P73,process_electrification_score,7,7,C,C,CONFIRMED,Codex,PRIMARY_SOURCE_RECHECK_AND_ANCHOR_REVIEW,2026-10-07,S-P73-04,S-P73-04,Primary source content and entity/period boundaries were re-read against coding_manual.md. The anchor remains supported within the stated confidence and conditional scope; unknown operational facts are not promoted to deployment or final approval.,Owned mash/boil stages establish clear conditional heat-electrification case; brand renewable claim not carrier balance.,NOT_GRANTED
RC-20261007-P73-motor_drive_score,P73,motor_drive_score,5,5,C,C,CONFIRMED,Codex,PRIMARY_SOURCE_RECHECK_AND_ANCHOR_REVIEW,2026-10-07,S-P73-04,S-P73-04,Primary source content and entity/period boundaries were re-read against coding_manual.md. The anchor remains supported within the stated confidence and conditional scope; unknown operational facts are not promoted to deployment or final approval.,Own central refrigeration/brewhouse establishes material compressor/machine-drive relevance; ratings unresolved.,NOT_GRANTED
RC-20261007-P73-automation_control_score,P73,automation_control_score,3,3,B,B,CONFIRMED,Codex,PRIMARY_SOURCE_RECHECK_AND_ANCHOR_REVIEW,2026-10-07,S-P73-04,S-P73-04,Primary source content and entity/period boundaries were re-read against coding_manual.md. The anchor remains supported within the stated confidence and conditional scope; unknown operational facts are not promoted to deployment or final approval.,"Owned coordinated vessel/process control supports clear process-control relevance, not energy dispatch.",NOT_GRANTED
RC-20261007-P73-scheduling_flex_score,P73,scheduling_flex_score,2,2,C,C,CONFIRMED,Codex,PRIMARY_SOURCE_RECHECK_AND_ANCHOR_REVIEW,2026-10-07,S-P73-04,S-P73-04,Primary source content and entity/period boundaries were re-read against coding_manual.md. The anchor remains supported within the stated confidence and conditional scope; unknown operational facts are not promoted to deployment or final approval.,"Own staged brewing supports weak sequence hypothesis; brew timing, quality and maturation constraints prevent assumed shifting freedom.",NOT_GRANTED
RC-20261007-P73-incremental_load_score,P73,incremental_load_score,5,5,C,C,CONFIRMED,Codex,PRIMARY_SOURCE_RECHECK_AND_ANCHOR_REVIEW,2026-10-07,S-P73-04,S-P73-04,Primary source content and entity/period boundaries were re-read against coding_manual.md. The anchor remains supported within the stated confidence and conditional scope; unknown operational facts are not promoted to deployment or final approval.,"Owned thermal route supplies material conditional electrification-load relevance; no kW, remaining fossil duty or grid headroom inferred.",NOT_GRANTED
RC-20261007-P73-onsite_integration_score,P73,onsite_integration_score,2,2,B,B,CONFIRMED,Codex,PRIMARY_SOURCE_RECHECK_AND_ANCHOR_REVIEW,2026-10-07,S-P73-06,S-P73-06,Primary source content and entity/period boundaries were re-read against coding_manual.md. The anchor remains supported within the stated confidence and conditional scope; unknown operational facts are not promoted to deployment or final approval.,"Owner January2026 body confirms several PV arrays: clear onsite case, no coordinated battery/microgrid proven.",NOT_GRANTED
RC-20261007-P73-measures_gap_score,P73,measures_gap_score,0,0,B,B,CONFIRMED,Codex,PRIMARY_SOURCE_RECHECK_AND_ANCHOR_REVIEW,2026-10-07,S-P73-04|S-P73-06,S-P73-04|S-P73-06,Primary source content and entity/period boundaries were re-read against coding_manual.md. The anchor remains supported within the stated confidence and conditional scope; unknown operational facts are not promoted to deployment or final approval.,"Several own measures: condenser hot-water recovery, efficient refrigeration/brewery and PV. Guesthouse solar heat kept separate.",NOT_GRANTED
RC-20261007-P73-management_gap_score,P73,management_gap_score,2,2,B,B,CONFIRMED,Codex,PRIMARY_SOURCE_RECHECK_AND_ANCHOR_REVIEW,2026-10-07,S-P73-06,S-P73-06,Primary source content and entity/period boundaries were re-read against coding_manual.md. The anchor remains supported within the stated confidence and conditional scope; unknown operational facts are not promoted to deployment or final approval.,"Current owner brochure confirms QUB environmental programme, partial/other management evidence; no ISO50001 maturity inferred.",NOT_GRANTED
RC-20261007-P74-measures_gap_score,P74,measures_gap_score,3,3,B,B,CONFIRMED,Codex,PRIMARY_SOURCE_RECHECK_AND_ANCHOR_REVIEW,2026-10-07,S-P74-03,S-P74-03,Primary source content and entity/period boundaries were re-read against coding_manual.md. The anchor remains supported within the stated confidence and conditional scope; unknown operational facts are not promoted to deployment or final approval.,Owner waste-heat reuse is some concrete energy measure; CO2 recovery not thermal storage or power generation.,NOT_GRANTED
RC-20261007-P74-management_gap_score,P74,management_gap_score,2,2,B,B,CONFIRMED,Codex,PRIMARY_SOURCE_RECHECK_AND_ANCHOR_REVIEW,2026-10-07,S-P74-03,S-P74-03,Primary source content and entity/period boundaries were re-read against coding_manual.md. The anchor remains supported within the stated confidence and conditional scope; unknown operational facts are not promoted to deployment or final approval.,"Named IfE energy concept/environment programme is partial management evidence, not certified mature EnMS.",NOT_GRANTED
RC-20261007-P74-targets_gap_score,P74,targets_gap_score,3,3,B,B,CONFIRMED,Codex,PRIMARY_SOURCE_RECHECK_AND_ANCHOR_REVIEW,2026-10-07,S-P74-03,S-P74-03,Primary source content and entity/period boundaries were re-read against coding_manual.md. The anchor remains supported within the stated confidence and conditional scope; unknown operational facts are not promoted to deployment or final approval.,Owner ongoing efficiency ambition has no quantified dated target/roadmap.,NOT_GRANTED
RC-20261007-P78-motor_drive_score,P78,motor_drive_score,5,5,C,C,CONFIRMED,Codex,PRIMARY_SOURCE_RECHECK_AND_ANCHOR_REVIEW,2026-10-07,S-P78-03,S-P78-03,Primary source content and entity/period boundaries were re-read against coding_manual.md. The anchor remains supported within the stated confidence and conditional scope; unknown operational facts are not promoted to deployment or final approval.,Company-authored2023 report identifies injection and pressing: material machine-drive relevance. Website502 and fleet continuity prevent confident current inventory.,NOT_GRANTED
RC-20261007-P82-power_conversion_score,P82,power_conversion_score,5,5,C,C,CONFIRMED,Codex,PRIMARY_SOURCE_RECHECK_AND_ANCHOR_REVIEW,2026-10-07,S-P82-02,S-P82-02,Primary source content and entity/period boundaries were re-read against coding_manual.md. The anchor remains supported within the stated confidence and conditional scope; unknown operational facts are not promoted to deployment or final approval.,Named owned electroplating route supplies one material DC/rectifier engineering application. Chemical nickel is separate; no installed rectifier ratings inferred.,NOT_GRANTED
RC-20261007-P82-power_quality_score,P82,power_quality_score,3,1,C,C,CORRECTED,Codex,PRIMARY_SOURCE_RECHECK_AND_ANCHOR_REVIEW,2026-10-07,S-P82-02,S-P82-02,"Own electrochemical production supports possible rectifier-related harmonic/peak relevance as an engineering hypothesis. The source does not establish a specific rectifier inventory/topology, explicit peak constraint or measured disturbance. Use the possible-signal anchor consistently; chemical nickel and product properties are not additional converter evidence.","Own electrochemical production supports possible rectifier-related harmonic/peak relevance as an engineering hypothesis. The source does not establish a specific rectifier inventory/topology, explicit peak constraint or measured disturbance. Use the possible-signal anchor consistently; chemical nickel and product properties are not additional converter evidence.",NOT_GRANTED
RC-20261007-P85-motor_drive_score,P85,motor_drive_score,2,2,C,C,CONFIRMED,Codex,PRIMARY_SOURCE_RECHECK_AND_ANCHOR_REVIEW,2026-10-07,S-P85-03,S-P85-03,Primary source content and entity/period boundaries were re-read against coding_manual.md. The anchor remains supported within the stated confidence and conditional scope; unknown operational facts are not promoted to deployment or final approval.,Owned rack/barrel handling lines support limited drive relevance; actual motor/pump inventory and ratings unresolved.,NOT_GRANTED
RC-20261007-P85-power_conversion_score,P85,power_conversion_score,5,5,C,C,CONFIRMED,Codex,PRIMARY_SOURCE_RECHECK_AND_ANCHOR_REVIEW,2026-10-07,S-P85-03,S-P85-03,Primary source content and entity/period boundaries were re-read against coding_manual.md. The anchor remains supported within the stated confidence and conditional scope; unknown operational facts are not promoted to deployment or final approval.,Named owned electroplating route supplies one material DC/rectifier engineering application. Chemical nickel is separate; no installed rectifier ratings inferred.,NOT_GRANTED
RC-20261007-P85-automation_control_score,P85,automation_control_score,4,4,B,B,CONFIRMED,Codex,PRIMARY_SOURCE_RECHECK_AND_ANCHOR_REVIEW,2026-10-07,S-P85-03,S-P85-03,Primary source content and entity/period boundaries were re-read against coding_manual.md. The anchor remains supported within the stated confidence and conditional scope; unknown operational facts are not promoted to deployment or final approval.,Owner central computer-controlled rack/barrel automatics connected to ERP establish strong coordinated production-control relevance; no energy dispatch proof.,NOT_GRANTED
RC-20261007-P85-power_quality_score,P85,power_quality_score,3,1,C,C,CORRECTED,Codex,PRIMARY_SOURCE_RECHECK_AND_ANCHOR_REVIEW,2026-10-07,S-P85-03,S-P85-03,"Own electrochemical production supports possible rectifier-related harmonic/peak relevance as an engineering hypothesis. The source does not establish a specific rectifier inventory/topology, explicit peak constraint or measured disturbance. Use the possible-signal anchor consistently; chemical nickel and product properties are not additional converter evidence.","Own electrochemical production supports possible rectifier-related harmonic/peak relevance as an engineering hypothesis. The source does not establish a specific rectifier inventory/topology, explicit peak constraint or measured disturbance. Use the possible-signal anchor consistently; chemical nickel and product properties are not additional converter evidence.",NOT_GRANTED
RC-20261007-P85-onsite_integration_score,P85,onsite_integration_score,2,2,B,B,CONFIRMED,Codex,PRIMARY_SOURCE_RECHECK_AND_ANCHOR_REVIEW,2026-10-07,S-P85-03,S-P85-03,Primary source content and entity/period boundaries were re-read against coding_manual.md. The anchor remains supported within the stated confidence and conditional scope; unknown operational facts are not promoted to deployment or final approval.,"Owner names onsite PV and BHKW with waste-heat recovery: clear own integration use cases; joint dispatch, battery topology and capacities unresolved.",NOT_GRANTED
RC-20261007-P85-measures_gap_score,P85,measures_gap_score,0,0,B,B,CONFIRMED,Codex,PRIMARY_SOURCE_RECHECK_AND_ANCHOR_REVIEW,2026-10-07,S-P85-03,S-P85-03,Primary source content and entity/period boundaries were re-read against coding_manual.md. The anchor remains supported within the stated confidence and conditional scope; unknown operational facts are not promoted to deployment or final approval.,Several own implemented measures: PV and BHKW with waste-heat recovery. Operation statement not commissioning date and not process fossil-free balance.,NOT_GRANTED
RC-20261007-P85-targets_gap_score,P85,targets_gap_score,3,3,B,B,CONFIRMED,Codex,PRIMARY_SOURCE_RECHECK_AND_ANCHOR_REVIEW,2026-10-07,S-P85-03,S-P85-03,Primary source content and entity/period boundaries were re-read against coding_manual.md. The anchor remains supported within the stated confidence and conditional scope; unknown operational facts are not promoted to deployment or final approval.,Own environmental/energy orientation lacks dated quantified energy roadmap.,NOT_GRANTED
RC-20261007-P86-process_electrification_score,P86,process_electrification_score,7,7,C,C,CONFIRMED,Codex,PRIMARY_SOURCE_RECHECK_AND_ANCHOR_REVIEW,2026-10-07,S-P86-02,S-P86-02,Primary source content and entity/period boundaries were re-read against coding_manual.md. The anchor remains supported within the stated confidence and conditional scope; unknown operational facts are not promoted to deployment or final approval.,Owned thermal route establishes one clear conditional electric-heat application; actual carrier and remaining substitution require evidence.,NOT_GRANTED
RC-20261007-P86-motor_drive_score,P86,motor_drive_score,2,2,C,C,CONFIRMED,Codex,PRIMARY_SOURCE_RECHECK_AND_ANCHOR_REVIEW,2026-10-07,S-P86-02,S-P86-02,Primary source content and entity/period boundaries were re-read against coding_manual.md. The anchor remains supported within the stated confidence and conditional scope; unknown operational facts are not promoted to deployment or final approval.,Own post-sinter diamond machining gives limited electrical-drive hypothesis; no actual rated machines.,NOT_GRANTED
RC-20261007-P86-power_conversion_score,P86,power_conversion_score,5,5,C,C,CONFIRMED,Codex,PRIMARY_SOURCE_RECHECK_AND_ANCHOR_REVIEW,2026-10-07,S-P86-02,S-P86-02,Primary source content and entity/period boundaries were re-read against coding_manual.md. The anchor remains supported within the stated confidence and conditional scope; unknown operational facts are not promoted to deployment or final approval.,Owned thermal route supplies one material controlled-electric-heat conversion case IF electrified; no existing electric furnace deployment inferred.,NOT_GRANTED
RC-20261007-P86-scheduling_flex_score,P86,scheduling_flex_score,2,2,C,C,CONFIRMED,Codex,PRIMARY_SOURCE_RECHECK_AND_ANCHOR_REVIEW,2026-10-07,S-P86-02,S-P86-02,Primary source content and entity/period boundaries were re-read against coding_manual.md. The anchor remains supported within the stated confidence and conditional scope; unknown operational facts are not promoted to deployment or final approval.,"Owned staged processing supports weak sequencing hypothesis only. Batch/duration is not permission to shift; quality, cooling, orders and spare capacity unresolved.",NOT_GRANTED
RC-20261007-P86-incremental_load_score,P86,incremental_load_score,5,5,C,C,CONFIRMED,Codex,PRIMARY_SOURCE_RECHECK_AND_ANCHOR_REVIEW,2026-10-07,S-P86-02,S-P86-02,Primary source content and entity/period boundaries were re-read against coding_manual.md. The anchor remains supported within the stated confidence and conditional scope; unknown operational facts are not promoted to deployment or final approval.,"Owned thermal route supplies material ordinal grid-growth relevance IF remaining heat electrifies. No actual kW, fossil baseline or connection headroom inferred.",NOT_GRANTED
RC-20261007-P86-power_quality_score,P86,power_quality_score,1,1,C,C,CONFIRMED,Codex,PRIMARY_SOURCE_RECHECK_AND_ANCHOR_REVIEW,2026-10-07,S-P86-02,S-P86-02,Primary source content and entity/period boundaries were re-read against coding_manual.md. The anchor remains supported within the stated confidence and conditional scope; unknown operational facts are not promoted to deployment or final approval.,Conditional controlled-electric heat suggests possible converter/peak relevance; no measured electrical disturbance.,NOT_GRANTED
RC-20261007-P89-process_electrification_score,P89,process_electrification_score,7,7,C,C,CONFIRMED,Codex,PRIMARY_SOURCE_RECHECK_AND_ANCHOR_REVIEW,2026-10-07,S-P89-04,S-P89-04,Primary source content and entity/period boundaries were re-read against coding_manual.md. The anchor remains supported within the stated confidence and conditional scope; unknown operational facts are not promoted to deployment or final approval.,Several explicitly owned sintering furnaces establish a clear conditional thermal-electrification application; actual heating carrier and remaining substitution demand unresolved.,NOT_GRANTED
RC-20261007-P89-motor_drive_score,P89,motor_drive_score,5,5,B,B,CONFIRMED,Codex,PRIMARY_SOURCE_RECHECK_AND_ANCHOR_REVIEW,2026-10-07,S-P89-04,S-P89-04,Primary source content and entity/period boundaries were re-read against coding_manual.md. The anchor remains supported within the stated confidence and conditional scope; unknown operational facts are not promoted to deployment or final approval.,"Own large grinding fleet, presses and CNC lathes/mills establish material machine-drive relevance; no rated electrical load or drive topology.",NOT_GRANTED
RC-20261007-P89-power_conversion_score,P89,power_conversion_score,5,5,C,C,CONFIRMED,Codex,PRIMARY_SOURCE_RECHECK_AND_ANCHOR_REVIEW,2026-10-07,S-P89-04,S-P89-04,Primary source content and entity/period boundaries were re-read against coding_manual.md. The anchor remains supported within the stated confidence and conditional scope; unknown operational facts are not promoted to deployment or final approval.,Owned furnace route supplies one material controlled-electric-heat conversion application IF electrified. Inert-gas atmosphere is not evidence of electric or fossil heating.,NOT_GRANTED
RC-20261007-P89-automation_control_score,P89,automation_control_score,3,3,B,B,CONFIRMED,Codex,PRIMARY_SOURCE_RECHECK_AND_ANCHOR_REVIEW,2026-10-07,S-P89-04,S-P89-04,Primary source content and entity/period boundaries were re-read against coding_manual.md. The anchor remains supported within the stated confidence and conditional scope; unknown operational facts are not promoted to deployment or final approval.,Own CNC lathes/mills and automated lapping/polishing establish clear process-control relevance; energy orchestration unknown.,NOT_GRANTED
RC-20261007-P89-scheduling_flex_score,P89,scheduling_flex_score,2,2,C,C,CONFIRMED,Codex,PRIMARY_SOURCE_RECHECK_AND_ANCHOR_REVIEW,2026-10-07,S-P89-04,S-P89-04,Primary source content and entity/period boundaries were re-read against coding_manual.md. The anchor remains supported within the stated confidence and conditional scope; unknown operational facts are not promoted to deployment or final approval.,Owned several furnace units support weak batch-sequencing hypothesis; unit count and chamber size not dispatchable shifting permission.,NOT_GRANTED
RC-20261007-P89-incremental_load_score,P89,incremental_load_score,5,5,C,C,CONFIRMED,Codex,PRIMARY_SOURCE_RECHECK_AND_ANCHOR_REVIEW,2026-10-07,S-P89-04,S-P89-04,Primary source content and entity/period boundaries were re-read against coding_manual.md. The anchor remains supported within the stated confidence and conditional scope; unknown operational facts are not promoted to deployment or final approval.,Owned furnace route supports material ordinal incremental-grid relevance IF remaining heat electrifies; no kW or actual spare connection capacity inferred.,NOT_GRANTED
RC-20261007-P89-power_quality_score,P89,power_quality_score,1,1,C,C,CONFIRMED,Codex,PRIMARY_SOURCE_RECHECK_AND_ANCHOR_REVIEW,2026-10-07,S-P89-04,S-P89-04,Primary source content and entity/period boundaries were re-read against coding_manual.md. The anchor remains supported within the stated confidence and conditional scope; unknown operational facts are not promoted to deployment or final approval.,Conditional controlled-electric heating plus owned CNC machines support possible converter/peak relevance; no measured disturbance.,NOT_GRANTED
RC-20261007-P96-motor_drive_score,P96,motor_drive_score,5,5,C,C,CONFIRMED,Codex,PRIMARY_SOURCE_RECHECK_AND_ANCHOR_REVIEW,2026-10-07,S-P96-02,S-P96-02,Primary source content and entity/period boundaries were re-read against coding_manual.md. The anchor remains supported within the stated confidence and conditional scope; unknown operational facts are not promoted to deployment or final approval.,Owned injection fleet and CAD/CAM toolshop establish material drives without machine ratings.,NOT_GRANTED
RC-20261007-P96-automation_control_score,P96,automation_control_score,3,3,B,B,CONFIRMED,Codex,PRIMARY_SOURCE_RECHECK_AND_ANCHOR_REVIEW,2026-10-07,S-P96-02,S-P96-02,Primary source content and entity/period boundaries were re-read against coding_manual.md. The anchor remains supported within the stated confidence and conditional scope; unknown operational facts are not promoted to deployment or final approval.,"Own CAD/CAM and automated quality work support clear process-control relevance, not energy orchestration.",NOT_GRANTED
RC-20261007-P96-management_gap_score,P96,management_gap_score,2,2,B,B,CONFIRMED,Codex,PRIMARY_SOURCE_RECHECK_AND_ANCHOR_REVIEW,2026-10-07,S-P96-04,S-P96-04,Primary source content and entity/period boundaries were re-read against coding_manual.md. The anchor remains supported within the stated confidence and conditional scope; unknown operational facts are not promoted to deployment or final approval.,Current exact-holder ISO14001 verifies other environmental system; current ISO50001 not established.,NOT_GRANTED
RC-20261007-P99-motor_drive_score,P99,motor_drive_score,5,5,C,C,CONFIRMED,Codex,PRIMARY_SOURCE_RECHECK_AND_ANCHOR_REVIEW,2026-10-07,S-P99-03,S-P99-03,Primary source content and entity/period boundaries were re-read against coding_manual.md. The anchor remains supported within the stated confidence and conditional scope; unknown operational facts are not promoted to deployment or final approval.,"Named nine-machine injection fleet establishes material drive relevance; kN and shot grams not electrical power, model E not drive proof.",NOT_GRANTED
RC-20261007-P102-power_conversion_score,P102,power_conversion_score,5,5,C,C,CONFIRMED,Codex,PRIMARY_SOURCE_RECHECK_AND_ANCHOR_REVIEW,2026-10-07,S-P102-02,S-P102-02,Primary source content and entity/period boundaries were re-read against coding_manual.md. The anchor remains supported within the stated confidence and conditional scope; unknown operational facts are not promoted to deployment or final approval.,Named owned electroplating route supplies one material DC/rectifier engineering application. Chemical nickel is separate; no installed rectifier ratings inferred.,NOT_GRANTED
RC-20261007-P102-power_quality_score,P102,power_quality_score,3,1,C,C,CORRECTED,Codex,PRIMARY_SOURCE_RECHECK_AND_ANCHOR_REVIEW,2026-10-07,S-P102-02,S-P102-02,"Own electrochemical production supports possible rectifier-related harmonic/peak relevance as an engineering hypothesis. The source does not establish a specific rectifier inventory/topology, explicit peak constraint or measured disturbance. Use the possible-signal anchor consistently; chemical nickel and product properties are not additional converter evidence.","Own electrochemical production supports possible rectifier-related harmonic/peak relevance as an engineering hypothesis. The source does not establish a specific rectifier inventory/topology, explicit peak constraint or measured disturbance. Use the possible-signal anchor consistently; chemical nickel and product properties are not additional converter evidence.",NOT_GRANTED
RC-20261007-P103-power_conversion_score,P103,power_conversion_score,5,5,C,C,CONFIRMED,Codex,PRIMARY_SOURCE_RECHECK_AND_ANCHOR_REVIEW,2026-10-07,S-P103-03,S-P103-03,Primary source content and entity/period boundaries were re-read against coding_manual.md. The anchor remains supported within the stated confidence and conditional scope; unknown operational facts are not promoted to deployment or final approval.,Named owned electroplating route supplies one material DC/rectifier engineering application. Chemical nickel is separate; no installed rectifier ratings inferred.,NOT_GRANTED
RC-20261007-P103-power_quality_score,P103,power_quality_score,3,1,C,C,CORRECTED,Codex,PRIMARY_SOURCE_RECHECK_AND_ANCHOR_REVIEW,2026-10-07,S-P103-03,S-P103-03,"Own electrochemical production supports possible rectifier-related harmonic/peak relevance as an engineering hypothesis. The source does not establish a specific rectifier inventory/topology, explicit peak constraint or measured disturbance. Use the possible-signal anchor consistently; chemical nickel and product properties are not additional converter evidence.","Own electrochemical production supports possible rectifier-related harmonic/peak relevance as an engineering hypothesis. The source does not establish a specific rectifier inventory/topology, explicit peak constraint or measured disturbance. Use the possible-signal anchor consistently; chemical nickel and product properties are not additional converter evidence.",NOT_GRANTED
RC-20261007-P103-management_gap_score,P103,management_gap_score,2,2,B,B,CONFIRMED,Codex,PRIMARY_SOURCE_RECHECK_AND_ANCHOR_REVIEW,2026-10-07,S-P103-05|S-P103-06,S-P103-05|S-P103-06,Primary source content and entity/period boundaries were re-read against coding_manual.md. The anchor remains supported within the stated confidence and conditional scope; unknown operational facts are not promoted to deployment or final approval.,Current rendered ISO14001 bodies verify exact holder both sites; environmental system not mature certified EnMS.,NOT_GRANTED
RC-20261007-P107-process_electrification_score,P107,process_electrification_score,7,7,C,C,CONFIRMED,Codex,PRIMARY_SOURCE_RECHECK_AND_ANCHOR_REVIEW,2026-10-07,S-P107-04|S-P107-03,S-P107-04|S-P107-03,Primary source content and entity/period boundaries were re-read against coding_manual.md. The anchor remains supported within the stated confidence and conditional scope; unknown operational facts are not promoted to deployment or final approval.,"Owned Hohenberg furnaces explicitly confirmed by heat-recovery statement and exact-entity official profile; conditional thermal case, actual kiln carrier/temperature unknown.",NOT_GRANTED
RC-20261007-P107-measures_gap_score,P107,measures_gap_score,3,3,B,B,CONFIRMED,Codex,PRIMARY_SOURCE_RECHECK_AND_ANCHOR_REVIEW,2026-10-07,S-P107-04,S-P107-04,Primary source content and entity/period boundaries were re-read against coding_manual.md. The anchor remains supported within the stated confidence and conditional scope; unknown operational facts are not promoted to deployment or final approval.,Own furnace waste heat heats production building: some concrete measure. Purchased green electricity not proof of electric firing or onsite generation.,NOT_GRANTED
RC-20261007-P107-targets_gap_score,P107,targets_gap_score,3,3,B,B,CONFIRMED,Codex,PRIMARY_SOURCE_RECHECK_AND_ANCHOR_REVIEW,2026-10-07,S-P107-04,S-P107-04,Primary source content and entity/period boundaries were re-read against coding_manual.md. The anchor remains supported within the stated confidence and conditional scope; unknown operational facts are not promoted to deployment or final approval.,Owner resource/energy-efficiency ambition lacks quantified dated energy roadmap.,NOT_GRANTED
RC-20261007-P62-power_conversion_score,P62,power_conversion_score,5,5,C,C,CONFIRMED,Codex,PRIMARY_SOURCE_RECHECK_AND_ANCHOR_REVIEW,2026-10-07,S-P62-03|S-P62-06,S-P62-03|S-P62-06,Primary source content and entity/period boundaries were re-read against coding_manual.md. The anchor remains supported within the stated confidence and conditional scope; unknown operational facts are not promoted to deployment or final approval.,Named owned electroplating route supplies one material DC/rectifier engineering application. Chemical nickel is separate; no installed rectifier ratings inferred.,NOT_GRANTED
RC-20261007-P62-power_quality_score,P62,power_quality_score,3,1,C,C,CORRECTED,Codex,PRIMARY_SOURCE_RECHECK_AND_ANCHOR_REVIEW,2026-10-07,S-P62-03|S-P62-06,S-P62-03|S-P62-06,"Own electrochemical production supports possible rectifier-related harmonic/peak relevance as an engineering hypothesis. The source does not establish a specific rectifier inventory/topology, explicit peak constraint or measured disturbance. Use the possible-signal anchor consistently; chemical nickel and product properties are not additional converter evidence.","Own electrochemical production supports possible rectifier-related harmonic/peak relevance as an engineering hypothesis. The source does not establish a specific rectifier inventory/topology, explicit peak constraint or measured disturbance. Use the possible-signal anchor consistently; chemical nickel and product properties are not additional converter evidence.",NOT_GRANTED
RC-20261007-P62-management_gap_score,P62,management_gap_score,0,0,B,B,CONFIRMED,Codex,PRIMARY_SOURCE_RECHECK_AND_ANCHOR_REVIEW,2026-10-07,S-P62-04|S-P62-06,S-P62-04|S-P62-06,Primary source content and entity/period boundaries were re-read against coding_manual.md. The anchor remains supported within the stated confidence and conditional scope; unknown operational facts are not promoted to deployment or final approval.,Exact current ISO50001 body and ongoing metering/review policy establish mature EnMS.,NOT_GRANTED
RC-20261007-P62-targets_gap_score,P62,targets_gap_score,3,3,B,B,CONFIRMED,Codex,PRIMARY_SOURCE_RECHECK_AND_ANCHOR_REVIEW,2026-10-07,S-P62-06,S-P62-06,Primary source content and entity/period boundaries were re-read against coding_manual.md. The anchor remains supported within the stated confidence and conditional scope; unknown operational facts are not promoted to deployment or final approval.,Owner continuous efficiency ambition lacks dated quantified target/roadmap.,NOT_GRANTED
RC-20261007-P03-temperature_fit_score,P03,temperature_fit_score,10,10,C,C,CONFIRMED,Codex,PRIMARY_SOURCE_RECHECK_AND_ANCHOR_REVIEW,2026-10-07,S-P03-03,S-P03-03,Primary source content and entity/period boundaries were re-read against coding_manual.md. The anchor remains supported within the stated confidence and conditional scope; unknown operational facts are not promoted to deployment or final approval.,"Own pasteurisation at 72-74 C supports favourable low-temperature substitution fit; current carrier, equipment feasibility and duty remain open.",NOT_GRANTED
RC-20261007-P03-process_electrification_score,P03,process_electrification_score,7,7,C,C,CONFIRMED,Codex,PRIMARY_SOURCE_RECHECK_AND_ANCHOR_REVIEW,2026-10-07,S-P03-03,S-P03-03,Primary source content and entity/period boundaries were re-read against coding_manual.md. The anchor remains supported within the stated confidence and conditional scope; unknown operational facts are not promoted to deployment or final approval.,"Owned milk pasteurisation establishes a clear conditional thermal electrification case, without assuming fossil baseline.",NOT_GRANTED
RC-20261007-P03-motor_drive_score,P03,motor_drive_score,5,5,C,C,CONFIRMED,Codex,PRIMARY_SOURCE_RECHECK_AND_ANCHOR_REVIEW,2026-10-07,S-P03-03,S-P03-03,Primary source content and entity/period boundaries were re-read against coding_manual.md. The anchor remains supported within the stated confidence and conditional scope; unknown operational facts are not promoted to deployment or final approval.,Own centrifuges/filling/cold chain establish material machine-drive relevance; rated electrical inventory absent.,NOT_GRANTED
RC-20261007-P03-automation_control_score,P03,automation_control_score,3,3,B,B,CONFIRMED,Codex,PRIMARY_SOURCE_RECHECK_AND_ANCHOR_REVIEW,2026-10-07,S-P03-03,S-P03-03,Primary source content and entity/period boundaries were re-read against coding_manual.md. The anchor remains supported within the stated confidence and conditional scope; unknown operational facts are not promoted to deployment or final approval.,"Own automated filling and controlled pasteurisation support clear process-control relevance, not energy dispatch.",NOT_GRANTED
RC-20261007-P03-scheduling_flex_score,P03,scheduling_flex_score,2,2,C,C,CONFIRMED,Codex,PRIMARY_SOURCE_RECHECK_AND_ANCHOR_REVIEW,2026-10-07,S-P03-03,S-P03-03,Primary source content and entity/period boundaries were re-read against coding_manual.md. The anchor remains supported within the stated confidence and conditional scope; unknown operational facts are not promoted to deployment or final approval.,Owned two-shift milk processing supports weak scheduling hypothesis. Food hygiene/cold chain and delivery obligations may constrain shifts.,NOT_GRANTED
RC-20261007-P03-incremental_load_score,P03,incremental_load_score,5,5,C,C,CONFIRMED,Codex,PRIMARY_SOURCE_RECHECK_AND_ANCHOR_REVIEW,2026-10-07,S-P03-03,S-P03-03,Primary source content and entity/period boundaries were re-read against coding_manual.md. The anchor remains supported within the stated confidence and conditional scope; unknown operational facts are not promoted to deployment or final approval.,Owned pasteurisation supplies material conditional heat-electrification load relevance; no actual kW or remaining fossil load inferred.,NOT_GRANTED
RC-20261007-P07-motor_drive_score,P07,motor_drive_score,5,5,C,C,CONFIRMED,Codex,PRIMARY_SOURCE_RECHECK_AND_ANCHOR_REVIEW,2026-10-07,S-P07-02,S-P07-02,Primary source content and entity/period boundaries were re-read against coding_manual.md. The anchor remains supported within the stated confidence and conditional scope; unknown operational facts are not promoted to deployment or final approval.,Documentary first pass only: upstream group eligibility remains OPEN_GATE; no canonical scoring or human approval. Own fleet with over half fully electric injection machines and controlled material handling establishes material drive relevance; no load ratings.,NOT_GRANTED
RC-20261007-P07-power_conversion_score,P07,power_conversion_score,8,8,C,C,CONFIRMED,Codex,PRIMARY_SOURCE_RECHECK_AND_ANCHOR_REVIEW,2026-10-07,S-P07-02|S-P07-07,S-P07-02|S-P07-07,Primary source content and entity/period boundaries were re-read against coding_manual.md. The anchor remains supported within the stated confidence and conditional scope; unknown operational facts are not promoted to deployment or final approval.,"Documentary first pass only: upstream group eligibility remains OPEN_GATE; no canonical scoring or human approval. Several attributed conversion applications: electric injection, PVD and PV; relevance only, annual PV kWh not inverter kWp.",NOT_GRANTED
RC-20261007-P07-automation_control_score,P07,automation_control_score,4,4,B,B,CONFIRMED,Codex,PRIMARY_SOURCE_RECHECK_AND_ANCHOR_REVIEW,2026-10-07,S-P07-02,S-P07-02,Primary source content and entity/period boundaries were re-read against coding_manual.md. The anchor remains supported within the stated confidence and conditional scope; unknown operational facts are not promoted to deployment or final approval.,"Documentary first pass only: upstream group eligibility remains OPEN_GATE; no canonical scoring or human approval. Owned central material control and integrated inline coating support strong coordinated process control, not dispatchable energy.",NOT_GRANTED
RC-20261007-P07-power_quality_score,P07,power_quality_score,3,3,C,C,CONFIRMED,Codex,PRIMARY_SOURCE_RECHECK_AND_ANCHOR_REVIEW,2026-10-07,S-P07-02|S-P07-07,S-P07-02|S-P07-07,Primary source content and entity/period boundaries were re-read against coding_manual.md. The anchor remains supported within the stated confidence and conditional scope; unknown operational facts are not promoted to deployment or final approval.,"Documentary first pass only: upstream group eligibility remains OPEN_GATE; no canonical scoring or human approval. Owned PVD, electric-machine fleet and PV support clear converter/peak relevance, no measured harmonic issue.",NOT_GRANTED
RC-20261007-P07-onsite_integration_score,P07,onsite_integration_score,2,2,B,B,CONFIRMED,Codex,PRIMARY_SOURCE_RECHECK_AND_ANCHOR_REVIEW,2026-10-07,S-P07-07,S-P07-07,Primary source content and entity/period boundaries were re-read against coding_manual.md. The anchor remains supported within the stated confidence and conditional scope; unknown operational facts are not promoted to deployment or final approval.,"Documentary first pass only: upstream group eligibility remains OPEN_GATE; no canonical scoring or human approval. Own PV provides one clear onsite integration case; over600000 kWh/year is energy output, no battery/microgrid proven.",NOT_GRANTED
RC-20261007-P07-measures_gap_score,P07,measures_gap_score,0,0,B,B,CONFIRMED,Codex,PRIMARY_SOURCE_RECHECK_AND_ANCHOR_REVIEW,2026-10-07,S-P07-02|S-P07-07,S-P07-02|S-P07-07,Primary source content and entity/period boundaries were re-read against coding_manual.md. The anchor remains supported within the stated confidence and conditional scope; unknown operational facts are not promoted to deployment or final approval.,"Documentary first pass only: upstream group eligibility remains OPEN_GATE; no canonical scoring or human approval. Several own measures: electric machines, PV and building heat recovery/geothermal. Building heat not whole process fossil independence.",NOT_GRANTED
RC-20261007-P07-management_gap_score,P07,management_gap_score,2,2,B,B,CONFIRMED,Codex,PRIMARY_SOURCE_RECHECK_AND_ANCHOR_REVIEW,2026-10-07,S-P07-09,S-P07-09,Primary source content and entity/period boundaries were re-read against coding_manual.md. The anchor remains supported within the stated confidence and conditional scope; unknown operational facts are not promoted to deployment or final approval.,Documentary first pass only: upstream group eligibility remains OPEN_GATE; no canonical scoring or human approval. Current exact-holder ISO14001 verifies other environmental system; mature energy system not inferred.,NOT_GRANTED
RC-20261007-P07-targets_gap_score,P07,targets_gap_score,3,3,B,B,CONFIRMED,Codex,PRIMARY_SOURCE_RECHECK_AND_ANCHOR_REVIEW,2026-10-07,S-P07-07,S-P07-07,Primary source content and entity/period boundaries were re-read against coding_manual.md. The anchor remains supported within the stated confidence and conditional scope; unknown operational facts are not promoted to deployment or final approval.,Documentary first pass only: upstream group eligibility remains OPEN_GATE; no canonical scoring or human approval. Owner efficiency and renewable-expansion ambition lacks quantified dated roadmap.,NOT_GRANTED
RC-20261007-P10-motor_drive_score,P10,motor_drive_score,5,5,C,C,CONFIRMED,Codex,PRIMARY_SOURCE_RECHECK_AND_ANCHOR_REVIEW,2026-10-07,S-P10-02|S-P10-03,S-P10-02|S-P10-03,Primary source content and entity/period boundaries were re-read against coding_manual.md. The anchor remains supported within the stated confidence and conditional scope; unknown operational facts are not promoted to deployment or final approval.,"Documentary first pass only: upstream group eligibility remains OPEN_GATE; no canonical scoring or human approval. Owned injection/toolmaking fleet and robotics establish material drives, without current unit-by-unit ratings.",NOT_GRANTED
RC-20261007-P10-power_conversion_score,P10,power_conversion_score,2,2,C,C,CONFIRMED,Codex,PRIMARY_SOURCE_RECHECK_AND_ANCHOR_REVIEW,2026-10-07,S-P10-08,S-P10-08,Primary source content and entity/period boundaries were re-read against coding_manual.md. The anchor remains supported within the stated confidence and conditional scope; unknown operational facts are not promoted to deployment or final approval.,"Documentary first pass only: upstream group eligibility remains OPEN_GATE; no canonical scoring or human approval. Owner-hosted 2019 servo-pump case gives limited historical conversion evidence; current fleet continuity unresolved, not sitewide installation.",NOT_GRANTED
RC-20261007-P10-automation_control_score,P10,automation_control_score,4,4,B,B,CONFIRMED,Codex,PRIMARY_SOURCE_RECHECK_AND_ANCHOR_REVIEW,2026-10-07,S-P10-03,S-P10-03,Primary source content and entity/period boundaries were re-read against coding_manual.md. The anchor remains supported within the stated confidence and conditional scope; unknown operational facts are not promoted to deployment or final approval.,"Documentary first pass only: upstream group eligibility remains OPEN_GATE; no canonical scoring or human approval. Own ODC/robotics coordinated manufacture gives strong process-control relevance, not energy dispatch.",NOT_GRANTED
RC-20261007-P10-targets_gap_score,P10,targets_gap_score,2,2,B,B,CONFIRMED,Codex,PRIMARY_SOURCE_RECHECK_AND_ANCHOR_REVIEW,2026-10-07,S-P10-06,S-P10-06,Primary source content and entity/period boundaries were re-read against coding_manual.md. The anchor remains supported within the stated confidence and conditional scope; unknown operational facts are not promoted to deployment or final approval.,Documentary first pass only: upstream group eligibility remains OPEN_GATE; no canonical scoring or human approval. IHK named signatory commitment to 2030 is dated target evidence without firm-specific execution roadmap.,NOT_GRANTED
RC-20261007-P104-process_electrification_score,P104,process_electrification_score,7,7,C,C,CONFIRMED,Codex,PRIMARY_SOURCE_RECHECK_AND_ANCHOR_REVIEW,2026-10-07,S-P104-05,S-P104-05,Primary source content and entity/period boundaries were re-read against coding_manual.md. The anchor remains supported within the stated confidence and conditional scope; unknown operational facts are not promoted to deployment or final approval.,Documentary first pass only: upstream group eligibility remains OPEN_GATE; no canonical scoring or human approval. Owned controlled aluminium heat treatment supplies one clear conditional electric-heat application; actual temperature/carrier unknown.,NOT_GRANTED
RC-20261007-P104-power_conversion_score,P104,power_conversion_score,5,5,C,C,CONFIRMED,Codex,PRIMARY_SOURCE_RECHECK_AND_ANCHOR_REVIEW,2026-10-07,S-P104-05|S-P104-02,S-P104-05|S-P104-02,Primary source content and entity/period boundaries were re-read against coding_manual.md. The anchor remains supported within the stated confidence and conditional scope; unknown operational facts are not promoted to deployment or final approval.,Documentary first pass only: upstream group eligibility remains OPEN_GATE; no canonical scoring or human approval. Named owned electroplating route supplies one material DC/rectifier engineering application. Chemical nickel is separate; no installed rectifier ratings inferred.,NOT_GRANTED
RC-20261007-P104-power_quality_score,P104,power_quality_score,3,1,C,C,CORRECTED,Codex,PRIMARY_SOURCE_RECHECK_AND_ANCHOR_REVIEW,2026-10-07,S-P104-05|S-P104-02,S-P104-05|S-P104-02,"Documentary proposal only: upstream group eligibility remains OPEN_GATE; final scoring is blocked. Own electrochemical production supports possible rectifier-related harmonic/peak relevance as an engineering hypothesis. The source does not establish a specific rectifier inventory/topology, explicit peak constraint or measured disturbance. Use the possible-signal anchor consistently; chemical nickel and product properties are not additional converter evidence.","Documentary proposal only: upstream group eligibility remains OPEN_GATE; final scoring is blocked. Own electrochemical production supports possible rectifier-related harmonic/peak relevance as an engineering hypothesis. The source does not establish a specific rectifier inventory/topology, explicit peak constraint or measured disturbance. Use the possible-signal anchor consistently; chemical nickel and product properties are not additional converter evidence.",NOT_GRANTED
RC-20261007-P104-management_gap_score,P104,management_gap_score,0,0,B,B,CONFIRMED,Codex,PRIMARY_SOURCE_RECHECK_AND_ANCHOR_REVIEW,2026-10-07,S-P104-06,S-P104-06,Primary source content and entity/period boundaries were re-read against coding_manual.md. The anchor remains supported within the stated confidence and conditional scope; unknown operational facts are not promoted to deployment or final approval.,Documentary first pass only: upstream group eligibility remains OPEN_GATE; no canonical scoring or human approval. Current exact-holder ISO50001 verifies mature EnMS; upstream group gate remains independently open.,NOT_GRANTED
RC-20261007-P104-targets_gap_score,P104,targets_gap_score,3,3,B,B,CONFIRMED,Codex,PRIMARY_SOURCE_RECHECK_AND_ANCHOR_REVIEW,2026-10-07,S-P104-04,S-P104-04,Primary source content and entity/period boundaries were re-read against coding_manual.md. The anchor remains supported within the stated confidence and conditional scope; unknown operational facts are not promoted to deployment or final approval.,"Documentary first pass only: upstream group eligibility remains OPEN_GATE; no canonical scoring or human approval. Current policy states continuing energy-efficiency ambition, without quantified dated roadmap.",NOT_GRANTED
RC-20261007-P32-fossil_heat_displacement_score,P32,fossil_heat_displacement_score,0,0,B,B,CONFIRMED,Codex,PRIMARY_SOURCE_RECHECK_AND_ANCHOR_REVIEW,2026-10-07,S-P32-02,S-P32-02,Primary source content and entity/period boundaries were re-read against coding_manual.md. The anchor remains supported within the stated confidence and conditional scope; unknown operational facts are not promoted to deployment or final approval.,"Documentary first pass only: upstream group eligibility remains OPEN_GATE; no canonical scoring or human approval. Owner explicitly states all brewery heat from woodchips, giving documented nonfossil process-heat baseline. Zero follows this affirmative evidence; fossil transport emissions separate.",NOT_GRANTED
RC-20261007-P32-motor_drive_score,P32,motor_drive_score,2,2,C,C,CONFIRMED,Codex,PRIMARY_SOURCE_RECHECK_AND_ANCHOR_REVIEW,2026-10-07,S-P32-02,S-P32-02,Primary source content and entity/period boundaries were re-read against coding_manual.md. The anchor remains supported within the stated confidence and conditional scope; unknown operational facts are not promoted to deployment or final approval.,Documentary first pass only: upstream group eligibility remains OPEN_GATE; no canonical scoring or human approval. Own electric forklifts/pallet trucks establish limited logistics drive relevance; no production motor inventory.,NOT_GRANTED
RC-20261007-P32-scheduling_flex_score,P32,scheduling_flex_score,2,2,C,C,CONFIRMED,Codex,PRIMARY_SOURCE_RECHECK_AND_ANCHOR_REVIEW,2026-10-07,S-P32-02,S-P32-02,Primary source content and entity/period boundaries were re-read against coding_manual.md. The anchor remains supported within the stated confidence and conditional scope; unknown operational facts are not promoted to deployment or final approval.,Documentary first pass only: upstream group eligibility remains OPEN_GATE; no canonical scoring or human approval. Own brewing and slow maturation support weak batch sequence hypothesis; cold-chain/quality constraints and free windows unresolved.,NOT_GRANTED
RC-20261007-P32-measures_gap_score,P32,measures_gap_score,0,0,B,B,CONFIRMED,Codex,PRIMARY_SOURCE_RECHECK_AND_ANCHOR_REVIEW,2026-10-07,S-P32-02,S-P32-02,Primary source content and entity/period boundaries were re-read against coding_manual.md. The anchor remains supported within the stated confidence and conditional scope; unknown operational facts are not promoted to deployment or final approval.,Documentary first pass only: upstream group eligibility remains OPEN_GATE; no canonical scoring or human approval. Several own measures: complete woodchip heat supply and electric handling; renewable electricity procurement is separately bounded.,NOT_GRANTED
RC-20261007-P34-motor_drive_score,P34,motor_drive_score,5,5,C,C,CONFIRMED,Codex,PRIMARY_SOURCE_RECHECK_AND_ANCHOR_REVIEW,2026-10-07,S-P34-03|S-P34-04,S-P34-03|S-P34-04,Primary source content and entity/period boundaries were re-read against coding_manual.md. The anchor remains supported within the stated confidence and conditional scope; unknown operational facts are not promoted to deployment or final approval.,"Documentary first pass only: upstream group eligibility remains OPEN_GATE; no canonical scoring or human approval. Own injection fleet, six-axis robots and toolshop establish material drive relevance.",NOT_GRANTED
RC-20261007-P34-power_conversion_score,P34,power_conversion_score,2,2,C,C,CONFIRMED,Codex,PRIMARY_SOURCE_RECHECK_AND_ANCHOR_REVIEW,2026-10-07,S-P34-03|S-P34-04,S-P34-03|S-P34-04,Primary source content and entity/period boundaries were re-read against coding_manual.md. The anchor remains supported within the stated confidence and conditional scope; unknown operational facts are not promoted to deployment or final approval.,Documentary first pass only: upstream group eligibility remains OPEN_GATE; no canonical scoring or human approval. Owned plastic laser welding establishes limited conversion application; rated converters not documented.,NOT_GRANTED
RC-20261007-P34-automation_control_score,P34,automation_control_score,3,3,B,B,CONFIRMED,Codex,PRIMARY_SOURCE_RECHECK_AND_ANCHOR_REVIEW,2026-10-07,S-P34-03|S-P34-04,S-P34-03|S-P34-04,Primary source content and entity/period boundaries were re-read against coding_manual.md. The anchor remains supported within the stated confidence and conditional scope; unknown operational facts are not promoted to deployment or final approval.,Documentary first pass only: upstream group eligibility remains OPEN_GATE; no canonical scoring or human approval. Own robot-assisted process chain and material feed establish clear control relevance; external partner stages not inherited.,NOT_GRANTED
RC-20261007-P40-power_conversion_score,P40,power_conversion_score,5,5,C,C,CONFIRMED,Codex,PRIMARY_SOURCE_RECHECK_AND_ANCHOR_REVIEW,2026-10-07,S-P40-01,S-P40-01,Primary source content and entity/period boundaries were re-read against coding_manual.md. The anchor remains supported within the stated confidence and conditional scope; unknown operational facts are not promoted to deployment or final approval.,Documentary first pass only: upstream group eligibility remains OPEN_GATE; no canonical scoring or human approval. Named owned electroplating route supplies one material DC/rectifier engineering application. Chemical nickel is separate; no installed rectifier ratings inferred.,NOT_GRANTED
RC-20261007-P40-power_quality_score,P40,power_quality_score,3,1,C,C,CORRECTED,Codex,PRIMARY_SOURCE_RECHECK_AND_ANCHOR_REVIEW,2026-10-07,S-P40-01,S-P40-01,"Documentary proposal only: upstream group eligibility remains OPEN_GATE; final scoring is blocked. Own electrochemical production supports possible rectifier-related harmonic/peak relevance as an engineering hypothesis. The source does not establish a specific rectifier inventory/topology, explicit peak constraint or measured disturbance. Use the possible-signal anchor consistently; chemical nickel and product properties are not additional converter evidence.","Documentary proposal only: upstream group eligibility remains OPEN_GATE; final scoring is blocked. Own electrochemical production supports possible rectifier-related harmonic/peak relevance as an engineering hypothesis. The source does not establish a specific rectifier inventory/topology, explicit peak constraint or measured disturbance. Use the possible-signal anchor consistently; chemical nickel and product properties are not additional converter evidence.",NOT_GRANTED
RC-20261007-P40-onsite_integration_score,P40,onsite_integration_score,2,2,B,B,CONFIRMED,Codex,PRIMARY_SOURCE_RECHECK_AND_ANCHOR_REVIEW,2026-10-07,S-P40-02,S-P40-02,Primary source content and entity/period boundaries were re-read against coding_manual.md. The anchor remains supported within the stated confidence and conditional scope; unknown operational facts are not promoted to deployment or final approval.,Documentary first pass only: upstream group eligibility remains OPEN_GATE; no canonical scoring or human approval. Owner PV since2010 covers about20percent electrical demand: one clear onsite use case; purchased green energy not onsite generation.,NOT_GRANTED
RC-20261007-P40-measures_gap_score,P40,measures_gap_score,3,3,B,B,CONFIRMED,Codex,PRIMARY_SOURCE_RECHECK_AND_ANCHOR_REVIEW,2026-10-07,S-P40-02,S-P40-02,Primary source content and entity/period boundaries were re-read against coding_manual.md. The anchor remains supported within the stated confidence and conditional scope; unknown operational facts are not promoted to deployment or final approval.,Documentary first pass only: upstream group eligibility remains OPEN_GATE; no canonical scoring or human approval. Own PV is some concrete measure; green-gas procurement not proof of physical fossil-free heat.,NOT_GRANTED
RC-20261007-P40-targets_gap_score,P40,targets_gap_score,3,3,B,B,CONFIRMED,Codex,PRIMARY_SOURCE_RECHECK_AND_ANCHOR_REVIEW,2026-10-07,S-P40-02,S-P40-02,Primary source content and entity/period boundaries were re-read against coding_manual.md. The anchor remains supported within the stated confidence and conditional scope; unknown operational facts are not promoted to deployment or final approval.,Documentary first pass only: upstream group eligibility remains OPEN_GATE; no canonical scoring or human approval. Own environmental efficiency ambition has no quantified dated energy roadmap.,NOT_GRANTED
RC-20261007-P42-process_electrification_score,P42,process_electrification_score,7,7,C,C,CONFIRMED,Codex,PRIMARY_SOURCE_RECHECK_AND_ANCHOR_REVIEW,2026-10-07,S-P42-01,S-P42-01,Primary source content and entity/period boundaries were re-read against coding_manual.md. The anchor remains supported within the stated confidence and conditional scope; unknown operational facts are not promoted to deployment or final approval.,Documentary first pass only: upstream group eligibility remains OPEN_GATE; no canonical scoring or human approval. Owner names heat-treatment route among gas-turbine repair processes: clear conditional thermal electrification case. Turbine product resistance not temperature or fuel.,NOT_GRANTED
RC-20261007-P42-management_gap_score,P42,management_gap_score,3,3,B,B,CONFIRMED,Codex,PRIMARY_SOURCE_RECHECK_AND_ANCHOR_REVIEW,2026-10-07,S-P42-02|S-P42-03,S-P42-02|S-P42-03,Primary source content and entity/period boundaries were re-read against coding_manual.md. The anchor remains supported within the stated confidence and conditional scope; unknown operational facts are not promoted to deployment or final approval.,Documentary first pass only: upstream group eligibility remains OPEN_GATE; no canonical scoring or human approval. Owner environmental management claim persists but linked certificate expired2026-07-27. Current certification/operational continuity not verified; no no-management conclusion.,NOT_GRANTED
RC-20261007-P46-management_gap_score,P46,management_gap_score,0,0,B,B,CONFIRMED,Codex,PRIMARY_SOURCE_RECHECK_AND_ANCHOR_REVIEW,2026-10-07,S-P46-04,S-P46-04,Primary source content and entity/period boundaries were re-read against coding_manual.md. The anchor remains supported within the stated confidence and conditional scope; unknown operational facts are not promoted to deployment or final approval.,Documentary first pass only: upstream group eligibility remains OPEN_GATE; no canonical scoring or human approval. Current exact-holder ISO50001 certificate verifies mature energy-management system; product heat exchangers not own recovery assets.,NOT_GRANTED
RC-20261007-P47-automation_control_score,P47,automation_control_score,3,3,B,B,CONFIRMED,Codex,PRIMARY_SOURCE_RECHECK_AND_ANCHOR_REVIEW,2026-10-07,S-P47-02,S-P47-02,Primary source content and entity/period boundaries were re-read against coding_manual.md. The anchor remains supported within the stated confidence and conditional scope; unknown operational facts are not promoted to deployment or final approval.,"Documentary first pass only: upstream group eligibility remains OPEN_GATE; no canonical scoring or human approval. Own precise production and AI-supported traceable quality methods establish clear production-control relevance, without energy orchestration.",NOT_GRANTED
RC-20261007-P47-management_gap_score,P47,management_gap_score,0,0,B,B,CONFIRMED,Codex,PRIMARY_SOURCE_RECHECK_AND_ANCHOR_REVIEW,2026-10-07,S-P47-04,S-P47-04,Primary source content and entity/period boundaries were re-read against coding_manual.md. The anchor remains supported within the stated confidence and conditional scope; unknown operational facts are not promoted to deployment or final approval.,Documentary first pass only: upstream group eligibility remains OPEN_GATE; no canonical scoring or human approval. Exact current ISO50001 certificate covers all company energy quantities; group eligibility independently unresolved.,NOT_GRANTED
RC-20261007-P65-temperature_fit_score,P65,temperature_fit_score,3,3,C,C,CONFIRMED,Codex,PRIMARY_SOURCE_RECHECK_AND_ANCHOR_REVIEW,2026-10-07,S-P65-03,S-P65-03,Primary source content and entity/period boundaries were re-read against coding_manual.md. The anchor remains supported within the stated confidence and conditional scope; unknown operational facts are not promoted to deployment or final approval.,Documentary first pass only: upstream group eligibility remains OPEN_GATE; no canonical scoring or human approval. Owned firing up to 1400 C supplies difficult high-temperature fit as conditional engineering judgement; carrier/retrofit feasibility not established.,NOT_GRANTED
RC-20261007-P65-process_electrification_score,P65,process_electrification_score,7,7,C,C,CONFIRMED,Codex,PRIMARY_SOURCE_RECHECK_AND_ANCHOR_REVIEW,2026-10-07,S-P65-03,S-P65-03,Primary source content and entity/period boundaries were re-read against coding_manual.md. The anchor remains supported within the stated confidence and conditional scope; unknown operational facts are not promoted to deployment or final approval.,Documentary first pass only: upstream group eligibility remains OPEN_GATE; no canonical scoring or human approval. Owned thermal route establishes one clear conditional electric-heat application; actual carrier and remaining substitution require evidence.,NOT_GRANTED
RC-20261007-P65-power_conversion_score,P65,power_conversion_score,5,5,C,C,CONFIRMED,Codex,PRIMARY_SOURCE_RECHECK_AND_ANCHOR_REVIEW,2026-10-07,S-P65-03,S-P65-03,Primary source content and entity/period boundaries were re-read against coding_manual.md. The anchor remains supported within the stated confidence and conditional scope; unknown operational facts are not promoted to deployment or final approval.,Documentary first pass only: upstream group eligibility remains OPEN_GATE; no canonical scoring or human approval. Owned thermal route supplies one material controlled-electric-heat conversion case IF electrified; no existing electric furnace deployment inferred.,NOT_GRANTED
RC-20261007-P65-scheduling_flex_score,P65,scheduling_flex_score,2,2,C,C,CONFIRMED,Codex,PRIMARY_SOURCE_RECHECK_AND_ANCHOR_REVIEW,2026-10-07,S-P65-03,S-P65-03,Primary source content and entity/period boundaries were re-read against coding_manual.md. The anchor remains supported within the stated confidence and conditional scope; unknown operational facts are not promoted to deployment or final approval.,"Documentary first pass only: upstream group eligibility remains OPEN_GATE; no canonical scoring or human approval. Owned staged processing supports weak sequencing hypothesis only. Batch/duration is not permission to shift; quality, cooling, orders and spare capacity unresolved.",NOT_GRANTED
RC-20261007-P65-incremental_load_score,P65,incremental_load_score,5,5,C,C,CONFIRMED,Codex,PRIMARY_SOURCE_RECHECK_AND_ANCHOR_REVIEW,2026-10-07,S-P65-03,S-P65-03,Primary source content and entity/period boundaries were re-read against coding_manual.md. The anchor remains supported within the stated confidence and conditional scope; unknown operational facts are not promoted to deployment or final approval.,"Documentary first pass only: upstream group eligibility remains OPEN_GATE; no canonical scoring or human approval. Owned thermal route supplies material ordinal grid-growth relevance IF remaining heat electrifies. No actual kW, fossil baseline or connection headroom inferred.",NOT_GRANTED
RC-20261007-P65-power_quality_score,P65,power_quality_score,1,1,C,C,CONFIRMED,Codex,PRIMARY_SOURCE_RECHECK_AND_ANCHOR_REVIEW,2026-10-07,S-P65-03,S-P65-03,Primary source content and entity/period boundaries were re-read against coding_manual.md. The anchor remains supported within the stated confidence and conditional scope; unknown operational facts are not promoted to deployment or final approval.,Documentary first pass only: upstream group eligibility remains OPEN_GATE; no canonical scoring or human approval. Conditional controlled-electric heat suggests possible converter/peak relevance; no measured electrical disturbance.,NOT_GRANTED
RC-20261007-P67-management_gap_score,P67,management_gap_score,2,2,B,B,CONFIRMED,Codex,PRIMARY_SOURCE_RECHECK_AND_ANCHOR_REVIEW,2026-10-07,S-P67-04,S-P67-04,Primary source content and entity/period boundaries were re-read against coding_manual.md. The anchor remains supported within the stated confidence and conditional scope; unknown operational facts are not promoted to deployment or final approval.,Documentary first pass only: upstream group eligibility remains OPEN_GATE; no canonical scoring or human approval. Exact DOCERAM current ISO14001 verifies environmental system; group membership and other subsidiary certificates separate.,NOT_GRANTED
RC-20261007-P88-process_electrification_score,P88,process_electrification_score,7,7,C,C,CONFIRMED,Codex,PRIMARY_SOURCE_RECHECK_AND_ANCHOR_REVIEW,2026-10-07,S-P88-03,S-P88-03,Primary source content and entity/period boundaries were re-read against coding_manual.md. The anchor remains supported within the stated confidence and conditional scope; unknown operational facts are not promoted to deployment or final approval.,Documentary first pass only: upstream group eligibility remains OPEN_GATE; no canonical scoring or human approval. Owned thermal route establishes one clear conditional electric-heat application; actual carrier and remaining substitution require evidence.,NOT_GRANTED
RC-20261007-P88-motor_drive_score,P88,motor_drive_score,5,5,C,C,CONFIRMED,Codex,PRIMARY_SOURCE_RECHECK_AND_ANCHOR_REVIEW,2026-10-07,S-P88-03,S-P88-03,Primary source content and entity/period boundaries were re-read against coding_manual.md. The anchor remains supported within the stated confidence and conditional scope; unknown operational facts are not promoted to deployment or final approval.,Documentary first pass only: upstream group eligibility remains OPEN_GATE; no canonical scoring or human approval. German Meissen pressing/injection and CNC finishing establish material drives; Swiss assets not inherited.,NOT_GRANTED
RC-20261007-P88-power_conversion_score,P88,power_conversion_score,5,5,C,C,CONFIRMED,Codex,PRIMARY_SOURCE_RECHECK_AND_ANCHOR_REVIEW,2026-10-07,S-P88-03,S-P88-03,Primary source content and entity/period boundaries were re-read against coding_manual.md. The anchor remains supported within the stated confidence and conditional scope; unknown operational facts are not promoted to deployment or final approval.,Documentary first pass only: upstream group eligibility remains OPEN_GATE; no canonical scoring or human approval. Owned thermal route supplies one material controlled-electric-heat conversion case IF electrified; no existing electric furnace deployment inferred.,NOT_GRANTED
RC-20261007-P88-automation_control_score,P88,automation_control_score,3,3,B,B,CONFIRMED,Codex,PRIMARY_SOURCE_RECHECK_AND_ANCHOR_REVIEW,2026-10-07,S-P88-03,S-P88-03,Primary source content and entity/period boundaries were re-read against coding_manual.md. The anchor remains supported within the stated confidence and conditional scope; unknown operational facts are not promoted to deployment or final approval.,"Documentary first pass only: upstream group eligibility remains OPEN_GATE; no canonical scoring or human approval. Exact German owned CNC process supports clear machine-control relevance, not group automated-press or energy-dispatch inheritance.",NOT_GRANTED
RC-20261007-P88-scheduling_flex_score,P88,scheduling_flex_score,2,2,C,C,CONFIRMED,Codex,PRIMARY_SOURCE_RECHECK_AND_ANCHOR_REVIEW,2026-10-07,S-P88-03,S-P88-03,Primary source content and entity/period boundaries were re-read against coding_manual.md. The anchor remains supported within the stated confidence and conditional scope; unknown operational facts are not promoted to deployment or final approval.,"Documentary first pass only: upstream group eligibility remains OPEN_GATE; no canonical scoring or human approval. Owned staged processing supports weak sequencing hypothesis only. Batch/duration is not permission to shift; quality, cooling, orders and spare capacity unresolved.",NOT_GRANTED
RC-20261007-P88-incremental_load_score,P88,incremental_load_score,5,5,C,C,CONFIRMED,Codex,PRIMARY_SOURCE_RECHECK_AND_ANCHOR_REVIEW,2026-10-07,S-P88-03,S-P88-03,Primary source content and entity/period boundaries were re-read against coding_manual.md. The anchor remains supported within the stated confidence and conditional scope; unknown operational facts are not promoted to deployment or final approval.,"Documentary first pass only: upstream group eligibility remains OPEN_GATE; no canonical scoring or human approval. Owned thermal route supplies material ordinal grid-growth relevance IF remaining heat electrifies. No actual kW, fossil baseline or connection headroom inferred.",NOT_GRANTED
RC-20261007-P88-power_quality_score,P88,power_quality_score,1,1,C,C,CONFIRMED,Codex,PRIMARY_SOURCE_RECHECK_AND_ANCHOR_REVIEW,2026-10-07,S-P88-03,S-P88-03,Primary source content and entity/period boundaries were re-read against coding_manual.md. The anchor remains supported within the stated confidence and conditional scope; unknown operational facts are not promoted to deployment or final approval.,Documentary first pass only: upstream group eligibility remains OPEN_GATE; no canonical scoring or human approval. Conditional controlled-electric heat suggests possible converter/peak relevance; no measured electrical disturbance.,NOT_GRANTED
RF-20261008-P03-onsite_integration_score,P03,onsite_integration_score,,2,UNKNOWN,B,NEW_EVIDENCE,Codex,PRIMARY_SOURCE_RECHECK_AND_ANCHOR_REVIEW,2026-10-08,S-P03-01|S-P03-02,S-P03-05,Previously UNKNOWN field supported by newly inspected attributed public content. Anchor reviewed against coding_manual.md; operating/planned scope and exact entity kept separate. No personal approval or canonical numeric update.,"The owner describes the completed Usseln factory with own CHP and PV. This establishes an onsite generation integration use case; battery, dispatch controller, capacity and commissioning dates remain unknown.",NOT_GRANTED
RF-20261008-P03-measures_gap_score,P03,measures_gap_score,,0,UNKNOWN,B,NEW_EVIDENCE,Codex,PRIMARY_SOURCE_RECHECK_AND_ANCHOR_REVIEW,2026-10-08,S-P03-01|S-P03-02,S-P03-05,Previously UNKNOWN field supported by newly inspected attributed public content. Anchor reviewed against coding_manual.md; operating/planned scope and exact entity kept separate. No personal approval or canonical numeric update.,"The completed-site owner account names implemented CHP and PV, supporting several observed energy measures. The 2019 university scenario is not used as deployment evidence and no savings or remaining commercial gap is inferred.",NOT_GRANTED
RF-20261008-P16-motor_drive_score,P16,motor_drive_score,,2,UNKNOWN,C,NEW_EVIDENCE,Codex,PRIMARY_SOURCE_RECHECK_AND_ANCHOR_REVIEW,2026-10-08,S-P16-03,S-P16-06,Previously UNKNOWN field supported by newly inspected attributed public content. Anchor reviewed against coding_manual.md; operating/planned scope and exact entity kept separate. No personal approval or canonical numeric update.,Brochure page28 attributes CNC milling to Sembach own manufacturing. This supports a limited electrically driven machining case; no plant-wide motor inventory or intensive drive duty is established. Customer wind-energy and appliance applications are excluded.,NOT_GRANTED
RF-20261008-P16-automation_control_score,P16,automation_control_score,,3,UNKNOWN,B,NEW_EVIDENCE,Codex,PRIMARY_SOURCE_RECHECK_AND_ANCHOR_REVIEW,2026-10-08,S-P16-03 | S-P16-04,S-P16-06,Previously UNKNOWN field supported by newly inspected attributed public content. Anchor reviewed against coding_manual.md; operating/planned scope and exact entity kept separate. No personal approval or canonical numeric update.,Brochure pages28 and39 document own CNC manufacturing connected to CAD inputs and continuous SPC/MSA process monitoring. This supports clear process-control relevance without inventing a coordinated site-wide energy controller.,NOT_GRANTED
RF-20261008-P16-measures_gap_score,P16,measures_gap_score,,3,UNKNOWN,B,NEW_EVIDENCE,Codex,PRIMARY_SOURCE_RECHECK_AND_ANCHOR_REVIEW,2026-10-08,S-P16-02 | S-P16-03 | S-P16-04 | S-P16-05,S-P16-06,Previously UNKNOWN field supported by newly inspected attributed public content. Anchor reviewed against coding_manual.md; operating/planned scope and exact entity kept separate. No personal approval or canonical numeric update.,"Brochure page42 explicitly attributes furnace heat recovery for production-building heating to Sembach. One concrete energy-efficiency measure is observed; the fuel, installation date and dispatchable storage remain unknown.",NOT_GRANTED
RF-20261008-P24-motor_drive_score,P24,motor_drive_score,,5,UNKNOWN,B,NEW_EVIDENCE,Codex,PRIMARY_SOURCE_RECHECK_AND_ANCHOR_REVIEW,2026-10-08,S-P24-02,S-P24-04,Previously UNKNOWN field supported by newly inspected attributed public content. Anchor reviewed against coding_manual.md; operating/planned scope and exact entity kept separate. No personal approval or canonical numeric update.,Owner sustainability page attributes fully electric injection machines to its production fleet. This supports material electrical-drive relevance without deriving motor kW or temperatures from clamping force or conflicting machine counts.,NOT_GRANTED
RF-20261008-P24-power_conversion_score,P24,power_conversion_score,,5,UNKNOWN,C,NEW_EVIDENCE,Codex,PRIMARY_SOURCE_RECHECK_AND_ANCHOR_REVIEW,2026-10-08,S-P24-02,S-P24-04,Previously UNKNOWN field supported by newly inspected attributed public content. Anchor reviewed against coding_manual.md; operating/planned scope and exact entity kept separate. No personal approval or canonical numeric update.,"Documented fully electric injection drives support one material motor-drive power-conversion use case as an engineering inference. Exact converters, servo models and harmonics remain unknown; this does not establish electric process heating.",NOT_GRANTED
RF-20261008-P24-automation_control_score,P24,automation_control_score,,3,UNKNOWN,B,NEW_EVIDENCE,Codex,PRIMARY_SOURCE_RECHECK_AND_ANCHOR_REVIEW,2026-10-08,S-P24-02 | S-P24-03,S-P24-04 | S-P24-06,Previously UNKNOWN field supported by newly inspected attributed public content. Anchor reviewed against coding_manual.md; operating/planned scope and exact entity kept separate. No personal approval or canonical numeric update.,"Owner attributes automated injection production to Engelskirchen and describes continuous electricity monitoring through meters on manufacturing machines. This supports clear monitoring/control relevance, without treating metering as closed-loop demand response.",NOT_GRANTED
RF-20261008-P24-power_quality_score,P24,power_quality_score,,1,UNKNOWN,C,NEW_EVIDENCE,Codex,PRIMARY_SOURCE_RECHECK_AND_ANCHOR_REVIEW,2026-10-08,S-P24-02 | S-P24-03,S-P24-04,Previously UNKNOWN field supported by newly inspected attributed public content. Anchor reviewed against coding_manual.md; operating/planned scope and exact entity kept separate. No personal approval or canonical numeric update.,"Documented own electric injection drives and rooftop PV support possible nonlinear-load/grid-interface relevance. No measured harmonics, reactive power, voltage problem, network headroom or installed compensation is claimed.",NOT_GRANTED
RF-20261008-P24-onsite_integration_score,P24,onsite_integration_score,,2,UNKNOWN,B,NEW_EVIDENCE,Codex,PRIMARY_SOURCE_RECHECK_AND_ANCHOR_REVIEW,2026-10-08,S-P24-02,S-P24-04,Previously UNKNOWN field supported by newly inspected attributed public content. Anchor reviewed against coding_manual.md; operating/planned scope and exact entity kept separate. No personal approval or canonical numeric update.,Own operating rooftop PV is reported above420kWp and supplies part of production electricity. This supports one clear onsite use case. The planned1.6MWp total and future self-consumption share are not promoted to current operation.,NOT_GRANTED
RF-20261008-P24-measures_gap_score,P24,measures_gap_score,,0,UNKNOWN,B,NEW_EVIDENCE,Codex,PRIMARY_SOURCE_RECHECK_AND_ANCHOR_REVIEW,2026-10-08,S-P24-02 | S-P24-03,S-P24-04,Previously UNKNOWN field supported by newly inspected attributed public content. Anchor reviewed against coding_manual.md; operating/planned scope and exact entity kept separate. No personal approval or canonical numeric update.,"Owner names operating rooftop PV, production-heat recovery, electric injection machines and energy monitoring. These constitute several observed measures; no thermal storage, all-electric heat supply or remaining fossil-duty value is inferred.",NOT_GRANTED
RF-20261008-P24-investment_gap_score,P24,investment_gap_score,,3,UNKNOWN,B,NEW_EVIDENCE,Codex,PRIMARY_SOURCE_RECHECK_AND_ANCHOR_REVIEW,2026-10-08,S-P24-02 | S-P24-03,S-P24-05,Previously UNKNOWN field supported by newly inspected attributed public content. Anchor reviewed against coding_manual.md; operating/planned scope and exact entity kept separate. No personal approval or canonical numeric update.,"Owner announces PV expansion with Q42025 commissioning planned, but accessible page still gives no commissioning confirmation on2026-10-08. Older operating rooftop PV dates to2012 and is outside the fixed2021-10-07 to2026-10-07 lookback; machine delivery is not a completed energy project.",NOT_GRANTED
RF-20261008-P72-motor_drive_score,P72,motor_drive_score,,5,UNKNOWN,B,NEW_EVIDENCE,Codex,PRIMARY_SOURCE_RECHECK_AND_ANCHOR_REVIEW,2026-10-08,S-P72-03,S-P72-04 | S-P72-05,Previously UNKNOWN field supported by newly inspected attributed public content. Anchor reviewed against coding_manual.md; operating/planned scope and exact entity kept separate. No personal approval or canonical numeric update.,"Owner beer refrigeration exceeds40percent of its electricity demand; completed robotic palletisation and conveyor handling add named motor-driven applications. This supports material drive relevance, not rated kW or the multiple-intensive-applications anchor.",NOT_GRANTED
RF-20261008-P72-power_conversion_score,P72,power_conversion_score,,2,UNKNOWN,C,NEW_EVIDENCE,Codex,PRIMARY_SOURCE_RECHECK_AND_ANCHOR_REVIEW,2026-10-08,S-P72-03,S-P72-04,Previously UNKNOWN field supported by newly inspected attributed public content. Anchor reviewed against coding_manual.md; operating/planned scope and exact entity kept separate. No personal approval or canonical numeric update.,"Owner reports surplus onsite PV electricity supplying electric forklifts. Electrical charging supplies a limited power-conversion use case as an engineering inference; inverter/charger models, rated powers and machine-converter inventory remain unknown.",NOT_GRANTED
RF-20261008-P72-automation_control_score,P72,automation_control_score,,4,UNKNOWN,B,NEW_EVIDENCE,Codex,PRIMARY_SOURCE_RECHECK_AND_ANCHOR_REVIEW,2026-10-08,S-P72-03,S-P72-05,Previously UNKNOWN field supported by newly inspected attributed public content. Anchor reviewed against coding_manual.md; operating/planned scope and exact entity kept separate. No personal approval or canonical numeric update.,"The completed own palletising system combines two robots, conveyor routing and automatic pallet inspection/rejection. This supports coordinated process-control relevance; no energy dispatch controller is inferred.",NOT_GRANTED
RF-20261008-P72-power_quality_score,P72,power_quality_score,,1,UNKNOWN,C,NEW_EVIDENCE,Codex,PRIMARY_SOURCE_RECHECK_AND_ANCHOR_REVIEW,2026-10-08,S-P72-03,S-P72-04,Previously UNKNOWN field supported by newly inspected attributed public content. Anchor reviewed against coding_manual.md; operating/planned scope and exact entity kept separate. No personal approval or canonical numeric update.,"Own PV integration and electric-forklift charging establish possible grid-interface/nonlinear-load relevance. No measured network problem, harmonic severity, compensation or grid capacity is inferred.",NOT_GRANTED
RF-20261008-P72-onsite_integration_score,P72,onsite_integration_score,,3,UNKNOWN,B,NEW_EVIDENCE,Codex,PRIMARY_SOURCE_RECHECK_AND_ANCHOR_REVIEW,2026-10-08,S-P72-03,S-P72-04,Previously UNKNOWN field supported by newly inspected attributed public content. Anchor reviewed against coding_manual.md; operating/planned scope and exact entity kept separate. No personal approval or canonical numeric update.,"The owner describes coordinated use of own PV for brewery refrigeration and surplus electricity for logistics forklifts across departments. This supports coordinated integration fit, without claiming automated dispatch, a microgrid or storage beyond the named forklift use.",NOT_GRANTED
RF-20261008-P72-measures_gap_score,P72,measures_gap_score,,3,UNKNOWN,B,NEW_EVIDENCE,Codex,PRIMARY_SOURCE_RECHECK_AND_ANCHOR_REVIEW,2026-10-08,S-P72-03,S-P72-04 | S-P72-06,Previously UNKNOWN field supported by newly inspected attributed public content. Anchor reviewed against coding_manual.md; operating/planned scope and exact entity kept separate. No personal approval or canonical numeric update.,Operating own-use PV and surplus use form one integrated energy measure. The separately reported lauter-tun insulation improvement remains construction-stage evidence; it is not counted as another completed measure.,NOT_GRANTED
RF-20261008-P72-targets_gap_score,P72,targets_gap_score,,3,UNKNOWN,B,NEW_EVIDENCE,Codex,PRIMARY_SOURCE_RECHECK_AND_ANCHOR_REVIEW,2026-10-08,S-P72-03,S-P72-04,Previously UNKNOWN field supported by newly inspected attributed public content. Anchor reviewed against coding_manual.md; operating/planned scope and exact entity kept separate. No personal approval or canonical numeric update.,"The owner states a long-term energy concept, greater energy autonomy and further steps in coming years. No quantified dated energy/climate target plus roadmap is established. Vague ambition is anchor3, not proof of no internal targets.",NOT_GRANTED
RF-20261008-P72-investment_gap_score,P72,investment_gap_score,,2,UNKNOWN,B,NEW_EVIDENCE,Codex,PRIMARY_SOURCE_RECHECK_AND_ANCHOR_REVIEW,2026-10-08,S-P72-03,S-P72-04 | S-P72-06,Previously UNKNOWN field supported by newly inspected attributed public content. Anchor reviewed against coding_manual.md; operating/planned scope and exact entity kept separate. No personal approval or canonical numeric update.,"The2025-03-24 owner report dates completed additional PV installation to the previous week, within the fixed2021-10-07 to2026-10-07 window. PV and its forklift-surplus use count as one project. The November2025 lauter replacement still under construction and automation without energy-savings evidence are not additional completed energy investments.",NOT_GRANTED
RF-20261008-P95-motor_drive_score,P95,motor_drive_score,,5,UNKNOWN,B,NEW_EVIDENCE,Codex,PRIMARY_SOURCE_RECHECK_AND_ANCHOR_REVIEW,2026-10-08,S-P95-04|S-P95-05,S-P95-06,Previously UNKNOWN field supported by newly inspected attributed public content. Anchor reviewed against coding_manual.md; operating/planned scope and exact entity kept separate. No personal approval or canonical numeric update.,Supplier-authored case attributes a medium-pressure high-performance exhaust fan and valve/pump equipment to the Lengenfeld brewery cellar. This supports material motor-drive relevance without transferring hotel equipment or inferring electrical power ratings.,NOT_GRANTED
RF-20261008-P95-automation_control_score,P95,automation_control_score,,4,UNKNOWN,B,NEW_EVIDENCE,Codex,PRIMARY_SOURCE_RECHECK_AND_ANCHOR_REVIEW,2026-10-08,S-P95-04|S-P95-05,S-P95-06,Previously UNKNOWN field supported by newly inspected attributed public content. Anchor reviewed against coding_manual.md; operating/planned scope and exact entity kept separate. No personal approval or canonical numeric update.,"Supplier attributes automated wort cooling and cellar filling to the brewery and describes routing safeguards through proximity sensors on a central connection panel. This supports strong coordinated process-control relevance. Manual pipe-route selection remains manual, and energy dispatch is not established.",NOT_GRANTED
