source_id,candidate_id,legal_entity,source_type,publisher,document_title,reporting_period,publication_date,access_date,source_link,link_check_status,link_check_date,final_url,relevant_location,evidence_fact,archive_status,review_status
S-P01-01,P01,Burgis GmbH,company_imprint,Burgis GmbH,Impressum,current,,2026-09-12,https://burgis.de/impressum/,VERIFIED,2026-10-06,https://burgis.de/impressum/,Impressum,Legal entity; address; register number,LINK_ONLY,RESEARCHED
S-P01-02,P01,Burgis GmbH,development_finance_profile,BGG Bayerische Garantiegesellschaft mbH,Burgis success story,current,,2026-09-12,https://bgg.ermoeglicher.de/de/erfolgsgeschichten/burgis/,VERIFIED,2026-10-06,https://bgg.ermoeglicher.de/de/erfolgsgeschichten/burgis/,Company profile,130 employees reported by managing director Timo Burger,LINK_ONLY,RESEARCHED
S-P01-03,P01,Burgis GmbH,published_annual_report,Fusionbase / public filing,Jahresabschluss 2023/24,2023/24,2025,2026-09-12,https://fusionbase.com/en/data/organization/0cd11df2d7c1d705647ed69f2f5bce25/Burgis%20GmbH,VERIFIED,2026-10-06,https://fusionbase.com/en/data/organization/0cd11df2d7c1d705647ed69f2f5bce25/Burgis%20GmbH,Financial report; ownership section,EUR 41.113 million turnover; EUR 37.338 million balance-sheet total; Burgis Holding GmbH & Co. KG shown as 100 percent shareholder,LINK_ONLY,RESEARCHED
S-P02-01,P02,Teigwaren Riesa GmbH,company_imprint,Teigwaren Riesa GmbH,Impressum,current,,2026-09-12,https://www.teigwaren-riesa.de/impressum/,VERIFIED,2026-10-06,https://www.teigwaren-riesa.de/impressum/,Impressum,Legal entity; address; register number,LINK_ONLY,RESEARCHED
S-P02-02,P02,Teigwaren Riesa GmbH,transaction_adviser_release,Carlsquare GmbH,Carlsquare advised BiaVest on acquisition of an 80 percent stake in Riesa Nudeln,2023,2023,2026-09-12,https://carlsquare.com/deal-history/carlsquare-advised-irish-food-investment-group-biavest-on-its-acquisition-of-an-80-stake-in-riesa-nudeln/,VERIFIED,2026-10-06,https://carlsquare.com/deal-history/carlsquare-advised-irish-food-investment-group-biavest-on-its-acquisition-of-an-80-stake-in-riesa-nudeln/,Transaction description,BiaVest acquired an 80 percent stake; annual revenue exceeds EUR 40 million,LINK_ONLY,RESEARCHED
S-P03-01,P03,Upländer Bauernmolkerei GmbH,company_imprint,Upländer Bauernmolkerei GmbH,Impressum,current,,2026-09-12,https://www.bauernmolkerei.team/impressum,VERIFIED,2026-10-07,https://www.bauernmolkerei.team/impressum,Impressum,Legal entity; address; register number,LINK_ONLY,RESEARCHED
S-P03-02,P03,Upländer Bauernmolkerei GmbH,company_database,wer-zu-wem GmbH,Upländer company profile,current,,2026-09-12,https://www.wer-zu-wem.de/firma/uplaender.html,VERIFIED,2026-10-07,https://www.wer-zu-wem.de/firma/uplaender.html,Company size,About 45 employees; turnover band EUR 10-50 million,LINK_ONLY,RESEARCHED
S-P04-01,P04,Neumarkter Lammsbräu Gebr. Ehrnsperger KG,company_imprint,Neumarkter Lammsbräu Gebr. Ehrnsperger KG,Impressum,current,,2026-09-12,https://www.lammsbraeu.de/impressum,VERIFIED,2026-10-06,https://www.lammsbraeu.de/impressum,Impressum,Legal entity; address; register number,LINK_ONLY,RESEARCHED
S-P04-02,P04,Neumarkter Lammsbräu Gebr. Ehrnsperger KG,company_factsheet,Neumarkter Lammsbräu Gebr. Ehrnsperger KG,Unternehmens-Informationen 2025,2024,2025,2026-09-12,https://www.lammsbraeu.de/hubfs/Dachmarke/resources/documents/Pressemitteilungen/NL_Factsheet_2025.pdf,VERIFIED,2026-10-06,https://www.lammsbraeu.de/hubfs/Dachmarke/resources/documents/Pressemitteilungen/NL_Factsheet_2025.pdf,Company figures,142 employees; EUR 31.7 million turnover,LINK_ONLY,RESEARCHED
S-P05-01,P05,Einbecker Brauhaus AG,company_imprint,Einbecker Brauhaus AG,Impressum,current,,2026-09-12,https://www.einbecker-brauhaus.de/impressum,VERIFIED,2026-10-06,https://www.einbecker-brauhaus.de/impressum,Impressum,Legal entity and address,LINK_ONLY,RESEARCHED
S-P05-02,P05,Einbecker Brauhaus AG,annual_report_index,Einbecker Brauhaus AG,Geschäftsbericht 2025,2025,2026,2026-09-12,https://www.einbecker-brauhaus.de/aktionaere/berichte,VERIFIED_INDEX,2026-10-06,https://www.einbecker-brauhaus.de/aktionaere/berichte,2025 report: page 3; pages 10-11; financial statements,121 employees; EUR 33.873 million turnover; EUR 28.521 million balance-sheet total; subsidiaries disclosed,LINK_ONLY,RESEARCHED
S-P08-01,P08,Walter Potthoff GmbH,group_website,Plastiflex Group N.V.,About Plastiflex,current,,2026-09-12,https://www.plastiflex.com/about-us/,VERIFIED,2026-10-06,https://www.plastiflex.com/about-us/,History,Acquisition of Walter Potthoff confirmed,LINK_ONLY,RESEARCHED
S-P08-02,P08,Walter Potthoff GmbH,transaction_release,Renzenbrink & Partner,Plastiflex takeover of Walter Potthoff,2022,2023-01-11,2026-09-12,https://renzenbrink-partner.de/en/deals/renzenbrink-partner-advises-the-plastiflex-group-on-the-takeover-of-walter-potthoff-gmbh/,VERIFIED,2026-10-06,https://renzenbrink-partner.de/en/deals/renzenbrink-partner-advises-the-plastiflex-group-on-the-takeover-of-walter-potthoff-gmbh/,Transaction description,Group has eight production sites after acquisition,LINK_ONLY,RESEARCHED
S-P09-01,P09,RUCH NOVAPLAST GmbH + Co. KG,company_facts,RUCH NOVAPLAST GmbH + Co. KG,Facts and history,current,,2026-09-12,https://www.ruch.de/en/company/facts-history/,VERIFIED,2026-10-06,https://www.ruch.de/en/company/facts-history/,Key facts,EUR 50 million turnover; 400 employees throughout Europe,LINK_ONLY,RESEARCHED
S-P09-02,P09,RUCH NOVAPLAST GmbH + Co. KG,linked_company_website,MORAplast s.r.o.,Company profile,current,,2026-09-12,https://www.moraplast.cz/,REDIRECT_VERIFIED,2026-10-06,https://www.moraplast.cz/cz/,Company profile,MORAplast states that it was founded by RUCH NOVAPLAST GmbH + Co. KG and Delkeskamp Verpackungswerke GmbH,LINK_ONLY,RESEARCHED
S-P17-01,P17,QSIL Ingenieurkeramik GmbH,company_website,STEREON Materials SE,Current group website,current,,2026-09-12,https://fcti.de/,CONTENT_REVIEW_REQUIRED,2026-10-06,https://www.qsil.com/,Homepage,fcti.de redirects to the current STEREON Materials / former QSIL group website,LINK_ONLY,RESEARCHED
S-P17-02,P17,QSIL Ingenieurkeramik GmbH,acquisition_release,VM Capital GmbH,QSIL acquisition of FCT Ingenieurkeramik,2019,2019-09-12,2026-09-12,https://vmcap.com/2020-01-24/,VERIFIED,2026-10-06,https://vmcap.com/2020-01-24/,Transaction description,Acquisition release reports approximately 750 group employees and more than EUR 115 million turnover,LINK_ONLY,RESEARCHED
S-P06-01,P06,Bada AG,company_imprint,Bada AG,Impressum,current,,2026-09-12,https://bada.de/de/impressum,VERIFIED,2026-10-06,https://bada.de/de/impressum,Impressum,Legal entity Bada AG; registered office at Untere Strut 1 in 77815 Bühl; Amtsgericht Mannheim HRB 211325; board member Andreas Schettler; Bada Hispanaplast S.A. is also named,LINK_ONLY,RESEARCHED
S-P06-02,P06,Bada AG,management_consultancy_profile,Liebich & Partner Management- und Personalberatung AG,Führungskräfteentwicklung: Schwarmintelligenz an der Unternehmensspitze,2023,,2026-09-12,https://www.liebich-partner.de/kunden/fuehrungskraefteentwicklung-bada-ag/,VERIFIED,2026-10-06,https://www.liebich-partner.de/kunden/fuehrungskraefteentwicklung-bada-ag/,Über die Bada AG,Bühl headquarters and Spanish subsidiary; 230 employees and EUR 150 million turnover in 2023; specialty compounder for technical thermoplastics and thermoplastic elastomers,LINK_ONLY,RESEARCHED
S-P06-03,P06,Bada AG,industry_article,aktiv / Institut der deutschen Wirtschaft Köln Medien GmbH,Unternehmen Bada aus Bühl: Warum hier trotz Krise investiert wird,2024,2024-11-28,2026-09-12,https://www.aktiv-online.de/news/unternehmen-bada-aus-buehl-warum-hier-trotz-krise-investiert-wird-19766,VERIFIED,2026-10-06,https://www.aktiv-online.de/news/unternehmen-bada-aus-buehl-warum-hier-trotz-krise-investiert-wird-19766,Company profile and investment,115 employees at the main site; EUR 9 million investment in Bühl and EUR 6 million in the Spanish plant; production of application-specific compounds,LINK_ONLY,RESEARCHED
S-P06-04,P06,Bada AG,company_certificate_index,Bada AG,Zertifikate,current,,2026-09-12,https://bada.de/de/zertifikate,VERIFIED,2026-10-06,https://bada.de/de/zertifikate,Certificate index,Official index provides ISO 14001; EMAS; ISO 45001; ISO 50001 and IATF/ISO certificate documents,LINK_ONLY,RESEARCHED
S-P06-05,P06,Bada AG,energy_management_certificate,Bada AG / certification body,ISO 50001 certificate,2024-2027,2024,2026-09-12,https://bada.de/app/uploads/Zertifikat-Bada-50001-2024.pdf,VERIFIED,2026-10-06,https://bada.de/app/uploads/Zertifikat-Bada-50001-2024.pdf,Certificate,Official certificate document confirms an ISO 50001 energy-management system; certificate number 130721BadaEM01 and validity through 12 July 2027,LINK_ONLY,RESEARCHED
S-P06-06,P06,Bada AG,company_sustainability_page,Bada AG,Nachhaltigkeit,current,,2026-09-12,https://bada.de/de/nachhaltigkeit,VERIFIED,2026-10-06,https://bada.de/de/nachhaltigkeit,Sustainability and BADAGREEN,Recycled compounds; closed-loop approach; BADAGREEN compounds contain at least 25 percent sustainable polymer content,LINK_ONLY,RESEARCHED
S-P06-07,P06,Bada AG,supplier_case_study,Bruckmann Steuerungstechnik GmbH,Retrofit of an extrusion line,current,,2026-09-12,https://bsg.de/en/erfolgsgeschichten/bada-ag/,VERIFIED,2026-10-06,https://bsg.de/en/erfolgsgeschichten/bada-ag/,Case study,Extrusion-line retrofit; modernised main-drive frequency converter; control-cabinet cooling; real-time process-data capture; another extruder retrofit underway,LINK_ONLY,RESEARCHED
S-P07-01,P07,VARIOPLAST Konrad Däbritz GmbH,company_imprint,VARIOPLAST Konrad Däbritz GmbH,Impressum,current,,2026-09-12,https://varioplast.de/de/impressum,VERIFIED,2026-10-07,https://varioplast.de/de/impressum,Impressum,Legal entity VARIOPLAST Konrad Däbritz GmbH; Schlattstraße 31-45; 75443 Ötisheim; Handelsregister Mannheim HRB 511822; managing director Michael Däbritz,LINK_ONLY,RESEARCHED
S-P07-02,P07,VARIOPLAST Konrad Däbritz GmbH,company_process_and_energy_page,VARIOPLAST Konrad Däbritz GmbH,Ressourcenschonende Produktion,current,,2026-10-07,https://varioplast.de/de/serienfertigung/ressourcenschonende-produktion,VERIFIED,2026-10-07,https://varioplast.de/de/serienfertigung/ressourcenschonende-produktion,Production and energy management,"Owner attributes more than half of injection machines to fully electric drives and central controlled drying/conveying, inline PVD/coating and onsite energy measures. Motor drive electrification is distinct from process heat; annual PV output is not kWp.",LINK_ONLY,AI_FIRST_PASS_RECHECK
S-P07-03,P07,VARIOPLAST Konrad Däbritz GmbH,environmental_management_certificate,SKZ - Cert GmbH,DIN EN ISO 14001:2015 certificate,2023-2026,2023-07-24,2026-09-12,https://varioplast.de/images/downloads/pdf/zertifikate/Varioplast_Zertifikat_14001_de_2023-2026.pdf,VERIFIED_EXPIRED,2026-10-07,https://varioplast.de/images/downloads/pdf/zertifikate/Varioplast_Zertifikat_14001_de_2023-2026.pdf,Certificate,Certificate number 000677.U/23.R for VARIOPLAST Konrad Däbritz GmbH; valid from 26 July 2023 through 25 July 2026; certificate had expired by the research date and no replacement was located,LINK_ONLY,RESEARCHED
S-P07-04,P07,VARIOPLAST Konrad Däbritz GmbH,regional_transformation_report,Wirtschaftskraft / Wirtschaftsförderung Nordschwarzwald GmbH,Das Hightech-Herz der Zukunftsschmiede Varioplast schlägt im Nordschwarzwald,2025,2025-06-05,2026-09-12,https://wirtschaftskraft.de/artikel/das-hightech-herz-der-zukunftsschmiede-varioplast-schlaegt-im-nordschwarzwald,VERIFIED,2026-10-07,https://wirtschaftskraft.de/artikel/das-hightech-herz-der-zukunftsschmiede-varioplast-schlaegt-im-nordschwarzwald,Company profile and plant report,About 130 employees; planned EUR 17 million revenue for 2025; family company; approximately 40 robots per 100 employees; reported 74 percent primary-energy reduction and 72 percent GWP100 reduction; geothermal cooling; waste-heat heating; PV; battery storage and fast chargers planned for 2025,LINK_ONLY,RESEARCHED
S-P07-05,P07,VARIOPLAST Konrad Däbritz GmbH,published_annual_report_mirror,handelsregister.ai,Public filing profile and annual-report text,2023-2024,2024,2026-09-12,https://handelsregister.ai/de/organizations/oetisheim/bearbeitung-und-veredlung-von-kunststoffwaren/varioplast-konrad-dabritz-gmbh-617b93fba0a74b122588036fdad447e8,VERIFIED,2026-10-07,https://handelsregister.ai/de/organizations/oetisheim/bearbeitung-und-veredlung-von-kunststoffwaren/varioplast-konrad-dabritz-gmbh-617b93fba0a74b122588036fdad447e8,Financials; workforce; management report,EUR 11.27 million entity balance-sheet total for 2024; 110 employees shown for 2024; 2023 report text states 118 average employees plus trainees and describes investments in energy-saving machinery; geothermal energy; PV; process waste heat and heat-pump conversion,LINK_ONLY,RESEARCHED
S-P06-08,P06,Bada AG,environmental_management_certificate,Bada AG / certification body,ISO 14001 certificate,2023-2026,2023-11-14,2026-09-12,https://bada.de/app/uploads/Zertifikat-BADA-14001-2023.pdf,VERIFIED,2026-10-06,https://bada.de/app/uploads/Zertifikat-BADA-14001-2023.pdf,Certificate,Direct certificate for Bada AG; DIN EN ISO 14001:2015; certificate number 121211Bada01; valid through 11 December 2026,LINK_ONLY,RESEARCHED
S-P06-09,P06,Bada AG,emas_document,Bada AG / EMAS registrar,EMAS Urkunde Bada AG 2024,2024,2024,2026-09-12,https://bada.de/app/uploads/EMAS_Urkunde_Bada_AG_2024_DE.pdf,VERIFIED,2026-10-06,https://bada.de/app/uploads/EMAS_Urkunde_Bada_AG_2024_DE.pdf,Certificate,Direct official EMAS document link for Bada AG; detailed validity metadata remains to be extracted,LINK_ONLY,RESEARCHED
S-P04-03,P04,Neumarkter Lammsbräu Gebr. Ehrnsperger KG,company_certificate_index,Neumarkter Lammsbräu Gebr. Ehrnsperger KG,Unsere Zertifizierungen,current,,2026-09-12,https://www.lammsbraeu.de/blog/unsere-zertifizierungen,VERIFIED,2026-10-07,https://www.lammsbraeu.de/blog/unsere-zertifizierungen,Certification overview,Company states EMAS participation since 1996 and work according to EMAS and ISO 14001,LINK_ONLY,RESEARCHED
S-P04-04,P04,Neumarkter Lammsbräu Gebr. Ehrnsperger KG,environmental_management_certificate,Intechnica Cert GmbH,ISO 14001 certificate,2022-2025,2022-06-02,2026-09-12,https://www.lammsbraeu.de/hubfs/NeumarkterLammsbraeu/blog/images/2022/2022%20-%20Blog%20-%20Zertifizierungen/Zert._2022-06-02_Re-ZA%2014k_Neumarkter%20Lammsbr%C3%A4u.pdf,VERIFIED_EXPIRED,2026-10-07,https://www.lammsbraeu.de/hubfs/NeumarkterLammsbraeu/blog/images/2022/2022%20-%20Blog%20-%20Zertifizierungen/Zert._2022-06-02_Re-ZA%2014k_Neumarkter%20Lammsbr%C3%A4u.pdf,Certificate metadata,ISO 14001:2015 certificate UG0573-2022; valid through 2025-06-02,LINK_ONLY,RESEARCHED
S-P04-05,P04,Neumarkter Lammsbräu Gebr. Ehrnsperger KG,emas_document,IHK / Neumarkter Lammsbräu,EMAS document,current unclear,,2026-09-12,https://www.lammsbraeu.de/hubfs/NeumarkterLammsbraeu/blog/images/2022/2022%20-%20Blog%20-%20Zertifizierungen/IHK%20Urkunde%20EMAS.pdf,VERIFIED,2026-10-07,https://www.lammsbraeu.de/hubfs/NeumarkterLammsbraeu/blog/images/2022/2022%20-%20Blog%20-%20Zertifizierungen/IHK%20Urkunde%20EMAS.pdf,EMAS document,Direct official EMAS document exists; exact current validity metadata remains unclear,LINK_ONLY,RESEARCHED
S-P10-01,P10,Oskar Lehmann GmbH & Co. KG,company_imprint,Oskar Lehmann GmbH & Co. KG,Imprint,current,,2026-09-12,https://www.oskar-lehmann.de/en/imprint.html,VERIFIED,2026-10-07,https://www.oskar-lehmann.de/en/imprint.html,Site notice,Exact legal entity; address; HRA 3897; general partner Oskar Lehmann Beteiligungs GmbH HRB 5257,LINK_ONLY,RESEARCHED
S-P10-02,P10,Oskar Lehmann GmbH & Co. KG,company_profile,Oskar Lehmann GmbH & Co. KG,About us,current,,2026-10-07,https://www.oskar-lehmann.de/en/about-us.html,VERIFIED,2026-10-07,https://www.oskar-lehmann.de/en/about-us.html,Competences and history,Owner attributes a large injection-machine fleet to Oskar Lehmann; current unit-by-unit technology and energy duty not established.,LINK_ONLY,AI_FIRST_PASS_RECHECK
S-P10-03,P10,Oskar Lehmann GmbH & Co. KG,company_process_page,Oskar Lehmann GmbH & Co. KG,Areas of expertise,current,,2026-10-07,https://www.oskar-lehmann.de/en/areas-of-expertise.html,VERIFIED,2026-10-07,https://www.oskar-lehmann.de/en/areas-of-expertise.html,Production,"Owner describes injection moulding, own toolmaking, robotics/ODC coordinated production. No actual process temperature, heat-carrier mix or current commissioning dates.",LINK_ONLY,AI_FIRST_PASS_RECHECK
S-P10-04,P10,Oskar Lehmann GmbH & Co. KG,published_annual_report_mirror,Fusionbase / public filing,Jahresabschluss und Lagebericht 2023,2023,2024-03-07,2026-09-12,https://fusionbase.com/de/data/organization/3618ca1a59de35582bf50c464d9b2472/Oskar%2BLehmann%2BGmbH%2B%26%2BCo.%2BKG,VERIFIED,2026-10-07,https://fusionbase.com/de/data/organization/3618ca1a59de35582bf50c464d9b2472/Oskar%2BLehmann%2BGmbH%2B%26%2BCo.%2BKG,Financial report and management report,231 average employees; EUR 36.499 million revenue; operating-company split; EUR 153 thousand investments; process-efficiency and automation improvements; energy expenses increased materially,LINK_ONLY,RESEARCHED
S-P10-05,P10,Oskar Lehmann GmbH & Co. KG,company_certificate_index,Oskar Lehmann GmbH & Co. KG,Download,current,,2026-09-12,https://www.oskar-lehmann.de/en/download-en.html,VERIFIED,2026-10-07,https://www.oskar-lehmann.de/en/download-en.html,Customer information,Official index lists IATF 16949; ISO 9001; recycling and material-compliance documents but no ISO 50001; ISO 14001 or EMAS document on the check date,LINK_ONLY,RESEARCHED
S-P10-06,P10,Oskar Lehmann GmbH & Co. KG,climate_initiative,IHK Ostwestfalen zu Bielefeld,IHKs starten Klimainitiative gemeinsam klimaneutral 2030,2022-2030,2022-04-13,2026-10-07,https://www.ihk.de/ostwestfalen/ihre-ihk/presse/pressemeldungen/pressemeldungen2022/ihks-starten-klimainitiative-6981412,VERIFIED,2026-10-07,https://www.ihk.de/ostwestfalen/ihre-ihk/presse/pressemeldungen/pressemeldungen2022/ihks-starten-klimainitiative-6981412,First signatories,IHK identifies Oskar Lehmann as signatory of climate initiative with 2030 ambition; dated target without company-specific implementation roadmap. Initiative commitment is not commissioning or completed decarbonisation.,LINK_ONLY,AI_FIRST_PASS_RECHECK
S-P10-07,P10,Oskar Lehmann GmbH & Co. KG,regional_news,Blomberg erleben,Pilotprojekt von Oskar Lehmann war ein voller Erfolg,current,,2026-09-12,https://blomberg-erleben.de/pilotprojekt-von-oskar-lehmann-war-ein-voller-erfolg/,VERIFIED,2026-10-07,https://blomberg-erleben.de/pilotprojekt-von-oskar-lehmann-war-ein-voller-erfolg/,Sustainability project,Company reports reuse of its own plastic waste in new products and use of purchased recycled materials,LINK_ONLY,RESEARCHED
S-P07-06,P07,VARIOPLAST Konrad Däbritz GmbH,company_process_and_energy_page,VARIOPLAST Konrad Däbritz GmbH,Ressourcenschonende Produktion,current,,2026-09-13,https://varioplast.de/de/serienfertigung/ressourcenschonende-produktion,VERIFIED,2026-10-07,https://varioplast.de/de/serienfertigung/ressourcenschonende-produktion,Current production and energy measures,Current official page documents PV generation and planned expansion; central material drying; more than 50 percent fully electric injection-moulding machines; geothermal cooling; heat recovery and solar technology. It contains no battery-storage commissioning statement on the check date.,LINK_ONLY,RESEARCHED
S-P10-08,P10,Oskar Lehmann GmbH & Co. KG,company_hosted_technical_report,Plastverarbeiter / Oskar Lehmann GmbH & Co. KG / Dr. Boy GmbH & Co. KG,Mehr Flexibilität bei geringen Betriebskosten,2019,2019-04,2026-10-07,https://www.oskar-lehmann.de/files/ol/news/Reportage%20im%20Magazin.pdf,VERIFIED,2026-10-07,https://www.oskar-lehmann.de/files/ol/news/Reportage%20im%20Magazin.pdf,Pages 1-3,Owner-hosted 2019 industry report identifies BOY servo-pump applications and historical efficiency improvement. 2019 is outside 2021-10-07 to 2026-10-07 investment window; ambiguous printed power/energy units not repaired or used as current site load.,LINK_ONLY,AI_FIRST_PASS_RECHECK
S-P10-09,P10,Oskar Lehmann GmbH & Co. KG,federal_initiative_network_page,Fraunhofer ISI / Initiative Energieeffizienz-Netzwerke,Zitate von Netzwerkakteuren,historical,,2026-09-13,https://energie-effizienz-netzwerke.de/een-de/netzwerkidee/stimmen.php,VERIFIED,2026-10-07,https://energie-effizienz-netzwerke.de/een-de/netzwerkidee/stimmen.php,Oskar Lehmann quote and LEEN OWL II reference,"Alexander Maiß is identified for Oskar Lehmann GmbH & Co. KG and states that network participation produced saved energy costs; the page links the company statement to Energieeffizienz-Netzwerk LEEN OWL II. This does not establish a current EnMS, ISO 50001 certificate, demand-response participation or load-management deployment.",LINK_ONLY,RESEARCHED
S-P03-03,P03,Upländer Bauernmolkerei GmbH,company_process_page,Upländer Bauernmolkerei GmbH,Der Weg der Milch,current,,2026-10-07,https://www.bauernmolkerei.de/ueber-uns/produktion-mitarbeiter/produktion/der-weg-der-milch,VERIFIED,2026-10-07,https://www.bauernmolkerei.de/ueber-uns/produktion-mitarbeiter/produktion/der-weg-der-milch,Production,"Own milk production page: pasteurisation at 72-74 C, centrifuges, automated filling and cold chain; two shifts do not establish demand-shifting freedom or a useful thermal store. Heat carrier and load remain unknown.",LINK_ONLY,AI_FIRST_PASS_RECHECK
S-P03-04,P03,Upländer Bauernmolkerei GmbH,company_investment_page,Upländer Bauernmolkerei GmbH,Bauernmolkerei investiert in Mehrweg-Glas,2020-2021,2021,2026-10-07,https://www.bauernmolkerei.de/aktuelles/neuigkeiten/detailansicht/bauernmolkerei-investiert-in-mehrweg-glas,VERIFIED,2026-10-07,https://www.bauernmolkerei.de/aktuelles/neuigkeiten/detailansicht/bauernmolkerei-investiert-in-mehrweg-glas,Investment,2021 factory development report describes plans/packaging and production investment. Publication/planning is not completed energy-project commissioning; no recent energy CAPEX anchor established.,LINK_ONLY,AI_FIRST_PASS_RECHECK
S-P04-06,P04,Neumarkter Lammsbräu Gebr. Ehrnsperger KG,sustainability_report,Neumarkter Lammsbräu Gebr. Ehrnsperger KG,Nachhaltigkeitsbericht 2023,2023,2024-09-13,2026-09-13,https://www.lammsbraeu.de/hubfs/Dachmarke/resources/documents/Nachhaltigkeitsberichte/GRI-Bericht2023_Neumarkter%20Lammsbr%C3%A4u_final%2020240913.pdf,VERIFIED,2026-10-07,https://www.lammsbraeu.de/hubfs/Dachmarke/resources/documents/Nachhaltigkeitsberichte/GRI-Bericht2023_Neumarkter%20Lammsbr%C3%A4u_final%2020240913.pdf,Pages 79-93; integrated EMAS declaration,Energy-management system and software; process-level Power BI reports; gas heat; central cooling; 125 kWp PV; planned heat electrification and heat-pump/solar combination; 42 percent Scope 1 and 2 reduction target by 2030,LINK_ONLY,RESEARCHED
S-P05-03,P05,Einbecker Brauhaus AG,company_sustainability_page,Einbecker Brauhaus AG,Nachhaltigkeit,current,,2026-09-13,https://www.einbecker-brauhaus.de/leitbild-werte/nachhaltigkeit,VERIFIED,2026-10-07,https://www.einbecker-brauhaus.de/leitbild-werte/nachhaltigkeit,Sustainability,Company states EMAS registration since 2025; PV and CHP self-generation; fermentation CO2 recovery and a transformation programme,LINK_ONLY,RESEARCHED
S-P05-04,P05,Einbecker Brauhaus AG,emas_environmental_statement,Einbecker Brauhaus AG,Umwelterklärung 2025,2024-2025,2025,2026-09-13,https://www.einbecker-brauhaus.de/files/einbecker_gruppe/content/leitbild-und-werte/nachhaltigkeit/umwelterklaerung-ebag-2025.pdf,VERIFIED,2026-10-07,https://www.einbecker-brauhaus.de/files/einbecker_gruppe/content/leitbild-und-werte/nachhaltigkeit/umwelterklaerung-ebag-2025.pdf,Pages 2-9 and 31-34,Brewing and cooling processes; heat recovery; biogas CHP and absorption chilling; PV; process-control renewal; 2045 net-zero and 2031 reduction target; planned electric clean steam and process monitoring,LINK_ONLY,RESEARCHED
S-P12-01,P12,Richard Henkel GmbH,company_imprint,Richard Henkel GmbH,Impressum,current,,2026-09-13,https://www.richard-henkel.de/impressum.html,VERIFIED,2026-10-06,https://www.richard-henkel.de/impressum.html,Impressum,Exact legal entity; address; register identity; managing directors,LINK_ONLY,RESEARCHED
S-P12-02,P12,Richard Henkel GmbH,company_process_page,Richard Henkel GmbH,Oberflächentechnik,current,,2026-09-13,https://www.richard-henkel.de/oberfl%C3%A4chentechnik.html,VERIFIED,2026-10-07,https://www.richard-henkel.de/oberfl%C3%A4chentechnik.html,Production,Mechanical pretreatment; degreasing; phosphating; rinsing; electrostatic and tribo powder coating; closed-loop process statement,LINK_ONLY,RESEARCHED
S-P12-03,P12,Richard Henkel GmbH,emas_environmental_statement,Richard Henkel GmbH,Umwelterklärung 2024,2024-2025,2025-11-21,2026-09-13,https://www.richard-henkel.de/downloads.html?file=files/downloads/2024_Umwelterklaerung_Richard_Henkel.pdf,VERIFIED,2026-10-07,https://www.richard-henkel.de/downloads.html?file=files/downloads/2024_Umwelterklaerung_Richard_Henkel.pdf,Pages 13-17; 34-38,"Powder-coating electricity and LPG heat demand; compressed-air and process-heat projects; operational energy management; PV, storage and heat recovery remain planned; validated EMAS statement",LINK_ONLY,RESEARCHED
S-P12-04,P12,Richard Henkel GmbH,direct_emas_certificate,EMAS / Richard Henkel GmbH,Registrierungsurkunde geprüftes Umweltmanagement,historical certificate expired 2026-09-11,2022-12-22,2026-10-07,https://www.richard-henkel.de/downloads.html?file=files/downloads/EMAS+Urkunde_bis_2026.pdf,VERIFIED_EXPIRED,2026-10-07,https://www.richard-henkel.de/downloads.html?file=files/downloads/EMAS+Urkunde_bis_2026.pdf,"Rendered certificate body: holder, DE-136-00012, expiry","Exact Richard Henkel GmbH certificate DE-136-00012, issued IHK Heilbronn-Franken 2022-12-22, expires 2026-09-11. Expired at 2026-10-07; a later environmental statement does not extend certificate expiry. Current successor not verified.",LINK_ONLY,RECHECKED
S-P12-05,P12,Richard Henkel GmbH,sustainability_report,Richard Henkel GmbH,Klimawin BW Bericht 2024,2024,2026-03-10,2026-09-13,https://www.richard-henkel.de/downloads.html?file=files/downloads/2024_Klimawin-BW_Bericht.pdf,VERIFIED,2026-10-07,https://www.richard-henkel.de/downloads.html?file=files/downloads/2024_Klimawin-BW_Bericht.pdf,Pages 3 and 10-14,35 employees; third-generation management; process-heat and compressed-air efficiency results; Scope 1 baseline and 2026 target,LINK_ONLY,RESEARCHED
S-P13-01,P13,Schmalriede-Zink GmbH,company_imprint,Schmalriede-Zink GmbH,Impressum,current,,2026-09-13,https://www.schmalriede.de/impressum,VERIFIED,2026-10-06,https://www.schmalriede.de/impressum,Impressum,Exact legal entity is Schmalriede-Zink GmbH; address; register identity; managing directors,LINK_ONLY,RESEARCHED
S-P13-02,P13,Schmalriede-Zink GmbH,company_profile,Schmalriede-Zink GmbH,Über Schmalriede-Zink,current,,2026-09-13,https://www.schmalriede.de/unternehmen,VERIFIED,2026-10-07,https://www.schmalriede.de/unternehmen,Company profile,"Family management; 182 employees; three-shift operation; seven halls; 14,000 t of coated goods in 2020",LINK_ONLY,RESEARCHED
S-P13-03,P13,Schmalriede-Zink GmbH,company_process_page,Schmalriede-Zink GmbH,Oberflächenveredelung und Leistungen,current,,2026-09-13,https://www.schmalriede.de/,VERIFIED,2026-10-07,https://www.schmalriede.de/,Production,"Zinc, zinc-iron and zinc-nickel electroplating; heat treatment; phosphating and powder coating",LINK_ONLY,RESEARCHED
S-P16-01,P16,Sembach GmbH & Co. KG,company_imprint,Sembach GmbH & Co. KG,Imprint,current,,2026-09-13,https://www.sembach.de/en/imprint/,VERIFIED,2026-10-06,https://www.sembach.de/en/imprint/,Imprint,Exact legal entity; address; register identity; managing director,LINK_ONLY,RESEARCHED
S-P16-02,P16,Sembach GmbH & Co. KG,company_profile,Sembach GmbH & Co. KG,About Sembach,current,,2026-09-13,https://www.sembach.de/en/company/,VERIFIED,2026-10-07,https://www.sembach.de/en/company/,Company profile,Owner-managed family business; 200 employees; energy-intensive technical-ceramics production; company certification statements,LINK_ONLY,RESEARCHED
S-P16-03,P16,Sembach GmbH & Co. KG,company_process_page,Sembach GmbH & Co. KG,Production process of technical ceramics,current,,2026-09-13,https://www.sembach.de/en/production/,VERIFIED,2026-10-07,https://www.sembach.de/en/production/,Production,"Spray drying; debinding up to 1,100 C; sintering at 1,200-1,750 C; high-temperature and chamber furnaces",LINK_ONLY,RESEARCHED
S-P16-04,P16,Sembach GmbH & Co. KG,direct_iso_certificate,Intechnica Cert GmbH,ISO 50001 certificate EG0057-2025,2025-2028,2025-06-16,2026-09-13,https://www.sembach.de/wp-content/uploads/ISO-50001-bis-2028-E.pdf,VERIFIED,2026-10-07,https://www.sembach.de/wp-content/uploads/ISO-50001-bis-2028-E.pdf,Certificate,ISO 50001:2018 valid from 18 June 2025 through 17 June 2028 for the Lauf production site,LINK_ONLY,RESEARCHED
S-P16-05,P16,Sembach GmbH & Co. KG,direct_iso_certificate,Intechnica Cert GmbH,ISO 14001 certificate UG0668-2025,2025-2028,2025-06-16,2026-09-13,https://www.sembach.de/wp-content/uploads/ISO-14001-bis-2028-E.pdf,VERIFIED,2026-10-07,https://www.sembach.de/wp-content/uploads/ISO-14001-bis-2028-E.pdf,Certificate,ISO 14001:2015 valid from 18 June 2025 through 17 June 2028 for the Lauf production site,LINK_ONLY,RESEARCHED
S-P18-01,P18,Glashütte Lamberts Waldsassen GmbH,company_imprint,Glashütte Lamberts Waldsassen GmbH,Impressum,current,,2026-09-13,https://lamberts.de/impressum-2,VERIFIED,2026-10-06,https://lamberts.de/impressum-2,Impressum,Exact legal entity; address; register identity; managing directors,LINK_ONLY,RESEARCHED
S-P18-02,P18,Glashütte Lamberts Waldsassen GmbH,company_process_page,Glashütte Lamberts Waldsassen GmbH,Lamberts glassmaking company,current,,2026-09-13,https://lamberts.de/home,VERIFIED,2026-10-07,https://lamberts.de/home,Production,"About 70 employees; melting sand, soda and lime; colouring; mouth blowing; cylinder reheating and sheet forming",LINK_ONLY,RESEARCHED
S-P18-03,P18,Glashütte Lamberts Waldsassen GmbH,company_energy_page,Glashütte Lamberts Waldsassen GmbH,Der Zukunft verpflichtet,current,,2026-09-13,https://lamberts.de/der-zukunft-verpflichtet,VERIFIED,2026-10-07,https://lamberts.de/der-zukunft-verpflichtet,Energy and environment,Natural-gas firing; internal and external cullet; flue-gas filtration; firing-efficiency improvement; certified operational energy management,LINK_ONLY,RESEARCHED
S-P18-04,P18,Glashütte Lamberts Waldsassen GmbH,direct_iso_certificate,OmniCert Umweltgutachter GmbH,ISO 50001 certificate Z-EM-13067-2023-001,2023-2026,2023-12-20,2026-09-13,https://lamberts.de/files/content/Mainpage/Unsere%20Glashuette/Zukunft/Zertifikat_Z-EM-13067-2023-001_Glashuette_Lamberts_Waldsassen.pdf,VERIFIED,2026-10-07,https://lamberts.de/files/content/Mainpage/Unsere%20Glashuette/Zukunft/Zertifikat_Z-EM-13067-2023-001_Glashuette_Lamberts_Waldsassen.pdf,Certificate,ISO 50001:2018 valid through 19 December 2026 for glass manufacture at Waldsassen,LINK_ONLY,RESEARCHED
S-P19-01,P19,Glasfabrik Lamberts GmbH & Co. KG,company_imprint,Glasfabrik Lamberts GmbH & Co. KG,Impressum,current,,2026-09-13,https://www.lamberts.info/impressum,VERIFIED,2026-10-06,https://www.lamberts.info/impressum,Impressum,Exact legal entity; address; register identity; general partner and managing director,LINK_ONLY,RESEARCHED
S-P19-02,P19,Glasfabrik Lamberts GmbH & Co. KG,company_profile,Glasfabrik Lamberts GmbH & Co. KG,Unternehmen,current,,2026-09-13,https://www.lamberts.info/unternehmen,VERIFIED,2026-10-07,https://www.lamberts.info/unternehmen,Company profile,Independent family-owned medium-sized company; integrated cast-glass production; direct certificate index,LINK_ONLY,RESEARCHED
S-P19-03,P19,Glasfabrik Lamberts GmbH & Co. KG,company_energy_page,Glasfabrik Lamberts GmbH & Co. KG,iEcoGlass Ecology,current,,2026-09-13,https://www.lamberts.info/en/iecoglass/ecology,VERIFIED,2026-10-07,https://www.lamberts.info/en/iecoglass/ecology,Energy and environment,"Corporate improvement programme covers the melting furnace, firing method and recycled glass from internal and external cycles",LINK_ONLY,RESEARCHED
S-P19-04,P19,Glasfabrik Lamberts GmbH & Co. KG,direct_iso_certificate,TÜV NORD CERT GmbH,ISO 50001 certificate 44 764 232462,2025-2028,2025-02-13,2026-09-13,https://www.lamberts.info/fileadmin/user_upload/ecoglass/ISO_50001_Zertifizierung__Energiemanagement__062028.pdf,VERIFIED,2026-10-07,https://www.lamberts.info/fileadmin/user_upload/ecoglass/ISO_50001_Zertifizierung__Energiemanagement__062028.pdf,Certificate,ISO 50001:2018 valid from 2 June 2025 through 1 June 2028 for cast-glass production at Wunsiedel,LINK_ONLY,RESEARCHED
S-P19-05,P19,Glasfabrik Lamberts GmbH & Co. KG,direct_iso_certificate,TÜV NORD CERT GmbH,ISO 14001 certificate 44 104 232462,2024-2027,2024-03-04,2026-09-13,https://www.lamberts.info/fileadmin/user_upload/ecoglass/ISO_14001_Zertifizierung_ab_2024_Umweltmanagement.pdf,VERIFIED,2026-10-07,https://www.lamberts.info/fileadmin/user_upload/ecoglass/ISO_14001_Zertifizierung_ab_2024_Umweltmanagement.pdf,Certificate,ISO 14001:2015 valid from 5 April 2024 through 4 April 2027 for cast-glass production at Wunsiedel,LINK_ONLY,RESEARCHED
S-P19-06,P19,Glasfabrik Lamberts GmbH & Co. KG,regional_trade_press,Frankenpost,Lamberts investiert 30 Millionen Euro am Standort Wunsiedel,2025,2025-11-21,2026-09-13,https://www.frankenpost.de/inhalt.freudige-nachricht-rieseninvestition-in-holenbrunn.54fc6b3d-9ea0-4a78-96f6-b22af96cd3b1.html,VERIFIED,2026-10-06,https://www.frankenpost.de/inhalt.freudige-nachricht-rieseninvestition-in-holenbrunn.54fc6b3d-9ea0-4a78-96f6-b22af96cd3b1.html,Company profile,About 120 employees and a reported EUR 30 million site investment; investment details require direct-company corroboration before technology deployment coding,LINK_ONLY,RESEARCHED
S-P11-01,P11,B+T Oberflächentechnik GmbH,company_group_history,B+T Unternehmensgruppe,175 Jahre geballte Erfahrung,current,,2026-09-13,https://bt-unternehmensgruppe.de/175jahre,VERIFIED,2026-10-07,https://bt-unternehmensgruppe.de/175jahre,Company history,About 165 employees at the Wetzlar and Hüttenberg sites; group history and surface-treatment business,LINK_ONLY,RESEARCHED
S-P11-02,P11,B+T Oberflächentechnik GmbH,company_technical_page,B+T Unternehmensgruppe,Galvanik 4.1 zum Mitmachen,2022,,2026-09-13,https://bt-unternehmensgruppe.de/mitmachworkshop22,VERIFIED,2026-10-07,https://bt-unternehmensgruppe.de/mitmachworkshop22,Project description,Digital process-data work in electroplating; does not prove flexibility or power-quality deployment,LINK_ONLY,RESEARCHED
S-P15-01,P15,ELOXAL BARZ GmbH & Co KG,company_imprint,ELOXAL BARZ GmbH & Co KG,Impressum,current,,2026-09-13,https://eloxal-barz.de/,VERIFIED,2026-10-07,https://eloxal-barz.de/,Impressum,Exact legal entity; address; register identity; family representatives,LINK_ONLY,RESEARCHED
S-P15-02,P15,ELOXAL BARZ GmbH & Co KG,public_filing_mirror,Fusionbase,Jahresabschluss 2023,2023,,2026-09-13,https://fusionbase.com/de/data/organization/4c73ef37b41ee4186a5fcce34e18f119/eloxal-barz-gmbh-%26-co.-kg,VERIFIED,2026-10-07,https://fusionbase.com/de/data/organization/4c73ef37b41ee4186a5fcce34e18f119/eloxal-barz-gmbh-%26-co.-kg,Balance sheet,2023 assets total approximately EUR 4.097 million,LINK_ONLY,RESEARCHED
S-P20-01,P20,DERIX Glasstudios GmbH & Co. KG,company_imprint,DERIX Glasstudios GmbH & Co. KG,Impressum,current,,2026-09-13,https://www.derix.com/impressum,VERIFIED,2026-10-07,https://www.derix.com/impressum,Impressum,Exact legal entity; address; register identity; managing shareholder,LINK_ONLY,RESEARCHED
S-P20-02,P20,DERIX Glasstudios GmbH & Co. KG,official_award_profile,Hessischer Exportpreis,DERIX Glasstudios GmbH & Co. KG,2019,2019,2026-09-13,https://exportpreis-hessen.de/2019-235/,VERIFIED,2026-10-07,https://exportpreis-hessen.de/2019-235/,Company profile,Architectural art-glass production and international activity; no group affiliation or energy deployment stated,LINK_ONLY,RESEARCHED
S-P20-03,P20,DERIX Glasstudios GmbH & Co. KG,industry_network_profile,Flachglas Markenkreis,DERIX Glasstudios GmbH & Co. KG,current,,2026-09-13,https://flachglas-markenkreis.de/glasnetzwerk/mitglieder/derix-glasstudios-gmbh-co-kg/,VERIFIED,2026-10-07,https://flachglas-markenkreis.de/glasnetzwerk/mitglieder/derix-glasstudios-gmbh-co-kg/,Production,Specialised glass design and processing; supports the batch glass-treatment mapping,LINK_ONLY,RESEARCHED
S-P21-01,P21,Privatbrauerei MORITZ FIEGE GmbH & Co. KG,company_profile,Privatbrauerei MORITZ FIEGE GmbH & Co. KG,Company homepage,current,,2026-09-13,https://moritzfiege.de/,VERIFIED,2026-10-06,https://moritzfiege.de/,Company profile,Six-generation family brewery and exact public company name,LINK_ONLY,RESEARCHED
S-P21-02,P21,Privatbrauerei MORITZ FIEGE GmbH & Co. KG,public_agency_case,Effizienz-Agentur NRW,Förderprogramme belohnen Unternehmen die innovativ sind,2020-2023,2023-07-17,2026-10-06,https://www.efa.nrw/aktuell/details/foerderprogramme-belohnen-unternehmen-die-innovativ-sind-interview-mit-marc-zinkler-braumeister-und-betriebsleiter-der-privatbrauerei-moritz-fiege,VERIFIED,2026-10-07,https://www.efa.nrw/aktuell/details/foerderprogramme-belohnen-unternehmen-die-innovativ-sind-interview-mit-marc-zinkler-braumeister-und-betriebsleiter-der-privatbrauerei-moritz-fiege,Production investment,"Bottle washer commissioned in 2020; additional air heat recovery, solar-air drying and efficient compressors reported by July 2023. Energy recovery/storage was an agenda item, not proof of deployed storage.",LINK_ONLY,RESEARCHED
S-P21-03,P21,Privatbrauerei MORITZ FIEGE GmbH & Co. KG,independent_company_profile,Die Deutsche Wirtschaft,Privatbrauerei Moritz Fiege company profile,2026,2026-04-29,2026-09-13,https://die-deutsche-wirtschaft.de/unternehmen/privatbrauerei-moritz-fiege-gmbh-co-kg-bochum/,VERIFIED,2026-10-06,https://die-deutsche-wirtschaft.de/unternehmen/privatbrauerei-moritz-fiege-gmbh-co-kg-bochum/,Eligibility,About 90 employees and estimated EUR 22.5 million turnover; estimates remain provisional,LINK_ONLY,RESEARCHED
S-P22-01,P22,RIEDENBURGER BRAUHAUS Michael Krieger GmbH & Co. KG,company_imprint,RIEDENBURGER BRAUHAUS Michael Krieger GmbH & Co. KG,Impressum,current,,2026-09-13,https://www.riedenburger.de/about/,VERIFIED,2026-10-07,https://www.riedenburger.de/about/,Impressum,Exact legal entity; address; register identity; managing director,LINK_ONLY,RESEARCHED
S-P22-02,P22,RIEDENBURGER BRAUHAUS Michael Krieger GmbH & Co. KG,company_project_page,RIEDENBURGER BRAUHAUS Michael Krieger GmbH & Co. KG,Die Zukunft des Bieres ist fossilfrei,2026 project under construction,2026-04-23,2026-10-07,https://www.riedenburger.de/neues/fossilfreie-bierherstellung/,VERIFIED,2026-10-07,https://www.riedenburger.de/neues/fossilfreie-bierherstellung/,Energy project,"Dated own article describes an energy demonstration being built in the new production site; thermal stores delivered/installed that week. Future PV/heat-pump/vapour-compression coordination and 55,000-litre/about-5,000-kWh largest store; commissioned operation and existing fossil baseline not established.",LINK_ONLY,RECHECKED
S-P22-03,P22,RIEDENBURGER BRAUHAUS Michael Krieger GmbH & Co. KG,regional_official_profile,Regionales Bayern,Riedenburger Brauhaus,current,,2026-09-13,https://www.regionales-bayern.de/anbieter/riedenburger-brauhaus-michael-krieger-gmbh-co-kg-15003/,VERIFIED,2026-10-07,https://www.regionales-bayern.de/anbieter/riedenburger-brauhaus-michael-krieger-gmbh-co-kg-15003/,Eligibility,"About 40 employees and approximately 30,000 hl annual output",LINK_ONLY,RESEARCHED
S-P23-01,P23,FM-Plast GmbH,company_imprint,FM-Plast GmbH,Impressum,current,,2026-09-13,https://www.fm-plast.de/deutsch/impressum,VERIFIED,2026-10-07,https://www.fm-plast.de/deutsch/impressum,Impressum,Exact legal entity; address; register identity; managing directors,LINK_ONLY,RESEARCHED
S-P23-02,P23,FM-Plast GmbH,company_energy_page,FM-Plast GmbH,Reduce Reuse Reinvent,current,,2026-09-13,https://www.fm-plast.de/deutsch/environment/,VERIFIED,2026-10-07,https://www.fm-plast.de/deutsch/environment/,Energy and production,Company-stated ISO 50001 system; electric moulding machines; closed water cooling; machine waste heat used for building heat,LINK_ONLY,RESEARCHED
S-P23-03,P23,FM-Plast GmbH,regional_industry_ranking,Regio Manager,Kunststoffverarbeiter Südwestfalen,2026,2026,2026-09-13,https://www.regiomanager.de/ranking/produktion/kunststoffverarbeiter/suedwestfalen/,VERIFIED,2026-10-06,https://www.regiomanager.de/ranking/produktion/kunststoffverarbeiter/suedwestfalen/,Eligibility,Reports approximately 100 employees and EUR 22 million turnover,LINK_ONLY,RESEARCHED
S-P24-01,P24,H&K Müller GmbH & Co. KG,company_imprint,H&K Müller GmbH & Co. KG,Impressum,current,,2026-09-13,https://www.hk-mueller.de/de/impressum/,VERIFIED,2026-10-07,https://www.hk-mueller.de/de/impressum/,Impressum,Exact legal entity; address; register identity; general partner and managing director,LINK_ONLY,RESEARCHED
S-P24-02,P24,H&K Müller GmbH & Co. KG,company_profile,H&K Müller GmbH & Co. KG,Kunststoffspritzguss Hersteller,current,,2026-09-13,https://www.hk-mueller.de/de/,VERIFIED,2026-10-07,https://www.hk-mueller.de/de/,Company profile,Family-owned single-site injection moulding business with about 110 employees,LINK_ONLY,RESEARCHED
S-P24-03,P24,H&K Müller GmbH & Co. KG,direct_iso_certificate,SKZ-Cert GmbH,ISO 50001 certificate 001070.E,2026-2029,2026-07-02,2026-09-13,https://www.hk-mueller.de/fileadmin/Dokumente/Zertifikate/50001_deutsch_H_K_Mueller_26.pdf,VERIFIED,2026-10-07,https://www.hk-mueller.de/fileadmin/Dokumente/Zertifikate/50001_deutsch_H_K_Mueller_26.pdf,Certificate,ISO 50001:2018 valid 4 July 2026 through 3 July 2029 and covering all consumed energy quantities,LINK_ONLY,RESEARCHED
S-P25-01,P25,Scheplast GmbH,company_imprint,Scheplast GmbH,Impressum,current,,2026-09-13,https://scheplast.de/impressum/,VERIFIED,2026-10-07,https://scheplast.de/impressum/,Impressum,Exact legal entity; address; register identity; managing directors,LINK_ONLY,RESEARCHED
S-P25-02,P25,Scheplast GmbH,company_profile,Scheplast GmbH,Company and sustainability facts,current,,2026-09-13,https://scheplast.de/,CONTENT_REVIEW_REQUIRED,2026-10-07,https://scheplast.de/,Company profile,"50 employees; 650 tonnes of recycled and technical plastics; at least 180 tonnes directly recycled; 250,700 kWh annual solar generation; Historical 2026-09-13 extraction retained. These employee/recycling/annual-generation figures were not reproduced on the current homepage on 2026-10-07; do not use as current quantitative evidence. Current robotics description is separately scoped in S-P25-07.",LINK_ONLY,RESEARCHED
S-P25-03,P25,Scheplast GmbH,company_process_page,Scheplast GmbH,Kunststoffspritzerei,current,,2026-09-13,https://scheplast.de/kunststoffspritzerei/,VERIFIED,2026-10-07,https://scheplast.de/kunststoffspritzerei/,Production,Injection moulding and related production; does not establish storage or flexibility deployment,LINK_ONLY,RESEARCHED
S-P26-01,P26,Barth Galvanik GmbH,company_profile,Barth Galvanik GmbH,Oberflächenbeschichtung,current,,2026-09-13,https://barth-galvanik.de/,CHECK_INCONCLUSIVE,2026-10-07,https://barth-galvanik.de/,Production,Galvanic surfaces; zinc-flake coating; hardening and other heat-treatment services,LINK_ONLY,RESEARCHED
S-P26-02,P26,Barth Galvanik GmbH,official_trade_fair_profile,Deutsche Messe SurfaceTechnology GERMANY,Barth Galvanik GmbH,2024,2024-03,2026-09-13,https://www.surface-technology-germany.de/aussteller-produkte/aussteller/surface-technology-germany/barth-galvanik-gmbh/107846,NOT_FOUND,2026-10-07,https://www.surface-technology-germany.de/aussteller-produkte/aussteller/surface-technology-germany/barth-galvanik-gmbh/107846,Eligibility,Employee band 101-250 and revenue band EUR 10-50 million,LINK_ONLY,RESEARCHED
S-P27-01,P27,BCE Special Ceramics GmbH,company_profile,BCE Special Ceramics GmbH,Company,current,,2026-10-06,https://www.bce-special-ceramics.com/company/,VERIFIED,2026-10-07,https://www.bce-special-ceramics.com/company/,Company profile,Owner-managed independent company with about 30 employees and in-house technical-ceramic production,LINK_ONLY,RESEARCHED
S-P27-02,P27,BCE Special Ceramics GmbH,company_research_page,BCE Special Ceramics GmbH,ENITEC energy-efficient ceramic production,current,,2026-09-13,https://www.bce-special-ceramics.com/company/,VERIFIED,2026-10-07,https://www.bce-special-ceramics.com/company/,Research project,Furnace-technology project targeted up to 40 percent lower energy use; site deployment is not established,LINK_ONLY,RESEARCHED
S-P11-03,P11,B+T Oberflächentechnik GmbH,direct_combined_iso_certificate,LRQA Limited,ISO 50001 and ISO 14001 Certificate of Approval,2026-2029,2026-03-02,2026-09-13,https://bt-unternehmensgruppe.de/assets/bt-unternehmensgruppe.de/downloads/2026_14001-50001-ENGUS-UKAS.pdf,VERIFIED,2026-10-07,https://bt-unternehmensgruppe.de/assets/bt-unternehmensgruppe.de/downloads/2026_14001-50001-ENGUS-UKAS.pdf,Pages 1-2,ISO 50001 approval 00012633 and ISO 14001 approval 00008130; valid through 1 March 2029; Hüttenberg and Wetzlar surface-treatment sites in scope,LINK_ONLY,RESEARCHED
S-P20-04,P20,DERIX Glasstudios GmbH & Co. KG,company_process_page,DERIX Glasstudios GmbH & Co. KG,Glas heißverformen,current,,2026-09-13,https://www.derix.com/heissversformen,VERIFIED,2026-10-07,https://www.derix.com/heissversformen,Process description,Official company page documents manual hot forming of glass with firing materials at approximately 800 C; supports kiln-based batch-process relevance but not energy-system deployment,LINK_ONLY,RESEARCHED
S-P23-04,P23,FM-Plast GmbH,direct_iso_certificate,TÜV NORD CERT GmbH,ISO 50001 certificate 04 764 950027,2024-2027,2024-05-14,2026-09-13,https://www.fm-plast.de/media/wysiwyg/PDF/50001_de.pdf,VERIFIED,2026-10-07,https://www.fm-plast.de/media/wysiwyg/PDF/50001_de.pdf,Certificate,ISO 50001:2018 valid from 22 May 2024 through 21 May 2027 for injection-moulded plastic parts at Lennestadt,LINK_ONLY,RESEARCHED
S-P25-04,P25,Scheplast GmbH,direct_expired_iso_certificate,TÜV SÜD Management Service GmbH,ISO 14001 certificate 12 104 23864 TMS,2021-2024,2021-02-24,2026-09-13,https://scheplast.de/wp-content/uploads/2021/02/Scheplast-Zertifikat-ISO-14001_2015-g%C3%BCltig-bis-2024.pdf,VERIFIED_EXPIRED,2026-10-07,https://scheplast.de/wp-content/uploads/2021/02/Scheplast-Zertifikat-ISO-14001_2015-g%C3%BCltig-bis-2024.pdf,Certificate,Historical certificate for Scheplast GmbH valid 2021-02-27 through 2024-02-26; no successor located at the original 2026-09-13 check. A direct current successor was inspected on 2026-10-07 and is separately retained as S-P25-06; this PDF remains VERIFIED_EXPIRED.,LINK_ONLY,RESEARCHED
S-P27-03,P27,BCE Special Ceramics GmbH,company_research_page,BCE Special Ceramics GmbH,ENITEC energy-efficient processes for ceramic production,2009-2012,,2026-10-06,https://www.bce-special-ceramics.com/research-project-enitec/,VERIFIED,2026-10-07,https://www.bce-special-ceramics.com/research-project-enitec/,Project description,Official page documents small electrically heated ovens plus debinding and sintering processes at BCE; historical project evidence supports furnace-process relevance but does not prove current technology deployment,LINK_ONLY,RESEARCHED
S-P28-01,P28,Berg Brauerei Ulrich Zimmermann GmbH & Co. KG,company_imprint,Berg Brauerei,Impressum,current,,2026-09-14,https://www.bergbier.de/impressum,VERIFIED,2026-10-07,https://www.bergbier.de/impressum,"Company identity, process and eligibility evidence",Exact legal entity and production location,LINK_ONLY,RESEARCHED
S-P28-02,P28,Berg Brauerei Ulrich Zimmermann GmbH & Co. KG,company_process,Berg Brauerei,Brauerei and open-vat fermentation,current,,2026-09-14,https://www.bergbier.de/,VERIFIED,2026-10-07,https://www.bergbier.de/,"Company identity, process and eligibility evidence","Brewing, fermentation and maturation process",LINK_ONLY,RESEARCHED
S-P29-01,P29,Meckatzer Löwenbräu Benedikt Weiß KG,company_imprint,Meckatzer,Impressum,current,,2026-09-14,https://www.meckatzer.de/impressum/,VERIFIED,2026-10-07,https://www.meckatzer.de/impressum/,"Company identity, process and eligibility evidence",Exact legal entity and production location,LINK_ONLY,RESEARCHED
S-P29-02,P29,Meckatzer Löwenbräu Benedikt Weiß KG,company_process,Meckatzer,Braukunst and sustainability,current,,2026-09-14,https://www.meckatzer.de/,VERIFIED,2026-10-07,https://www.meckatzer.de/,"Company identity, process and eligibility evidence",Brewing process and environmental-management statement,LINK_ONLY,RESEARCHED
S-P30-01,P30,Privat-Brauerei Zötler GmbH,company_imprint,Privat-Brauerei Zötler,Impressum,current,,2026-09-14,https://www.familien-braukunst.de/impressum/,VERIFIED,2026-10-06,https://www.familien-braukunst.de/impressum/,"Company identity, process and eligibility evidence",Exact legal entity and production location,LINK_ONLY,RESEARCHED
S-P30-02,P30,Privat-Brauerei Zötler GmbH,company_sustainability,Privat-Brauerei Zötler,Quality and sustainability,current,,2026-09-14,https://www.zoetler.de/,VERIFIED,2026-10-06,https://www.zoetler.de/,"Company identity, process and eligibility evidence",Brewing and EMAS company statement; registration validity open,LINK_ONLY,RESEARCHED
S-P31-01,P31,Brauerei Clemens Härle KG,company_imprint,Brauerei Clemens Härle,Impressum,current,,2026-09-14,https://www.haerle.de/impressum,VERIFIED,2026-10-06,https://www.haerle.de/impressum,"Company identity, process and eligibility evidence",Exact legal entity and production location,LINK_ONLY,RESEARCHED
S-P31-02,P31,Brauerei Clemens Härle KG,government_case,Baden-Württemberg Ministry of the Environment,Environmental award 2024: Brauerei Clemens Härle,2024,2024-12-04,2026-10-06,https://um.baden-wuerttemberg.de/de/umwelt-natur/umwelt-und-wirtschaft/angebote-fuer-unternehmen/umweltpreis-fuer-unternehmen/umweltpreis-2024/brauerei-clemens-haerle,VERIFIED,2026-10-07,https://um.baden-wuerttemberg.de/de/umwelt-natur/umwelt-und-wirtschaft/angebote-fuer-unternehmen/umweltpreis-fuer-unternehmen/umweltpreis-2024/brauerei-clemens-haerle,"Company identity, process and eligibility evidence",Reported heat mix: 80 percent wood chips and 20 percent biogas; electric delivery vehicles and charging; PV expansion objective for electricity self-sufficiency by 2028; KLIMAWIN participation. No EnMS or industrial electric-heat deployment is established.,LINK_ONLY,AI_FIRST_PASS_RECHECK
S-P32-01,P32,Kronenbrauerei Otto Haizmann KG,company_imprint,Hochdorfer Kronenbrauerei,Impressum and company website,current,,2026-09-14,https://hochdorfer.de/,VERIFIED,2026-10-07,https://hochdorfer.de/,"Company identity, process and eligibility evidence","Exact legal entity, location and brewery production",LINK_ONLY,RESEARCHED
S-P33-01,P33,Gindele GmbH,company_imprint,Gindele,Company website and imprint,current,,2026-09-14,https://www.gindele.de/,VERIFIED,2026-10-07,https://www.gindele.de/,"Company identity, process and eligibility evidence","Exact legal entity, toolmaking, injection moulding and assembly",LINK_ONLY,RESEARCHED
S-P33-02,P33,Gindele GmbH,municipal_directory,Municipality of Neuhausen,Gindele company entry,current,,2026-09-14,https://www.neuhausen-enzkreis.de/,CONTENT_REVIEW_REQUIRED,2026-10-07,https://www.neuhausen-enzkreis.de/startseite,"Company identity, process and eligibility evidence",Independent location and process corroboration; 2026-10-07: generic municipal homepage is retrievable but has no exact Gindele profile attribution. Original extraction retained and blocked; S-P33-07 is the actual named profile. No current energy fact follows from HTTP success.,LINK_ONLY,RESEARCHED
S-P34-01,P34,KTS Kunststoff Technik Schmölln GmbH,company_imprint,KTS Kunststoff Technik Schmölln,Company website and imprint,current,,2026-09-14,https://www.kts-schmoelln.de/,REDIRECT_VERIFIED,2026-10-07,https://www.kts-schmoelln.de/home/,"Company identity, process and eligibility evidence",Exact legal entity and injection-moulding process chain,LINK_ONLY,RESEARCHED
S-P34-02,P34,KTS Kunststoff Technik Schmölln GmbH,official_labour_directory,Federal Employment Agency,KTS employer profile,current,,2026-09-14,https://web.arbeitsagentur.de/,VERIFIED,2026-10-07,https://web.arbeitsagentur.de/,"Company identity, process and eligibility evidence",Independent SME and injection-moulding description,LINK_ONLY,RESEARCHED
S-P35-01,P35,MACK KUNSTSTOFFTECHNIK GMBH & CO. KG,company_imprint,MACK Kunststofftechnik,Impressum,current,,2026-09-14,https://mack-kunststoff.com/impressum/,VERIFIED,2026-10-07,https://mack-kunststoff.com/impressum/,"Company identity, process and eligibility evidence",Exact legal entity and production location,LINK_ONLY,RESEARCHED
S-P35-02,P35,MACK KUNSTSTOFFTECHNIK GMBH & CO. KG,company_process,MACK Kunststofftechnik,Kunststofftechnik,current,,2026-09-14,https://mack-kunststoff.com/,VERIFIED,2026-10-07,https://mack-kunststoff.com/,"Company identity, process and eligibility evidence",Plastic-parts production process,LINK_ONLY,RESEARCHED
S-P36-01,P36,Kunststofftechnik Borgmann GmbH,company_imprint,Kunststofftechnik Borgmann,"Company website, imprint and downloads",current,,2026-09-14,https://www.bogm.de/,VERIFIED,2026-10-07,https://www.bogm.de/,"Company identity, process and eligibility evidence","Exact legal entity, injection moulding, automation and ISO 14001 document listing",LINK_ONLY,RESEARCHED
S-P36-02,P36,Kunststofftechnik Borgmann GmbH,official_labour_directory,Federal Employment Agency,Kunststofftechnik Borgmann employer profile,current,,2026-09-14,https://web.arbeitsagentur.de/,CONTENT_REVIEW_REQUIRED,2026-10-07,https://web.arbeitsagentur.de/,"Company identity, process and eligibility evidence",125 employees and family-owned SME description; 2026-10-07 content follow-up: Generic job portal does not verify legacy125 staff or actual process. Own source S-P36-03/04 recovered process only.,LINK_ONLY,RESEARCHED
S-P37-01,P37,atka Kunststoffverarbeitung GmbH,company_imprint,atka Kunststoffverarbeitung,Company website and imprint,current,,2026-09-14,https://www.atka.de/,VERIFIED,2026-10-07,https://www.atka.de/,"Company identity, process and eligibility evidence","Exact legal entity, more than 100 employees, injection moulding and toolmaking",LINK_ONLY,RESEARCHED
S-P38-01,P38,Krämer + Eckert GmbH & Co. KG,company_contact,Eloxalwerk Ehingen,Contact and legal entity,current,,2026-09-14,https://www.eloxalwerk-ehingen.com/kontakt/anfahrt/,CONTENT_REVIEW_REQUIRED,2026-10-07,https://www.eloxalwerk-ehingen.com/kontakt/anfahrt/,"Company identity, process and eligibility evidence",Exact legal entity and location; 2026-10-07 content follow-up: Live TEST-SYSTEM banner; production/energy/certificate claims cannot be treated as current live-site evidence without independent confirmation.,LINK_ONLY,RESEARCHED
S-P38-02,P38,Krämer + Eckert GmbH & Co. KG,company_process,Eloxalwerk Ehingen,Company and process overview,current,,2026-09-14,https://eloxalwerk-ehingen.com/,CONTENT_REVIEW_REQUIRED,2026-10-07,https://eloxalwerk-ehingen.com/,"Company identity, process and eligibility evidence","150 employees; anodising, powder coating and heat treatment; 2026-10-07 content follow-up: Live TEST-SYSTEM banner; group/site energy claims unconfirmed. Actual association S-P38-03 corroborates entity and anodising only.",LINK_ONLY,RESEARCHED
S-P39-01,P39,Eloxal Höfler GmbH,company_contact,Eloxal Höfler,Contact,current,,2026-09-14,https://www.eloxal-hoefler.de/kontakt.html,VERIFIED,2026-10-07,https://www.eloxal-hoefler.de/kontakt.html,"Company identity, process and eligibility evidence",Exact legal entity and location,LINK_ONLY,RESEARCHED
S-P39-02,P39,Eloxal Höfler GmbH,company_process,Eloxal Höfler,Eloxal services and certificates,current,,2026-09-14,https://www.eloxal-hoefler.de/,VERIFIED,2026-10-07,https://www.eloxal-hoefler.de/,"Company identity, process and eligibility evidence",Anodising process and ISO 14001 listing; direct validity evidence open,LINK_ONLY,RESEARCHED
S-P40-01,P40,OFTECH Oberflächentechnik GmbH & Co. KG,company_imprint,OFTECH,Company website and imprint,current,,2026-09-14,https://oftech.de/,VERIFIED,2026-10-07,https://oftech.de/,"Company identity, process and eligibility evidence","Exact legal entity; rack, barrel and galvanising work; company describes itself as medium-sized",LINK_ONLY,RESEARCHED
S-P41-01,P41,"Galvano Weis, Weis GmbH & Co., Galvanische-Werkstätte KG",company_imprint,Galvano Weis,Company website and imprint,current,,2026-09-14,https://www.galvano-weis.com/,VERIFIED,2026-10-07,https://www.galvano-weis.com/,"Company identity, process and eligibility evidence",Exact imprint entity and electroplating processes,LINK_ONLY,RESEARCHED
S-P41-02,P41,"Galvano Weis, Weis GmbH & Co., Galvanische-Werkstätte KG",government_business_directory,Bayern International,Galvano Weis company profile,current,,2026-09-14,https://www.keytobavaria.com/,CONTENT_REVIEW_REQUIRED,2026-10-07,https://www.keytobavaria.com/,"Company identity, process and eligibility evidence",Independent Bavarian company and sector corroboration; 2026-10-07 content follow-up: Generic Key to Bavaria homepage lacks exact profile attribution. Actual own imprint S-P41-06 confirms entity/site only.,LINK_ONLY,RESEARCHED
S-P42-01,P42,OT Oberflächentechnik GmbH & Co. KG,company_imprint,OT Oberflächentechnik,Company website and imprint,current,,2026-09-14,https://www.ot-schwerin.de/,REDIRECT_VERIFIED,2026-10-07,https://www.ot-schwerin.de/start.html,"Company identity, process and eligibility evidence",Exact legal entity and industrial surface-treatment activity,LINK_ONLY,RESEARCHED
S-P43-01,P43,WZR ceramic solutions GmbH,company_imprint,WZR ceramic solutions,Impressum,current,,2026-09-14,https://wzr-ceramic.de/impressum/,VERIFIED,2026-10-06,https://wzr-ceramic.de/impressum/,"Company identity, process and eligibility evidence",Exact legal entity and location,LINK_ONLY,RESEARCHED
S-P43-02,P43,WZR ceramic solutions GmbH,government_case,VDI Centre for Resource Efficiency,WZR ceramic solutions SME profile,current,,2026-09-14,https://www.ressource-deutschland.de/,CONTENT_REVIEW_REQUIRED,2026-10-06,https://www.ressource-deutschland.de/,"Company identity, process and eligibility evidence","Historical register claim (12 staff and ceramics development) was linked to the general VDI homepage, which does not substantiate the company claim. Use S-P43-03 for the located company-specific profile; profile publication date and current staff count remain unresolved.",LINK_ONLY,RESEARCHED
S-P44-01,P44,OXIDKERAMIK J. Cardenas GmbH,company_imprint,OXIDKERAMIK J. Cardenas,Impressum and company website,current,,2026-09-14,https://oxidkeramik.de/,VERIFIED,2026-10-07,https://oxidkeramik.de/,"Company identity, process and eligibility evidence",Exact legal entity and production location,LINK_ONLY,RESEARCHED
S-P44-02,P44,OXIDKERAMIK J. Cardenas GmbH,trade_directory,Ceramic Applications,OXIDKERAMIK company profile,current,,2026-09-14,https://www.ceramic-applications.com/,CONTENT_REVIEW_REQUIRED,2026-10-07,https://www.ceramic-applications.com/,"Company identity, process and eligibility evidence",Alumina and direct-sintered silicon-carbide products; 2026-10-07 content follow-up: Generic Ceramic Applications homepage is not a named company profile. Own S-P44-03 confirms actual ceramic production.,LINK_ONLY,RESEARCHED
S-P45-01,P45,Glasmanufaktur HARZKRISTALL GmbH,company_imprint,Glasmanufaktur HARZKRISTALL,Impressum,current,,2026-09-14,https://www.harzkristall.de/impressum,VERIFIED,2026-10-07,https://www.harzkristall.de/impressum,"Company identity, process and eligibility evidence","Exact legal entity, foundation ownership and location",LINK_ONLY,RESEARCHED
S-P45-02,P45,Glasmanufaktur HARZKRISTALL GmbH,company_process,Glasmanufaktur HARZKRISTALL,Active glassworks and production tour,current,,2026-09-14,https://www.harzkristall.de/,VERIFIED,2026-10-07,https://www.harzkristall.de/,"Company identity, process and eligibility evidence","Glass melting, manual forming, pressing and annealing equipment",LINK_ONLY,RESEARCHED
S-P46-01,P46,Porzellanfabrik Hermsdorf GmbH,company_imprint,Porzellanfabrik Hermsdorf,Impressum,current,,2026-09-14,https://www.pofahermsdorf.de/impressum/,VERIFIED,2026-10-07,https://www.pofahermsdorf.de/impressum/,"Company identity, process and eligibility evidence",Exact legal entity and location,LINK_ONLY,RESEARCHED
S-P46-02,P46,Porzellanfabrik Hermsdorf GmbH,company_process,Porzellanfabrik Hermsdorf,Technical ceramics,current,,2026-09-14,https://www.pofahermsdorf.de/,VERIFIED,2026-10-07,https://www.pofahermsdorf.de/,"Company identity, process and eligibility evidence",Technical porcelain and ceramic manufacturing,LINK_ONLY,RESEARCHED
S-P47-01,P47,hofmann CERAMiC GmbH,company_imprint,hofmann CERAMiC,Imprint,current,,2026-09-14,https://www.hofmann-ceramic.de/en/imprint/,VERIFIED,2026-10-07,https://www.hofmann-ceramic.de/en/imprint/,"Company identity, process and eligibility evidence",Exact legal entity and location,LINK_ONLY,RESEARCHED
S-P47-02,P47,hofmann CERAMiC GmbH,company_process,hofmann CERAMiC,Technical ceramic products,current,,2026-09-14,https://www.hofmann-ceramic.de/,VERIFIED,2026-10-07,https://www.hofmann-ceramic.de/,"Company identity, process and eligibility evidence",Technical ceramic production and approximately 150 group employees,LINK_ONLY,RESEARCHED
S-P48-01,P48,Andechser Molkerei Scheitz GmbH,company_imprint,Andechser Natur,Impressum,current,,2026-09-14,https://www.andechser-natur.de/de/impressum,VERIFIED,2026-10-06,https://www.andechser-natur.de/de/impressum,Impressum,Exact legal entity and production location,LINK_ONLY,RESEARCHED
S-P48-02,P48,Andechser Molkerei Scheitz GmbH,public_company_summary,Wikipedia,Andechser Molkerei Scheitz,2022,,2026-09-14,https://de.wikipedia.org/wiki/Andechser_Molkerei_Scheitz,VERIFIED,2026-10-06,https://de.wikipedia.org/wiki/Andechser_Molkerei_Scheitz,Company data,218 employees and EUR 201 million turnover reported for 2022; source cites the published company filing,LINK_ONLY,RESEARCHED
S-P49-01,P49,SAXONIA Galvanik GmbH,company_process,SAXONIA Galvanik,Company and process overview,current,,2026-09-14,https://saxonia-galvanik.de/,CHECK_INCONCLUSIVE,2026-10-06,https://saxonia-galvanik.de/,Company overview,Plastic and metal electroplating processes and exact company name,LINK_ONLY,RESEARCHED
S-P49-02,P49,SAXONIA Galvanik GmbH,company_careers,SAXONIA Galvanik,SAXONIA as employer,current,,2026-09-14,https://saxonia-galvanik.de/saxonia-als-arbeitgeber/?lang=en,CHECK_INCONCLUSIVE,2026-10-06,https://saxonia-galvanik.de/saxonia-als-arbeitgeber/?lang=en,Employer profile,Official page states 300 employees,LINK_ONLY,RESEARCHED
S-P50-01,P50,Brauerei Aying Franz Inselkammer KG,official_company,Ayinger Privatbrauerei,Official imprint,current,,2026-09-14,https://www.brauerei-ayinger.de/impressum/,VERIFIED,2026-10-07,https://www.brauerei-ayinger.de/impressum/,Legal entity,exact legal entity and registered office,LINK_ONLY,RESEARCHED
S-P50-02,P50,Brauerei Aying Franz Inselkammer KG,official_company_process,Ayinger Privatbrauerei,Process and eligibility evidence,current,,2026-09-14,https://www.brauerei-ayinger.de/,VERIFIED,2026-10-07,https://www.brauerei-ayinger.de/,Relevant company or process section,active beer production and brewing process,LINK_ONLY,RESEARCHED
S-P51-01,P51,Distelhäuser Brauerei Ernst Bauer GmbH & Co. KG,official_company,Distelhäuser Brauerei,Imprint,current,,2026-09-14,https://www.distelhaeuser.de/impressumdatenschutz/,VERIFIED,2026-10-07,https://www.distelhaeuser.de/impressumdatenschutz/,Legal entity,exact legal entity and registered office,LINK_ONLY,RESEARCHED
S-P51-02,P51,Distelhäuser Brauerei Ernst Bauer GmbH & Co. KG,official_company_process,Distelhäuser Brauerei,Process and eligibility evidence,current,,2026-09-14,https://www.distelhaeuser.de/unsere-brauerei/regionalitaet/,VERIFIED,2026-10-07,https://www.distelhaeuser.de/unsere-brauerei/regionalitaet/,Relevant company or process section,wort-cooling heat recovery for hot-water generation,LINK_ONLY,RESEARCHED
S-P52-01,P52,Glauner GmbH,official_company,Alpirsbacher Klosterbräu,Imprint,current,,2026-09-14,https://alpirsbacher.de/rechtliches/impressum/,VERIFIED,2026-10-07,https://alpirsbacher.de/rechtliches/impressum/,Legal entity,exact legal entity behind the public brewery brand,LINK_ONLY,RESEARCHED
S-P52-02,P52,Glauner GmbH,official_company_process,Alpirsbacher Klosterbräu,Process and eligibility evidence,current,,2026-09-14,https://alpirsbacher.de/ueber-uns/unsere-werte/,NOT_FOUND,2026-10-07,https://alpirsbacher.de/ueber-uns/unsere-werte/,Relevant company or process section,resource use across the brewing process,LINK_ONLY,RESEARCHED
S-P53-01,P53,Brauerei Rittmayer Hallerndorf GmbH & Co. KG,official_company,Brauerei Rittmayer,Imprint,current,,2026-09-14,https://rittmayer.de/impressum,VERIFIED,2026-10-07,https://rittmayer.de/impressum,Legal entity,exact legal entity and registered office,LINK_ONLY,RESEARCHED
S-P53-02,P53,Brauerei Rittmayer Hallerndorf GmbH & Co. KG,official_company_process,Brauerei Rittmayer,Process and eligibility evidence,current,,2026-09-14,https://rittmayer.de/nachhaltigkeit,VERIFIED,2026-10-07,https://rittmayer.de/nachhaltigkeit,Relevant company or process section,biomass heat; process heat recovery; heat storage and PV,LINK_ONLY,RESEARCHED
S-P54-01,P54,Privatbrauerei Waldhaus Joh. Schmid GmbH,official_company,Privatbrauerei Waldhaus,Imprint,current,,2026-09-14,https://www.waldhaus-bier.de/impressum/,VERIFIED,2026-10-07,https://www.waldhaus-bier.de/impressum/,Legal entity,exact legal entity and registered office,LINK_ONLY,RESEARCHED
S-P54-02,P54,Privatbrauerei Waldhaus Joh. Schmid GmbH,official_company_process,Privatbrauerei Waldhaus,Process and eligibility evidence,current,,2026-09-14,https://www.waldhaus-bier.de/privatbrauerei/,VERIFIED,2026-10-07,https://www.waldhaus-bier.de/privatbrauerei/,Relevant company or process section,beer production and a 458.4 kWp PV system,LINK_ONLY,RESEARCHED
S-P55-01,P55,Merschbrock Kunststoff Spritzguss GmbH,official_company,Merschbrock,Company contact,current,,2026-09-14,https://www.merschbrock.de/kontakt/,VERIFIED,2026-10-07,https://www.merschbrock.de/kontakt/,Legal entity and site,company name and production site,LINK_ONLY,RESEARCHED
S-P55-02,P55,Merschbrock Kunststoff Spritzguss GmbH,official_company_process,Merschbrock,Process and eligibility evidence,current,,2026-09-14,https://www.merschbrock.de/leistungen/,VERIFIED,2026-10-07,https://www.merschbrock.de/leistungen/,Relevant company or process section,more than 75 injection-moulding machines,LINK_ONLY,RESEARCHED
S-P56-01,P56,Spritzguß Müller GmbH,official_company,Spritzguss Müller,Imprint,current,,2026-09-14,https://www.spritzguss-mueller.de/en/impressum/,VERIFIED,2026-10-07,https://www.spritzguss-mueller.de/en/impressum/,Legal entity,exact legal entity and registered office,LINK_ONLY,RESEARCHED
S-P56-02,P56,Spritzguß Müller GmbH,official_company_process,Spritzguss Müller,Process and eligibility evidence,current,,2026-09-14,https://www.spritzguss-mueller.de/,VERIFIED,2026-10-07,https://www.spritzguss-mueller.de/,Relevant company or process section,injection moulding and toolmaking,LINK_ONLY,RESEARCHED
S-P57-01,P57,Stocker Kunststoff GmbH,official_company,Stocker Kunststoff,Imprint,current,,2026-09-14,https://www.stocker-kunststoff.de/impressum/,VERIFIED,2026-10-07,https://www.stocker-kunststoff.de/impressum/,Legal entity,exact legal entity and registered office,LINK_ONLY,RESEARCHED
S-P57-02,P57,Stocker Kunststoff GmbH,official_company_process,Stocker Kunststoff,Process and eligibility evidence,current,,2026-09-14,https://www.stocker-kunststoff.de/,VERIFIED,2026-10-07,https://www.stocker-kunststoff.de/,Relevant company or process section,industrial injection moulding,LINK_ONLY,RESEARCHED
S-P58-01,P58,Dorn Spritzguss GmbH,official_company,Dorn Spritzguss,Imprint,current,,2026-09-14,https://www.dorn-spritzguss.de/impressum/,VERIFIED,2026-10-07,https://www.dorn-spritzguss.de/impressum/,Legal entity,exact legal entity and registered office,LINK_ONLY,RESEARCHED
S-P58-02,P58,Dorn Spritzguss GmbH,official_company_process,Dorn Spritzguss,Process and eligibility evidence,current,,2026-09-14,https://www.dorn-spritzguss.de/leistungen/spritzguss/,VERIFIED,2026-10-07,https://www.dorn-spritzguss.de/leistungen/spritzguss/,Relevant company or process section,injection moulding and ISO 14001 download listing,LINK_ONLY,RESEARCHED
S-P59-01,P59,AK Kunststoffspritzguss GmbH & Co. KG,official_company,AK Kunststoffspritzguss,Imprint,current,,2026-09-14,https://ak-kunststoffspritzguss.com/impressum/,VERIFIED,2026-10-07,https://ak-kunststoffspritzguss.com/impressum/,Legal entity,exact legal entity and registered office,LINK_ONLY,RESEARCHED
S-P59-02,P59,AK Kunststoffspritzguss GmbH & Co. KG,official_company_process,AK Kunststoffspritzguss,Process and eligibility evidence,current,,2026-09-14,https://ak-kunststoffspritzguss.com/,VERIFIED,2026-10-07,https://ak-kunststoffspritzguss.com/,Relevant company or process section,"injection-moulding production;2026-10-07 own energy section confirms cooling-water/exhaust heat reused for complete building underfloor heating and granulate recycling. Process fuel/temperature, usable thermal-store window and installation dates unknown.",LINK_ONLY,RESEARCHED
S-P60-01,P60,HARTCHROM Beck GmbH,official_company,Hartchrom Beck,Company website,current,,2026-09-14,https://www.hartchrom-beck.de/,VERIFIED,2026-10-07,https://www.hartchrom-beck.de/,Legal identity,company name and site,LINK_ONLY,RESEARCHED
S-P60-02,P60,HARTCHROM Beck GmbH,official_company_process,Hartchrom Beck,Process and eligibility evidence,current,,2026-09-14,https://www.hartchrom-beck.de/einsatzmoeglichkeiten/,NOT_FOUND,2026-10-07,https://www.hartchrom-beck.de/einsatzmoeglichkeiten/,Relevant company or process section,hard chromium plating of industrial materials,LINK_ONLY,RESEARCHED
S-P61-01,P61,Galvanik-Horstmann GmbH,official_company,Galvanik-Horstmann,Imprint,current,,2026-09-14,https://www.galvanik-horstmann.de/impressum/,VERIFIED,2026-10-07,https://www.galvanik-horstmann.de/impressum/,Legal entity,exact legal entity and registered office,LINK_ONLY,RESEARCHED
S-P61-02,P61,Galvanik-Horstmann GmbH,official_company_process,Galvanik-Horstmann,Process and eligibility evidence,current,,2026-09-14,https://www.galvanik-horstmann.de/galvanotechnik/,CONTENT_REVIEW_REQUIRED,2026-10-07,https://www.galvanik-horstmann.de/galvanotechnik/,Relevant company or process section,electrolytic deposition plus pretreatment and post-treatment;2026-10-07 scope follow-up: Generic galvanic explainer alone does not attribute owned services. Actual own S-P61-03/04 recovered process/QA; oldDC text remains sector context only.,LINK_ONLY,RESEARCHED
S-P62-01,P62,Galvanotechnik Kessel GmbH & Co. KG,official_company,Galvanotechnik Kessel,Imprint,current,,2026-09-14,https://www.galvanotechnik-kessel.de/impressum/,VERIFIED,2026-10-07,https://www.galvanotechnik-kessel.de/impressum/,Legal entity,exact legal entity and registered office,LINK_ONLY,RESEARCHED
S-P62-02,P62,Galvanotechnik Kessel GmbH & Co. KG,trade_association,Zentralverband Oberflächentechnik,Process and eligibility evidence,current,,2026-09-14,https://www.zvo.org/verband/mitgliedsunternehmen,VERIFIED,2026-10-07,https://www.zvo.org/verband/mitgliedsunternehmen,Relevant company or process section,technical galvanic coating services,LINK_ONLY,RESEARCHED
S-P63-01,P63,OTK Oberflächentechnik Kaltenkirchen GmbH,official_company,OTK,Imprint and company site,current,,2026-09-14,https://otk-galvanik.de/,VERIFIED,2026-10-07,https://otk-galvanik.de/,Legal entity and process,company identity and galvanic or anodising services,LINK_ONLY,RESEARCHED
S-P63-02,P63,OTK Oberflächentechnik Kaltenkirchen GmbH,trade_association,Zentralverband Oberflächentechnik,Process and eligibility evidence,current,,2026-09-14,https://www.zvo.org/verband/mitgliedsunternehmen,CONTENT_REVIEW_REQUIRED,2026-10-07,https://www.zvo.org/verband/mitgliedsunternehmen,Relevant company or process section,"functional galvanic and anodising services;2026-10-07 scope follow-up: Generic association directory response contains no exact OTK/Kaltenkirchen entry; entity/process recovered in own S-P63-01/03, independent attribution unresolved.",LINK_ONLY,RESEARCHED
S-P64-01,P64,Wieland Metalloberflächentechnik GmbH,official_company,Wieland Metalloberflächentechnik,Imprint and operator notice,current,,2026-09-14,https://www.wieland-oberflaeche.de/impressum,VERIFIED,2026-10-07,https://www.wieland-oberflaeche.de/impressum,Legal entity and process,independent contract electroplating operator,LINK_ONLY,RESEARCHED
S-P64-02,P64,Wieland Metalloberflächentechnik GmbH,official_company_process,Wieland Metalloberflächentechnik,Process and eligibility evidence,current,,2026-09-14,https://www.wieland-oberflaeche.de/,VERIFIED,2026-10-07,https://www.wieland-oberflaeche.de/,Relevant company or process section,independent precision contract electroplating,LINK_ONLY,RESEARCHED
S-P65-01,P65,Porzellanmanufaktur FÜRSTENBERG GmbH,official_company,FÜRSTENBERG,Company website and legal footer,current,,2026-09-14,https://www.fuerstenberg-porzellan.com/,VERIFIED,2026-10-07,https://www.fuerstenberg-porzellan.com/,Legal entity and manufacture,porcelain manufacture and legal entity,LINK_ONLY,RESEARCHED
S-P65-02,P65,Porzellanmanufaktur FÜRSTENBERG GmbH,public_company_summary,Wikipedia,Process and eligibility evidence,current,,2026-09-14,https://de.wikipedia.org/wiki/Porzellanmanufaktur_F%C3%BCrstenberg,VERIFIED,2026-10-07,https://de.wikipedia.org/wiki/Porzellanmanufaktur_F%C3%BCrstenberg,Relevant company or process section,porcelain production and reported SME-scale employment,LINK_ONLY,RESEARCHED
S-P66-01,P66,KPM Königliche Porzellan-Manufaktur Berlin GmbH,official_company,KPM Berlin,Company website and imprint,current,,2026-09-14,https://www.kpm-berlin.com/,VERIFIED,2026-10-07,https://www.kpm-berlin.com/,Legal entity and manufacture,porcelain manufacture and exact legal entity,LINK_ONLY,RESEARCHED
S-P66-02,P66,KPM Königliche Porzellan-Manufaktur Berlin GmbH,official_company_process,KPM Berlin,Process and eligibility evidence,current,,2026-09-14,https://www.stiftung-kpm.de/,VERIFIED,2026-10-07,https://www.stiftung-kpm.de/,Relevant company or process section,porcelain manufacture and public heritage documentation,LINK_ONLY,RESEARCHED
S-P67-01,P67,DOCERAM GmbH,official_company,MOESCHTER Group,DOCERAM overview,current,,2026-09-14,https://www.moeschter-group.com/de/doceram/uebersicht/,VERIFIED,2026-10-07,https://www.moeschter-group.com/de/doceram/uebersicht/,Technical ceramics,high-performance ceramic component production,LINK_ONLY,RESEARCHED
S-P67-02,P67,DOCERAM GmbH,official_company_process,MOESCHTER Group,Process and eligibility evidence,current,,2026-09-14,https://www.moeschter-group.com/,REDIRECT_VERIFIED,2026-10-07,https://www.moeschter-group.com/de/,Relevant company or process section,technical ceramics and group-level 178-employee statement,LINK_ONLY,RESEARCHED
S-P68-01,P68,TechnoKer GmbH,official_company,TechnoKer,Imprint,current,,2026-09-14,https://technoker.de/impressum,VERIFIED,2026-10-07,https://technoker.de/impressum,Legal entity,exact legal entity and registered office,LINK_ONLY,RESEARCHED
S-P68-02,P68,TechnoKer GmbH,official_company_process,TechnoKer,Process and eligibility evidence,current,,2026-09-14,https://technoker.de/,VERIFIED,2026-10-07,https://technoker.de/,Relevant company or process section,technical ceramic extrusion and production,LINK_ONLY,RESEARCHED
S-P69-01,P69,Glashütte Valentin Eisch GmbH,official_company,Eisch,Current company and ownership information,current,,2026-09-14,https://www.eisch.de/,VERIFIED,2026-10-06,https://www.eisch.de/,Company FAQ,EISCH joined the ZWIESEL FORTESSA AG brand portfolio in October 2025; linked-enterprise SME eligibility is unresolved,LINK_ONLY,RESEARCHED
S-P70-01,P70,ceram GmbH,official_company,CERAM Ingenieurkeramik,Imprint,current,,2026-09-14,https://www.ceram-gmbh.de/impressum/,VERIFIED,2026-10-07,https://www.ceram-gmbh.de/impressum/,Legal entity,exact legal entity and registered office,LINK_ONLY,RESEARCHED
S-P70-02,P70,ceram GmbH,official_company_process,CERAM Ingenieurkeramik,Production and service scope,current,,2026-09-14,https://www.ceram-gmbh.de/leistungsspektrum/,VERIFIED,2026-10-07,https://www.ceram-gmbh.de/leistungsspektrum/,Production and development,ceramic spray powders; melt products; sinter products and pilot sintering,LINK_ONLY,RESEARCHED
S-P71-01,P71,Flötzinger Brauerei Franz Steegmüller GmbH & Co. KG,official_company,Flötzinger Brauerei,Legal entity and company information,current,,2026-09-14,https://www.floetzinger.de/,VERIFIED,2026-10-07,https://www.floetzinger.de/,Imprint or company section,exact legal entity; registered or operating location,LINK_ONLY,RESEARCHED
S-P71-02,P71,Flötzinger Brauerei Franz Steegmüller GmbH & Co. KG,official_company_process,Flötzinger Brauerei,Brewery and product information,current,,2026-10-07,https://www.floetzinger.de/,CONTENT_REVIEW_REQUIRED,2026-10-07,https://www.floetzinger.de/,Company or production section,"Retrieved homepage presents age check only; no manufacturing/energy evidence in accessible body. Use separately sourced completed Schechen building, not inferred brewhouse energy.",LINK_ONLY,AI_FIRST_PASS_SCOPE_BOUNDARY
S-P72-01,P72,Hofbräuhaus Traunstein Josef Sailer GmbH & Co. KG,official_company,Hofbräuhaus Traunstein,Legal entity and company information,current,,2026-09-14,https://www.hb-ts.de/,VERIFIED,2026-10-07,https://www.hb-ts.de/,Imprint or company section,exact legal entity; registered or operating location,LINK_ONLY,RESEARCHED
S-P72-02,P72,Hofbräuhaus Traunstein Josef Sailer GmbH & Co. KG,official_company_process,Hofbräuhaus Traunstein,Brewery and company information,current,,2026-09-14,https://www.hb-ts.de/,VERIFIED,2026-10-07,https://www.hb-ts.de/,Company or production section,brewing; boiling; fermentation,LINK_ONLY,RESEARCHED
S-P73-01,P73,Brauerei-Gasthof Kundmüller GmbH,official_company,Brauerei-Gasthof Kundmüller,Legal entity and company information,current,,2026-09-14,https://www.brauerei-kundmueller.de/,VERIFIED,2026-10-07,https://www.brauerei-kundmueller.de/,Imprint or company section,exact legal entity; registered or operating location,LINK_ONLY,RESEARCHED
S-P73-02,P73,Brauerei-Gasthof Kundmüller GmbH,official_company_process,Brauerei-Gasthof Kundmüller,Brewery information,current,,2026-09-14,https://www.brauerei-kundmueller.de/,VERIFIED,2026-10-07,https://www.brauerei-kundmueller.de/,Company or production section,brewing; boiling; fermentation,LINK_ONLY,RESEARCHED
S-P74-01,P74,Brauerei Gebr. Maisel GmbH & Co. KG,official_company,Brauerei Gebr. Maisel,Legal entity and company information,current,,2026-09-14,https://www.maisel.com/,VERIFIED,2026-10-07,https://www.maisel.com/,Imprint or company section,exact legal entity; registered or operating location,LINK_ONLY,RESEARCHED
S-P74-02,P74,Brauerei Gebr. Maisel GmbH & Co. KG,official_company_process,Brauerei Gebr. Maisel,Brewery and brewing-tradition information,current,,2026-09-14,https://www.maisel.com/,VERIFIED,2026-10-07,https://www.maisel.com/,Company or production section,brewing; boiling; fermentation; maturation,LINK_ONLY,RESEARCHED
S-P75-01,P75,Privatbrauerei J.B. Falter Regen KG,official_company,Privatbrauerei J.B. Falter,Legal entity and company information,current,,2026-09-14,https://www.jb-falter.de/service/impressum,VERIFIED,2026-10-07,https://www.jb-falter.de/service/impressum,Imprint or company section,exact legal entity; registered or operating location,LINK_ONLY,RESEARCHED
S-P75-02,P75,Privatbrauerei J.B. Falter Regen KG,official_company_process,Privatbrauerei J.B. Falter,Brewery and product information,current,,2026-09-14,https://www.jb-falter.de/,VERIFIED,2026-10-07,https://www.jb-falter.de/,Company or production section,brewing; boiling; fermentation,LINK_ONLY,RESEARCHED
S-P76-01,P76,Si-Tech Singer GmbH,official_company,Si-Tech Singer,Legal entity and company information,current,,2026-09-14,https://si-tech-gmbh.com/impressum/,CONTENT_REVIEW_REQUIRED,2026-10-07,https://si-tech-gmbh.com/,Imprint or company section,exact legal entity; registered or operating location,LINK_ONLY,RESEARCHED
S-P76-02,P76,Si-Tech Singer GmbH,official_company_process,Si-Tech Singer,Injection-moulding service scope,current,,2026-09-14,https://si-tech-gmbh.com/,VERIFIED,2026-10-07,https://si-tech-gmbh.com/,Company or production section,"technical thermoplastic injection moulding; toolmaking;2026-10-07 attribution correction: own injection production, tool manufacture by partner companies S-P76-07; no own CNC/EDM inherited.",LINK_ONLY,RESEARCHED
S-P77-01,P77,metak GmbH & Co. KG,official_company,metak,Legal entity and company information,current,,2026-09-14,https://www.metak.de/impressum,VERIFIED,2026-10-07,https://www.metak.de/impressum,Imprint or company section,exact legal entity; registered or operating location,LINK_ONLY,RESEARCHED
S-P77-02,P77,metak GmbH & Co. KG,official_company_process,metak,Injection-moulding and production scope,current,,2026-09-14,https://www.metak.de/,VERIFIED,2026-10-07,https://www.metak.de/,Company or production section,plastic injection moulding; toolmaking; assembly,LINK_ONLY,RESEARCHED
S-P78-01,P78,Erlemann & Huckenbeck GmbH & Co. KG,official_company,Erlemann & Huckenbeck,Legal entity and company information,current,,2026-09-14,https://www.erlemann-huckenbeck.de/,CHECK_INCONCLUSIVE,2026-10-07,https://www.erlemann-huckenbeck.de/,Imprint or company section,exact legal entity; registered or operating location,LINK_ONLY,RESEARCHED
S-P78-02,P78,Erlemann & Huckenbeck GmbH & Co. KG,official_company_process,Erlemann & Huckenbeck,Moulded-parts production scope,current,,2026-09-14,https://www.erlemann-huckenbeck.de/,CHECK_INCONCLUSIVE,2026-10-07,https://www.erlemann-huckenbeck.de/,Company or production section,thermoplastic and thermoset injection moulding; compression moulding,LINK_ONLY,RESEARCHED
S-P79-01,P79,Langer GmbH & Co. KG,official_company,Langer Group,Legal entity and company information,current,,2026-09-14,https://www.langer-group.de/Impressum-Langer-Group,VERIFIED,2026-10-07,https://www.langer-group.de/Impressum-Langer-Group,Imprint or company section,exact legal entity; registered or operating location,LINK_ONLY,RESEARCHED
S-P79-02,P79,Langer GmbH & Co. KG,official_company_process,Langer Group,Injection-moulding production scope,current,,2026-09-14,https://www.langer-group.de/,VERIFIED,2026-10-07,https://www.langer-group.de/,Company or production section,plastic injection moulding; toolmaking; series production,LINK_ONLY,RESEARCHED
S-P80-01,P80,MKT Metall- und Kunststofftechnik GmbH,official_company,MKT Metall- und Kunststofftechnik,Legal entity and company information,current,,2026-09-14,https://www.mkt-gmbh.org/impressum/,VERIFIED,2026-10-07,https://www.mkt-gmbh.org/impressum/,Imprint or company section,exact legal entity; registered or operating location,LINK_ONLY,RESEARCHED
S-P80-02,P80,MKT Metall- und Kunststofftechnik GmbH,official_company_process,MKT Metall- und Kunststofftechnik,Injection-moulding production scope,current,,2026-09-14,https://www.mkt-gmbh.org/,VERIFIED,2026-10-07,https://www.mkt-gmbh.org/,Company or production section,plastic injection moulding; toolmaking; assembly,LINK_ONLY,RESEARCHED
S-P81-01,P81,Eloxalwerk Ludwigsburg Helmut Zerrer GmbH,official_company,Eloxalwerk Ludwigsburg,Legal entity and company information,current,,2026-09-14,https://ceranod.de/impressum/,VERIFIED,2026-10-07,https://ceranod.de/impressum/,Imprint or company section,exact legal entity; registered or operating location,LINK_ONLY,RESEARCHED
S-P81-02,P81,Eloxalwerk Ludwigsburg Helmut Zerrer GmbH,official_company_process,Eloxalwerk Ludwigsburg,Anodising and surface-finishing scope,current,,2026-09-14,https://ceranod.de/,VERIFIED,2026-10-07,https://ceranod.de/,Company or production section,technical; functional and decorative anodising,LINK_ONLY,RESEARCHED
S-P82-01,P82,Galvanotec-Hagen GmbH & Co. KG,official_company,Galvanotec-Hagen,Legal entity and company information,current,,2026-09-14,https://www.galvanotec-hagen.de/,VERIFIED,2026-10-07,https://www.galvanotec-hagen.de/,Imprint or company section,exact legal entity; registered or operating location,LINK_ONLY,RESEARCHED
S-P82-02,P82,Galvanotec-Hagen GmbH & Co. KG,official_company_process,Galvanotec-Hagen,Electroplating and production capabilities,current,,2026-10-07,https://www.galvanotec-hagen.de/,VERIFIED,2026-10-07,https://www.galvanotec-hagen.de/,Company or production section,Owner describes actual zinc-plating production lines for long parts at Hagen. Owned electrochemical processing establishes DC relevance; generic Galvani explanation on another page is not equipment inventory.,LINK_ONLY,AI_FIRST_PASS_RECHECK
S-P83-01,P83,Gerbracht & Mönch Galvanotechnik GmbH,official_company,Gerbracht & Mönch Galvanotechnik,Legal entity and company information,current,,2026-09-14,https://www.galvanotec.de/impressum/,VERIFIED,2026-10-07,https://www.galvanotec.de/impressum/,Imprint or company section,exact legal entity; registered or operating location,LINK_ONLY,RESEARCHED
S-P83-02,P83,Gerbracht & Mönch Galvanotechnik GmbH,official_company_process,Gerbracht & Mönch Galvanotechnik,Electroplating and anodising scope,current,,2026-09-14,https://www.galvanotec.de/,VERIFIED,2026-10-07,https://www.galvanotec.de/,Company or production section,zinc-nickel electroplating; anodising; passivation,LINK_ONLY,RESEARCHED
S-P84-01,P84,Sauer Oberflächentechnik GmbH,official_company,Sauer Oberflächentechnik,Legal entity and company information,current,,2026-09-14,https://sa-oberflaechen.de/impressum/,VERIFIED,2026-10-07,https://sa-oberflaechen.de/impressum/,Imprint or company section,exact legal entity; registered or operating location,LINK_ONLY,RESEARCHED
S-P84-02,P84,Sauer Oberflächentechnik GmbH,official_company_process,Sauer Oberflächentechnik,Powder-coating production,current,,2026-09-14,https://sa-oberflaechen.de/unsere-produktion/,VERIFIED,2026-10-07,https://sa-oberflaechen.de/unsere-produktion/,Company or production section,powder coating; pretreatment; shift production,LINK_ONLY,RESEARCHED
S-P85-01,P85,Die Schweizer Galvanotechnic GmbH & Co. KG,official_company,Schweizer Galvanotechnic,Legal entity and company information,current,,2026-09-14,https://www.galvanotechnic.de/,REDIRECT_VERIFIED,2026-10-07,https://www.galvanotechnic.de/meta/home-schweizer-galvanotechnic.html,Imprint or company section,exact legal entity; registered or operating location,LINK_ONLY,RESEARCHED
S-P85-02,P85,Die Schweizer Galvanotechnic GmbH & Co. KG,official_company_process,Schweizer Galvanotechnic,Galvanic surface-finishing scope,current,,2026-10-07,https://www.galvanotechnic.de/,CONTENT_REVIEW_REQUIRED,2026-10-07,https://www.galvanotechnic.de/meta/home-schweizer-galvanotechnic.html,Company or production section,Former production endpoint announces website move; retrieved body does not substantiate former equipment description. Current owner website checked separately.,LINK_ONLY,AI_FIRST_PASS_SCOPE_BOUNDARY
S-P86-01,P86,GIESS- TECHNISCHE- SONDERKERAMIK GmbH & Co. KG,official_company,GTS Keramik,Legal entity and company information,current,,2026-09-14,https://gts-keramik.de/,VERIFIED,2026-10-07,https://gts-keramik.de/,Imprint or company section,exact legal entity; registered or operating location,LINK_ONLY,RESEARCHED
S-P86-02,P86,GIESS- TECHNISCHE- SONDERKERAMIK GmbH & Co. KG,official_company_process,GTS Keramik,Special-ceramics product and production scope,current,,2026-10-07,https://gts-keramik.de/,VERIFIED,2026-10-07,https://gts-keramik.de/,Company or production section,"Owner FAQ describes own ceramic manufacture, sinter firing then diamond machining; product temperature resistance is not actual kiln operating range. No thermal carrier or commissioning date.",LINK_ONLY,AI_FIRST_PASS_RECHECK
S-P87-01,P87,Ceramany GmbH,official_company,Ceramany,Legal entity and company information,current,,2026-09-14,https://ceramany.com/impressum/,VERIFIED,2026-10-07,https://ceramany.com/impressum/,Imprint or company section,exact legal entity; registered or operating location,LINK_ONLY,RESEARCHED
S-P87-02,P87,Ceramany GmbH,official_company_process,Ceramany,High-performance ceramic production scope,current,,2026-09-14,https://ceramany.com/kontakt/,CONTENT_REVIEW_REQUIRED,2026-10-07,https://ceramany.com/kontakt/,Company or production section,"ceramic injection moulding; pressing; finishing;2026-10-07 scope follow-up: contacts distinguish Menden/Yixing, foreign-holder ISO9001 at S-P87-04 does not attribute assets/staff/manufacturing to German entity.",LINK_ONLY,RESEARCHED
S-P88-01,P88,Ceramaret Meissen GmbH,official_company,Ceramaret,Legal entity and company information,current,,2026-09-14,https://ceramaret.com/de/legal/impressum,VERIFIED,2026-10-07,https://ceramaret.com/de/legal/impressum,Imprint or company section,exact legal entity; registered or operating location,LINK_ONLY,RESEARCHED
S-P88-02,P88,Ceramaret Meissen GmbH,official_company_process,Ceramaret,German production site and ceramic capabilities,current,,2026-09-14,https://ceramaret.com/,VERIFIED,2026-10-07,https://ceramaret.com/,Company or production section,technical ceramic component production; precision finishing,LINK_ONLY,RESEARCHED
S-P89-01,P89,TECHNISCHE KERAMIK FRÖMGEN GMBH,official_company,Technische Keramik Frömgen,Legal entity and company information,current,,2026-09-14,https://www.tkf-froemgen.de/,REDIRECT_VERIFIED,2026-10-07,https://www.tkf-froemgen.de/en/,Imprint or company section,exact legal entity; registered or operating location,LINK_ONLY,RESEARCHED
S-P89-02,P89,TECHNISCHE KERAMIK FRÖMGEN GMBH,official_company_process,Technische Keramik Frömgen,Technical-ceramics materials and services,current,,2026-10-07,https://www.tkf-froemgen.de/,REDIRECT_VERIFIED,2026-10-07,https://www.tkf-froemgen.de/en/,Company or production section,Current homepage/technical component page has insufficient own heat equipment detail; separate owner machine-park page S-P89-04 confirms own sintering furnaces. Initial HTTP466 later recovered viaHTTP200.,LINK_ONLY,AI_FIRST_PASS_SCOPE_BOUNDARY
S-P90-01,P90,InnoKeramik & Technik GmbH,official_company,InnoKeramik & Technik,Legal entity and company information,current,,2026-09-14,https://innokeramik.de/impressum/,VERIFIED,2026-10-07,https://innokeramik.de/impressum/,Imprint or company section,exact legal entity; registered or operating location,LINK_ONLY,RESEARCHED
S-P90-02,P90,InnoKeramik & Technik GmbH,official_company_process,InnoKeramik & Technik,Technical-ceramics product scope,current,,2026-09-14,https://innokeramik.de/,VERIFIED,2026-10-07,https://innokeramik.de/,Company or production section,technical ceramic components; ceramic processing;2026-10-07 scope correction: own plate machining described separately at S-P90-03; supplier firing/machine sales not own kiln inventory.,LINK_ONLY,RESEARCHED
S-P91-01,P91,Brauerei S. Riegele Inh. Riegele KG,official_company,Riegele,Legal entity and company information,current,,2026-09-14,https://www.riegele.de/impressum/,VERIFIED,2026-10-07,https://www.riegele.de/impressum/,Imprint or company section,exact legal entity; registered or operating location,LINK_ONLY,RESEARCHED
S-P91-02,P91,Brauerei S. Riegele Inh. Riegele KG,official_company_process,Riegele,Production and process scope,current,,2026-09-14,https://www.riegele.de/,VERIFIED,2026-10-07,https://www.riegele.de/,Company or production section,brewing; boiling; fermentation; maturation and filling,LINK_ONLY,RESEARCHED
S-P92-01,P92,Familienbrauerei M. Ketterer GmbH & Co. KG,official_company,Ketterer,Legal entity and company information,current,,2026-09-14,https://www.kettererbier.de/impressum/,VERIFIED,2026-10-07,https://www.kettererbier.de/impressum/,Imprint or company section,exact legal entity; registered or operating location,LINK_ONLY,RESEARCHED
S-P92-02,P92,Familienbrauerei M. Ketterer GmbH & Co. KG,official_company_process,Ketterer,Production and process scope,current,,2026-09-14,https://www.kettererbier.de/,VERIFIED,2026-10-07,https://www.kettererbier.de/,Company or production section,brewing; boiling; fermentation; maturation and filling,LINK_ONLY,RESEARCHED
S-P93-01,P93,Brauerei Schimpfle GmbH & Co. KG,official_company,Brauerei Schimpfle,Legal entity and company information,current,,2026-09-14,https://www.brauerei-schimpfle.de/impressum/,NOT_FOUND,2026-10-07,https://www.brauerei-schimpfle.de/impressum,Imprint or company section,exact legal entity; registered or operating location,LINK_ONLY,RESEARCHED
S-P93-02,P93,Brauerei Schimpfle GmbH & Co. KG,official_company_process,Brauerei Schimpfle,Production and process scope,current,,2026-09-14,https://www.brauerei-schimpfle.de/,VERIFIED,2026-10-07,https://www.brauerei-schimpfle.de/,Company or production section,brewing; open fermentation; beverage filling,LINK_ONLY,RESEARCHED
S-P94-01,P94,Brauerei zum Kuchlbauer GmbH & Co. KG,official_company,Kuchlbauer,Legal entity and company information,current,,2026-09-14,https://kuchlbauer.de/impressum/,VERIFIED,2026-10-07,https://kuchlbauer.de/impressum/,Imprint or company section,exact legal entity; registered or operating location,LINK_ONLY,RESEARCHED
S-P94-02,P94,Brauerei zum Kuchlbauer GmbH & Co. KG,official_company_process,Kuchlbauer,Production and process scope,current,,2026-09-14,https://kuchlbauer.de/,VERIFIED,2026-10-07,https://kuchlbauer.de/,Company or production section,wheat-beer brewing; boiling; fermentation; maturation and filling,LINK_ONLY,RESEARCHED
S-P95-01,P95,Winkler-Bräu GmbH & Co. KG,official_company,Winkler-Bräu,Legal entity and company information,current,,2026-09-14,https://www.winkler-braeu.de/impressum/,NOT_FOUND,2026-10-07,https://www.winkler-braeu.de/impressum,Imprint or company section,exact legal entity; registered or operating location,LINK_ONLY,RESEARCHED
S-P95-02,P95,Winkler-Bräu GmbH & Co. KG,official_company_process,Winkler-Bräu,Production and process scope,current,,2026-09-14,https://www.winkler-braeu.de/,VERIFIED,2026-10-07,https://www.winkler-braeu.de/,Company or production section,brewing; open fermentation; maturation and filling,LINK_ONLY,RESEARCHED
S-P96-01,P96,PEKA Spritzguss GmbH,official_company,PEKA Spritzguss,Legal entity and company information,current,,2026-09-14,https://www.peka-spritzguss.de/,VERIFIED,2026-10-07,https://www.peka-spritzguss.de/,Imprint or company section,exact legal entity; registered or operating location,LINK_ONLY,RESEARCHED
S-P96-02,P96,PEKA Spritzguss GmbH,official_company_process,PEKA Spritzguss,Production and process scope,current,,2026-10-07,https://www.peka-spritzguss.de/,VERIFIED,2026-10-07,https://www.peka-spritzguss.de/,Company or production section,"Owner describes own injection moulding, CAD/CAM toolmaking and automated quality work. No process heat-carrier balance or measured energy savings.",LINK_ONLY,AI_FIRST_PASS_RECHECK
S-P97-01,P97,Peltzer & Co. GmbH,official_company,PECO,Legal entity and company information,current,,2026-09-14,https://www.peco-germany.com/impressum/,VERIFIED,2026-10-07,https://www.peco-germany.com/impressum/,Imprint or company section,exact legal entity; registered or operating location,LINK_ONLY,RESEARCHED
S-P97-02,P97,Peltzer & Co. GmbH,official_company_process,PECO,Production and process scope,current,,2026-09-14,https://www.peco-germany.com/,VERIFIED,2026-10-07,https://www.peco-germany.com/,Company or production section,technical thermoplastic injection moulding; insert moulding; assembly,LINK_ONLY,RESEARCHED
S-P98-01,P98,Robert Frank GmbH & Co. KG,official_company,Robert Frank,Legal entity and company information,current,,2026-09-14,https://www.frank-formenbau-spritzguss.de/impressum/,VERIFIED,2026-10-07,https://www.frank-formenbau-spritzguss.de/impressum/,Imprint or company section,exact legal entity; registered or operating location,LINK_ONLY,RESEARCHED
S-P98-02,P98,Robert Frank GmbH & Co. KG,official_company_process,Robert Frank,Production and process scope,current,,2026-09-14,https://www.frank-formenbau-spritzguss.de/,VERIFIED,2026-10-07,https://www.frank-formenbau-spritzguss.de/,Company or production section,toolmaking; injection moulding; component assembly,LINK_ONLY,RESEARCHED
S-P99-01,P99,Kunststofftechnik Breitungen GmbH & Co. KG,official_company,Kunststofftechnik Breitungen,Legal entity and company information,current,,2026-09-14,https://www.kt-breitungen.de/,VERIFIED,2026-10-07,https://www.kt-breitungen.de/,Imprint or company section,exact legal entity; registered or operating location,LINK_ONLY,RESEARCHED
S-P99-02,P99,Kunststofftechnik Breitungen GmbH & Co. KG,official_company_process,Kunststofftechnik Breitungen,Production and process scope,current,,2026-09-14,https://www.kt-breitungen.de/,VERIFIED,2026-10-07,https://www.kt-breitungen.de/,Company or production section,plastic injection moulding; toolmaking; finishing and assembly,LINK_ONLY,RESEARCHED
S-P100-01,P100,Kläger Spritzguss GmbH & Co. KG,official_company,Kläger Spritzguss,Legal entity and company information,current,,2026-09-14,https://kunststoffspritzguss-produzent.de/,VERIFIED,2026-10-07,https://kunststoffspritzguss-produzent.de/,Imprint or company section,exact legal entity; registered or operating location,LINK_ONLY,RESEARCHED
S-P100-02,P100,Kläger Spritzguss GmbH & Co. KG,official_company_process,Kläger Spritzguss,Production and process scope,current,,2026-09-14,https://klaeger.de/,VERIFIED,2026-10-07,https://klaeger.de/,Company or production section,plastic injection moulding; toolmaking and series production,LINK_ONLY,RESEARCHED
S-P101-01,P101,Metoba Metalloberflächenbearbeitung GmbH,official_company,METOBA,Legal entity and company information,current,,2026-09-14,https://www.metoba.de/impressum/,VERIFIED,2026-10-07,https://www.metoba.de/impressum/,Imprint or company section,exact legal entity; registered or operating location,LINK_ONLY,RESEARCHED
S-P101-02,P101,Metoba Metalloberflächenbearbeitung GmbH,official_company_process,METOBA,Production and process scope,current,,2026-09-14,https://www.metoba.de/,VERIFIED,2026-10-07,https://www.metoba.de/,Company or production section,band; rack and barrel electroplating; selective plating,LINK_ONLY,RESEARCHED
S-P102-01,P102,Rudolf Clauss GmbH & Co. KG,official_company,Rudolf Clauss,Legal entity and company information,current,,2026-09-14,https://www.rudolf-clauss.de/,REDIRECT_VERIFIED,2026-10-07,https://www.rudolf-clauss.de/de/,Imprint or company section,exact legal entity; registered or operating location,LINK_ONLY,RESEARCHED
S-P102-02,P102,Rudolf Clauss GmbH & Co. KG,official_company_process,Rudolf Clauss,Production and process scope,current,,2026-10-07,https://www.rudolf-clauss.de/,REDIRECT_VERIFIED,2026-10-07,https://www.rudolf-clauss.de/de/,Company or production section,Owner describes own electroplating and separately chemical nickel. Owned electrochemical route supplies bounded rectifier relevance; no rectifier ratings or measured harmonic issue.,LINK_ONLY,AI_FIRST_PASS_RECHECK
S-P103-01,P103,Metallveredelung Gebrüder Wigl GmbH,official_company,Wigl Metallveredelung,Legal entity and company information,current,,2026-09-14,https://www.wigl-gmbh.de/,VERIFIED,2026-10-07,https://www.wigl-gmbh.de/,Imprint or company section,exact legal entity; registered or operating location,LINK_ONLY,RESEARCHED
S-P103-02,P103,Metallveredelung Gebrüder Wigl GmbH,official_company_process,Wigl Metallveredelung,Production and process scope,current,,2026-09-14,https://www.wigl-gmbh.de/,VERIFIED,2026-10-07,https://www.wigl-gmbh.de/,Company or production section,anodising; zinc-nickel; chemical nickel and galvanic coating,LINK_ONLY,RESEARCHED
S-P104-01,P104,Holder GmbH Oberflächentechnik,official_company,Holder Oberflächentechnik,Legal entity and company information,current,,2026-09-14,https://holder-oft.de/impressum/,VERIFIED,2026-10-07,https://holder-oft.de/impressum/,Imprint or company section,exact legal entity; registered or operating location,LINK_ONLY,RESEARCHED
S-P104-02,P104,Holder GmbH Oberflächentechnik,official_company_process,Holder Oberflächentechnik,Production and process scope,current,,2026-09-14,https://holder-oft.de/,VERIFIED,2026-10-07,https://holder-oft.de/,Company or production section,zinc; zinc-nickel; chemical nickel; anodising and heat treatment,LINK_ONLY,RESEARCHED
S-P105-01,P105,Dresdner Silber und Metallveredlung GmbH,official_company,Dresdner Silber,Legal entity and company information,current,,2026-09-14,https://www.dresdnersilber.de/impressum/,REDIRECT_VERIFIED,2026-10-07,https://www.dresdnersilber.de/impressum,Imprint or company section,exact legal entity; registered or operating location,LINK_ONLY,RESEARCHED
S-P105-02,P105,Dresdner Silber und Metallveredlung GmbH,official_company_process,Dresdner Silber,Production and process scope,current,,2026-09-14,https://www.dresdnersilber.de/,VERIFIED,2026-10-07,https://www.dresdnersilber.de/,Company or production section,rack and barrel electroplating; precious-metal and nickel coating,LINK_ONLY,RESEARCHED
S-P106-01,P106,Felix Vuckovic - Technische Keramik GmbH,official_company,Felix Vuckovic - Technische Keramik,Legal entity and company information,current,,2026-09-14,https://www.fv-technische-keramik.de/impressum/,VERIFIED,2026-10-07,https://www.fv-technische-keramik.de/impressum/,Imprint or company section,exact legal entity; registered or operating location,LINK_ONLY,RESEARCHED
S-P106-02,P106,Felix Vuckovic - Technische Keramik GmbH,official_company_process,Felix Vuckovic - Technische Keramik,Production and process scope,current,,2026-09-14,https://www.fv-technische-keramik.de/,VERIFIED,2026-10-07,https://www.fv-technische-keramik.de/,Company or production section,custom technical-ceramic components; material selection and production,LINK_ONLY,RESEARCHED
S-P107-01,P107,Dibbern Porzellanmanufaktur GmbH,official_company,DIBBERN,Legal entity and company information,current,,2026-09-14,https://www.dibbern.de/en/about-us/,EXISTS_ACCESS_CHALLENGE,2026-10-07,https://www.dibbern.de/en/about-us/,Imprint or company section,exact legal entity; registered or operating location,LINK_ONLY,RESEARCHED
S-P107-02,P107,Dibbern Porzellanmanufaktur GmbH,official_company_process,DIBBERN,Production and process scope,current,,2026-09-14,https://www.dibbern.de/en/about-dibbern/manufactory/,EXISTS_ACCESS_CHALLENGE,2026-10-07,https://www.dibbern.de/en/about-dibbern/manufactory/,Company or production section,fine bone china forming; glazing and firing,LINK_ONLY,RESEARCHED
S-P108-01,P108,Porzellanmanufaktur Reichenbach GmbH,official_company,Porzellanmanufaktur Reichenbach,Legal entity and company information,current,,2026-09-14,https://reichenbach-porzellan.de/,VERIFIED,2026-10-07,https://reichenbach-porzellan.de/,Imprint or company section,exact legal entity; registered or operating location,LINK_ONLY,RESEARCHED
S-P108-02,P108,Porzellanmanufaktur Reichenbach GmbH,official_company_process,Porzellanmanufaktur Reichenbach,Production and process scope,current,,2026-09-14,https://reichenbach-porzellan.de/manufaktur/,VERIFIED,2026-10-07,https://reichenbach-porzellan.de/manufaktur/,Company or production section,porcelain forming; glazing; decoration and firing,LINK_ONLY,RESEARCHED
S-P109-01,P109,Porzellan Manufaktur Nymphenburg GmbH & Co. KG,official_company,Nymphenburg,Legal entity and company information,current,,2026-09-14,https://www.nymphenburg.com/policies/legal-notice,VERIFIED,2026-10-07,https://www.nymphenburg.com/policies/legal-notice,Imprint or company section,exact legal entity; registered or operating location,LINK_ONLY,RESEARCHED
S-P109-02,P109,Porzellan Manufaktur Nymphenburg GmbH & Co. KG,official_company_process,Nymphenburg,Production and process scope,current,,2026-09-14,https://www.nymphenburg.com/,VERIFIED,2026-10-07,https://www.nymphenburg.com/,Company or production section,porcelain forming; glazing; painting and firing,LINK_ONLY,RESEARCHED
S-P110-01,P110,Neue Porzellanfabrik Triptis GmbH,official_company,Eschenbach Porzellan,Legal entity and company information,current,,2026-10-07,https://eschenbachporzellan.de/impressum,CONTENT_REVIEW_REQUIRED,2026-10-07,https://eschenbachporzellan.de/impressum,Imprint or company section,"Current imprint names Eschenbach Porzellan GmbH, HRB 521093, NOT Neue Porzellanfabrik Triptis GmbH. Common brand/address/management alone does not establish legal continuity or owned current production.",LINK_ONLY,AI_FIRST_PASS_SCOPE_BOUNDARY
S-P110-02,P110,Neue Porzellanfabrik Triptis GmbH,official_company_process,Eschenbach Porzellan,Production and process scope,current,,2026-09-14,https://www.triptisporzellan.de/,CHECK_INCONCLUSIVE,2026-10-07,https://www.triptisporzellan.de/,Company or production section,porcelain forming; glazing; decoration and firing,LINK_ONLY,RESEARCHED
S-P21-04,P21,Privatbrauerei MORITZ FIEGE GmbH & Co. KG,public_agency_case,Effizienz-Agentur NRW,Brauerei der Zukunft results,2026,2026-09-30,2026-10-06,https://www.efa.nrw/aktuell/details/projekt-brauerei-der-zukunft-das-rezept-fuer-klimaneutrales-bier,VERIFIED,2026-10-07,https://www.efa.nrw/aktuell/details/projekt-brauerei-der-zukunft-das-rezept-fuer-klimaneutrales-bier,Company-specific paragraphs,Moritz Fiege uses ecocockpit carbon accounting and the resource-efficient bottle washer; sector-wide gas/heat-pump statements are not site-specific deployment evidence.,LINK_ONLY,AI_FIRST_PASS_RECHECK
S-P27-04,P27,BCE Special Ceramics GmbH,company_technical_page,BCE Special Ceramics GmbH,Technical equipment and company process chain,current,,2026-10-06,https://www.bce-special-ceramics.com/company/,VERIFIED,2026-10-07,https://www.bce-special-ceramics.com/company/,TECHNICAL EQUIPMENT; FAQ,"Ten CNC-controlled machines, additional NC machining and in-house pressing/grinding; ISO 9001 quality claim is not ISO 50001 or an EnMS.",LINK_ONLY,AI_FIRST_PASS_RECHECK
S-P30-03,P30,Privat-Brauerei Zötler GmbH,company_sustainability_page,Privat-Brauerei Zötler GmbH,Quality and sustainability measures,current,,2026-10-06,https://www.zoetler.de/qualitaet-und-umwelt.html,VERIFIED,2026-10-07,https://www.zoetler.de/qualitaet-und-umwelt.html,Named process/energy sections,"Company lists CHP with heat/cold coupling, PV expansion and energy/water monitoring; claims EMAS. Linked 2023 EMAS PDF returned 404 on 2026-10-06, so validity remains unresolved.",LINK_ONLY,AI_FIRST_PASS_RECHECK
S-P30-04,P30,Privat-Brauerei Zötler GmbH,company_investment_page,Privat-Brauerei Zötler GmbH,New maturation cellar,2025,,2026-10-06,https://www.zoetler.de/reifekeller.html,VERIFIED,2026-10-07,https://www.zoetler.de/reifekeller.html,Named process/energy sections,"Maturation cellar completed in 2025; individually controlled jacket cooling replaces room cooling. This supports a dated efficiency investment, not verified energy savings or load shifting.",LINK_ONLY,AI_FIRST_PASS_RECHECK
S-P30-05,P30,Privat-Brauerei Zötler GmbH,company_process_page,Privat-Brauerei Zötler GmbH,Brewing and maturation,current,,2026-10-06,https://www.zoetler.de/motivation.html,VERIFIED,2026-10-07,https://www.zoetler.de/motivation.html,Named process/energy sections,Individual brews by variety; one-week primary fermentation and three-to-eight-week maturation. Quality constraints do not establish controllable thermal storage.,LINK_ONLY,AI_FIRST_PASS_RECHECK
S-P31-03,P31,Brauerei Clemens Härle KG,company_energy_page,Brauerei Clemens Härle KG,Renewable energy strategy,current,,2026-10-06,https://www.haerle.de/die-gruene-brauerei/wir-arbeiten-mit-gruener-energie,VERIFIED,2026-10-07,https://www.haerle.de/die-gruene-brauerei/wir-arbeiten-mit-gruener-energie,Named process/energy sections,Wood-chip heat replacing oil since 2008; six onsite PV systems; electric delivery trucks dated July 2023 and September 2026. Renewable supply does not establish electric process heat.,LINK_ONLY,AI_FIRST_PASS_RECHECK
S-P31-04,P31,Brauerei Clemens Härle KG,company_process_page,Brauerei Clemens Härle KG,Brewing process,current,,2026-10-06,https://www.haerle.de/das-herzstueck/so-brauen-wir,VERIFIED,2026-10-07,https://www.haerle.de/das-herzstueck/so-brauen-wir,Named process/energy sections,Brewing heat efficiency measure; fermentation around eight degrees Celsius and maturation at zero degrees for at least forty days. No refrigeration equipment topology or usable load-shift capacity is specified.,LINK_ONLY,AI_FIRST_PASS_RECHECK
S-P26-03,P26,Barth Galvanik GmbH,official_trade_fair_profile,Deutsche Messe / Barth Galvanik,Barth Galvanik: SurfaceTechnology GERMANY exhibitor profile,2024 facts; 2026 listing,,2026-10-06,https://www.surface-technology-germany.de/aussteller/barth-galvanik/J224026,VERIFIED,2026-10-07,https://www.surface-technology-germany.de/aussteller/barth-galvanik/J224026,Named company and process sections; AI source recovery,Named manufacturer in Oberursel; galvanic/heat-treatment processes; about 140 staff and March 2024 bands of 101-250 employees and EUR 10-50m turnover. Not independently verified financial eligibility.,LINK_ONLY,AI_FIRST_PASS_SOURCE_RECOVERY
S-P49-03,P49,SAXONIA Galvanik GmbH,company_profile,SAXONIA Galvanik GmbH,SAXONIA training site: company overview,current,,2026-10-06,https://ausbildung.saxonia-galvanik.de/unternehmen.html,VERIFIED,2026-10-06,https://ausbildung.saxonia-galvanik.de/unternehmen.html,Named company and process sections; AI source recovery,Company-owned site describes galvanic plastic coating and around 300 employees at three locations. This does not independently establish metal-coating scope or a current aggregated SME calculation.,LINK_ONLY,AI_FIRST_PASS_SOURCE_RECOVERY
S-P52-03,P52,Glauner GmbH,company_process_page,Alpirsbacher Klosterbraeu / Glauner,Brewing process and raw materials,current,,2026-10-06,https://alpirsbacher.de/ueber-uns/rohstoffe/,VERIFIED,2026-10-07,https://alpirsbacher.de/ueber-uns/rohstoffe/,Named company and process sections; AI source recovery,"Company page supports brewing, raw materials and production quality controls; it does not reproduce the old across-process resource-use claim. The canonical abbreviated entity name remains provisional.",LINK_ONLY,AI_FIRST_PASS_SOURCE_RECOVERY
S-P60-03,P60,HARTCHROM Beck GmbH,company_process_page,HARTCHROM Beck GmbH,Hard chromium finishing in Gueglingen,current,,2026-10-06,https://www.hartchrom-beck.de/,VERIFIED,2026-10-07,https://www.hartchrom-beck.de/,Named company and process sections; AI source recovery,"Company homepage explicitly offers hard chromium finishing for steel, copper, aluminium and industrial applications; no energy deployment is inferred.",LINK_ONLY,AI_FIRST_PASS_SOURCE_RECOVERY
S-P76-03,P76,Si-Tech Singer GmbH,company_imprint,Si-Tech Singer GmbH,Si-Tech Singer: current imprint,current,,2026-10-06,https://si-tech-gmbh.com/kontakt/impressum,VERIFIED,2026-10-07,https://si-tech-gmbh.com/kontakt/impressum,Named company and process sections; AI source recovery,"Exact legal entity, Dornstetten address and Stuttgart HRB 767836. Old imprint URL redirects to the homepage rather than this document.",LINK_ONLY,AI_FIRST_PASS_SOURCE_RECOVERY
S-P78-03,P78,Erlemann & Huckenbeck GmbH & Co. KG,company_authored_press_release,Erlemann & Huckenbeck GmbH & Co KG; syndicated by United News Network,Moulded parts from thermoset and thermoplastic,2023,2023-04-18,2026-10-07,https://www.industriebox.de/2023/04/18/hochwertige-kunststoffteile-von-erlemann-huckenbeck/,VERIFIED,2026-10-07,https://www.industriebox.de/2023/04/18/hochwertige-kunststoffteile-von-erlemann-huckenbeck/,Named company and process sections; AI source recovery,"Company-authored industry report dated 18 April 2023 identifies own thermoplastic/duroplastic injection and pressing. Product melting properties are not operating temperatures; owner website currently HTTP502, fleet continuity needs review.",LINK_ONLY,AI_FIRST_PASS_RECHECK
S-P93-03,P93,Brauerei Schimpfle GmbH & Co. KG,company_imprint,Brauerei Schimpfle GmbH & Co KG,Brauerei Schimpfle: current imprint,current,,2026-10-06,https://www.brauerei-schimpfle.de/brauerei-schimpfle-impressum,VERIFIED,2026-10-07,https://www.brauerei-schimpfle.de/brauerei-schimpfle-impressum,Named company and process sections; AI source recovery,"Exact legal entity, Gessertshausen address and Augsburg HRA 16332; replacement of the removed imprint path.",LINK_ONLY,AI_FIRST_PASS_SOURCE_RECOVERY
S-P95-03,P95,Winkler-Bräu GmbH & Co. KG,government_business_directory,Bayern International / Key to Bavaria,Brauerei Winkler Braeu: company-specific official profile,current,,2026-10-06,https://www.keytobavaria.de/firmendetails/brauerei-winkler-braeu-gmbh-co-kg-1038434/,VERIFIED,2026-10-07,https://www.keytobavaria.de/firmendetails/brauerei-winkler-braeu-gmbh-co-kg-1038434/,Named company and process sections; AI source recovery,"Named brewery entity at St.-Martin-Str. 6, Velburg, with beer-production activity. Hotel imprint concerns Winkler Braeustueberl GmbH and cannot substitute for brewery identity; no financial/certification proof.",LINK_ONLY,AI_FIRST_PASS_SOURCE_RECOVERY
S-P107-03,P107,Dibbern Porzellanmanufaktur GmbH,government_business_directory,Bayern International / Key to Bavaria,Dibbern Porzellanmanufaktur: company-specific official profile,current,,2026-10-06,https://www.keytobavaria.de/firmendetails/dibbern-porzellanmanufaktur-gmbh-1023462,VERIFIED,2026-10-07,https://www.keytobavaria.de/firmendetails/dibbern-porzellanmanufaktur-gmbh-1023462,Named company and process sections; AI source recovery,"Exact candidate legal entity at Freundschaft 1, Hohenberg; Fine Bone China manufacturer with hand-formed plates/bowls/cups. Dated/certified furnace configuration is not established.",LINK_ONLY,AI_FIRST_PASS_SOURCE_RECOVERY
S-P107-04,P107,Dibbern Porzellanmanufaktur GmbH,company_process_page,DIBBERN GmbH (distinct from candidate),Dibbern brand: Hohenberg manufactory and resources,current,,2026-10-07,https://dibbern-porzellanurnen.de/porzellanmanufaktur/,CONTENT_REVIEW_REQUIRED,2026-10-07,https://dibbern-porzellanurnen.de/porzellanmanufaktur/,Named company and process sections; AI source recovery,Owner attributes Fine Bone China manufacture to Hohenberg and actual furnace waste heat to heating the production building; purchased green electricity not proof of electric kilns or onsite generation. Material/water recycling is not process-heat electrification. Exact legal entity corroborated by government profile.,LINK_ONLY,AI_FIRST_PASS_RECHECK
S-P110-03,P110,Neue Porzellanfabrik Triptis GmbH,company_process_page,Eschenbach / Neue Porzellanfabrik Triptis GmbH,Triptis porcelain production FAQ,current,,2026-10-07,https://eschenbachporzellan.de/faq,CONTENT_REVIEW_REQUIRED,2026-10-07,https://eschenbachporzellan.de/faq,Named company and process sections; AI source recovery,"Accessible FAQ states Triptis hard porcelain at 1400 C, but current imprint names Eschenbach Porzellan GmbH. Historical/undated production claim cannot establish current assets of Neue Porzellanfabrik Triptis GmbH; legal and operational continuity requires review.",LINK_ONLY,AI_FIRST_PASS_SCOPE_BOUNDARY
S-P43-03,P43,WZR ceramic solutions GmbH,government_case,VDI Centre for Resource Efficiency,WZR company-specific resource-efficiency profile,historical/undated claims; checked 2026-10-06,,2026-10-06,https://www.ressource-deutschland.de/netzwerk/industrie-club-ressourceneffizienz/club-mitglieder/wzr-ceramic-solutions-gmbh,VERIFIED,2026-10-06,https://www.ressource-deutschland.de/netzwerk/industrie-club-ressourceneffizienz/club-mitglieder/wzr-ceramic-solutions-gmbh,Named company profile and four application sections,"Named Rheinbach company; undated 12-staff profile; additive ceramics, PT-Keramik sintering and resource-efficient customer applications. Customer savings are not site energy deployments.",LINK_ONLY,RESEARCHED
S-P43-04,P43,WZR ceramic solutions GmbH,company_process_page,WZR ceramic solutions GmbH,Kaltplastische Extrusion,historical/undated claims; checked 2026-10-06,,2026-10-06,https://wzr-ceramic.de/kaltplastische-extrusion/,VERIFIED,2026-10-07,https://wzr-ceramic.de/kaltplastische-extrusion/,Ablauf; own in-house extruder paragraph,"Own in-house dual-nozzle 3D extruder, screw conveying/mixing, G-code-controlled movement and flow, subsequent drying and sintering. No furnace fuel, usable buffer or shifting window.",LINK_ONLY,RESEARCHED
S-P43-05,P43,WZR ceramic solutions GmbH,company_process_page,WZR ceramic solutions GmbH,Keramikbeschichtung,historical/undated claims; checked 2026-10-06,,2026-10-06,https://wzr-ceramic.de/keramikbeschichtung/,VERIFIED,2026-10-06,https://wzr-ceramic.de/keramikbeschichtung/,Own synthesis; coating; product curing descriptions,"Own developed sol-gel coatings and oven curing; CerCoat-H curing above 180 C and Y above 200 C are lower bounds, not full site operating ranges or electric-heat proof.",LINK_ONLY,RESEARCHED
S-P43-06,P43,WZR ceramic solutions GmbH,company_sustainability_page,WZR ceramic solutions GmbH,Nachhaltigkeit,historical/undated claims; checked 2026-10-06,,2026-10-06,https://wzr-ceramic.de/nachhaltigkeit/,VERIFIED,2026-10-07,https://wzr-ceramic.de/nachhaltigkeit/,Own environmental practices versus customer product applications,"Undated intent to minimise electricity, water and paper; rainwater reuse and electronic archive. PT-Keramik savings concern other companies; no own-site energy installation, dated target or EnMS verified.",LINK_ONLY,RESEARCHED
S-P43-07,P43,WZR ceramic solutions GmbH,company_investment_project,WZR ceramic solutions GmbH,Neue Geräte bei WZR,historical/undated claims; checked 2026-10-06,2023-06-30,2026-10-06,https://wzr-ceramic.de/neue-geraete-bei-wzr/,VERIFIED,2026-10-06,https://wzr-ceramic.de/neue-geraete-bei-wzr/,Equipment news,"2023 CeraFab S65 and second dilatometer; funded Redox3D development and long measurements. These are research/production assets, not documented own-site energy-transition investments or shiftable thermal stores.",LINK_ONLY,RESEARCHED
S-P43-08,P43,WZR ceramic solutions GmbH,company_quality_page,WZR ceramic solutions GmbH,Qualitätssicherung,historical/undated claims; checked 2026-10-06,,2026-10-06,https://wzr-ceramic.de/qualitaetssicherung-wzr/,VERIFIED,2026-10-07,https://wzr-ceramic.de/qualitaetssicherung-wzr/,Quality-system claim,Company claims ISO 9001:2015 through LRQA. Quality management does not verify energy/environmental certification or a mature EnMS.,LINK_ONLY,RESEARCHED
S-P13-04,P13,Schmalriede-Zink GmbH,company_environment_page,Schmalriede-Zink GmbH,Umwelt- und Qualitätsmanagement,historical/undated claims; checked 2026-10-06,,2026-10-06,https://www.schmalriede.de/unternehmen/umwelt-qualitaetsmanagement,VERIFIED,2026-10-07,https://www.schmalriede.de/unternehmen/umwelt-qualitaetsmanagement,Company principles; final environmental paragraph,Undated company page states climate neutrality ambition by 2025. No implementation roadmap or proof of achievement; deadline has passed by the check date.,LINK_ONLY,RESEARCHED
S-P13-05,P13,Schmalriede-Zink GmbH,company_process_page,Schmalriede-Zink GmbH,Vor der Behandlung,historical/undated claims; checked 2026-10-06,,2026-10-06,https://www.schmalriede.de/services/vor-der-behandlung,VERIFIED,2026-10-07,https://www.schmalriede.de/services/vor-der-behandlung,Fliehkraftgleitschleifen; Härten,Rotating-disc centrifugal finishing; hardening is offered as a service and does not establish an owned onsite furnace or its energy carrier.,LINK_ONLY,RESEARCHED
S-P13-06,P13,Schmalriede-Zink GmbH,company_technical_report,Schmalriede-Zink GmbH,Whitepaper Moderne Galvanik,historical/undated claims; checked 2026-10-06,,2026-10-06,https://www.schmalriede.de/fileadmin/user_upload/Downloads_zertifikate/Whitepaper_Moderne_Galvanik.pdf,VERIFIED,2026-10-07,https://www.schmalriede.de/fileadmin/user_upload/Downloads_zertifikate/Whitepaper_Moderne_Galvanik.pdf,Pages 1-2,"Company-authored generic electroplating explanation specifies direct current. Statements about efficient power supplies, AI/IoT and control are general industry options, not Schmalriede deployment evidence.",LINK_ONLY,RESEARCHED
S-P13-07,P13,Schmalriede-Zink GmbH,company_profile,Schmalriede-Zink GmbH,Imagebroschüre,historical/undated claims; checked 2026-10-06,,2026-10-06,https://www.schmalriede.de/fileadmin/user_upload/Downloads_zertifikate/20240507-SR-12874-Imagebrosch%C3%BCre-Web.pdf,VERIFIED,2026-10-07,https://www.schmalriede.de/fileadmin/user_upload/Downloads_zertifikate/20240507-SR-12874-Imagebrosch%C3%BCre-Web.pdf,Pages 2 and 5; 2024 label is not a verified publication/commissioning date,"Three-shift plant, multiple barrel/rack lines and 2024 expansion/wastewater-modernisation description. Resource/chemical savings are not verified site energy savings; onsite hardening ownership not proved.",LINK_ONLY,RESEARCHED
S-P13-08,P13,Schmalriede-Zink GmbH,company_certificate_index,Schmalriede-Zink GmbH,Downloads / Zertifikate,historical/undated claims; checked 2026-10-06,,2026-10-06,https://www.schmalriede.de/unternehmen/downloads-/-zertifikate,VERIFIED,2026-10-06,https://www.schmalriede.de/unternehmen/downloads-/-zertifikate,Certificate download list,"Official links to ISO 9001, IATF 16949 and direct ISO 14001 certificate; no ISO 50001 or EMAS document identified in checked index.",LINK_ONLY,RESEARCHED
S-P13-09,P13,Schmalriede-Zink GmbH,direct_iso_certificate,Schmalriede-Zink GmbH,ISO 14001:2015 certificate 2026-2029,historical/undated claims; checked 2026-10-06,2026-02-17,2026-10-06,https://www.schmalriede.de/fileadmin/user_upload/Downloads_zertifikate/Zertifikat_14001_2026-2029.pdf,VERIFIED,2026-10-07,https://www.schmalriede.de/fileadmin/user_upload/Downloads_zertifikate/Zertifikat_14001_2026-2029.pdf,"Single-page certificate; exact holder, scope and validity","DMSZ certifies Schmalriede-Zink GmbH at Handelsstrasse 3-5, Ganderkesee, for galvanic surface manufacture; UM 22107-Z05101 valid 2026-02-21 to 2029-02-20. ISO 14001 is not ISO 50001.",LINK_ONLY,RESEARCHED
S-P25-05,P25,Scheplast GmbH,company_energy_page,Scheplast GmbH,Nachhaltigkeit: Standort und Energie,current,,2026-10-07,https://scheplast.de/nachhaltigkeit/,VERIFIED,2026-10-07,https://scheplast.de/nachhaltigkeit/,AUS DER NATUR FUER DIE NATUR; Umweltpreis/Zertifizierungen,"Company describes own rooftop PV on production/administration/warehouse buildings, over 80 percent self-consumption and waste-heat utilisation; undated company claims, not metered energy data or a commissioned biogas plant.",LINK_ONLY,RESEARCHED
S-P25-06,P25,Scheplast GmbH,direct_iso_certificate,TÜV SÜD Management Service GmbH,ISO 14001:2015 environmental management certificate,2024-2027,2024-03-06,2026-10-07,https://scheplast.de/wp-content/uploads/2024/03/Scheplast-certificate-ISO-14001_2015-valid-2027-en.pdf,VERIFIED,2026-10-07,https://scheplast.de/wp-content/uploads/2024/03/Scheplast-certificate-ISO-14001_2015-valid-2027-en.pdf,"Page 1: holder, scope, number and validity","Exact holder Scheplast GmbH, Kunststoff-Formteile, Stegwiesen 4, 88477 Schwendi; certificate 12 104 23864 TMS, valid 2024-03-06 through 2027-02-26; injection moulding parts, moulds, assemblies and plastic system solutions. ISO 14001 does not establish ISO 50001.",LINK_ONLY,RESEARCHED
S-P25-07,P25,Scheplast GmbH,company_process_page,Scheplast GmbH,Current homepage: Kunststoffverarbeitung and energy vision,current,,2026-10-07,https://scheplast.de/,VERIFIED,2026-10-07,https://scheplast.de/,Kunststoffverarbeitung; Bioenergiehof; Bioraffinerie,"Company describes a machine park with over 20 machines and robots. Bioenergiehof and biorefinery describe intentions/customer concepts, not commissioned own-site CHP. The separate process page describes 18 machines and around 40 employees; dates and counts are unresolved, so no current inventory or staff update is inferred.",LINK_ONLY,RESEARCHED
S-P15-03,P15,ELOXAL BARZ GmbH & Co KG,company_process_page,ELOXAL BARZ GmbH & Co KG,"Current technical, colour and hard anodising services",current,,2026-10-07,https://eloxal-barz.de/,VERIFIED,2026-10-07,https://eloxal-barz.de/,Tradition & Innovation; Verfahren; Kleinserien; Impressum,"Exact-entity homepage documents electrochemical anodising, technical/colour/hard anodising and small series. ISO 9001 since 1998 is a quality-system claim only; no current rectifier model, thermal route or rated load is established.",LINK_ONLY,RESEARCHED
S-P15-04,P15,ELOXAL BARZ GmbH & Co KG,supplier_case_study,"Helmut Hötzl, Georg Fischer GmbH; Initiative CO2",Vorisolierte Rohrleitungssysteme aus PVC-U und ABS,historical 2016,,2026-10-07,https://www.initiative-co2.de/wp-content/uploads/2016/01/InitiativeCO2_Projekthandbuch_2016_Georg_Fischer.pdf,VERIFIED,2026-10-07,https://www.initiative-co2.de/wp-content/uploads/2016/01/InitiativeCO2_Projekthandbuch_2016_Georg_Fischer.pdf,"Pages 1-2, Eloxal Barz case and author credit","Supplier-authored historical 2016 Eloxal Barz case describes insulated sulfuric-acid and glycol cooling lines, coolant around minus 5 deg C, manual/pneumatic valves and a flow transmitter. Generic material operating ranges are not actual bath temperatures. Current continuity and measured energy savings are unverified; the case is outside the 2021-10-07 to 2026-10-07 investment lookback.",LINK_ONLY,RESEARCHED
S-P15-05,P15,ELOXAL BARZ GmbH & Co KG,public_professional_profile,Sina Barz (self-reported public professional profile),Public Eloxal Barz energy-management role,current,,2026-10-07,https://www.xing.com/profile/Sina_Barz,VERIFIED,2026-10-07,https://www.xing.com/profile/Sina_Barz,Public timeline: Energiemanagementbeauftragte; not the login-only full profile,"Publicly visible self-report describes an energy-management officer role since December 2016, energy audits, electricity procurement and energy-saving duties at Eloxal Barz. The company imprint names the same representative. The limited public profile is an unverified management claim, not certification, proof of current EnMS maturity or a technology inventory; no login/private data used.",LINK_ONLY,RESEARCHED
S-P26-04,P26,Barth Galvanik GmbH,certificate_pdf,DNV Business Assurance B.V.,Current ISO 50001:2018 certificate,2024-2027,2024-05-30,2026-10-07,https://barth-galvanik.de/download/energiemanagement-iso-500012018_deutsch/,VERIFIED,2026-10-07,https://barth-galvanik.de/download/energiemanagement-iso-500012018_deutsch/,"Pages 1-2: holder, sites, scope, number and validity","Direct exact-holder DNV certificate 10000407436-MSC-RvA-DEU, valid 2024-06-26 through 2027-06-25, issued 2024-05-30, covering Barth Galvanik GmbH and annexed sites. This verifies certified EnMS, not approval of a score or canonical deployment update.",LINK_ONLY,RESEARCHED
S-P26-05,P26,Barth Galvanik GmbH,certificate_pdf,Intertek Certification GmbH,Current ISO 14001:2015 certificate despite legacy URL,2024-2027,2024-03-20,2026-10-07,https://barth-galvanik.de/download/din-iso-140012015-gueltig-bis-03-2024/,VERIFIED,2026-10-07,https://barth-galvanik.de/download/din-iso-140012015-gueltig-bis-03-2024/,Pages 1-3: certificate and site annex,"Intertek certificate 2024-11089 for Barth Galvanik GmbH - Werk 1 and annexed sites. Document issued 2024-03-20, valid until 2027-03-20; legacy URL says 2024 but PDF body governs. Certification decision 2024-02-04 is distinct from issue date.",LINK_ONLY,RESEARCHED
S-P26-06,P26,Barth Galvanik GmbH,company_process_page,Barth Galvanik GmbH,Owned heat-treatment installations,current,,2026-10-07,https://barth-galvanik.de/waermebehandlung,VERIFIED,2026-10-07,https://barth-galvanik.de/waermebehandlung,Waermebehandlung: installations,"Own six continuous belt furnaces and one induction-hardening machine; three quench/temper and three annealing belt lines. No belt-furnace fuel, actual process temperature, rated load or admissible interruption window is disclosed.",LINK_ONLY,RESEARCHED
S-P26-07,P26,Barth Galvanik GmbH,company_process_page,Barth Galvanik GmbH,Induction hardening of screws,current,,2026-10-07,https://barth-galvanik.de/waermebehandlung/induktivhaerten,VERIFIED,2026-10-07,https://barth-galvanik.de/waermebehandlung/induktivhaerten,Induktivhaerten: own process and quality control,"Owned induction-hardening process rotates each screw, hardens in less than one second, monitors individual quality parameters and automatically segregates rejects. 600 HV is hardness, not degrees C; individual process duration is not an available load-shifting window.",LINK_ONLY,RESEARCHED
S-P26-08,P26,Barth Galvanik GmbH,company_process_page,Barth Galvanik GmbH,Galvanic coating and post-treatment,current,,2026-10-07,https://barth-galvanik.de/oberflaechenbeschichtung/galvanische-beschichtung,CHECK_INCONCLUSIVE,2026-10-07,https://barth-galvanik.de/oberflaechenbeschichtung/galvanische-beschichtung,Galvanische Beschichtung,"Own rack/barrel galvanic zinc/nickel processes and hydrogen-embrittlement post-tempering. Coating recipes do not prove multiple separate rectifiers, actual bath heat or fuel demand.",LINK_ONLY,RESEARCHED
S-P26-09,P26,Barth Galvanik GmbH,company_certificate_index,Barth Galvanik GmbH,Certificate downloads,current,,2026-10-07,https://barth-galvanik.de/downloads,VERIFIED,2026-10-07,https://barth-galvanik.de/downloads,Zertifikate,"Company index links current direct ISO 50001 and ISO 14001 certificates; actual holder, dates and scope checked in the full PDFs and rendered pages.",LINK_ONLY,RESEARCHED
S-P28-03,P28,Berg Brauerei Ulrich Zimmermann GmbH & Co. KG,company_energy_page,Berg Brauerei Ulrich Zimmermann GmbH & Co. KG,Owned refrigeration and ice-water buffer,current,,2026-10-07,https://www.bergbier.de/aktuelles/blog/neues-kaeltekonzept,VERIFIED,2026-10-07,https://www.bergbier.de/aktuelles/blog/neues-kaeltekonzept,"Neues Kaeltekonzept: tank, night/day operation and compressors","Company describes compressors and a roughly 90 m3 ice-water tank charged at night to supply daytime wort cooling and relieve simultaneous peak loads. The ice-water claim of warming to 90 deg C is internally suspect; not corrected to 9 deg C and not used as process-heat temperature, energy capacity or hot-storage evidence. Article undated.",LINK_ONLY,RESEARCHED
S-P28-04,P28,Berg Brauerei Ulrich Zimmermann GmbH & Co. KG,company_investment_page,Berg Brauerei Ulrich Zimmermann GmbH & Co. KG,Opening of warehouse and associated buildings,2025,2025-04-28,2026-10-07,https://www.bergbier.de/aktuelles/blog/einweihung-unseres-neuen-bierlagers-biergartenhauses-und-schulzes-hof,VERIFIED,2026-10-07,https://www.bergbier.de/aktuelles/blog/einweihung-unseres-neuen-bierlagers-biergartenhauses-und-schulzes-hof,2025-04-25 opening and energy paragraph,"Dated 2025-04-28 report of 2025-04-25 opening: own PV supplies beer-warehouse cooling; the new buildings use local heat. This is one dated energy-related site project, not proof that brewery process steam is fossil-free, a whole-site CO2-neutral claim or three separate transition investments.",LINK_ONLY,RESEARCHED
S-P28-05,P28,Berg Brauerei Ulrich Zimmermann GmbH & Co. KG,company_process_page,Berg Brauerei Ulrich Zimmermann GmbH & Co. KG,Open fermentation and maturation,current,,2026-10-07,https://www.bergbier.de/brauerei/bottich-gaerung,VERIFIED,2026-10-07,https://www.bergbier.de/brauerei/bottich-gaerung,Bottich-Gaerung,Own open fermentation takes eight days followed by maturation; temperature-sensitive product stages do not establish freely interruptible production. Stronger scheduling evidence comes from the separate cold-water-buffer description.,LINK_ONLY,RESEARCHED
S-P28-06,P28,Berg Brauerei Ulrich Zimmermann GmbH & Co. KG,company_sustainability_page,Berg Brauerei Ulrich Zimmermann GmbH & Co. KG,Responsibility and regional sourcing,current,,2026-10-07,https://www.bergbier.de/brauerei/verantwortung,VERIFIED,2026-10-07,https://www.bergbier.de/brauerei/verantwortung,Verantwortung,Undated regional-sourcing and sustainability ambition. Neither dated plant-energy target nor quantified achievement is established.,LINK_ONLY,RESEARCHED
S-P28-07,P28,Berg Brauerei Ulrich Zimmermann GmbH & Co. KG,company_certificate_index,Berg Brauerei Ulrich Zimmermann GmbH & Co. KG,Public downloads inspected,current,,2026-10-07,https://www.bergbier.de/service/downloads,VERIFIED,2026-10-07,https://www.bergbier.de/service/downloads,Downloads: available documents,"Official downloads inspected; visible product, tourism and marketing materials do not establish a current manufacturing-site ISO 50001, ISO 14001 or EMAS document. Missing public certificate is not proof of noncertification.",LINK_ONLY,RESEARCHED
S-P28-08,P28,Berg Brauerei Ulrich Zimmermann GmbH & Co. KG,company_sustainability_page,Berg Brauerei Ulrich Zimmermann GmbH & Co. KG,Hospitality DEHOGA Umweltcheck,2025,2025-05-28,2026-10-07,https://www.bergbier.de/aktuelles/blog/dehoga-umweltcheck,VERIFIED,2026-10-07,https://www.bergbier.de/aktuelles/blog/dehoga-umweltcheck,28.05.2025: award holder and hospitality scope,"Dated award concerns BrauereiWirtschaft, the hospitality operation. DEHOGA gold is not manufacturing-site ISO 50001, ISO 14001, EMAS or verified mature energy management.",LINK_ONLY,RESEARCHED
S-P29-03,P29,Meckatzer Löwenbräu Benedikt Weiß KG,emas_environmental_statement,Meckatzer Löwenbräu Benedikt Weiß KG; validation by Dr.-Ing. Reiner Beer,Environmental statement 2026 with mixed-period report,2024 narrative / 2025 tables / 2026 validation,,2026-10-07,https://www.meckatzer.de/fileadmin/user_data/dokumente/260929_Nachhaltigkeitsbericht_WEB.pdf,VERIFIED,2026-10-07,https://www.meckatzer.de/fileadmin/user_data/dokumente/260929_Nachhaltigkeitsbericht_WEB.pdf,"Printed pp. 13, 19, 21-25, 41, 44, 46-47; p22 status colours and p41 signature visually inspected","Full 48-page PDF has 2026 cover and 2026 validation, older 2024 narrative and 2025 tables. Signed validator Reiner Beer DE-V-0007 / Intechnica Cert DE-V-0279 validates exact organisation DE-147-00005 on 2026-06-19. Program status colours distinguish completed 2024 PV625kWp/NH3 replacement and 2025 KEG robots from future/partial fleet measures. Natural-gas steam/CHP, IE4 motors, 166 meters, 2022 control/cellar/PV, heat recovery and peak regulator are documented. Legacy vapour-compressor defect/repair remains unresolved.",LINK_ONLY,RESEARCHED
S-P29-04,P29,Meckatzer Löwenbräu Benedikt Weiß KG,company_sustainability_page,Meckatzer Löwenbräu Benedikt Weiß KG,Current sustainability report index,current,,2026-10-07,https://www.meckatzer.de/nachhaltigkeit/,VERIFIED,2026-10-07,https://www.meckatzer.de/nachhaltigkeit/,Nachhaltigkeit: report download,"Own sustainability page links the 2026 environmental statement. Undated promotional savings claims do not override the report period, its completed/planned status or the signed validation.",LINK_ONLY,RESEARCHED
S-P33-03,P33,Gindele GmbH,company_process_page,Gindele GmbH,Owned injection-moulding operations,current,,2026-10-07,https://www.gindele.de/leistungen/spritzguss.html,VERIFIED,2026-10-07,https://www.gindele.de/leistungen/spritzguss.html,Spritzguss: machine capabilities,"Own computer-controlled injection machines, closing force 25-250 tonnes, named GID/2-component/insert operations. Closing force is not electrical power or temperature; machine electric/hydraulic drive mix is not established. Animated counters rendered as zero are not valid production inventory.",LINK_ONLY,RESEARCHED
S-P33-04,P33,Gindele GmbH,company_process_page,Gindele GmbH,Own automation and secretion-bag example,current,,2026-10-07,https://www.gindele.de/leistungen/automatisierung.html,VERIFIED,2026-10-07,https://www.gindele.de/leistungen/automatisierung.html,Automatisierung: named own production example,"Own simple automation and partner larger projects; concrete secretion-bag line example includes handling, camera inspection, assembly, ultrasonic welding, leak testing and automatic feed. Named limited applications support conservative relevance only; animated zero counters are not operating hours, robot counts or proof of no deployment.",LINK_ONLY,RESEARCHED
S-P33-05,P33,Gindele GmbH,certificate_pdf,SKZ-Cert GmbH,Exact-holder ISO 14001:2015 certificate,2025-2027,2025-01-28,2026-10-07,https://www.gindele.de/fileadmin/user_upload/download/Gindele_Certificate_14001_englisch.pdf,VERIFIED,2026-10-07,https://www.gindele.de/fileadmin/user_upload/download/Gindele_Certificate_14001_englisch.pdf,"Page 1: holder, scope, dates and number","SKZ-Cert GmbH certificate 000804.U, Gindele GmbH, Aschengasse 20 Neuhausen; valid 2025-01-28 through 2027-07-09. Environmental management for moulds, plastic products, assembly and printing; not ISO 50001.",LINK_ONLY,RESEARCHED
S-P33-06,P33,Gindele GmbH,company_sustainability_page,Gindele GmbH,Own environmental policy,current,,2026-10-07,https://www.gindele.de/,VERIFIED,2026-10-07,https://www.gindele.de/,Umweltpolitik; historical 2017 production,"Undated own resource-efficiency/environmental policy with annual audits and waste reduction. This is environmental ambition and partial management context, not a deployed energy measure or dated energy investment. The homepage mentions 2017 automation, outside the five-year lookback.",LINK_ONLY,RESEARCHED
S-P33-07,P33,Gindele GmbH,municipal_directory,Gemeinde Neuhausen im Enzkreis,Actual municipal Gindele company profile,current,,2026-10-07,https://www.neuhausen-enzkreis.de/wirtschaft-karriere/firmenverzeichnis/60/gindele-gmbh,VERIFIED,2026-10-07,https://www.neuhausen-enzkreis.de/wirtschaft-karriere/firmenverzeichnis/60/gindele-gmbh,Gindele GmbH: address and description,"Exact Gindele GmbH entry, Aschengasse 20 Neuhausen, own website link and Formenbau/Spritzguss/Baugruppen. This replaces generic municipal homepage for entity/process attribution only; no energy technology is corroborated.",LINK_ONLY,RESEARCHED
S-P33-08,P33,Gindele GmbH,official_certifier_index,SKZ-Cert GmbH,SKZ ISO certification reference list,2026,2026-10-06,2026-10-07,https://www.skz.de/fileadmin/user_upload/Download_PDF/_Zertifizierung/Referenzliste_ISO.pdf,VERIFIED,2026-10-07,https://www.skz.de/fileadmin/user_upload/Download_PDF/_Zertifizierung/Referenzliste_ISO.pdf,Page 12: exact Gindele row and table boundaries,Issuer list dated 2026-10-06: page 12 Gindele row lists ISO 9001:2015 and ISO 14001:2015. ISO 50001 on neighbouring rows belongs to other companies and cannot be attributed to Gindele. The list does not prove absence of other certification.,LINK_ONLY,RESEARCHED
S-P35-03,P35,MACK KUNSTSTOFFTECHNIK GMBH & CO. KG,company_process_page,MACK KUNSTSTOFFTECHNIK GMBH & CO. KG,Own manufacturing and dated history,undated current page,,2026-10-07,https://mack-kunststoff.com/unternehmen/,VERIFIED,2026-10-07,https://mack-kunststoff.com/unternehmen/,"Full page / PDF holder, scope and dates; source-specific boundaries below","Own vacuum thermoforming and CNC, not owned injection moulding. History: 2019 servo-machine conversion; 2023 PV expansion to 3000 m2, not kWp; 2024 fourth Geiss machine and ISO 14001; 2025 CNC capacity/efficiency, not quantified energy saving. Historical fourth machine and current six-machine process inventory have different periods.",LINK_ONLY,RESEARCHED
S-P35-04,P35,MACK KUNSTSTOFFTECHNIK GMBH & CO. KG,company_process_page,MACK KUNSTSTOFFTECHNIK GMBH & CO. KG,thermoforming,undated current page,,2026-10-07,https://mack-kunststoff.com/leistungen/thermoforming/,VERIFIED,2026-10-07,https://mack-kunststoff.com/leistungen/thermoforming/,"Full page / PDF holder, scope and dates; source-specific boundaries below","Own six thermoforming machines; sheet dimensions are mm, not temperatures or power. Actual heater carrier, temperature and interruption windows undisclosed.",LINK_ONLY,RESEARCHED
S-P35-05,P35,MACK KUNSTSTOFFTECHNIK GMBH & CO. KG,company_process_page,MACK KUNSTSTOFFTECHNIK GMBH & CO. KG,cnc-kunststoffbearbeitung,undated current page,,2026-10-07,https://mack-kunststoff.com/leistungen/cnc-kunststoffbearbeitung/,VERIFIED,2026-10-07,https://mack-kunststoff.com/leistungen/cnc-kunststoffbearbeitung/,"Full page / PDF holder, scope and dates; source-specific boundaries below",Own six CNC centres: five 5-axis and one flatbed; CAD/CAM. Machining customer injection-moulded parts does not prove own injection-moulding production.,LINK_ONLY,RESEARCHED
S-P35-06,P35,MACK KUNSTSTOFFTECHNIK GMBH & CO. KG,certificate_pdf,VISOCERT GmbH,ISO 14001 certificate,2024-2027,2024-03-19,2026-10-07,https://mack-kunststoff.com/wp-content/uploads/2025/09/ISO-14001-2015-seit-2024.pdf,VERIFIED,2026-10-07,https://mack-kunststoff.com/wp-content/uploads/2025/09/ISO-14001-2015-seit-2024.pdf,"Full page / PDF holder, scope and dates; source-specific boundaries below","Visually inspected exact-holder VISOCERT ISO 14001:2015 certificate Z-24-10213-14, valid 2024-03-18 through 2027-03-18; issued 2024-03-19; vacuum forming, lamination and CNC.",LINK_ONLY,RESEARCHED
S-P36-03,P36,Kunststofftechnik Borgmann GmbH,company_process_page,Kunststofftechnik Borgmann GmbH,spritzguss,undated current page,,2026-10-07,https://www.bogm.de/leistungen/spritzguss/,VERIFIED,2026-10-07,https://www.bogm.de/leistungen/spritzguss/,"Full page / PDF holder, scope and dates; source-specific boundaries below","Own injection moulding, robots and online/offline ultrasonic welding. Machine closing force 25-1000 t is not electrical load, actual heater/drive mix or temperature.",LINK_ONLY,RESEARCHED
S-P36-04,P36,Kunststofftechnik Borgmann GmbH,company_process_page,Kunststofftechnik Borgmann GmbH,Own energy policy and dated history,undated current page,,2026-10-07,https://www.bogm.de/ueber-uns/,VERIFIED,2026-10-07,https://www.bogm.de/ueber-uns/,"Full page / PDF holder, scope and dates; source-specific boundaries below","Solar-energy use since 2011 (ownership of onsite PV not established by current page), regional biogas supply, efficient machines, LED and claimed intelligent consumption steering/EMS. No certified mature EnMS inferred. 2021-22 machine expansion/certification is not a dated energy investment. Undated 110 staff and historical over 130 differ from legacy 125; no eligibility or staff update.",LINK_ONLY,RESEARCHED
S-P36-05,P36,Kunststofftechnik Borgmann GmbH,company_process_page,Kunststofftechnik Borgmann GmbH,automatisierung,undated current page,,2026-10-07,https://www.bogm.de/leistungen/automatisierung/,VERIFIED,2026-10-07,https://www.bogm.de/leistungen/automatisierung/,"Full page / PDF holder, scope and dates; source-specific boundaries below","Own integrated robot cells, insert placement and quality control; no verified dispatch architecture or flexible operating window.",LINK_ONLY,RESEARCHED
S-P36-06,P36,Kunststofftechnik Borgmann GmbH,certificate_pdf,TÜV NORD CERT GmbH,ISO 14001 certificate,2024-2027,2023-10-25,2026-10-07,https://www.bogm.de/wp-content/uploads/2026/05/141717_kunststofftechnik-borgmann-gmbh_um-wa-23_deutsch_hzert_kuhl_pdf.pdf,VERIFIED,2026-10-07,https://www.bogm.de/wp-content/uploads/2026/05/141717_kunststofftechnik-borgmann-gmbh_um-wa-23_deutsch_hzert_kuhl_pdf.pdf,"Full page / PDF holder, scope and dates; source-specific boundaries below","Exact-holder TÜV NORD CERT ISO 14001:2015, 44 104 141717, valid 2024-01-18 through 2027-01-17; issued 2023-10-25. Website label ISO 14001:2025 is superseded by inspected PDF body.",LINK_ONLY,RESEARCHED
S-P38-03,P38,Krämer + Eckert GmbH & Co. KG,association_profile,AKZ e.V.,Actual member profile,undated current page,,2026-10-07,https://www.akz-online.de/mitglieder/eloxalwerk-ehingen-kraemer-eckert-gmbh-co-kg/,VERIFIED,2026-10-07,https://www.akz-online.de/mitglieder/eloxalwerk-ehingen-kraemer-eckert-gmbh-co-kg/,"Full page / PDF holder, scope and dates; source-specific boundaries below","Exact association member/address corroborates owned anodising and powder coating. Combined Ehingen/Weil der Stadt 280 staff and 30000 m2 are group figures, not entity SME evidence. Heat treatment in combined group is not assigned to Ehingen. Live own websites expose TEST-SYSTEM banner; own energy claims need independent confirmation.",LINK_ONLY,RESEARCHED
S-P39-03,P39,Eloxal Höfler GmbH,company_process_page,Eloxal Höfler GmbH,www.eloxal-hoefler.de,undated current page,,2026-10-07,https://www.eloxal-hoefler.de/leistungen.html,VERIFIED,2026-10-07,https://www.eloxal-hoefler.de/leistungen.html,"Full page / PDF holder, scope and dates; source-specific boundaries below",Two owned fully automated anodising plants; carrier/electrical contacts and bath/part dimensions. Dimensions in mm are not temperature or power. No plant energy-management coordination stated.,LINK_ONLY,RESEARCHED
S-P39-04,P39,Eloxal Höfler GmbH,company_process_page,Eloxal Höfler GmbH,www.eloxal-hoefler.de,undated current page,,2026-10-07,https://www.eloxal-hoefler.de/ueber-uns.html,VERIFIED,2026-10-07,https://www.eloxal-hoefler.de/ueber-uns.html,"Full page / PDF holder, scope and dates; source-specific boundaries below",2011 automatic crane with traceability; 2022 wastewater plant and 2023 additional anodising capacity. These do not by themselves prove recent energy-transition investment. Current policy promises safe operations and continuous environmental improvement; no dated energy target.,LINK_ONLY,RESEARCHED
S-P39-05,P39,Eloxal Höfler GmbH,certificate_pdf,TÜV SÜD Management Service GmbH,ISO 14001 certificate,2023-2026,2023-12-12,2026-10-07,https://www.eloxal-hoefler.de/files/zertifikate/14001.pdf,VERIFIED,2026-10-07,https://www.eloxal-hoefler.de/files/zertifikate/14001.pdf,"Full page / PDF holder, scope and dates; source-specific boundaries below","Exact holder Eloxal Höfler GmbH, Eichenstr.12 Steisslingen; TÜV SÜD ISO 14001:2015 12 104 35301 TMS, valid 2023-12-29 through 2026-12-28, issued 2023-12-12. Rendered certificate inspected.",LINK_ONLY,RESEARCHED
S-P39-06,P39,Eloxal Höfler GmbH,company_process_page,Eloxal Höfler GmbH,www.eloxal-hoefler.de,undated current page,,2026-10-07,https://www.eloxal-hoefler.de/zertifikate.html,VERIFIED,2026-10-07,https://www.eloxal-hoefler.de/zertifikate.html,"Full page / PDF holder, scope and dates; source-specific boundaries below",Own bath analytics and continuous quality checking support limited process-control evidence; ISO 9001 does not establish mature EnMS.,LINK_ONLY,RESEARCHED
S-P41-03,P41,"Galvano Weis, Weis GmbH & Co., Galvanische-Werkstätte KG",certificate_pdf,Bureau Veritas Certification Holding SAS - Italy Branch,ISO 14001 certificate,2025-2028,2025-07-25,2026-10-07,https://www.galvano-weis.com/assets/img/Zertifikat_iso_14001_de.pdf,VERIFIED,2026-10-07,https://www.galvano-weis.com/assets/img/Zertifikat_iso_14001_de.pdf,"Full page / PDF holder, scope and dates; source-specific boundaries below","Bureau Veritas ISO 14001:2015 DE016081 for Galvano Weis GmbH & Co.KG at Untere Au3 Emmering, valid 2025-05-18 through 2028-05-17; issued 2025-07-25. Exact site and own imprint links abbreviated holder to canonical legal entity; no legal-name change.",LINK_ONLY,RESEARCHED
S-P41-04,P41,"Galvano Weis, Weis GmbH & Co., Galvanische-Werkstätte KG",company_process_page,"Galvano Weis, Weis GmbH & Co., Galvanische-Werkstätte KG",www.galvano-weis.com,undated current page,,2026-10-07,https://www.galvano-weis.com/umwelt,VERIFIED,2026-10-07,https://www.galvano-weis.com/umwelt,"Full page / PDF holder, scope and dates; source-specific boundaries below","Current environmental ambition. 2023 71 tonnes CO2 claim concerns Fleetcor Clean Advantage compensation, not measured plant heat reduction or deployed heat pump.",LINK_ONLY,RESEARCHED
S-P41-05,P41,"Galvano Weis, Weis GmbH & Co., Galvanische-Werkstätte KG",public_funder_project,Bayerische Transformations- und Forschungsstiftung,Historical research project,2013 historical research,,2026-10-07,https://www.forschungsstiftung.bayern.de/projekt/verbesserte-energieausbeute-beim-hartanodisieren/,VERIFIED,2026-10-07,https://www.forschungsstiftung.bayern.de/projekt/verbesserte-energieausbeute-beim-hartanodisieren/,"Full page / PDF holder, scope and dates; source-specific boundaries below",2013 ÖKOXAL research: pulse plating/cooling energy savings; heat pump stated as future. No verified current 2026 installation or recent investment follows.,LINK_ONLY,RESEARCHED
S-P41-06,P41,"Galvano Weis, Weis GmbH & Co., Galvanische-Werkstätte KG",company_process_page,"Galvano Weis, Weis GmbH & Co., Galvanische-Werkstätte KG",Exact legal entity and holder link,undated current page,,2026-10-07,https://www.galvano-weis.com/impressum,VERIFIED,2026-10-07,https://www.galvano-weis.com/impressum,"Full page / PDF holder, scope and dates; source-specific boundaries below","Canonical legal name Galvano Weis, Weis GmbH & Co., Galvanische-Werkstätte KG, HRA54999, Untere Au3 Emmering; same page also uses certificate abbreviation Galvano Weis GmbH & Co.KG. Galvanic plant operator directly established.",LINK_ONLY,RESEARCHED
S-P44-03,P44,OXIDKERAMIK J. Cardenas GmbH,company_process_page,OXIDKERAMIK J. Cardenas GmbH,oxidkeramik-unternehmen,undated current page,,2026-10-07,https://oxidkeramik.de/oxidkeramik-unternehmen/ueber-uns.aspx,VERIFIED,2026-10-07,https://oxidkeramik.de/oxidkeramik-unternehmen/ueber-uns.aspx,"Full page / PDF holder, scope and dates; source-specific boundaries below","Own technical ceramics including alumina, directly sintered SiC and zirconia. No actual kiln carrier, sintering temperature or power stated.",LINK_ONLY,RESEARCHED
S-P44-04,P44,OXIDKERAMIK J. Cardenas GmbH,company_process_page,OXIDKERAMIK J. Cardenas GmbH,oxidkeramik-unternehmen,undated current page,,2026-10-07,https://oxidkeramik.de/oxidkeramik-unternehmen/qualitaet.aspx,VERIFIED,2026-10-07,https://oxidkeramik.de/oxidkeramik-unternehmen/qualitaet.aspx,"Full page / PDF holder, scope and dates; source-specific boundaries below","Own latest control/measurement devices for dimensions/tolerances and traceable marking. ISO 9001 is product quality, not environmental/energy management.",LINK_ONLY,RESEARCHED
S-P44-05,P44,OXIDKERAMIK J. Cardenas GmbH,company_process_page,OXIDKERAMIK J. Cardenas GmbH,oxidkeramik-branchen,undated current page,,2026-10-07,https://oxidkeramik.de/oxidkeramik-branchen/energieundumwelt.aspx,VERIFIED,2026-10-07,https://oxidkeramik.de/oxidkeramik-branchen/energieundumwelt.aspx,"Full page / PDF holder, scope and dates; source-specific boundaries below","Ceramic components in customer PV/wind/hydro and other energy applications do not establish owned PV, converters or generation.",LINK_ONLY,RESEARCHED
S-P44-06,P44,OXIDKERAMIK J. Cardenas GmbH,company_process_page,OXIDKERAMIK J. Cardenas GmbH,Own document index,undated current page,,2026-10-07,https://oxidkeramik.de/oxidkeramik-unternehmen/downloads.aspx,VERIFIED,2026-10-07,https://oxidkeramik.de/oxidkeramik-unternehmen/downloads.aspx,"Full page / PDF holder, scope and dates; source-specific boundaries below",Material datasheets and ISO 9001 downloads reviewed. Material operating limits and customer high-temperature suitability are not actual sintering temperatures or plant energy technology.,LINK_ONLY,RESEARCHED
S-P45-03,P45,Glasmanufaktur HARZKRISTALL GmbH,company_process_page,Glasmanufaktur HARZKRISTALL GmbH,Actual own electric furnaces and machinery,undated current page,,2026-10-07,https://www.harzkristall.de/huette-mieten,VERIFIED,2026-10-07,https://www.harzkristall.de/huette-mieten,"Full page / PDF holder, scope and dates; source-specific boundaries below","Own rental work station explicitly has electric melt furnace ~130 kg glass capacity and electric reheating drum. Programmable cooling oven and named grinding, sawing, drilling/polishing machines. Glass mass and hole dimensions are not kW, temperature or thermal-store capacity.",LINK_ONLY,RESEARCHED
S-P45-04,P45,Glasmanufaktur HARZKRISTALL GmbH,company_brochure_pdf,Glasmanufaktur HARZKRISTALL GmbH,Own manufacturing brochure,undated current page,,2026-10-07,https://www.harzkristall.de/fileadmin/user_upload/pdf/Harzkristall_Sales-Broschuere_220126.pdf,VERIFIED,2026-10-07,https://www.harzkristall.de/fileadmin/user_upload/pdf/Harzkristall_Sales-Broschuere_220126.pdf,"Full page / PDF holder, scope and dates; source-specific boundaries below","Own brochure confirms furnace glass production, fusing/casting and cold machining. Filename is not verified publication date; 75-year history text is not a 2026 investment.",LINK_ONLY,RESEARCHED
S-P50-03,P50,Brauerei Aying Franz Inselkammer KG,company_process_page,Brauerei Aying Franz Inselkammer KG,Current sustainability index,undated current page,,2026-10-07,https://www.brauerei-ayinger.de/bierdorf-aying/nachhaltigkeit/,VERIFIED,2026-10-07,https://www.brauerei-ayinger.de/bierdorf-aying/nachhaltigkeit/,"Full page / PDF holder, scope and dates; source-specific boundaries below",Own current EMAS claim and downloadable 2023 environmental statement; upload path 2025 is not report validation date.,LINK_ONLY,RESEARCHED
S-P50-04,P50,Brauerei Aying Franz Inselkammer KG,public_energy_agency_case,Deutsche Energie-Agentur GmbH,Actual heat-pump good practice,historical 2019 commissioning,,2026-10-07,https://www.dena.de/energy-award/good-practice/aying-brauerei-franz-inselkammer-igs/,VERIFIED,2026-10-07,https://www.dena.de/energy-award/good-practice/aying-brauerei-franz-inselkammer-igs/,"Full page / PDF holder, scope and dates; source-specific boundaries below","Actual bottle-washer high-temperature heat pump: 83 C heater, 150 kW THERMAL and COP approximately4, recovers washer cooling and CHP heat. Historical gas boiler baseline135 C is not current remaining gas inventory; 150 kW is not electrical input. Stated commissioning06/2019 differs from public Bavaria11/2018; both outside recent lookback.",LINK_ONLY,RESEARCHED
S-P50-05,P50,Brauerei Aying Franz Inselkammer KG,public_environment_agency_case,Bayerisches Landesamt für Umwelt / Umwelt- und Klimapakt Bayern,Bavarian public project case,historical 2018 commissioning,,2026-10-07,https://www.umweltpakt.bayern.de/umwelt_klimapakt/praxis_innovation/beispiele/praxis/detail.htm?id=84,VERIFIED,2026-10-07,https://www.umweltpakt.bayern.de/umwelt_klimapakt/praxis_innovation/beispiele/praxis/detail.htm?id=84,"Full page / PDF holder, scope and dates; source-specific boundaries below","Public project owner account: operated new bottle washer since11/2018; heat pump covers washer heat, CHP powers it and contributes waste heat. Claimed savings87% differ from dena process81%, with distinct scope/baseline; no averaging or silent correction.",LINK_ONLY,RESEARCHED
S-P50-06,P50,Brauerei Aying Franz Inselkammer KG,official_register_pdf,UGA Geschäftsstelle; DIHK register,Official EMAS active organisation list,2026,2026-09-01,2026-10-07,https://www.emas.de/fileadmin/user_upload/4-daten-stat/EMAS-TN-Register.pdf,VERIFIED,2026-10-07,https://www.emas.de/fileadmin/user_upload/4-daten-stat/EMAS-TN-Register.pdf,"Full page / PDF holder, scope and dates; source-specific boundaries below","Official register snapshot01/09/2026 contains exact Brauerei Aying Franz Inselkammer KG, Aying, DE-155-00168, registered since10/07/2000, one site. Page6 row rendered/visually inspected. Registered-since date is not current statement validation or expiry.",LINK_ONLY,RESEARCHED
S-P50-07,P50,Brauerei Aying Franz Inselkammer KG,emas_environmental_statement,Brauerei Aying Franz Inselkammer KG,Environmental statement2023,2023,,2026-10-07,https://www.brauerei-ayinger.de/wp-content/uploads/2025/10/Umwelterklaerung2023_BrauereiAying.pdf,VERIFIED,2026-10-07,https://www.brauerei-ayinger.de/wp-content/uploads/2025/10/Umwelterklaerung2023_BrauereiAying.pdf,PDFpp12-14 energy/commissioning;pp21-24 target/programme status; p27 signed validation,"Scanned28-page2023 statement with2022 data, signed validation2023-06-28 by Dr.Reiner Beer DE-V-0007 for DE-155-00168. PDFpp12-14 documents2012 CHP200kW ELECTRIC,2019 PV96.1kWp and heat pump, not recent investments. Washer11/2018 and heat pump05/2019 are separate assets/stages; dena06/2019 remains differing precise heat-pump date. PDFpp21-24: expired2020-24 targets, future2023-30 energy-storage project and2023 In Planung/In Umsetzung measures not verified complete2026. PDFp27 May2025/May2027 submission deadlines are not expiry dates. OCR and renderedpp12,23,24,27 inspected. Current EMAS status from separate official01/09/2026 register. No current gas mix, operating storage, new load or completed recent energy investment inferred.",LINK_ONLY,RESEARCHED
S-P51-03,P51,Distelhäuser Brauerei Ernst Bauer GmbH & Co. KG,company_certificate_claim,Distelhäuser Brauerei Ernst Bauer GmbH & Co. KG,Historical certification news,2022,2022-01-19,2026-10-07,https://www.distelhaeuser.de/aktuelles/details/distelhaeuser-erneut-iso-zertifiziert/,VERIFIED,2026-10-07,https://www.distelhaeuser.de/aktuelles/details/distelhaeuser-erneut-iso-zertifiziert/,"Full page / PDF holder, scope and dates; source-specific boundaries below","2022-01-19 renewal claim ISO14001:2015/ISO9001. No direct current certificate, exact validity or issuer established; CLAIM_ONLY, not VALID or EXPIRED.",LINK_ONLY,RESEARCHED
S-P51-04,P51,Distelhäuser Brauerei Ernst Bauer GmbH & Co. KG,company_process_page,Distelhäuser Brauerei Ernst Bauer GmbH & Co. KG,braukunst,undated current page,,2026-10-07,https://www.distelhaeuser.de/unsere-brauerei/braukunst/,VERIFIED,2026-10-07,https://www.distelhaeuser.de/unsere-brauerei/braukunst/,"Full page / PDF holder, scope and dates; source-specific boundaries below","Own slow brewing, warm wort production and circa0 C maturation four-six weeks; maturation is not heating temperature or freely shiftable thermal buffer. Thermal rektification of alcohol at unspecified low temperature does not establish electric heat carrier.",LINK_ONLY,RESEARCHED
S-P52-04,P52,Glauner GmbH,company_history_page,Glauner GmbH,Historical brand/production chronology,historical chronology,,2026-10-07,https://alpirsbacher.de/ueber-uns/unsere-geschichte/,VERIFIED,2026-10-07,https://alpirsbacher.de/ueber-uns/unsere-geschichte/,"Full page / PDF holder, scope and dates; source-specific boundaries below","History of Glauner/Alpirsbacher brand: steam machine80 PS in1893, ice machine1895, steam220 PS1925. Historical assets are not actual2026 fuel, drive or process temperatures. No dated energy target established.",LINK_ONLY,RESEARCHED
S-P54-03,P54,Privatbrauerei Waldhaus Joh. Schmid GmbH,company_process_page,Privatbrauerei Waldhaus Joh. Schmid GmbH,Own PV and denominator boundary,undated current page,,2026-10-07,https://www.waldhaus-bier.de/privatbrauerei/umweltschutz/,VERIFIED,2026-10-07,https://www.waldhaus-bier.de/privatbrauerei/umweltschutz/,"Full page / PDF holder, scope and dates; source-specific boundaries below","Own PV458.4 kWp sinceOctober2017; approximately75% of generated PV power self-consumed, explicitly only part of site electricity demand. Not75% of site energy, no generation kWh or load inferred. Purchased hydropower is not own hydro plant.",LINK_ONLY,RESEARCHED
S-P54-04,P54,Privatbrauerei Waldhaus Joh. Schmid GmbH,company_history_page,Privatbrauerei Waldhaus Joh. Schmid GmbH,Historical chronology,historical chronology,,2026-10-07,https://www.waldhaus-bier.de/privatbrauerei/historie/,VERIFIED,2026-10-07,https://www.waldhaus-bier.de/privatbrauerei/historie/,"Full page / PDF holder, scope and dates; source-specific boundaries below",2015 logistics expansion and historical ice use are not recent2021-2026 energy investments or current thermal stores.,LINK_ONLY,RESEARCHED
S-P55-03,P55,Merschbrock Kunststoff Spritzguss GmbH,company_process_page,Merschbrock Kunststoff Spritzguss GmbH,Own energy installations and dated history,undated current page,,2026-10-07,https://www.merschbrock.de/nachhaltigkeit/,VERIFIED,2026-10-07,https://www.merschbrock.de/nachhaltigkeit/,"Full page / PDF holder, scope and dates; source-specific boundaries below","Own PV commissioned2022 and2025, current1200 kWp nameplate. Over90% own electricity covers combined PV/CHP, not PV alone or total energy. CHP2014/2020 heat supplies building and absorption chiller for mould temperature; absorption cooling is not a heat pump or thermal store. Fuel unspecified.",LINK_ONLY,RESEARCHED
S-P55-04,P55,Merschbrock Kunststoff Spritzguss GmbH,certificate_pdf,frink BUSINESS GMBH,ISO14001 certificate,2023-2026,2023-10-16,2026-10-07,https://www.merschbrock.de/wp-linked-content/downloads/Merschbrock-Zertifikat_ISO_14001.pdf,VERIFIED,2026-10-07,https://www.merschbrock.de/wp-linked-content/downloads/Merschbrock-Zertifikat_ISO_14001.pdf,"Full page / PDF holder, scope and dates; source-specific boundaries below","Exact-holder frink BUSINESS GMBH certificate12-023, ISO14001:2015, issued16/10/2023 and valid until15/10/2026. Current on07/10/2026, near expiry; start of validity not stated and not invented. Rendered page inspected.",LINK_ONLY,RESEARCHED
S-P55-05,P55,Merschbrock Kunststoff Spritzguss GmbH,company_process_page,Merschbrock Kunststoff Spritzguss GmbH,Current own machines and dated energy investments,undated current page,,2026-10-07,https://www.merschbrock.de/,VERIFIED,2026-10-07,https://www.merschbrock.de/,"Full page / PDF holder, scope and dates; source-specific boundaries below","Own efficient compressed air, new wire/sinker EDM, LED and electric vans; undated except PV-fed charging transformer2025 and public fast charger plus13internal chargers2026. Transformer is connection infrastructure, not proof of harmonics/compensation.",LINK_ONLY,RESEARCHED
S-P55-06,P55,Merschbrock Kunststoff Spritzguss GmbH,company_process_page,Merschbrock Kunststoff Spritzguss GmbH,leistungen,undated current page,,2026-10-07,https://www.merschbrock.de/leistungen/,VERIFIED,2026-10-07,https://www.merschbrock.de/leistungen/,"Full page / PDF holder, scope and dates; source-specific boundaries below","Own CNC milling/electrode manufacture/wire and sinker EDM, robot and camera production/QA. Multiple named owned power-conversion processes; no rated energy load, interruption window or new thermal route defined.",LINK_ONLY,RESEARCHED
S-P56-03,P56,Spritzguß Müller GmbH,company_process_page,Spritzguß Müller GmbH,Own injection and assembly inventory,undated current page,,2026-10-07,https://www.spritzguss-mueller.de/spritzguss/,REDIRECT_VERIFIED,2026-10-07,https://www.spritzguss-mueller.de/spritzguss-mit-qualitaet-made-in-germany/,Actual named company/process section; PDF body and scope where applicable,"Own20 Boy/Demag injection machines, automatic assembly and laser marking. Closing force280t and shot700g are not electrical power, drive/heater carrier or process temperature.",LINK_ONLY,RESEARCHED
S-P56-04,P56,Spritzguß Müller GmbH,company_process_page,Spritzguß Müller GmbH,Own toolshop machines and SPS,undated current page,,2026-10-07,https://www.spritzguss-mueller.de/werkzeugbau/,VERIFIED,2026-10-07,https://www.spritzguss-mueller.de/werkzeugbau/,Actual named company/process section; PDF body and scope where applicable,"Own four mills, Spinner VC750, AGIE EDM, two lathes, grinder and TIG micro-welding; CAD/CAM and Siemens Step7 SPS for machines. Heated mould photograph/title gives no actual plant heater/temperature.",LINK_ONLY,RESEARCHED
S-P56-05,P56,Spritzguß Müller GmbH,company_history_page,Spritzguß Müller GmbH,Company history,undated current page,,2026-10-07,https://www.spritzguss-mueller.de/firmengeschichte/,VERIFIED,2026-10-07,https://www.spritzguss-mueller.de/firmengeschichte/,Actual named company/process section; PDF body and scope where applicable,Undated staff/history and ISO9001 since2002 are not current SME/energy certification or recent energy investment; no energy target established.,LINK_ONLY,RESEARCHED
S-P57-03,P57,Stocker Kunststoff GmbH,company_process_page,Stocker Kunststoff GmbH,Own machines and external toolshop boundary,undated current page,,2026-10-07,https://www.stocker-kunststoff.de/fertigung/,VERIFIED,2026-10-07,https://www.stocker-kunststoff.de/fertigung/,Actual named company/process section; PDF body and scope where applicable,"Actual own nine injection machines25-100t,0.01-250g. Complex moulds made by partner AB-FormTECH; generic CNC/toolmaking explainer is not own CNC inventory. Stock imagery credited in imprint is not own equipment evidence.",LINK_ONLY,RESEARCHED
S-P57-04,P57,Stocker Kunststoff GmbH,company_process_page,Stocker Kunststoff GmbH,Quality claim and theoretical process explanation,undated current page,,2026-10-07,https://www.stocker-kunststoff.de/qualitatsmanagement/,VERIFIED,2026-10-07,https://www.stocker-kunststoff.de/qualitatsmanagement/,Actual named company/process section; PDF body and scope where applicable,Own ISO9001 quality claim followed by generic/theoretical regression and process-control explanations. No own named installed sensing/control topology established; do not transfer theoretical SPC to actual factory automation or certified EnMS.,LINK_ONLY,RESEARCHED
S-P58-03,P58,Dorn Spritzguss GmbH,company_sustainability_page,Dorn Spritzguss GmbH,Actual PV and battery,undated current page,,2026-10-07,https://www.dorn-spritzguss.de/unternehmen/nachhaltigkeit/,VERIFIED,2026-10-07,https://www.dorn-spritzguss.de/unternehmen/nachhaltigkeit/,Actual named company/process section; PDF body and scope where applicable,"Own PV installed2022 on production halls; self-reported500000-600000kWh/yr and50-60% own electricity demand, not all energy. Own battery950kWh stores PV, acquisition undated. Electrical battery is not thermal store; net-bottleneck avoidance claim not measured harmonics.",LINK_ONLY,RESEARCHED
S-P58-04,P58,Dorn Spritzguss GmbH,company_history_page,Dorn Spritzguss GmbH,Dated company history,undated current page,,2026-10-07,https://www.dorn-spritzguss.de/unternehmen/geschichte/,VERIFIED,2026-10-07,https://www.dorn-spritzguss.de/unternehmen/geschichte/,Actual named company/process section; PDF body and scope where applicable,2022 PV and new1500m2 production hall with central plastic supply. Building expansion is not a second proven energy project; battery commissioning date unavailable.,LINK_ONLY,RESEARCHED
S-P58-05,P58,Dorn Spritzguss GmbH,certificate_pdf,DEKRA Certification GmbH,ISO14001 certificate,2025-2028,2025-11-25,2026-10-07,https://www.dorn-spritzguss.de/assets/pdf/2026/Zertifikat_ISO_14001_2015.PDF,VERIFIED,2026-10-07,https://www.dorn-spritzguss.de/assets/pdf/2026/Zertifikat_ISO_14001_2015.PDF,Actual named company/process section; PDF body and scope where applicable,"Visually inspected exact-holder DEKRA ISO14001:2015 certificate171116123/3, Dorn Bleichnauer14 Tettnang, valid2025-11-28 through2028-11-27; issued2025-11-25. Uppercase PDF extension does not change verified body.",LINK_ONLY,RESEARCHED
S-P58-06,P58,Dorn Spritzguss GmbH,company_process_page,Dorn Spritzguss GmbH,Owned CNC/EDM/laser manufacturing,undated current page,,2026-10-07,https://www.dorn-spritzguss.de/leistungen/werkzeugbau/,VERIFIED,2026-10-07,https://www.dorn-spritzguss.de/leistungen/werkzeugbau/,Actual named company/process section; PDF body and scope where applicable,"Own toolshop CNC/HSC milling, turning, grinding, wire/sinker EDM and laser welding. Actual tools made by own mechanics; different from outsourced toolshops at Stocker/Si-Tech.",LINK_ONLY,RESEARCHED
S-P58-07,P58,Dorn Spritzguss GmbH,company_process_page,Dorn Spritzguss GmbH,Actual QA measurement cycles,undated current page,,2026-10-07,https://www.dorn-spritzguss.de/unternehmen/qualitaet/,VERIFIED,2026-10-07,https://www.dorn-spritzguss.de/unternehmen/qualitaet/,Actual named company/process section; PDF body and scope where applicable,"Own series process capability checked at predefined measurement/control cycles; actual limited QA, not coordinated energy management.",LINK_ONLY,RESEARCHED
S-P59-03,P59,AK Kunststoffspritzguss GmbH & Co. KG,company_process_page,AK Kunststoffspritzguss GmbH & Co. KG,Own robots; external toolshops,undated current page,,2026-10-07,https://ak-kunststoffspritzguss.com/produktion/,VERIFIED,2026-10-07,https://ak-kunststoffspritzguss.com/produktion/,Actual named company/process section; PDF body and scope where applicable,"Own35-150t injection machines each with picker/robot. New moulds are made by external toolshops, not owned CNC. Closing force/shot weight not energy load.",LINK_ONLY,RESEARCHED
S-P59-04,P59,AK Kunststoffspritzguss GmbH & Co. KG,company_process_page,AK Kunststoffspritzguss GmbH & Co. KG,Own quality/ERP processes,undated current page,,2026-10-07,https://ak-kunststoffspritzguss.com/qualitaetsmanagement/,VERIFIED,2026-10-07,https://ak-kunststoffspritzguss.com/qualitaetsmanagement/,Actual named company/process section; PDF body and scope where applicable,Own ERP/batch traceability and quality management; ISO9001 quality evidence is not mature EnMS.,LINK_ONLY,RESEARCHED
S-P61-03,P61,Galvanik-Horstmann GmbH,company_process_page,Galvanik-Horstmann GmbH,Own galvanic services,undated current page,,2026-10-07,https://www.galvanik-horstmann.de/leistungen/,VERIFIED,2026-10-07,https://www.galvanik-horstmann.de/leistungen/,Actual named company/process section; PDF body and scope where applicable,Actual named own copper/nickel/silver/gold/zinc/tin galvanic services; distinct from generic sector explainer at old galvanotechnik URL.,LINK_ONLY,RESEARCHED
S-P61-04,P61,Galvanik-Horstmann GmbH,company_process_page,Galvanik-Horstmann GmbH,Actual own measurement and test scope,undated current page,,2026-10-07,https://www.galvanik-horstmann.de/unser-pruefverfahren/,VERIFIED,2026-10-07,https://www.galvanik-horstmann.de/unser-pruefverfahren/,Actual named company/process section; PDF body and scope where applicable,"Actual own XRF/eddy-current/magnetic quality measurements. Solderability test250C is a test temperature, not core bath heat carrier or production-temperature fit.",LINK_ONLY,RESEARCHED
S-P61-05,P61,Galvanik-Horstmann GmbH,company_sustainability_page,Galvanik-Horstmann GmbH,Environmental policy,undated current page,,2026-10-07,https://www.galvanik-horstmann.de/umwelt/,VERIFIED,2026-10-07,https://www.galvanik-horstmann.de/umwelt/,Actual named company/process section; PDF body and scope where applicable,Own undated environmental improvement policy; management responsibility is not certified EnMS/ISO14001. No dated energy roadmap established.,LINK_ONLY,RESEARCHED
S-P61-06,P61,Galvanik-Horstmann GmbH,company_brochure_pdf,Galvanik-Horstmann GmbH,Historical energy brochure,undated brochure; upload2020,,2026-10-07,https://www.galvanik-horstmann.de/wp-content/uploads/2020/11/GalvanikHorstmann.pdf,VERIFIED,2026-10-07,https://www.galvanik-horstmann.de/wp-content/uploads/2020/11/GalvanikHorstmann.pdf,Actual named company/process section; PDF body and scope where applicable,"Rendered brochure page8 describes historical KWKK plus PV supplying50-55% electricity COMBINED, not PV alone/all energy. Upload2020 precedes investment window, body undated. Current2026 continuity, fuel and commissioning not independently established.",LINK_ONLY,RESEARCHED
S-P63-03,P63,OTK Oberflächentechnik Kaltenkirchen GmbH,company_process_page,OTK Oberflächentechnik Kaltenkirchen GmbH,Own production automaton,undated current page,,2026-10-07,https://otk-galvanik.de/de/97787-Technik,VERIFIED,2026-10-07,https://otk-galvanik.de/de/97787-Technik,Actual named company/process section; PDF body and scope where applicable,Exact own Kaltenkirchen production automaton/bath line; terse machine caption supports limited automation only. Technical-adviser contact7-16h is not factory operating/dispatch window.,LINK_ONLY,RESEARCHED
S-P64-03,P64,Wieland Metalloberflächentechnik GmbH,company_process_page,Wieland Metalloberflächentechnik GmbH,Own galvanic operation/control roles,undated current page,,2026-10-07,https://www.wieland-oberflaeche.de/stellenangebote,VERIFIED,2026-10-07,https://www.wieland-oberflaeche.de/stellenangebote,Actual named company/process section; PDF body and scope where applicable,Own rack/drum/manual galvanic machines and actual bath-parameter checks. Customer PV/wind applications are not own generation; exact Schwetzingen entity not Wieland Group. Undated vacancies do not update canonical staff or commissioning.,LINK_ONLY,RESEARCHED
S-P66-03,P66,KPM Königliche Porzellan-Manufaktur Berlin GmbH,company_process_page,KPM Königliche Porzellan-Manufaktur Berlin GmbH,Own porcelain firing temperatures,undated current page,,2026-10-07,https://www.kpm-berlin.com/pages/manufaktur-porzellan-handwerkskunst,VERIFIED,2026-10-07,https://www.kpm-berlin.com/pages/manufaktur-porzellan-handwerkskunst,Actual named company/process section; PDF body and scope where applicable,"Own porcelain biscuit980C and high firing1420C; temperatures actual manufacture, not customer material ratings. Handcraft/checks not named energy automation; actual current fuel unspecified.",LINK_ONLY,RESEARCHED
S-P66-04,P66,KPM Königliche Porzellan-Manufaktur Berlin GmbH,project_provider_case,Vattenfall,Provider KPM heat-recovery account,2023,,2026-10-07,https://group.vattenfall.com/de/newsroom/news/2023/mit-abwasser-und-algen-auf-dem-weg-zum-netto-nullverbrauch,VERIFIED,2026-10-07,https://group.vattenfall.com/de/newsroom/news/2023/mit-abwasser-und-algen-auf-dem-weg-zum-netto-nullverbrauch,Actual named company/process section; PDF body and scope where applicable,"Project provider2023 describes actual KPM high-temperature kilns linked to heat recovery feeding district network. Adjacent Siemens heat-pump pilot is another site/project, not KPM. Provider fossil-free/network goals not KPM targets.",LINK_ONLY,RESEARCHED
S-P66-05,P66,KPM Königliche Porzellan-Manufaktur Berlin GmbH,public_resource_efficiency_case,VDI Zentrum Ressourceneffizienz,Public KPM heat-network case,historical2017 case,,2026-10-07,https://www.ressource-deutschland.de/themen/bauwesen/vernetzung-von-waerme/,VERIFIED,2026-10-07,https://www.ressource-deutschland.de/themen/bauwesen/vernetzung-von-waerme/,Actual named company/process section; PDF body and scope where applicable,"Public VDI ZRE case: waste heat from four KPM kilns exported since2017,1000kW thermal, recovered-water110C.110C is recovery outlet not kiln temperature;2017 outside recent investment window.",LINK_ONLY,RESEARCHED
S-P68-03,P68,TechnoKer GmbH,company_history_page,TechnoKer GmbH,Dated investments and product/plan boundaries,undated current page,,2026-10-07,https://technoker.de/ueberuns,VERIFIED,2026-10-07,https://technoker.de/ueberuns,Actual named company/process section; PDF body and scope where applicable,Own2018 kiln waste-heat reuse;2021 efficient high-temperature kiln month unspecified;2022 PV205kWp and natural-gas-to-biogas switch. Planned digitalisation by end2023 not confirmed completed. Customer heating elements are not owned electric kilns.,LINK_ONLY,RESEARCHED
S-P68-04,P68,TechnoKer GmbH,company_process_page,TechnoKer GmbH,Own ceramic production and energy policy,undated current page,,2026-10-07,https://technoker.de/dienstleistungen,VERIFIED,2026-10-07,https://technoker.de/dienstleistungen,Actual named company/process section; PDF body and scope where applicable,Own ceramic/extrusion production and resource/energy ambition; products/customer heaters do not establish own process-electric heat carrier or kiln temperature.,LINK_ONLY,RESEARCHED
S-P68-05,P68,TechnoKer GmbH,supplier_delivery_proof_pdf,Primagas / Green Navigation GmbH,Historical Bio-LPG delivery proof,2023 delivery;2024 confirmation,2024-01-25,2026-10-07,https://technoker.de/wp-content/uploads/2024/02/04.12.2023.pdf,VERIFIED,2026-10-07,https://technoker.de/wp-content/uploads/2024/02/04.12.2023.pdf,Actual named company/process section; PDF body and scope where applicable,"Scanned body visually inspected: Primagas Futuria Propan proof537, exact TechnoKer Kaullache10 Kueps,4436litres BIO-LPG/biogenic propane delivered04.12.2023, confirmation25.01.2024. This is not regional biogas, ISO certificate, kW or plant-wide fossil-free proof. Fuel-product/scope discrepancy retained.",LINK_ONLY,RESEARCHED
S-P70-03,P70,ceram GmbH,company_certificate_claim,ceram GmbH,Certification claims,undated current page,,2026-10-07,https://www.ceram-gmbh.de/ueber-uns/,VERIFIED,2026-10-07,https://www.ceram-gmbh.de/ueber-uns/,Actual named company/process section; PDF body and scope where applicable,"Own ISO9001/ISO14001 claims without current direct document. Old14001 PDF candidate returned404; cached filename/snippet not verified certificate body or current expiry. Correct CLAIM_ONLY, not VALID/EXPIRED.",LINK_ONLY,RESEARCHED
S-P70-04,P70,ceram GmbH,historic_certificate_candidate,ceram GmbH,Unretrievable historical ISO14001 PDF candidate,unverified,,2026-10-07,https://www.ceram-gmbh.de/wp-content/uploads/sites/86/2023/07/ceram-GmbH_14001-bis-2026.pdf,NOT_FOUND,2026-10-07,https://www.ceram-gmbh.de/wp-content/uploads/sites/86/2023/07/ceram-GmbH_14001-bis-2026.pdf,HTTP404; no certificate body inspected,"Returned404 in direct GET. Cached filename/snippet is not authentic current certificate evidence; current about-page claim recovered only, certificate holder/number/validity unresolved.",LINK_ONLY,RESEARCHED
S-P75-03,P75,Privatbrauerei J.B. Falter Regen KG,company_process_page,Privatbrauerei J.B. Falter Regen KG,Actual brewery pumping,undated current page,,2026-10-07,https://www.jb-falter.de/brauerei/produktion,VERIFIED,2026-10-07,https://www.jb-falter.de/brauerei/produktion,Actual named company/process section; PDF body and scope where applicable,Own beer pumped into lager tanks; named pumping but no drive ratings. Brewery production description not heat carrier or thermal buffer dispatch proof.,LINK_ONLY,RESEARCHED
S-P75-04,P75,Privatbrauerei J.B. Falter Regen KG,company_process_page,Privatbrauerei J.B. Falter Regen KG,Actual mash heating,undated current page,,2026-10-07,https://www.jb-falter.de/brauerei/produktion/sudhaus,VERIFIED,2026-10-07,https://www.jb-falter.de/brauerei/produktion/sudhaus,Actual named company/process section; PDF body and scope where applicable,Own mash heated to various unquantified temperatures; no actual heat carrier. Sector temperature ranges not substituted for measured firm values.,LINK_ONLY,RESEARCHED
S-P75-05,P75,Privatbrauerei J.B. Falter Regen KG,company_process_page,Privatbrauerei J.B. Falter Regen KG,Product maturation timing,undated current page,,2026-10-07,https://www.jb-falter.de/brauerei/produktion/lagerung-reifung,VERIFIED,2026-10-07,https://www.jb-falter.de/brauerei/produktion/lagerung-reifung,Actual named company/process section; PDF body and scope where applicable,"Own maturation4-6weeks or3-4months strong beer is product residence time, not admissible thermal-store or dispatch window.",LINK_ONLY,RESEARCHED
S-P75-06,P75,Privatbrauerei J.B. Falter Regen KG,company_history_page,Privatbrauerei J.B. Falter Regen KG,Dated capacity projects,undated current page,,2026-10-07,https://www.jb-falter.de/brauerei/bautagebuch,VERIFIED,2026-10-07,https://www.jb-falter.de/brauerei/bautagebuch,Actual named company/process section; PDF body and scope where applicable,2018 fermentation/lager building and2024 lager extension; new capacity is not itself a proved energy-transition investment.,LINK_ONLY,RESEARCHED
S-P75-07,P75,Privatbrauerei J.B. Falter Regen KG,company_process_page,Privatbrauerei J.B. Falter Regen KG,Own resource ambition,undated current page,,2026-10-07,https://www.jb-falter.de/brauerei/produktion/abfuellung,VERIFIED,2026-10-07,https://www.jb-falter.de/brauerei/produktion/abfuellung,Actual named company/process section; PDF body and scope where applicable,"Own bottling described as resource-saving/environment-friendly but no specific energy measure or control topology. This is vague ambition, not deployment or dated energy target.",LINK_ONLY,RESEARCHED
S-P76-04,P76,Si-Tech Singer GmbH,company_sustainability_page,Si-Tech Singer GmbH,Actual PV and sustainability,undated current page,,2026-10-07,https://si-tech-gmbh.com/unternehmen/nachhaltigkeit,VERIFIED,2026-10-07,https://si-tech-gmbh.com/unternehmen/nachhaltigkeit,Actual named company/process section; PDF body and scope where applicable,"Own PV generates substantial onsite share (unquantified); resource/emission-reduction ambition. EcoVadis not ISO50001. Current ISO14001 linked, inspected separately.",LINK_ONLY,RESEARCHED
S-P76-05,P76,Si-Tech Singer GmbH,certificate_pdf,SKZ - Cert GmbH,Current ISO14001 certificate and annex,2025-2028,2025-11-29,2026-10-07,https://si-tech-gmbh.com/assets/dl/nachhaltigkeit/certificate-din-iso-14001-2015-en.pdf,VERIFIED,2026-10-07,https://si-tech-gmbh.com/assets/dl/nachhaltigkeit/certificate-din-iso-14001-2015-en.pdf,Actual named company/process section; PDF body and scope where applicable,"Visually inspected SKZ ISO14001:2015 certificate001048.U, exact Si-Tech Siemens26-28 Dornstetten, valid2025-11-29 through2028-11-28, issued2025-11-29. Annex page2 includes Siemens15 assembly; old address not ignored or assumed identical without annex.",LINK_ONLY,RESEARCHED
S-P76-06,P76,Si-Tech Singer GmbH,company_process_page,Si-Tech Singer GmbH,Own robots and planning,undated current page,,2026-10-07,https://si-tech-gmbh.com/leistungen/kunststoffspritzguss,VERIFIED,2026-10-07,https://si-tech-gmbh.com/leistungen/kunststoffspritzguss,Actual named company/process section; PDF body and scope where applicable,"Own40+ injection machines, robots, fully automated handling/packaging and production planning.170-3200kN closing force is not electrical power. Three-shift production not interruption permission.",LINK_ONLY,RESEARCHED
S-P76-07,P76,Si-Tech Singer GmbH,company_process_page,Si-Tech Singer GmbH,External toolshop boundary,undated current page,,2026-10-07,https://si-tech-gmbh.com/leistungen/werkzeugbau,VERIFIED,2026-10-07,https://si-tech-gmbh.com/leistungen/werkzeugbau,Actual named company/process section; PDF body and scope where applicable,Toolmaking done by specialised partner businesses; simulation/design is not own CNC or EDM inventory.,LINK_ONLY,RESEARCHED
S-P76-08,P76,Si-Tech Singer GmbH,company_history_page,Si-Tech Singer GmbH,History and recent investment limits,undated current page,,2026-10-07,https://si-tech-gmbh.com/unternehmen/historie,VERIFIED,2026-10-07,https://si-tech-gmbh.com/unternehmen/historie,Actual named company/process section; PDF body and scope where applicable,"Dated2018 assembly and2020 renewal outside2021-10-07 lookback; current PV installation undated, generic modernisation not dated energy CAPEX.",LINK_ONLY,RESEARCHED
S-P76-09,P76,Si-Tech Singer GmbH,company_process_page,Si-Tech Singer GmbH,Own integrated-system claim,undated current page,,2026-10-07,https://si-tech-gmbh.com/unternehmen/qualitaet,VERIFIED,2026-10-07,https://si-tech-gmbh.com/unternehmen/qualitaet,Actual named company/process section; PDF body and scope where applicable,Own integrated quality/environment/energy/risk system claim; current ISO14001 verified but no mature certified EnMS inferred.,LINK_ONLY,RESEARCHED
S-P77-03,P77,metak GmbH & Co. KG,company_sustainability_page,metak GmbH & Co. KG,Actual owned energy measures,undated current page,,2026-10-07,https://www.metak.de/umwelt/leitlinien-massnahmen,VERIFIED,2026-10-07,https://www.metak.de/umwelt/leitlinien-massnahmen,Actual company/site body; rendered relevant PDF pages where stated,"Own heat recovery reduces heating/process heating oil; free cooling reduces refrigeration-compressor runtime, servo/full-electric machines, mills/vacuum feed. Historic1988/2004/2008 energy recovery outside lookback. IIOT network is future intention, not confirmed installed plant coordination.",LINK_ONLY,RESEARCHED
S-P77-04,P77,metak GmbH & Co. KG,company_process_page,metak GmbH & Co. KG,Actual own CNC/EDM,undated current page,,2026-10-07,https://www.metak.de/leistungen/werkzeugbau,VERIFIED,2026-10-07,https://www.metak.de/leistungen/werkzeugbau,Actual company/site body; rendered relevant PDF pages where stated,Own CNC milling/EDM and CAD/CAM tool manufacture; no heater/temperature or ratings inferred.,LINK_ONLY,RESEARCHED
S-P77-05,P77,metak GmbH & Co. KG,company_process_page,metak GmbH & Co. KG,Actual own drives and robots,undated current page,,2026-10-07,https://www.metak.de/leistungen/maschinenpark,VERIFIED,2026-10-07,https://www.metak.de/leistungen/maschinenpark,Actual company/site body; rendered relevant PDF pages where stated,"Own50+ moulding machines, full-electric BOY and own insert/removal robots.25-1300t closing force and part weights not kW or thermal carrier.",LINK_ONLY,RESEARCHED
S-P77-06,P77,metak GmbH & Co. KG,certificate_pdf,SKZ - Cert GmbH,ISO50001 certificate,2026-2029,2026-08-24,2026-10-07,https://www.metak.de/fileadmin/Kundenbereich/Zertifikate/Metak_Zertifikat_50001_deutsch_2026.pdf,VERIFIED,2026-10-07,https://www.metak.de/fileadmin/Kundenbereich/Zertifikate/Metak_Zertifikat_50001_deutsch_2026.pdf,Actual company/site body; rendered relevant PDF pages where stated,"Visually inspected SKZ exact Metak Kreuzstrasse1 Burgwald ISO50001:2018,001117.E, all company consumed energy; valid2026-09-23 to2029-09-22, issued2026-08-24.",LINK_ONLY,RESEARCHED
S-P77-07,P77,metak GmbH & Co. KG,certificate_pdf,SKZ - Cert GmbH,ISO14001 certificate,2026-2029,2026-08-24,2026-10-07,https://www.metak.de/fileadmin/Kundenbereich/Zertifikate/Metak_Zertifikat_14001_deutsch_2026.pdf,VERIFIED,2026-10-07,https://www.metak.de/fileadmin/Kundenbereich/Zertifikate/Metak_Zertifikat_14001_deutsch_2026.pdf,Actual company/site body; rendered relevant PDF pages where stated,"Visually inspected SKZ exact Metak Kreuzstrasse1 Burgwald ISO14001:2015,001117.U; valid2026-09-23 to2029-09-22, issued2026-08-24.",LINK_ONLY,RESEARCHED
S-P79-03,P79,Langer GmbH & Co. KG,company_sustainability_page,Langer GmbH & Co. KG,Base PV and planned expansion,undated current page,,2026-10-07,https://www.langer-group.de/Nachhaltigkeit-Leitbild,VERIFIED,2026-10-07,https://www.langer-group.de/Nachhaltigkeit-Leitbild,Actual company/site body; rendered relevant PDF pages where stated,"Actual own base PV301.76kWp; expansion to675kWp and400kWh storage stated EXPECTED fromSeptember2026. Current date does not prove completion. PV/battery numbers are nameplate/storage, not consumption/converter kW.",LINK_ONLY,RESEARCHED
S-P79-04,P79,Langer GmbH & Co. KG,certificate_pdf,DEKRA Certification GmbH,ISO14001 certificate,2024-2027,2024-09-26,2026-10-07,https://www.langer-group.de/data/media/45/4511_0x0x0x0x0_14001.pdf,VERIFIED,2026-10-07,https://www.langer-group.de/data/media/45/4511_0x0x0x0x0_14001.pdf,Actual company/site body; rendered relevant PDF pages where stated,"Visually inspected exact Langer Gewerbestrasse8 Illmensee DEKRA ISO14001:2015,171115241/3; valid2024-11-19 to2027-11-18, issued2024-09-26. Previous certificate end18/11/2024 not current start.",LINK_ONLY,RESEARCHED
S-P79-05,P79,Langer GmbH & Co. KG,certificate_pdf,DEKRA Certification GmbH,ISO50001 certificate,2024-2027,2024-09-26,2026-10-07,https://www.langer-group.de/data/media/45/4509_0x0x0x0x0_50001.pdf,VERIFIED,2026-10-07,https://www.langer-group.de/data/media/45/4509_0x0x0x0x0_50001.pdf,Actual company/site body; rendered relevant PDF pages where stated,"Visually inspected exact Langer DEKRA ISO50001:2018,181115129/2; valid2024-11-19 to2027-11-18, issued2024-09-26.",LINK_ONLY,RESEARCHED
S-P79-06,P79,Langer GmbH & Co. KG,company_sustainability_report_pdf,Langer GmbH & Co. KG,DNK2024 report,2024 data; prepared2025,,2026-10-07,https://www.langer-group.de/data/media/60/6034_0x0x0x0x0_DNK_Erklaerung_2024_Langer_GmbH___Co__KG.pdf,VERIFIED,2026-10-07,https://www.langer-group.de/data/media/60/6034_0x0x0x0x0_DNK_Erklaerung_2024_Langer_GmbH___Co__KG.pdf,Actual company/site body; rendered relevant PDF pages where stated,"DNK2024 company report prepared2025: concrete2024 efficient mill/extraction frequency converter/automatic window cooling; permanent bus-connected sensing, BDE and air shutoff. Dated2030 targets40% own PV/storage electricity and60% Scope1/2 cut vs2019 with roadmap. Planned2026/2027PV/storage not completed.2024 building/fleet gas/oil not actual process-heating fuel mix. Relevant pages10/23/24/30 rendered or body inspected.",LINK_ONLY,RESEARCHED
S-P80-03,P80,MKT Metall- und Kunststofftechnik GmbH,company_process_page,MKT Metall- und Kunststofftechnik GmbH,Own CNC and external partners,undated current page,,2026-10-07,https://www.mkt-gmbh.org/werkzeugbau,VERIFIED,2026-10-07,https://www.mkt-gmbh.org/werkzeugbau,Actual company/site body; rendered relevant PDF pages where stated,"Own CNC toolmaking plus partner Chinese toolshops; both scopes retained. Own tools include hot runners/sensors, no thermal carrier/temperature inferred.",LINK_ONLY,RESEARCHED
S-P80-04,P80,MKT Metall- und Kunststofftechnik GmbH,company_process_page,MKT Metall- und Kunststofftechnik GmbH,Actual own handling/control,undated current page,,2026-10-07,https://www.mkt-gmbh.org/spritzguss,VERIFIED,2026-10-07,https://www.mkt-gmbh.org/spritzguss,Actual company/site body; rendered relevant PDF pages where stated,Own injection machines/automatic handling and optical checks; closing force/part mass not electrical power.,LINK_ONLY,RESEARCHED
S-P80-05,P80,MKT Metall- und Kunststofftechnik GmbH,company_history_page,MKT Metall- und Kunststofftechnik GmbH,Electric machines and ERP history,undated current page,,2026-10-07,https://www.mkt-gmbh.org/kontakt/ueber-uns,VERIFIED,2026-10-07,https://www.mkt-gmbh.org/kontakt/ueber-uns,Actual company/site body; rendered relevant PDF pages where stated,"History describes investment in electric Arburg moulding machines and integrated ERP, without readable dated commissioning of energy project. Electric MACHINE drive is not proof of own electric process HEAT.",LINK_ONLY,RESEARCHED
S-P80-06,P80,MKT Metall- und Kunststofftechnik GmbH,certificate_pdf,TÜV SÜD Management Service GmbH,ISO14001 certificate,2025-2028,2025-11-21,2026-10-07,https://www.mkt-gmbh.org/pdf/ISO-14001-2015.pdf,VERIFIED,2026-10-07,https://www.mkt-gmbh.org/pdf/ISO-14001-2015.pdf,Actual company/site body; rendered relevant PDF pages where stated,"Visually inspected exact MKT Unter Greut9 Kuessaberg TÜV SÜD ISO14001:2015,12 104 20882 TMS; valid2025-12-02 to2028-12-01, issued2025-11-21.",LINK_ONLY,RESEARCHED
S-P80-07,P80,MKT Metall- und Kunststofftechnik GmbH,supplier_electricity_certificate_pdf,naturenergie,Purchased hydropower statement,2026 supply,,2026-10-07,https://www.mkt-gmbh.org/pdf/Naturenergie.pdf,VERIFIED,2026-10-07,https://www.mkt-gmbh.org/pdf/Naturenergie.pdf,Actual company/site body; rendered relevant PDF pages where stated,"Supplier certificate states2026 purchased electricity100% Alpine hydropower, not owned hydro/PV or whole-site renewable heat. Carbon factor/baseline certificate period differs from supply period;285.08t claim not independent achieved saving.",LINK_ONLY,RESEARCHED
S-P81-03,P81,Eloxalwerk Ludwigsburg Helmut Zerrer GmbH,company_sustainability_page,Eloxalwerk Ludwigsburg Helmut Zerrer GmbH,Own cleaning/geothermal,undated current page,,2026-10-07,https://ceranod.de/unternehmen/umwelt-technik/,VERIFIED,2026-10-07,https://ceranod.de/unternehmen/umwelt-technik/,Actual company/site body; rendered relevant PDF pages where stated,"Exact own Ludwigsburg fully automated ultrasonic cleaning; renewable purchased energy and own geothermal heating/cooling system. No actual electric heat-pump topology, PV or dispatch/storage architecture specified.",LINK_ONLY,RESEARCHED
S-P81-04,P81,Eloxalwerk Ludwigsburg Helmut Zerrer GmbH,company_process_page,Eloxalwerk Ludwigsburg Helmut Zerrer GmbH,Own PEO and customer-property limits,undated current page,,2026-10-07,https://ceranod.de/verfahren/plasmakeramik/,VERIFIED,2026-10-07,https://ceranod.de/verfahren/plasmakeramik/,Actual company/site body; rendered relevant PDF pages where stated,"Own plasma electrolytic oxidation (PEO) distinct from anodising;2000C is short-term finished COATING resistance, not actual bath or plant-heating temperature. Layers/hardness/durability not heat-load ratings.",LINK_ONLY,RESEARCHED
S-P83-03,P83,Gerbracht & Mönch Galvanotechnik GmbH,public_ministry_project_case,Wirtschaftsministerium Rheinland-Pfalz,Public planned capacity grant,2026 announcement,,2026-10-07,https://mwtek.rlp.de/presse/detail/schmitt-investitionen-staerken-wettbewerbsfaehigkeit-und-region-nachhaltig-rund-555000-euro-foerderung-fuer-gerbracht-moench-galvanotechnik-gmbh,VERIFIED,2026-10-07,https://mwtek.rlp.de/presse/detail/schmitt-investitionen-staerken-wettbewerbsfaehigkeit-und-region-nachhaltig-rund-555000-euro-foerderung-fuer-gerbracht-moench-galvanotechnik-gmbh,Actual company/site body; rendered relevant PDF pages where stated,"Public ministry grants555000EUR for planned capacity/site/process expansion. Efficient processes/GRW funding not verified completed energy-transition investment; current own offerings already include anodising/nickel, no commissioning date inferred.30staff not automatic canonical/eligibility update.",LINK_ONLY,RESEARCHED
S-P84-03,P84,Sauer Oberflächentechnik GmbH,company_process_page,Sauer Oberflächentechnik GmbH,Actual powder-coating line,undated current page,,2026-10-07,https://sa-oberflaechen.de/ueber-uns/unsere-anlage/,VERIFIED,2026-10-07,https://sa-oberflaechen.de/ueber-uns/unsere-anlage/,Actual company/site body; rendered relevant PDF pages where stated,"Own Durst powder-coating line, six-zone pretreatment and20 traverses.6000/3000/1600mm dimensions and1000/3000kg loads are not heater temperature, motor ratings or storage. Generic energy-efficient claim does not identify specific energy technology.",LINK_ONLY,RESEARCHED
S-P84-04,P84,Sauer Oberflächentechnik GmbH,company_process_page,Sauer Oberflächentechnik GmbH,Owned site and scope boundary,undated current page,,2026-10-07,https://sa-oberflaechen.de/,VERIFIED,2026-10-07,https://sa-oberflaechen.de/,Actual company/site body; rendered relevant PDF pages where stated,Own production/logistics/site2019/2020; shift/customer flexibility not electricity interruption permission; no proven recent energy investment.,LINK_ONLY,RESEARCHED
S-P87-03,P87,Ceramany GmbH,company_process_page,Ceramany GmbH,Cross-site manufacturing claims,undated current page,,2026-10-07,https://ceramany.com/ueber-uns/,VERIFIED,2026-10-07,https://ceramany.com/ueber-uns/,Actual company/site body; rendered relevant PDF pages where stated,"Website discusses full ceramic manufacturing chain and120staff, with German Menden and Chinese Yixing sites. Does not attribute those staff/assets/thermal processes to German legal entity/site; exact ownership/plant location remains unresolved.",LINK_ONLY,RESEARCHED
S-P87-04,P87,Ceramany GmbH,foreign_holder_quality_certificate_pdf,Shanghai Ingeer Certification Assessment Services,Foreign-holder quality certificate,2026-2029,2026-04-28,2026-10-07,https://ceramany.com/wp-content/uploads/ISO9001_2023-05_27-2026-05-26_de-en-.pdf,VERIFIED,2026-10-07,https://ceramany.com/wp-content/uploads/ISO9001_2023-05_27-2026-05-26_de-en-.pdf,Actual company/site body; rendered relevant PDF pages where stated,"Scanned certificate visually inspected: ISO9001 holders Yixing Ceramany Engineered Ceramics Co.Ltd AND Yixing Doprecision Composite Materials Co.Ltd, Chinese addresses,11726Q1012R202. BODY current cycle2026-05-27 to2029-05-26, issued2026-04-28 despite old2023-2026 filename. Not German Ceramany GmbH, not ISO14001/50001 or own German energy evidence.",LINK_ONLY,RESEARCHED
S-P87-05,P87,Ceramany GmbH,company_brochure_pdf,Ceramany GmbH,Cross-site manufacturing brochure,undated current page,,2026-10-07,https://ceramany.com/wp-content/uploads/ceramany-praesenation-de.pdf,VERIFIED,2026-10-07,https://ceramany.com/wp-content/uploads/ceramany-praesenation-de.pdf,Actual company/site body; rendered relevant PDF pages where stated,"Brochure describes ceramic forming/sintering/precision grinding and customer thermal properties, but own German-site manufacturing attribution unresolved. Customer ratings do not establish actual plant kiln temperatures/carriers.",LINK_ONLY,RESEARCHED
S-P90-03,P90,InnoKeramik & Technik GmbH,company_process_page,InnoKeramik & Technik GmbH,Own cold plate finishing; supplier firing boundary,undated current page,,2026-10-07,https://innokeramik.de/ueber-uns/,VERIFIED,2026-10-07,https://innokeramik.de/ueber-uns/,Actual company/site body; rendered relevant PDF pages where stated,"Own Düren machining centre processes purchased KLAX plates into worktops/stairs/window sills; machine sales/training/partner service separate.>1200C firing and15000t pressing belong to supplier KITO/KLAX manufacturing, not own ceramic kiln. Actual owned machine list/drive/control topology unclear.",LINK_ONLY,RESEARCHED
S-P90-04,P90,InnoKeramik & Technik GmbH,company_process_page,InnoKeramik & Technik GmbH,Partner machinery scope,undated current page,,2026-10-07,https://innokeramik.de/innopartner/,VERIFIED,2026-10-07,https://innokeramik.de/innopartner/,Actual company/site body; rendered relevant PDF pages where stated,Partner leasing/sales of waterjet/CNC bridge saws and digital coaching are not owned plant equipment or own energy deployment. Own machining centre described on company page separately.,LINK_ONLY,RESEARCHED
S-P91-03,P91,Brauerei S. Riegele Inh. Riegele KG,company_sustainability_page,Brauerei S. Riegele Inh. Riegele KG,Current EMAS index,undated current page,,2026-10-07,https://www.riegele.de/region_umwelt/,VERIFIED,2026-10-07,https://www.riegele.de/region_umwelt/,Actual company/site body; rendered relevant PDF pages where stated,Current own EMAS claim links2025 environmental statement; current title/report body controls over2024 upload path.,LINK_ONLY,RESEARCHED
S-P91-04,P91,Brauerei S. Riegele Inh. Riegele KG,emas_environmental_statement,Brauerei S. Riegele Inh. Riegele KG,Environmental statement2025,2024 data;2025 validation,2025-12-17,2026-10-07,https://www.riegele.de/wp-content/uploads/2024/01/Umwelterklaerung_2025_Brauhaus-Riegele.pdf,VERIFIED,2026-10-07,https://www.riegele.de/wp-content/uploads/2024/01/Umwelterklaerung_2025_Brauhaus-Riegele.pdf,Actual company/site body; rendered relevant PDF pages where stated,"Rendered33-page report2025 with2024 data, signed validation2025-12-17 exact Augsburg/Gersthofen DE-104-00126. Actual2023 electric forklift and mid2025 PV expansion; current gas steam boiler/heat recovery, compressors/drives and PV. Boiler described as Leistung4.3MWh: dimensionally inconsistent unit retained, NOT silently MW/kW. Future12/2026control/12/2027CIP and heat alternatives not completed;2033minus40%/2045minus100%Scope1/2 targets with transformation roadmap.",LINK_ONLY,RESEARCHED
S-P91-05,P91,Brauerei S. Riegele Inh. Riegele KG,official_register_pdf,UGA Geschäftsstelle / DIHK,Current official EMAS list,2026,2026-09-01,2026-10-07,https://www.emas.de/fileadmin/user_upload/4-daten-stat/EMAS-TN-Register.pdf,VERIFIED,2026-10-07,https://www.emas.de/fileadmin/user_upload/4-daten-stat/EMAS-TN-Register.pdf,Actual company/site body; rendered relevant PDF pages where stated,"Official active register01/09/2026 exact Riegele Augsburg DE-104-00126, two sites, registered since2016-01-22. Page9 row visually inspected; registered-since not validation or expiry.157organisation staff not canonical update.",LINK_ONLY,RESEARCHED
S-P92-03,P92,Familienbrauerei M. Ketterer GmbH & Co. KG,company_sustainability_page,Familienbrauerei M. Ketterer GmbH & Co. KG,Actual thermal/electric portfolio,undated current page,,2026-10-07,https://www.kettererbier.de/netterer-welt/umweltschutz,VERIFIED,2026-10-07,https://www.kettererbier.de/netterer-welt/umweltschutz,Actual company/site body; rendered relevant PDF pages where stated,"Own current woodchips since2006, purchased green electricity, PV2021 (month unavailable) and nitrogen generatorSPRING2023. Other own Hornberger brand page saysSPRING2021 for nitrogen; discrepancy retained. Nitrogen resource substitution not automatically proved energy CAPEX.",LINK_ONLY,RESEARCHED
S-P92-04,P92,Familienbrauerei M. Ketterer GmbH & Co. KG,company_process_page,Familienbrauerei M. Ketterer GmbH & Co. KG,Actual own pumps and thermal-fuel claim,undated current page,,2026-10-07,https://www.kettererbier.de/brauerei/brauereirundgang,VERIFIED,2026-10-07,https://www.kettererbier.de/brauerei/brauereirundgang,Actual company/site body; rendered relevant PDF pages where stated,"Own brewery pump transfers, temperature-regulated yeast process and Schoko vacuum boil; no actual heating degrees stated. Explicit all operating heat exclusively woodchips since2006; scope thermal service only, not transport/whole-plant zero carbon.",LINK_ONLY,RESEARCHED
S-P92-05,P92,Familienbrauerei M. Ketterer GmbH & Co. KG,company_history_page,Familienbrauerei M. Ketterer GmbH & Co. KG,Historical brewery control,undated current page,,2026-10-07,https://www.kettererbier.de/brauerei/geschichte,VERIFIED,2026-10-07,https://www.kettererbier.de/brauerei/geschichte,Actual company/site body; rendered relevant PDF pages where stated,Historical automated brewhouse and tanks; age/history not flexible operating/thermal-buffer window or recent energy investment.,LINK_ONLY,RESEARCHED
S-P92-06,P92,Familienbrauerei M. Ketterer GmbH & Co. KG,company_history_page,Familienbrauerei M. Ketterer GmbH & Co. KG,Conflicting nitrogen dates,undated current page,,2026-10-07,https://www.hornberger-lebensquell.de/wir-ueber-uns,VERIFIED,2026-10-07,https://www.hornberger-lebensquell.de/wir-ueber-uns,Actual company/site body; rendered relevant PDF pages where stated,"Own Hornberger/Ketterer brand account claims2021 PV/hall and nitrogen generatorin same spring, differing from current brewery page2023 nitrogen. Preserve distinct date/scope; no averaging or invented month.",LINK_ONLY,RESEARCHED
S-P93-04,P93,Brauerei Schimpfle GmbH & Co. KG,company_process_page,Brauerei Schimpfle GmbH & Co. KG,Actual compressor/recovery/control,undated current page,,2026-10-07,https://www.brauerei-schimpfle.de/brauerei,VERIFIED,2026-10-07,https://www.brauerei-schimpfle.de/brauerei,Actual company/site body; rendered relevant PDF pages where stated,"Own power-regulated refrigeration compressors, desuperheater heat recovery and monitored water/wastewater plus RO.0C maturation not heating-temperature fit or dispatchable thermal store.",LINK_ONLY,RESEARCHED
S-P93-05,P93,Brauerei Schimpfle GmbH & Co. KG,company_energy_project_post,Brauerei Schimpfle GmbH & Co. KG,Own PV commissioning,2024,2024-06-14,2026-10-07,https://de.linkedin.com/posts/brauerei-schimpfle_brauerei-schimpfle-photovoltaik-activity-7207281589314031616-LBi4,VERIFIED,2026-10-07,https://de.linkedin.com/posts/brauerei-schimpfle_brauerei-schimpfle-photovoltaik-activity-7207281589314031616-LBi4,Actual company/site body; rendered relevant PDF pages where stated,"Public own company post14/06/2024 confirms PV commissioned/running on production/logistics roof:908modules/1500m2, not kWp/kWh. Date from primary post structured metadata, current2026 operation not independently measured.",LINK_ONLY,RESEARCHED
S-P93-06,P93,Brauerei Schimpfle GmbH & Co. KG,company_history_page,Brauerei Schimpfle GmbH & Co. KG,Actual2023 energy-enabling transformer,2023,2024-01-03,2026-10-07,https://www.brauerei-schimpfle.de/blog-collection/jahresruckblick,VERIFIED,2026-10-07,https://www.brauerei-schimpfle.de/blog-collection/jahresruckblick,Actual company/site body; rendered relevant PDF pages where stated,Own2023 year review published03/01/2024: transformer station INSTALLED for then-coming PV. Packing/tanks capacity not extra proven energy investment. Transformer not measured harmonic issue. Recheck: transformer explicitly supports forthcoming PV; do not count this component and the 2024 PV as independent energy investments without separate scope evidence.,LINK_ONLY,RESEARCHED
S-P94-03,P94,Brauerei zum Kuchlbauer GmbH & Co. KG,company_sustainability_page,Brauerei zum Kuchlbauer GmbH & Co. KG,Actual logistics energy integration,undated current page,,2026-10-07,https://kuchlbauer.de/bier-und-kunst/logistikzentrum/,VERIFIED,2026-10-07,https://kuchlbauer.de/bier-und-kunst/logistikzentrum/,Actual company/site body; rendered relevant PDF pages where stated,"Own logistics centre integrates PV/electrical storage/charging with heat/cold heat pump for ROOMS. Building heat is not brewery process heat; battery not thermal store. Climate-positive claim pertains logistics centre, not whole brewery or independent lifecycle proof.",LINK_ONLY,RESEARCHED
S-P94-04,P94,Brauerei zum Kuchlbauer GmbH & Co. KG,project_builder_case,Stanglmeier Bau,Project-builder completed opening,2024,,2026-10-07,https://stanglmeier-bau.de/aktuelles/beitrag/eroeffnung-kuchlbauer-weissbier-quartier.html,VERIFIED,2026-10-07,https://stanglmeier-bau.de/aktuelles/beitrag/eroeffnung-kuchlbauer-weissbier-quartier.html,Actual company/site body; rendered relevant PDF pages where stated,"Actual project builder says centre opened21/09/2024, construction sinceearly2023. Bounds one completed integrated energy/site project, not each technology separate commissioning date or whole-brewery energy demand.",LINK_ONLY,RESEARCHED
S-P95-04,P95,Winkler-Bräu GmbH & Co. KG,company_process_page,Winkler-Bräu GmbH & Co. KG,Brauhandwerk in Lengenfeld,undated; accessed 2026-10-07,,2026-10-07,https://www.winkler-braeu.de/privatbrauerei-bayern/brauhandwerk,VERIFIED,2026-10-07,https://www.winkler-braeu.de/privatbrauerei-bayern/brauhandwerk,Named company/site sections; AI first-pass content check,"Own brewery describes hand brewing, modernised brewhouse and slow open fermentation. No process temperature, heat carrier, refrigeration inventory, commissioning date or shift permission. Not Brauerei Winkler Amberg or Weissenohe; hotel legal entity is separate.",LINK_ONLY,AI_FIRST_PASS_RECHECK
S-P95-05,P95,Winkler-Bräu GmbH & Co. KG,company_policy_document,Winkler-Bräu GmbH & Co. KG,"Werte und Prinzipien, July 2024",July 2024,2024-07,2026-10-07,https://www.winkler-braeu.de/fileadmin/files/PDF/2024_WinklerBraeu_Unternehmensphilosophie.pdf,VERIFIED,2026-10-07,https://www.winkler-braeu.de/fileadmin/files/PDF/2024_WinklerBraeu_Unternehmensphilosophie.pdf,Named company/site sections; AI first-pass content check,"Joint hotel/brewery philosophy includes continuing brewery equipment modernisation and general responsible operations. Hotel/building commitments cannot establish brewery energy assets, dated energy targets or recent energy CAPEX.",LINK_ONLY,AI_FIRST_PASS_RECHECK
S-P97-03,P97,Peltzer & Co. GmbH,company_process_page,Peltzer & Co. GmbH,PECO company history,2022 and 2024; current history,,2026-10-07,https://www.peco-germany.com/unternehmen/geschichte/,VERIFIED,2026-10-07,https://www.peco-germany.com/unternehmen/geschichte/,Named company/site sections; AI first-pass content check,"Named owned Dr. BOY 22 A/25 E efficient-machine investments from 2022 and two 50 E with periphery from 2024 for 24-hour production. Two dated energy-efficiency investment waves in lookback; model/closing force is not electric kW, fully electric drive proof or load-shifting permission.",LINK_ONLY,AI_FIRST_PASS_RECHECK
S-P98-03,P98,Robert Frank GmbH & Co. KG,company_process_page,Robert Frank GmbH & Co. KG,Owned injection moulding and assembly,undated; accessed 2026-10-07,,2026-10-07,https://www.frank-formenbau-spritzguss.de/leistungen/spritzguss-kunststoffteile/,VERIFIED,2026-10-07,https://www.frank-formenbau-spritzguss.de/leistungen/spritzguss-kunststoffteile/,Named company/site sections; AI first-pass content check,Own technical thermoplastic injection moulding and ultrasonic welding; generic efficient-machine/recycling claims lack identified energy equipment and commissioning dates. Product temperature capabilities and quality FAQ are not actual heat-carrier or energy-certification evidence.,LINK_ONLY,AI_FIRST_PASS_RECHECK
S-P98-04,P98,Robert Frank GmbH & Co. KG,company_process_page,Robert Frank GmbH & Co. KG,Own toolmaking and automation,undated; accessed 2026-10-07,,2026-10-07,https://www.frank-formenbau-spritzguss.de/kompetenz/formenbau/,REDIRECT_VERIFIED,2026-10-07,https://www.frank-formenbau-spritzguss.de/leistungen/formenbau-automation/,Named company/site sections; AI first-pass content check,Own CNC toolmaking and automated handling/assembly. Offered hot-runner tool design is not evidence of owned thermal equipment or measured energy savings.,LINK_ONLY,AI_FIRST_PASS_RECHECK
S-P100-03,P100,Kläger Spritzguss GmbH & Co. KG,company_process_page,Kläger Spritzguss GmbH & Co. KG,Dornstetten sustainability,undated; accessed 2026-10-07,,2026-10-07,https://klaeger.de/unternehmen/nachhaltikgeit/,REDIRECT_VERIFIED,2026-10-07,https://klaeger.de/de/unternehmen/nachhaltikgeit/,Named company/site sections; AI first-pass content check,Own Dornstetten page describes heat pumps/heat exchangers using production waste heat for OPERATING ROOMS and onsite PV since 2010. Room heat not process-heat temperature; 85 tonnes CO2 claim not measured energy demand. No dated future target or recent commissioning date.,LINK_ONLY,AI_FIRST_PASS_RECHECK
S-P100-04,P100,Kläger Spritzguss GmbH & Co. KG,company_equipment_document,Kläger Spritzguss GmbH & Co. KG,Dornstetten machine inventory,inventory labelled 2023; commissioning dates unknown,,2026-10-07,https://klaeger.de/wp-content/uploads/Maschinenpark-Klaeger_2023.pdf,VERIFIED,2026-10-07,https://klaeger.de/wp-content/uploads/Maschinenpark-Klaeger_2023.pdf,Named company/site sections; AI first-pass content check,"PDF body names Kläger Spritzguss GmbH & Co. KG, Hochgerichtstrasse 33 Dornstetten: 40 injection machines, several Zeres machines labelled elektrisch, CNC/EDM, automated islands and full parameter monitoring/archiving. Closing force in kN is not electric power. Filename 2023 does not date machine commissioning.",LINK_ONLY,AI_FIRST_PASS_RECHECK
S-P100-05,P100,Kläger Spritzguss GmbH & Co. KG,company_process_document,Kläger Spritzguss GmbH & Co. KG,Dornstetten ceramic injection moulding process,undated; accessed 2026-10-07,,2026-10-07,https://klaeger.de/wp-content/uploads/Prozessbeschreibung-Keramikspritzguss.pdf,VERIFIED,2026-10-07,https://klaeger.de/wp-content/uploads/Prozessbeschreibung-Keramikspritzguss.pdf,Named company/site sections; AI first-pass content check,"Own named Dornstetten body lists all in-house debinding routes and more than 20 sintering systems; process sintering examples ZrO2 about 1400 C and Al2O3 about 1650 C. Actual heat carrier, duty/load and timing constraints not given.",LINK_ONLY,AI_FIRST_PASS_RECHECK
S-P100-06,P100,Kläger Spritzguss GmbH & Co. KG,company_group_scope_boundary,Kläger Spritzguss GmbH & Co. KG,SPC electric injection-machine investment: scope exclusion,undated; accessed 2026-10-07,,2026-10-07,https://klaeger-group.com/news/automatisierung-neue-spritzgussmaschine/,VERIFIED,2026-10-07,https://klaeger-group.com/news/automatisierung-neue-spritzgussmaschine/,Named company/site sections; AI first-pass content check,"News explicitly concerns Kläger SPC, including SAB support, not the Dornstetten legal entity. Its newly commissioned electric KraussMaffei machine and automation are NOT attributed to P100; no group-asset or investment inheritance.",LINK_ONLY,AI_FIRST_PASS_RECHECK
S-P100-07,P100,Kläger Spritzguss GmbH & Co. KG,company_certificate_index,Kläger Spritzguss GmbH & Co. KG,Dornstetten download index,undated; accessed 2026-10-07,,2026-10-07,https://klaeger.de/downloads-2/,REDIRECT_VERIFIED,2026-10-07,https://klaeger.de/de/downloads-2/,Named company/site sections; AI first-pass content check,Own index provides machine/process PDFs and ISO 9001 documents. Quality certificates do not establish ISO 50001/14001/EMAS or a mature EnMS; group Spraying/SPC certificates cannot be inherited.,LINK_ONLY,AI_FIRST_PASS_RECHECK
S-P101-03,P101,Metoba Metalloberflächenbearbeitung GmbH,company_process_document,Metoba Metalloberflächenbearbeitung GmbH,Metoba process and management brochure,historical/undated brochure; URL stored 2019,,2026-10-07,https://www.metoba.de/wp-content/uploads/2019/10/Metoba-Imagebrosch%C3%BCre.pdf,VERIFIED,2026-10-07,https://www.metoba.de/wp-content/uploads/2019/10/Metoba-Imagebrosch%C3%BCre.pdf,Named company/site sections; AI first-pass content check,Own brochure describes band/barrel/rack/selective galvanic processes and automatically controlled/documented process data. Page 13 explicitly says EnMS on ISO 50001 basis is NOT certified; historical undated brochure does not establish current certification or dated energy CAPEX.,LINK_ONLY,AI_FIRST_PASS_RECHECK
S-P101-04,P101,Metoba Metalloberflächenbearbeitung GmbH,direct_certificate,Niederrheinische IHK Duisburg-Wesel-Kleve,EMAS registration certificate: body issued 2026,issued 2026-01-15; expiry 2029-09-30,2026-01-15,2026-10-07,https://www.metoba.de/emas-registrierungsurkunde-2025/,REDIRECT_VERIFIED,2026-10-07,https://www.metoba.de/wp-content/uploads/2026/01/EMAS-Registrierungsurkunde-2025.pdf,Named company/site sections; AI first-pass content check,"Rendered primary certificate names Metoba, Koenigsberger Strasse 23-33 Luedenscheid, DE-130-00026; first registration 1999-06-30; issue 2026-01-15, valid until 2029-09-30. URL filename 2025 is not issue year. Environmental system is not certified ISO 50001.",LINK_ONLY,AI_FIRST_PASS_RECHECK
S-P101-05,P101,Metoba Metalloberflächenbearbeitung GmbH,public_agency_site_visit,GWS Maerkischer Kreis,GWS workshop at Metoba,2024 context,,2026-10-07,https://www.gws-mk.de/oekoprofit-workshop-nachhaltigkeit-und-ressourceneffizienz-im-fokus/,VERIFIED,2026-10-07,https://www.gws-mk.de/oekoprofit-workshop-nachhaltigkeit-und-ressourceneffizienz-im-fokus/,Named company/site sections; AI first-pass content check,"Public development agency reports actual BHKW operation and Metoba EMAS history in 2024 context. Operation-date not commissioning-date; fuel, thermal scope and CHP electrical size unknown. Workshop discussion of ISO 50001 is not Metoba certification.",LINK_ONLY,AI_FIRST_PASS_RECHECK
S-P101-06,P101,Metoba Metalloberflächenbearbeitung GmbH,official_register,DIHK / EMAS register,Official active EMAS organisations register,2026-09-01,,2026-10-07,https://www.emas.de/fileadmin/user_upload/4-daten-stat/EMAS-TN-Register.pdf,VERIFIED,2026-10-07,https://www.emas.de/fileadmin/user_upload/4-daten-stat/EMAS-TN-Register.pdf,Named company/site sections; AI first-pass content check,"Official active-register snapshot 2026-09-01 includes Metoba Metalloberflaechenbearbeitung GmbH, DE-130-00026, Luedenscheid. Confirms entity registration independently of own brochure; employee line is not copied to canonical staff.",LINK_ONLY,AI_FIRST_PASS_RECHECK
S-P105-03,P105,Dresdner Silber und Metallveredlung GmbH,company_certificate_index,Dresdner Silber und Metallveredlung GmbH,Dresdner Silber certificate index,undated; accessed 2026-10-07,,2026-10-07,https://www.dresdnersilber.de/de/zertifikate,VERIFIED,2026-10-07,https://www.dresdnersilber.de/de/zertifikate,Named company/site sections; AI first-pass content check,Owner index links ISO 14001 and ISO 9001 certificates hosted in IndustryStock document storage. No EnMS maturity evidence from quality/environmental certification alone.,LINK_ONLY,AI_FIRST_PASS_RECHECK
S-P105-04,P105,Dresdner Silber und Metallveredlung GmbH,direct_certificate,DEKRA Certification GmbH,ISO 14001 primary certificate body,2025-12-23 to 2028-12-22,2025-12-23,2026-10-07,https://osscs.industrystock.com/51124/Zertifikat-ISO-14001-2015.PDF.pdf,VERIFIED,2026-10-07,https://osscs.industrystock.com/51124/Zertifikat-ISO-14001-2015.PDF.pdf,Named company/site sections; AI first-pass content check,"Owner-linked DEKRA body names Dresdner Silber und Metallveredlung GmbH, Sosaer Strasse 39 Dresden, galvanic metal finishing, 170121011/3; valid 2025-12-23 to 2028-12-22. Previous expiry printed 2025-12-22 is not current expiry.",LINK_ONLY,AI_FIRST_PASS_RECHECK
S-P105-05,P105,Dresdner Silber und Metallveredlung GmbH,public_agency_company_report,IHK Dresden,IHK Dresden environmental recognition September 2026,September 2026,2026-09-14,2026-10-07,https://www.ihk.de/dresden/servicenavigation/presse-publikationen/meldungen/engagement-fuer-umwelt-und-klima-erneut-ausgezeichnet-7172602,VERIFIED,2026-10-07,https://www.ihk.de/dresden/servicenavigation/presse-publikationen/meldungen/engagement-fuer-umwelt-und-klima-erneut-ausgezeichnet-7172602,Named company/site sections; AI first-pass content check,"IHK confirms exact firm, ISO 14001 and galvanic process/environmental work. Chemicals/wastewater improvements and alliance membership are not evidence of energy-technology commissioning, energy targets or ISO 50001.",LINK_ONLY,AI_FIRST_PASS_RECHECK
S-P106-03,P106,Felix Vuckovic - Technische Keramik GmbH,company_process_page,Felix Vuckovic - Technische Keramik GmbH,Owned technical-ceramic machining,undated; accessed 2026-10-07,,2026-10-07,https://www.fv-technische-keramik.de/unternehmen/fertigungsverfahren/,VERIFIED,2026-10-07,https://www.fv-technische-keramik.de/unternehmen/fertigungsverfahren/,Named company/site sections; AI first-pass content check,"Own Ludwigsburg site lists CNC grinding, honing, lapping, polishing and ultrasound-assisted machining on over 2000 m2. CAD/CAM controls actual CNC equipment. Ceramic material temperature ratings are NOT own kiln process temperature; no owned firing route established.",LINK_ONLY,AI_FIRST_PASS_RECHECK
S-P106-04,P106,Felix Vuckovic - Technische Keramik GmbH,company_process_page,Felix Vuckovic - Technische Keramik GmbH,Company and quality scope,undated; accessed 2026-10-07,,2026-10-07,https://www.fv-technische-keramik.de/unternehmen/,VERIFIED,2026-10-07,https://www.fv-technische-keramik.de/unternehmen/,Named company/site sections; AI first-pass content check,Own technical-ceramic component production and annual unspecified equipment investments. ISO 9001 quality claim not energy/environmental management. No dates or energy measures attached to investment statement.,LINK_ONLY,AI_FIRST_PASS_RECHECK
S-P108-03,P108,Porzellanmanufaktur Reichenbach GmbH,company_process_page,Porzellanmanufaktur Reichenbach GmbH,Owned Reichenbach porcelain firing,undated; accessed 2026-10-07,,2026-10-07,https://reichenbach-porzellan.de/portfolio/brennen/,VERIFIED,2026-10-07,https://reichenbach-porzellan.de/portfolio/brennen/,Named company/site sections; AI first-pass content check,"Owner states 100 percent production in Reichenbach: actual first firing 950 C then glaze firing 1380 C. Heat carrier, grid/load size and available timing freedom unknown. Two stages alone do not establish dispatchable flexibility or thermal storage.",LINK_ONLY,AI_FIRST_PASS_RECHECK
S-P108-04,P108,Porzellanmanufaktur Reichenbach GmbH,company_sustainability_page,Porzellanmanufaktur Reichenbach GmbH,Resource sustainability scope,undated; accessed 2026-10-07,,2026-10-07,https://reichenbach-porzellan.de/nachhaltigkeit-ist-kein-produkttrend/,VERIFIED,2026-10-07,https://reichenbach-porzellan.de/nachhaltigkeit-ist-kein-produkttrend/,Named company/site sections; AI first-pass content check,"Own resource/recycling, packaging and landscape sustainability. Gypsum recycling, compostable packaging and sheep are not process heat electrification, energy storage, quantified energy savings or dated energy roadmap.",LINK_ONLY,AI_FIRST_PASS_RECHECK
S-P109-03,P109,Porzellan Manufaktur Nymphenburg GmbH & Co. KG,company_process_page,Porzellan Manufaktur Nymphenburg GmbH & Co. KG,Owned Nymphenburg firing,undated; accessed 2026-10-07,,2026-10-07,https://www.nymphenburg.com/pages/brennerei,VERIFIED,2026-10-07,https://www.nymphenburg.com/pages/brennerei,Named company/site sections; AI first-pass content check,"Own kiln route: first firing 950 C, glaze firing around 1400 C up to 36 hours, subsequent decorative firing. Duration is not available shift window. No actual heat carrier or nameplate load given.",LINK_ONLY,AI_FIRST_PASS_RECHECK
S-P109-04,P109,Porzellan Manufaktur Nymphenburg GmbH & Co. KG,company_energy_page,Porzellan Manufaktur Nymphenburg GmbH & Co. KG,Mechanical water-power drive scope,undated; accessed 2026-10-07,,2026-10-07,https://www.nymphenburg.com/pages/wasserkraft,VERIFIED,2026-10-07,https://www.nymphenburg.com/pages/wasserkraft,Named company/site sections; AI first-pass content check,"Water from Schlossbach drives mills, stirrer and pottery wheels through a mechanical belt network. This is mechanical hydropower, NOT evidence of owned hydroelectric generation, electric motor drives, inverter deployment, PV or grid export.",LINK_ONLY,AI_FIRST_PASS_RECHECK
S-P109-05,P109,Porzellan Manufaktur Nymphenburg GmbH & Co. KG,company_policy_page,Porzellan Manufaktur Nymphenburg GmbH & Co. KG,Hand manufacture and changed firing technique,undated; accessed 2026-10-07,,2026-10-07,https://www.nymphenburg.com/pages/qualitatsversprechen,VERIFIED,2026-10-07,https://www.nymphenburg.com/pages/qualitatsversprechen,Named company/site sections; AI first-pass content check,"Owner states only firing technique adapted for more climate-friendly operation; no carrier, equipment model, date or quantified target. Mechanical water drive persists. Change is some measure, not independently verified electric kiln or recent investment.",LINK_ONLY,AI_FIRST_PASS_RECHECK
S-P110-04,P110,Neue Porzellanfabrik Triptis GmbH,company_entity_scope_boundary,Neue Porzellanfabrik Triptis GmbH,Brand history and 2024 return,undated; accessed 2026-10-07,,2026-10-07,https://eschenbachporzellan.de/unternehmen/geschichte,VERIFIED,2026-10-07,https://eschenbachporzellan.de/unternehmen/geschichte,Named company/site sections; AI first-pass content check,"Owner history describes 2024 Eschenbach return but does not identify current legal continuity, owned operating furnaces or resumption at Neue Porzellanfabrik Triptis GmbH. Current imprint names a different entity. Historic production claims cannot resolve current site attribution.",LINK_ONLY,AI_FIRST_PASS_RECHECK
S-P37-02,P37,atka Kunststoffverarbeitung GmbH,company_energy_page,atka Kunststoffverarbeitung GmbH,atka energy measures in Lohne,undated; accessed 2026-10-07,,2026-10-07,https://www.atka.de/nachhaltigkeit.php,VERIFIED,2026-10-07,https://www.atka.de/nachhaltigkeit.php,Named company/site sections; AI first-pass content check,"Own page describes PV stated as 630 kwP (interpreted nameplate kWp, not generated kWh), machine waste heat for OFFICES/HALLS, efficient-machine replacement and an efficient EnMS claim. No ISO 50001 proof, process-heat temperature, thermal storage or completion dates.",LINK_ONLY,AI_FIRST_PASS_RECHECK
S-P37-03,P37,atka Kunststoffverarbeitung GmbH,direct_certificate,DEKRA Certification GmbH,atka ISO 14001 current certificate and scope,2025-07-31 to 2028-07-28,2025-07-31,2026-10-07,https://www.atka.de/pdf/ISO-14001-2015-Deutsch.pdf,VERIFIED,2026-10-07,https://www.atka.de/pdf/ISO-14001-2015-Deutsch.pdf,Named company/site sections; AI first-pass content check,"DEKRA body names ATKA Kunststoffverarbeitung GmbH, Suedring 25 Lohne, 170813086/4, valid 2025-07-31 to 2028-07-28; annex includes Zum Lerchental 2 for development/toolmaking/special machines. ISO 14001 not ISO 50001.",LINK_ONLY,AI_FIRST_PASS_RECHECK
S-P37-04,P37,atka Kunststoffverarbeitung GmbH,company_process_page,atka Kunststoffverarbeitung GmbH,atka machine and company history,undated; accessed 2026-10-07,,2026-10-07,https://www.atka.de/unternehmen.php,VERIFIED,2026-10-07,https://www.atka.de/unternehmen.php,Named company/site sections; AI first-pass content check,Owned injection moulding/toolmaking/automation; company history describes two fully electric machines and efficient Werk II. Historical dates and current sustainability inventory are not commissioning dates within the 2021-10-07 to 2026-10-07 window.,LINK_ONLY,AI_FIRST_PASS_RECHECK
S-P37-05,P37,atka Kunststoffverarbeitung GmbH,company_process_page,atka Kunststoffverarbeitung GmbH,atka owned injection moulding,undated; accessed 2026-10-07,,2026-10-07,https://atka.de/spritzguss.php,VERIFIED,2026-10-07,https://atka.de/spritzguss.php,Named company/site sections; AI first-pass content check,"Own injection-machine fleet with automation, multiple thermoplastics and toolmaking. No actual heating/cooling duty, carrier balance, grid headroom or permitted shift windows.",LINK_ONLY,AI_FIRST_PASS_RECHECK
S-P60-04,P60,HARTCHROM Beck GmbH,company_process_page,HARTCHROM Beck GmbH,Owned chromium plating equipment,undated; accessed 2026-10-07,,2026-10-07,https://www.hartchrom-beck.de/beschichtungstechnik/,VERIFIED,2026-10-07,https://www.hartchrom-beck.de/beschichtungstechnik/,Named company/site sections; AI first-pass content check,"Own serial hard-chrome automatic plant: 66000 L electrolyte and 60000 A; pulse-plating variants. Current amps and bath volume are NOT voltage, kW, kWh or transformer headroom. No owned thermal temperature or heat carrier.",LINK_ONLY,AI_FIRST_PASS_RECHECK
S-P60-05,P60,HARTCHROM Beck GmbH,company_process_page,HARTCHROM Beck GmbH,Owned machining and dehydration,undated; accessed 2026-10-07,,2026-10-07,https://www.hartchrom-beck.de/bearbeitungstechnik/,VERIFIED,2026-10-07,https://www.hartchrom-beck.de/bearbeitungstechnik/,Named company/site sections; AI first-pass content check,"Own CNC cylindrical grinding, polishing, blasting and dehydration; no thermal temperature, fuel or commissioning date. Current in amps is not electric power.",LINK_ONLY,AI_FIRST_PASS_RECHECK
S-P60-06,P60,HARTCHROM Beck GmbH,company_certificate_index,HARTCHROM Beck GmbH,Owner downloads: broken document endpoints,undated; accessed 2026-10-07,,2026-10-07,https://www.hartchrom-beck.de/downloads/,VERIFIED,2026-10-07,https://www.hartchrom-beck.de/downloads/,Named company/site sections; AI first-pass content check,"Current owner index contains three document links; all checked exact /downloads/files/original/28.pdf,29.pdf,30.pdf return HTTP404. No certificate validity inferred from link labels or unrelated staging domain.",LINK_ONLY,AI_FIRST_PASS_RECHECK
S-P60-07,P60,HARTCHROM Beck GmbH,issuer_company_index,DQS,DQS exact-holder customer database,undated; accessed 2026-10-07,,2026-10-07,https://www.dqsglobal.com/en/customer-database/hartchrom-beck-gmbh,VERIFIED,2026-10-07,https://www.dqsglobal.com/en/customer-database/hartchrom-beck-gmbh,Named company/site sections; AI first-pass content check,Issuer named-company body lists ISO 9001:2015 only. Global site navigation listing ISO 14001/50001 products is not Hartchrom Beck certification. No false energy-certification inheritance.,LINK_ONLY,AI_FIRST_PASS_RECHECK
S-P71-03,P71,Flötzinger Brauerei Franz Steegmüller GmbH & Co. KG,primary_company_evidence,ATP architects engineers,ATP completed Schechen project October 2024,body scope recorded in evidence fact; accessed 2026-10-07,,2026-10-07,https://www.atp.ag/de/projekte/floetzinger-brauerei-in-schechen/,VERIFIED,2026-10-07,https://www.atp.ag/de/projekte/floetzinger-brauerei-in-schechen/,Exact entity/site body; first-pass content review,Architect documents May 2023 start and October 2024 completion of Schechen tank/filling/logistics building with PV and heat pump. Rosenheim brewhouse stays at its existing site. Project area and masterplan area have different scope. Room/building energy assets cannot establish brewery-wide process heat or grid load.,LINK_ONLY,AI_FIRST_PASS_RECHECK
S-P72-03,P72,Hofbräuhaus Traunstein Josef Sailer GmbH & Co. KG,primary_company_evidence,Hofbräuhaus Traunstein Josef Sailer GmbH & Co. KG,Environmental and social scope,body scope recorded in evidence fact; accessed 2026-10-07,,2026-10-07,https://www.hb-ts.de/umwelt-soziales/,VERIFIED,2026-10-07,https://www.hb-ts.de/umwelt-soziales/,Exact entity/site body; first-pass content review,"Owner page concerns raw materials, soil and community support. It does not identify process energy equipment, operating temperatures, current heat carriers, energy targets or energy commissioning dates.",LINK_ONLY,AI_FIRST_PASS_RECHECK
S-P73-03,P73,Brauerei-Gasthof Kundmüller GmbH,primary_company_evidence,Brauerei-Gasthof Kundmüller GmbH,Owner self-guided brewery tour,body scope recorded in evidence fact; accessed 2026-10-07,,2026-10-07,https://www.brauerei-kundmueller.com/self-guided-tour,VERIFIED,2026-10-07,https://www.brauerei-kundmueller.com/self-guided-tour,Exact entity/site body; first-pass content review,"Owner describes its operating brewing stages. Details below are attributed to individual stations, not unrelated companies featured in a community interview.",LINK_ONLY,AI_FIRST_PASS_RECHECK
S-P73-04,P73,Brauerei-Gasthof Kundmüller GmbH,primary_company_evidence,Brauerei-Gasthof Kundmüller GmbH,Owned brewhouse and recovery,body scope recorded in evidence fact; accessed 2026-10-07,,2026-10-07,https://www.brauerei-kundmueller.com/self-guided-tour/station-19,VERIFIED,2026-10-07,https://www.brauerei-kundmueller.com/self-guided-tour/station-19,Exact entity/site body; first-pass content review,"Own five-vessel 60 hl brewhouse operating since 2020; mash stages at 60/62/68/72 C and boiling, vapour condenser recovering hot water, central refrigeration and process controls. Claimed energy reduction is not an independently metered whole-company balance. 2020 lies outside current investment window.",LINK_ONLY,AI_FIRST_PASS_RECHECK
S-P73-05,P73,Brauerei-Gasthof Kundmüller GmbH,primary_company_evidence,Brauerei-Gasthof Kundmüller GmbH,Owned spent-grain process,body scope recorded in evidence fact; accessed 2026-10-07,,2026-10-07,https://www.brauerei-kundmueller.com/self-guided-tour/station-20,VERIFIED,2026-10-07,https://www.brauerei-kundmueller.com/self-guided-tour/station-20,Exact entity/site body; first-pass content review,"Owner describes its spent-grain handling and patented process. Handling/patent is not electrical power, energy storage capacity or permitted production shifting.",LINK_ONLY,AI_FIRST_PASS_RECHECK
S-P73-06,P73,Brauerei-Gasthof Kundmüller GmbH,company_process_document,Brauerei-Gasthof Kundmüller GmbH,House brochure body January 2026,body scope recorded in evidence fact; accessed 2026-10-07,,2026-10-07,https://www.brauerei-kundmueller.de/assets/node/vv49lvhqx8ppc/brauerei-kundmueller_hausbroschuere_A5_2025_13.0_WEB-DE.pdf,VERIFIED,2026-10-07,https://www.brauerei-kundmueller.de/assets/node/vv49lvhqx8ppc/brauerei-kundmueller_hausbroschuere_A5_2025_13.0_WEB-DE.pdf,Exact entity/site body; first-pass content review,"Body dated 01/2026 corroborates multiple PV arrays, QUB membership, 2020 brewery and environmental awards. Solar thermal support is for guesthouse/restaurant. Solarbier brand claim is not a site-by-site process heat-carrier balance; 2025 awards are not equipment commissioning.",LINK_ONLY,AI_FIRST_PASS_RECHECK
S-P74-03,P74,Brauerei Gebr. Maisel GmbH & Co. KG,primary_company_evidence,Brauerei Gebr. Maisel GmbH & Co. KG,Owner quality and environmental work,body scope recorded in evidence fact; accessed 2026-10-07,,2026-10-07,https://www.maisel.com/familie-maisel/qualitaet/,VERIFIED,2026-10-07,https://www.maisel.com/familie-maisel/qualitaet/,Exact entity/site body; first-pass content review,"Owner describes implemented waste-heat reuse, CO2 recovery and energy concept with IfE. CO2 capture is not thermal storage. No commissioning dates, heat-carrier balance or quantified dated energy roadmap.",LINK_ONLY,AI_FIRST_PASS_RECHECK
S-P07-07,P07,VARIOPLAST Konrad Däbritz GmbH,primary_company_evidence,VARIOPLAST Konrad Däbritz GmbH,Owner sustainability and resource efficiency,body scope recorded in evidence fact; accessed 2026-10-07,,2026-10-07,https://varioplast.de/de/unternehmen/nachhaltigkeit,VERIFIED,2026-10-07,https://varioplast.de/de/unternehmen/nachhaltigkeit,Exact entity/site body; first-pass content review,"Own inline PVD/coating and resource-efficient production, PV generation above 600000 kWh/year, geothermal and production-heat recovery for building needs. Annual PV energy is not nameplate kWp; room-heating independence is not process heat-carrier proof.",LINK_ONLY,AI_FIRST_PASS_RECHECK
S-P07-08,P07,VARIOPLAST Konrad Däbritz GmbH,primary_company_evidence,VARIOPLAST Konrad Däbritz GmbH,Owner certificate index,body scope recorded in evidence fact; accessed 2026-10-07,,2026-10-07,https://varioplast.de/de/downloads,VERIFIED,2026-10-07,https://varioplast.de/de/downloads,Exact entity/site body; first-pass content review,Own download index links current 2026 SKZ environmental certificate; former 2023 certificate expires July 2026. Environmental certification does not establish ISO 50001.,LINK_ONLY,AI_FIRST_PASS_RECHECK
S-P32-02,P32,Kronenbrauerei Otto Haizmann KG,primary_company_evidence,Kronenbrauerei Otto Haizmann KG,Owned brewery heat and electric logistics,body scope recorded in evidence fact; accessed 2026-10-07,,2026-10-07,https://hochdorfer.de/vom-rohstoff-zum-bier/,VERIFIED,2026-10-07,https://hochdorfer.de/vom-rohstoff-zum-bier/,Exact entity/site body; first-pass content review,Owner explicitly supplies all brewery heat from regional woodchips since 2006 and exports heat to neighbours/inn. Purchased renewable electricity and electric pallet trucks/forklifts are separately stated. Thermal generation is not onsite electric generation. Current stated nonfossil brewery heat baseline supports zero fossil displacement; no actual mash temperatures or recent commissioning.,LINK_ONLY,AI_FIRST_PASS_RECHECK
S-P34-03,P34,KTS Kunststoff Technik Schmölln GmbH,primary_company_evidence,KTS Kunststoff Technik Schmölln GmbH,Owned injection process chain,body scope recorded in evidence fact; accessed 2026-10-07,,2026-10-07,https://www.kts-schmoelln.de/prozesskette/,VERIFIED,2026-10-07,https://www.kts-schmoelln.de/prozesskette/,Exact entity/site body; first-pass content review,"Own material preparation/feed, injection moulding, six-axis robots and toolmaking are described. External partner stages remain external; no heating temperature, carrier or energy commissioning date.",LINK_ONLY,AI_FIRST_PASS_RECHECK
S-P34-04,P34,KTS Kunststoff Technik Schmölln GmbH,primary_company_evidence,KTS Kunststoff Technik Schmölln GmbH,Owned plastic laser welding,body scope recorded in evidence fact; accessed 2026-10-07,,2026-10-07,https://www.kts-schmoelln.de/leistungen/,VERIFIED,2026-10-07,https://www.kts-schmoelln.de/leistungen/,Exact entity/site body; first-pass content review,Own services include laser welding of plastics and integration of production stages. Laser is a bounded power-conversion application; no rated load or site energy-control inventory.,LINK_ONLY,AI_FIRST_PASS_RECHECK
S-P40-02,P40,OFTECH Oberflächentechnik GmbH & Co. KG,primary_company_evidence,OFTECH Oberflächentechnik GmbH & Co. KG,Owned environmental energy measures,body scope recorded in evidence fact; accessed 2026-10-07,,2026-10-07,https://oftech.de/umweltpolitik/,VERIFIED,2026-10-07,https://oftech.de/umweltpolitik/,Exact entity/site body; first-pass content review,Owner operates PV since 2010 covering about 20 percent of electricity demand and purchases certified green electricity/green gas for processes. Green-gas label alone does not specify physical biomethane/fossil fractions or establish zero fossil thermal duty.,LINK_ONLY,AI_FIRST_PASS_RECHECK
S-P40-03,P40,OFTECH Oberflächentechnik GmbH & Co. KG,primary_company_evidence,OFTECH Oberflächentechnik GmbH & Co. KG,Owner download index scope,body scope recorded in evidence fact; accessed 2026-10-07,,2026-10-07,https://oftech.de/downloads/,VERIFIED,2026-10-07,https://oftech.de/downloads/,Exact entity/site body; first-pass content review,"Owner download index checked for current holder and certificate scope. Quality documentation alone cannot prove energy or environmental certification, energy hardware or a no-management conclusion.",LINK_ONLY,AI_FIRST_PASS_RECHECK
S-P42-02,P42,OT Oberflächentechnik GmbH & Co. KG,primary_company_evidence,OT Oberflächentechnik GmbH & Co. KG,Owner environmental index,body scope recorded in evidence fact; accessed 2026-10-07,,2026-10-07,https://www.ot-schwerin.de/umweltmanagement.html,VERIFIED,2026-10-07,https://www.ot-schwerin.de/umweltmanagement.html,Exact entity/site body; first-pass content review,Owner environmental management page links exact TÜV NORD certificate. Body expires 27 July 2026 despite accessible index. Expired environmental certificate does not establish current system certification or absence of a successor.,LINK_ONLY,AI_FIRST_PASS_RECHECK
S-P46-03,P46,Porzellanfabrik Hermsdorf GmbH,primary_company_evidence,Porzellanfabrik Hermsdorf GmbH,Owner certificate index,body scope recorded in evidence fact; accessed 2026-10-07,,2026-10-07,https://www.pofahermsdorf.de/zertifizierungen/,VERIFIED,2026-10-07,https://www.pofahermsdorf.de/zertifizierungen/,Exact entity/site body; first-pass content review,"Owner index links current exact-holder ISO 50001 and ISO 14001 bodies, issued April 2026 despite URL folder 2023. Ceramic heat-exchanger products do not prove owner heat recovery or kiln temperature.",LINK_ONLY,AI_FIRST_PASS_RECHECK
S-P47-03,P47,hofmann CERAMiC GmbH,primary_company_evidence,hofmann CERAMiC GmbH,Owner certificate index,body scope recorded in evidence fact; accessed 2026-10-07,,2026-10-07,https://www.hofmann-ceramic.de/downloads/,VERIFIED,2026-10-07,https://www.hofmann-ceramic.de/downloads/,Exact entity/site body; first-pass content review,Owner index links exact-holder DMSZ ISO 50001 and ISO 14001 documents. Certificate scope distinguishes ceramic manufacture from distribution of wear-resistant products; customer foundry heat is not owner process temperature.,LINK_ONLY,AI_FIRST_PASS_RECHECK
S-P67-03,P67,DOCERAM GmbH,primary_company_evidence,DOCERAM GmbH,DOCERAM exact holder downloads,body scope recorded in evidence fact; accessed 2026-10-07,,2026-10-07,https://www.moeschter-group.com/de/doceram/downloads/,VERIFIED,2026-10-07,https://www.moeschter-group.com/de/doceram/downloads/,Exact entity/site body; first-pass content review,"Group index separately identifies DOCERAM, DOTHERM and ISOCOS certificates. Only named DOCERAM certificate scope is attributed; environmental certification does not close upstream group eligibility.",LINK_ONLY,AI_FIRST_PASS_RECHECK
S-P82-03,P82,Galvanotec-Hagen GmbH & Co. KG,primary_company_evidence,Galvanotec-Hagen GmbH & Co. KG,Owner quality scope,body scope recorded in evidence fact; accessed 2026-10-07,,2026-10-07,https://www.galvanotec-hagen.de/qualitaetsmanagement,VERIFIED,2026-10-07,https://www.galvanotec-hagen.de/qualitaetsmanagement,Exact entity/site body; first-pass content review,Owner describes quality management. ISO 9001 quality is not ISO 50001/14001/EMAS; generic Galvani demonstration on a technology page is not owned production equipment.,LINK_ONLY,AI_FIRST_PASS_RECHECK
S-P85-03,P85,Die Schweizer Galvanotechnic GmbH & Co. KG,primary_company_evidence,Die Schweizer Galvanotechnic GmbH & Co. KG,Recovered current Schweizer website,body scope recorded in evidence fact; accessed 2026-10-07,,2026-10-07,https://www.schweizer-galvano.de/,REDIRECT_VERIFIED,2026-10-07,https://schweizer-galvano.de/,Exact entity/site body; first-pass content review,"Current Heilbronn owner website names galvanic routes, central computer-controlled rack/barrel lines linked to ERP, own onsite PV and BHKW with waste-heat recovery. Chemical nickel needs no external current and is separate from electroplating. No commissioning dates, capacity or joint dispatch topology.",LINK_ONLY,AI_FIRST_PASS_RECHECK
S-P86-03,P86,GIESS- TECHNISCHE- SONDERKERAMIK GmbH & Co. KG,primary_company_evidence,GIESS- TECHNISCHE- SONDERKERAMIK GmbH & Co. KG,Owned GTS manufacture and history,body scope recorded in evidence fact; accessed 2026-10-07,,2026-10-07,https://gts-keramik.de/ueber-uns/,VERIFIED,2026-10-07,https://gts-keramik.de/ueber-uns/,Exact entity/site body; first-pass content review,Owner history attributes ceramic production to Düsseldorf. Historic acquisitions and laboratory cooperation do not date current energy investment. Owned manufacturing FAQ below distinguishes sintering from product temperature resistance.,LINK_ONLY,AI_FIRST_PASS_RECHECK
S-P96-03,P96,PEKA Spritzguss GmbH,primary_company_evidence,PEKA Spritzguss GmbH,Owner PEKA quality index,body scope recorded in evidence fact; accessed 2026-10-07,,2026-10-07,https://www.peka-spritzguss.de/qualitaet/,VERIFIED,2026-10-07,https://www.peka-spritzguss.de/qualitaet/,Exact entity/site body; first-pass content review,Owner index links current exact PEKA ISO 14001 body valid September 2026 to April 2029. Environmental system does not alone establish energy measures or current ISO 50001.,LINK_ONLY,AI_FIRST_PASS_RECHECK
S-P99-03,P99,Kunststofftechnik Breitungen GmbH & Co. KG,primary_company_evidence,Kunststofftechnik Breitungen GmbH & Co. KG,Owned Breitungen injection fleet,body scope recorded in evidence fact; accessed 2026-10-07,,2026-10-07,https://www.kt-breitungen.de/maschinenpark/,VERIFIED,2026-10-07,https://www.kt-breitungen.de/maschinenpark/,Exact entity/site body; first-pass content review,Owner lists nine Arburg injection machines plus coating/printing. kN closing force and shot mass are not motor power; 520E model designation alone does not verify drive technology or machine commissioning.,LINK_ONLY,AI_FIRST_PASS_RECHECK
S-P99-04,P99,Kunststofftechnik Breitungen GmbH & Co. KG,primary_company_evidence,Kunststofftechnik Breitungen GmbH & Co. KG,Owner Breitungen quality scope,body scope recorded in evidence fact; accessed 2026-10-07,,2026-10-07,https://www.kt-breitungen.de/qualitaet/,VERIFIED,2026-10-07,https://www.kt-breitungen.de/qualitaet/,Exact entity/site body; first-pass content review,"Owner quality page checked. Quality certification and surface finishing are not evidence of ISO 50001/14001, energy equipment, measured savings or recent energy commissioning.",LINK_ONLY,AI_FIRST_PASS_RECHECK
S-P102-03,P102,Rudolf Clauss GmbH & Co. KG,primary_company_evidence,Rudolf Clauss GmbH & Co. KG,Rudolf Clauss sustainability scope,body scope recorded in evidence fact; accessed 2026-10-07,,2026-10-07,https://www.rudolf-clauss.de/de/nachhaltigkeit/,VERIFIED,2026-10-07,https://www.rudolf-clauss.de/de/nachhaltigkeit/,Exact entity/site body; first-pass content review,"Owner environmental statements distinguish own galvanic finishing from downstream lighter-product/customer fuel benefits. Those customer benefits are not owner energy savings, owned PV or completed energy projects.",LINK_ONLY,AI_FIRST_PASS_RECHECK
S-P103-03,P103,Metallveredelung Gebrüder Wigl GmbH,primary_company_evidence,Metallveredelung Gebrüder Wigl GmbH,Owned Wigl finishing processes,body scope recorded in evidence fact; accessed 2026-10-07,,2026-10-07,https://www.wigl-gmbh.de/professionelle-oberflaechenveredelung/,VERIFIED,2026-10-07,https://www.wigl-gmbh.de/professionelle-oberflaechenveredelung/,Exact entity/site body; first-pass content review,Owner names electroplating/anodising and separately chemical nickel at Munich/Neufahrn facilities. Customer heat resistance is not actual bath temperature; electrochemical process suggests rectifier relevance but no measured electrical disturbance.,LINK_ONLY,AI_FIRST_PASS_RECHECK
S-P103-04,P103,Metallveredelung Gebrüder Wigl GmbH,primary_company_evidence,Metallveredelung Gebrüder Wigl GmbH,Owner Wigl certificate index,body scope recorded in evidence fact; accessed 2026-10-07,,2026-10-07,https://www.wigl-gmbh.de/zertifikate/,VERIFIED,2026-10-07,https://www.wigl-gmbh.de/zertifikate/,Exact entity/site body; first-pass content review,"Owner links separate exact-holder Werk I and Werk II environmental certificate bodies. Both have same registration number and expiry; site coverage is checked, not inferred from quality certificate.",LINK_ONLY,AI_FIRST_PASS_RECHECK
S-P104-03,P104,Holder GmbH Oberflächentechnik,primary_company_evidence,Holder GmbH Oberflächentechnik,Owner Holder certificate index,body scope recorded in evidence fact; accessed 2026-10-07,,2026-10-07,https://holder-oft.de/kompetenzzentrum/zertifikate/,VERIFIED,2026-10-07,https://holder-oft.de/kompetenzzentrum/zertifikate/,Exact entity/site body; first-pass content review,Owner lists exact Holder ISO 50001 and ISO 14001 bodies/annexes. Holder sites in annex are distinct from upstream group eligibility; filename year is not validity start.,LINK_ONLY,AI_FIRST_PASS_RECHECK
S-P104-04,P104,Holder GmbH Oberflächentechnik,primary_company_evidence,Holder GmbH Oberflächentechnik,Holder quality and environmental policy,body scope recorded in evidence fact; accessed 2026-10-07,,2026-10-07,https://holder-oft.de/unternehmen/qualitaet-und-umwelt/,VERIFIED,2026-10-07,https://holder-oft.de/unternehmen/qualitaet-und-umwelt/,Exact entity/site body; first-pass content review,"Owner energy/environment policy concerns continuous efficiency and resource improvement. A vague energy ambition is not a quantified dated roadmap, energy investment commissioning or downstream crash-energy savings.",LINK_ONLY,AI_FIRST_PASS_RECHECK
S-P104-05,P104,Holder GmbH Oberflächentechnik,primary_company_evidence,Holder GmbH Oberflächentechnik,Owned aluminium heat treatment,body scope recorded in evidence fact; accessed 2026-10-07,,2026-10-07,https://holder-oft.de/oberflaechenverfahren/waermebehandlung-von-aluminium/,REDIRECT_VERIFIED,2026-10-07,https://holder-oft.de/verfahren/aluminium-behandlung/waermebehandlung-von-aluminium/,Exact entity/site body; first-pass content review,"Owner aluminium process page describes owned heat treatment and controlled adaptation to material/part needs. Crash energy absorption is a product property, not process energy consumption; no actual operating temperature or heat carrier.",LINK_ONLY,AI_FIRST_PASS_RECHECK
S-P88-03,P88,Ceramaret Meissen GmbH,primary_company_evidence,Ceramaret Meissen GmbH,Exact German Meissen production sites,body scope recorded in evidence fact; accessed 2026-10-07,,2026-10-07,https://ceramaret.com/sites-de-production,VERIFIED,2026-10-07,https://ceramaret.com/sites-de-production,Exact entity/site body; first-pass content review,"Owner identifies Meissen Ziegelstrasse 9a and Am Wall 4 with pressing/CIM, green machining, debinding/sintering and CNC finishing. Swiss Bôle assets/personnel are separate; staff counts not copied to canonical staff. German site process temperature/carrier not stated.",LINK_ONLY,AI_FIRST_PASS_RECHECK
S-P88-04,P88,Ceramaret Meissen GmbH,primary_company_evidence,Ceramaret Meissen GmbH,German versus Swiss certificate scope,body scope recorded in evidence fact; accessed 2026-10-07,,2026-10-07,https://ceramaret.com/technologies/gestion-de-la-qualite,VERIFIED,2026-10-07,https://ceramaret.com/technologies/gestion-de-la-qualite,Exact entity/site body; first-pass content review,Owner quality listing attributes ISO 14001 to Swiss Ceramaret SA. German Ceramaret Meissen listing names quality/medical ISO 9001/13485; Swiss environmental certificate cannot be inherited or treated as proof of no German management.,LINK_ONLY,AI_FIRST_PASS_RECHECK
S-P88-05,P88,Ceramaret Meissen GmbH,primary_company_evidence,Ceramaret Meissen GmbH,Group sintering temperature boundary,body scope recorded in evidence fact; accessed 2026-10-07,,2026-10-07,https://ceramaret.com/technologies/mise-en-forme-et-frittage,VERIFIED,2026-10-07,https://ceramaret.com/technologies/mise-en-forme-et-frittage,Exact entity/site body; first-pass content review,Group technology page describes ceramic sintering around 1600-1800 C but does not attribute this actual operating range to the German Meissen sites. German own sintering is separately confirmed; German temperature remains UNKNOWN.,LINK_ONLY,AI_FIRST_PASS_RECHECK
S-P65-03,P65,Porzellanmanufaktur FÜRSTENBERG GmbH,primary_company_evidence,Porzellanmanufaktur FÜRSTENBERG GmbH,Owned Fürstenberg porcelain manufacture,body scope recorded in evidence fact; accessed 2026-10-07,,2026-10-07,https://www.fuerstenberg-porzellan.com/en/blog/blick-in-die-produktion,VERIFIED,2026-10-07,https://www.fuerstenberg-porzellan.com/en/blog/blick-in-die-produktion,Exact entity/site body; first-pass content review,"Owner production article describes OMNIA manufacture, manual forming and two several-hour firing stages up to 1400 C. This is actual own firing rather than product heat resistance. Fuel, duty, free timing windows and owned electric furnace inventory unresolved.",LINK_ONLY,AI_FIRST_PASS_RECHECK
S-P89-03,P89,TECHNISCHE KERAMIK FRÖMGEN GMBH,primary_company_evidence,TECHNISCHE KERAMIK FRÖMGEN GMBH,Owned Frömgen cold ceramic machining,body scope recorded in evidence fact; accessed 2026-10-07,,2026-10-07,https://www.tkf-froemgen.de/en/technical-ceramics.html,VERIFIED,2026-10-07,https://www.tkf-froemgen.de/en/technical-ceramics.html,Exact entity/site body; first-pass content review,Owner component page describes machining customer materials and externally supplied ceramic series parts. This page alone does not establish an owned kiln; separate owner equipment page S-P89-04 explicitly confirms own sintering furnaces. Initial HTTP466 later recovered through HTTP200 primary-body review.,LINK_ONLY,AI_FIRST_PASS_RECHECK
S-P62-03,P62,Galvanotechnik Kessel GmbH & Co. KG,primary_company_evidence,Galvanotechnik Kessel GmbH & Co. KG,Owned Kessel finishing,body scope recorded in evidence fact; accessed 2026-10-07,,2026-10-07,https://www.galvanotechnik-kessel.de/,VERIFIED,2026-10-07,https://www.galvanotechnik-kessel.de/,Exact entity/site body; first-pass content review,Own current homepage identifies galvanic surface treatment and named surface finishing routes at Vechelde. Exact legal entity is linked through imprint; chemistry and site energy policy are separately documented.,LINK_ONLY,AI_FIRST_PASS_RECHECK
S-P07-09,P07,VARIOPLAST Konrad Däbritz GmbH,direct_certificate,SKZ-Cert GmbH,ISO 14001 exact-holder certificate body,body scope recorded in evidence fact; accessed 2026-10-07,,2026-10-07,https://varioplast.de/images/downloads/pdf/zertifikate/2026/Varioplast_Zertifikat_14001_SKZ_2026_de_Joomla-kompatibel-1.pdf,VERIFIED,2026-10-07,https://varioplast.de/images/downloads/pdf/zertifikate/2026/Varioplast_Zertifikat_14001_SKZ_2026_de_Joomla-kompatibel-1.pdf,Exact entity/site body; first-pass content review,"SKZ-Cert GmbH: VARIOPLAST Konrad Däbritz GmbH, 001127.U; current period 2026-07-26 to 2029-07-25. Current exact Varioplast holder at Ötisheim; former certificate expired 2026-07-25.",LINK_ONLY,AI_FIRST_PASS_RECHECK
S-P46-04,P46,Porzellanfabrik Hermsdorf GmbH,direct_certificate,Quality Austria Certification GmbH,ISO 50001 exact-holder certificate body,body scope recorded in evidence fact; accessed 2026-10-07,,2026-10-07,https://www.pofahermsdorf.de/wp-content/uploads/2023/05/EMS_dt.pdf,VERIFIED,2026-10-07,https://www.pofahermsdorf.de/wp-content/uploads/2023/05/EMS_dt.pdf,Exact entity/site body; first-pass content review,"Quality Austria Certification GmbH: Porzellanfabrik Hermsdorf GmbH, EM-00269/0; current period start not separately stated to 2029-03-11. Body issued 2026-04-21. First registration 2022-08-09 is not current validity start; URL 2023 not issue year.",LINK_ONLY,AI_FIRST_PASS_RECHECK
S-P46-05,P46,Porzellanfabrik Hermsdorf GmbH,direct_certificate,Quality Austria Certification GmbH,ISO 14001 exact-holder certificate body,body scope recorded in evidence fact; accessed 2026-10-07,,2026-10-07,https://www.pofahermsdorf.de/wp-content/uploads/2023/05/UMS_dt.pdf,VERIFIED,2026-10-07,https://www.pofahermsdorf.de/wp-content/uploads/2023/05/UMS_dt.pdf,Exact entity/site body; first-pass content review,"Quality Austria Certification GmbH: Porzellanfabrik Hermsdorf GmbH, U-04659/0; current period start not separately stated to 2029-03-11. Body issued 2026-04-21. First registration 2022-08-09 is not current validity start.",LINK_ONLY,AI_FIRST_PASS_RECHECK
S-P47-04,P47,hofmann CERAMiC GmbH,direct_certificate,DMSZ Deutsche Managementsystem Zertifizierungsgesellschaft mbH,ISO 50001 exact-holder certificate body,body scope recorded in evidence fact; accessed 2026-10-07,,2026-10-07,https://www.hofmann-ceramic.de/wp-content/uploads/EM_00533-Z04304_de.pdf,VERIFIED,2026-10-07,https://www.hofmann-ceramic.de/wp-content/uploads/EM_00533-Z04304_de.pdf,Exact entity/site body; first-pass content review,"DMSZ Deutsche Managementsystem Zertifizierungsgesellschaft mbH: hofmann CERAMiC GmbH, EM 00533-Z04304; current period 2025-06-06 to 2028-06-04. Rendered exact Hofmann CERAMiC holder Breitscheid-Erdbach; all company energy quantities in certified system.",LINK_ONLY,AI_FIRST_PASS_RECHECK
S-P47-05,P47,hofmann CERAMiC GmbH,direct_certificate,DMSZ Deutsche Managementsystem Zertifizierungsgesellschaft mbH,ISO 14001 exact-holder certificate body,body scope recorded in evidence fact; accessed 2026-10-07,,2026-10-07,https://www.hofmann-ceramic.de/wp-content/uploads/UM00533Z04303de.pdf,VERIFIED,2026-10-07,https://www.hofmann-ceramic.de/wp-content/uploads/UM00533Z04303de.pdf,Exact entity/site body; first-pass content review,"DMSZ Deutsche Managementsystem Zertifizierungsgesellschaft mbH: hofmann CERAMiC GmbH, UM 00533-Z04303; current period 2025-06-06 to 2028-03-14. Rendered exact holder. Previous certificate expiry is not current expiry.",LINK_ONLY,AI_FIRST_PASS_RECHECK
S-P62-04,P62,Galvanotechnik Kessel GmbH & Co. KG,direct_certificate,DMSZ Deutsche Managementsystem Zertifizierungsgesellschaft mbH,ISO 50001 exact-holder certificate body,body scope recorded in evidence fact; accessed 2026-10-07,,2026-10-07,https://www.galvanotechnik-kessel.de/wp-content/uploads/2024/12/Zertifikat_EM_50001_22638-Z04013_deutsch_bis2027-1-1.jpg,VERIFIED,2026-10-07,https://www.galvanotechnik-kessel.de/wp-content/uploads/2024/12/Zertifikat_EM_50001_22638-Z04013_deutsch_bis2027-1-1.jpg,Exact entity/site body; first-pass content review,"DMSZ Deutsche Managementsystem Zertifizierungsgesellschaft mbH: Galvanotechnik Kessel GmbH & Co. KG, EM 22638-Z04013; current period 2024-11-28 to 2027-11-27. Image certificate visually checked, Raiffeisenstrasse 2 Vechelde; all energy quantities in certified system.",LINK_ONLY,AI_FIRST_PASS_RECHECK
S-P62-05,P62,Galvanotechnik Kessel GmbH & Co. KG,direct_certificate,DMSZ Deutsche Managementsystem Zertifizierungsgesellschaft mbH,ISO 14001 exact-holder certificate body,body scope recorded in evidence fact; accessed 2026-10-07,,2026-10-07,https://www.galvanotechnik-kessel.de/wp-content/uploads/2024/12/Zertifikat_UM_14001_22638-Z04012_deutsch_bis2027-1.jpg,VERIFIED,2026-10-07,https://www.galvanotechnik-kessel.de/wp-content/uploads/2024/12/Zertifikat_UM_14001_22638-Z04012_deutsch_bis2027-1.jpg,Exact entity/site body; first-pass content review,"DMSZ Deutsche Managementsystem Zertifizierungsgesellschaft mbH: Galvanotechnik Kessel GmbH & Co. KG, UM 22638-Z04012; current period 2024-11-28 to 2027-11-27. Image certificate visually checked; exact Kessel holder and surface treatment scope.",LINK_ONLY,AI_FIRST_PASS_RECHECK
S-P67-04,P67,DOCERAM GmbH,direct_certificate,LRQA Deutschland GmbH,ISO 14001 exact-holder certificate body,body scope recorded in evidence fact; accessed 2026-10-07,,2026-10-07,https://www.moeschter-group.com/fileadmin/content/mediathek/zertifikate/Zertifikate_9001_DE/ISO-9001_ISO-14001_Site-DC_DE_bis-20280518.PDF,VERIFIED,2026-10-07,https://www.moeschter-group.com/fileadmin/content/mediathek/zertifikate/Zertifikate_9001_DE/ISO-9001_ISO-14001_Site-DC_DE_bis-20280518.PDF,Exact entity/site body; first-pass content review,"LRQA Deutschland GmbH: DOCERAM GmbH, 10694787; current period 2025-05-19 to 2028-05-18. Exact DOCERAM holder Hesslingsweg 65-67 Dortmund; approval 00048473-001. Other group holders not inherited.",LINK_ONLY,AI_FIRST_PASS_RECHECK
S-P96-04,P96,PEKA Spritzguss GmbH,direct_certificate,DEKRA Certification GmbH,ISO 14001 exact-holder certificate body,body scope recorded in evidence fact; accessed 2026-10-07,,2026-10-07,https://www.peka-spritzguss.de/wp-content/uploads/2026/10/Zertifikat-ISO-14001_2015.pdf,VERIFIED,2026-10-07,https://www.peka-spritzguss.de/wp-content/uploads/2026/10/Zertifikat-ISO-14001_2015.pdf,Exact entity/site body; first-pass content review,"DEKRA Certification GmbH: PEKA Spritzguss GmbH, 171023143/1; current period 2026-09-27 to 2029-04-30. Exact PEKA holder, Konrad-Zuse-Strasse 2 Velbert. Previous expiry 2026-09-26 is not current expiry.",LINK_ONLY,AI_FIRST_PASS_RECHECK
S-P103-05,P103,Metallveredelung Gebrüder Wigl GmbH,direct_certificate,ISO/ZERT GmbH,ISO 14001 exact-holder certificate body,body scope recorded in evidence fact; accessed 2026-10-07,,2026-10-07,https://www.wigl-gmbh.de/wp-content/uploads/Wigl_GmbH_Zertifikat_Oeko_Werk_1.pdf,VERIFIED,2026-10-07,https://www.wigl-gmbh.de/wp-content/uploads/Wigl_GmbH_Zertifikat_Oeko_Werk_1.pdf,Exact entity/site body; first-pass content review,"ISO/ZERT GmbH: Metallveredelung Gebrüder Wigl GmbH, 207964; current period start not separately stated to 2027-02-15. Werk I Neufahrn and separate Werk II Munich bodies visually checked; recertification 2024-02-16, first certification 2019 is not current validity start.",LINK_ONLY,AI_FIRST_PASS_RECHECK
S-P104-06,P104,Holder GmbH Oberflächentechnik,direct_certificate,TÜV Rheinland Cert GmbH,ISO 50001 exact-holder certificate body,body scope recorded in evidence fact; accessed 2026-10-07,,2026-10-07,https://holder-oft.de/wp-content/uploads/Zertifikat-ISO-500012018-2025.pdf,VERIFIED,2026-10-07,https://holder-oft.de/wp-content/uploads/Zertifikat-ISO-500012018-2025.pdf,Exact entity/site body; first-pass content review,"TÜV Rheinland Cert GmbH: Holder GmbH Oberflächentechnik, 01 407 061926; current period 2024-06-14 to 2027-06-13. Exact Holder body and annex: Kirchheim, Lenningen and Laichingen; filename 2025 not validity start.",LINK_ONLY,AI_FIRST_PASS_RECHECK
S-P104-07,P104,Holder GmbH Oberflächentechnik,direct_certificate,TÜV Rheinland Cert GmbH,ISO 14001 exact-holder certificate body,body scope recorded in evidence fact; accessed 2026-10-07,,2026-10-07,https://holder-oft.de/wp-content/uploads/Zertifikat-ISO-140012015-2025.pdf,VERIFIED,2026-10-07,https://holder-oft.de/wp-content/uploads/Zertifikat-ISO-140012015-2025.pdf,Exact entity/site body; first-pass content review,"TÜV Rheinland Cert GmbH: Holder GmbH Oberflächentechnik, 01 104 061926; current period 2023-11-15 to 2026-11-14. Exact Holder body; valid on check date but near expiry. Group gate remains open.",LINK_ONLY,AI_FIRST_PASS_RECHECK
S-P42-03,P42,OT Oberflächentechnik GmbH & Co. KG,direct_certificate,TÜV NORD CERT GmbH,ISO 14001 exact-holder certificate body,body scope recorded in evidence fact; accessed 2026-10-07,,2026-10-07,https://www.ot-schwerin.de/umweltmanagement.html?_hash=s0lGTqN2t2hLlg5_g7fqZqUTEboZVon9tT8vVT7Vx-8&ctx=a%3A1%3A%7Bs%3A2%3A%22id%22%3Bi%3A174%3B%7D&p=ot%2Fcontent%2Fgrafiken%2Fzertifikate%2F14001+2023_deutsch.pdf,VERIFIED_EXPIRED,2026-10-07,https://www.ot-schwerin.de/umweltmanagement.html?_hash=s0lGTqN2t2hLlg5_g7fqZqUTEboZVon9tT8vVT7Vx-8&ctx=a%3A1%3A%7Bs%3A2%3A%22id%22%3Bi%3A174%3B%7D&p=ot%2Fcontent%2Fgrafiken%2Fzertifikate%2F14001+2023_deutsch.pdf,Exact entity/site body; first-pass content review,"TÜV NORD CERT GmbH: OT Oberflächentechnik GmbH & Co. KG, 44 104 140808; current period 2023-08-29 to 2026-07-27. Exact OT holder Werkstrasse 4/115 Schwerin; publicly linked body EXPIRED on check date. No current successor verified; not proof none exists.",LINK_ONLY,AI_FIRST_PASS_RECHECK
S-P103-06,P103,Metallveredelung Gebrüder Wigl GmbH,direct_certificate,Metallveredelung Gebrüder Wigl GmbH,ISO 14001 Werk II body,body scope recorded in evidence fact; accessed 2026-10-07,,2026-10-07,https://www.wigl-gmbh.de/wp-content/uploads/Wigl_GmbH_Zertifikat_Oeko_Werk_2.pdf,VERIFIED,2026-10-07,https://www.wigl-gmbh.de/wp-content/uploads/Wigl_GmbH_Zertifikat_Oeko_Werk_2.pdf,Exact entity/site body; first-pass content review,"Separate Werk II Munich image body checked: same exact Wigl holder, number 207964, expiry 2027-02-15. Werk I source is not alone used to establish both sites.",LINK_ONLY,AI_FIRST_PASS_RECHECK
S-P62-06,P62,Galvanotechnik Kessel GmbH & Co. KG,primary_company_evidence,Galvanotechnik Kessel GmbH & Co. KG,Kessel operational management policy,body scope recorded in evidence fact; accessed 2026-10-07,,2026-10-07,https://www.galvanotechnik-kessel.de/qualitaet/energiemanagement/,VERIFIED,2026-10-07,https://www.galvanotechnik-kessel.de/qualitaet/energiemanagement/,Exact entity/site body; first-pass content review,"Owner describes implemented energy/environmental management. Energy policy includes ongoing consumption metering, energy-stream records, regular reviews and efficiency measures; exact current certificates separately verified. General continuous improvement lacks dated target roadmap or commissioning dates.",LINK_ONLY,AI_FIRST_PASS_RECHECK
S-P62-07,P62,Galvanotechnik Kessel GmbH & Co. KG,primary_company_evidence,Galvanotechnik Kessel GmbH & Co. KG,Kessel operational management policy,body scope recorded in evidence fact; accessed 2026-10-07,,2026-10-07,https://www.galvanotechnik-kessel.de/qualitaet/umweltmanagement/,VERIFIED,2026-10-07,https://www.galvanotechnik-kessel.de/qualitaet/umweltmanagement/,Exact entity/site body; first-pass content review,"Owner describes implemented energy/environmental management. Energy policy includes ongoing consumption metering, energy-stream records, regular reviews and efficiency measures; exact current certificates separately verified. General continuous improvement lacks dated target roadmap or commissioning dates.",LINK_ONLY,AI_FIRST_PASS_RECHECK
S-P89-04,P89,TECHNISCHE KERAMIK FRÖMGEN GMBH,company_equipment_page,TECHNISCHE KERAMIK FRÖMGEN GMBH,Own Frömgen machine park and sintering furnaces,undated; own current equipment page checked2026-10-07,,2026-10-07,https://www.tkf-froemgen.de/en/range-of-services.html,VERIFIED,2026-10-07,https://www.tkf-froemgen.de/en/range-of-services.html,"Grinding, lapping, shaping, sintering and CNC sections","Owner explicitly lists own surface/cylindrical grinding, automated lapping/polishing, presses, five CNC lathes and two CNC mills, and several sintering furnaces including inert-gas units. Maximum furnace capability up to1700C and chamber dimensions are not actual process operating temperature or heating fuel; inert atmosphere not heat carrier. Initial direct HTTP466 recovered through HTTP200 primary-body review.",LINK_ONLY,AI_FIRST_PASS_RECHECK
S-P45-05,P45,Glasmanufaktur HARZKRISTALL GmbH,company_energy_page,Glasmanufaktur HARZKRISTALL,Own homepage: car and bicycle charging stations,undated current page,,2026-10-07,https://www.harzkristall.de/,VERIFIED,2026-10-07,https://www.harzkristall.de/,Visitor/site facilities and arrival: charging-station lines,"Own company site explicitly lists four car and six bicycle charging stations. Imprint is identity evidence only; this homepage documents charging facilities. No PV, storage, ratings or commissioning date.",LINK_ONLY,RECHECKED
S-P03-05,P03,Upländer Bauernmolkerei GmbH,company_energy_transition,Upländer Bauernmolkerei GmbH,125 Jahre Molkerei-Geschichte in Usseln,current,,2026-10-08,https://www.bauernmolkerei.de/aktuelles/neuigkeiten/detailansicht/125-jahre-molkerei-geschichte-in-usseln,VERIFIED,2026-10-08,https://www.bauernmolkerei.de/aktuelles/neuigkeiten/detailansicht/125-jahre-molkerei-geschichte-in-usseln,Completed new-site discussion; BHKW and PV,"Owner describes completed Usseln factory development with own CHP and PV. Energy carrier, dispatchable storage and exact energy-asset commissioning dates are not stated. This is separate from the unimplemented 2019 university scenario.",LINK_ONLY,RESEARCHED
S-P03-06,P03,Upländer Bauernmolkerei GmbH,company_investment,Upländer Bauernmolkerei GmbH,Unsere Förderprojekte,current,,2026-10-08,https://www.bauernmolkerei.de/ueber-uns/foerderprojekte,VERIFIED,2026-10-08,https://www.bauernmolkerei.de/ueber-uns/foerderprojekte,Site extension; 2017 raw-milk tank,Owner lists production/site investments and a 100000 litre raw-milk tank dated 2017. Milk inventory is not a dispatchable thermal store; 2017 is outside the energy-investment window.,LINK_ONLY,RESEARCHED
S-P16-06,P16,Sembach GmbH & Co. KG,company_process_energy,Sembach GmbH & Co. KG,Imagebroschüre 2026,2026 brochure,,2026-10-08,https://www.sembach.de/wp-content/uploads/Imagebroschuere-2026_DE_-DIGITAL.pdf,VERIFIED,2026-10-08,https://www.sembach.de/wp-content/uploads/Imagebroschuere-2026_DE_-DIGITAL.pdf,"PDF pages 28, 39 and 42 (1-based); visual review","Own CNC milling, CAD-connected manufacturing and SPC/MSA process monitoring; furnace heat recovery heats the production building. Customer energy-technology applications are not own generation. Furnace fuels, conversion topology, useful thermal stores and commissioning dates remain unknown.",LINK_ONLY,RESEARCHED
S-P24-04,P24,H&K Müller GmbH & Co. KG,company_energy_transition,H&K Müller GmbH & Co. KG,Umweltschutz und Nachhaltigkeit bei H&K Müller,current,,2026-10-08,https://www.hk-mueller.de/de/unternehmen/nachhaltigkeit-und-umweltschutz/,VERIFIED,2026-10-08,https://www.hk-mueller.de/de/unternehmen/nachhaltigkeit-und-umweltschutz/,Nachhaltigkeit im Kunststoffspritzguss,"Owner confirms own rooftop PV above 420 kWp, production-heat recovery for building heating, fully electric injection machines, gas-consuming pre-flaming in printing and continuous per-machine electricity metering. Drives are not proof of electric process heat; room heat recovery is not thermal storage.",LINK_ONLY,RESEARCHED
S-P24-05,P24,H&K Müller GmbH & Co. KG,company_investment,H&K Müller GmbH & Co. KG,Neuigkeiten von H&K Müller,current,,2026-10-08,https://www.hk-mueller.de/de/unternehmen/newsblog/,VERIFIED,2026-10-08,https://www.hk-mueller.de/de/unternehmen/newsblog/,PV expansion article; machine delivery article,PV expansion by about 1.2 MWp to about 1.6 MWp is announced with commissioning planned for Q4 2025. The page still provides no completion confirmation at 2026-10-08. A delivered machine is not commissioned energy investment. Historic 52/55/56 fleet claims are not reconciled into a new current count.,LINK_ONLY,RESEARCHED
S-P24-06,P24,H&K Müller GmbH & Co. KG,company_process,H&K Müller GmbH & Co. KG,Kunststoffspritzguss,current,,2026-10-08,https://www.hk-mueller.de/de/kunststoffspritzguss/,VERIFIED,2026-10-08,https://www.hk-mueller.de/de/kunststoffspritzguss/,Own Engelskirchen production; process explanation,"Owner attributes injection moulding and automated production to Engelskirchen. General process explanation gives melting, cooling and demoulding, but no owned process operating temperatures or heating-carrier specification. Machine counts conflict with other own pages.",LINK_ONLY,RESEARCHED
S-P72-04,P72,Hofbräuhaus Traunstein Josef Sailer GmbH & Co. KG,company_energy_transition,Hofbräuhaus Traunstein Josef Sailer GmbH & Co. KG,Wenn die Sonne das Bier kühlt,2025-03 installation report,2025-03-24,2026-10-08,https://www.hb-ts.de/pv-module-fuer-bierkuehlung/,VERIFIED,2026-10-08,https://www.hb-ts.de/pv-module-fuer-bierkuehlung/,"PV, cold-demand share and surplus use","2025-03-24 owner report states additional PV installed the previous week, own beer refrigeration exceeds 40 percent of electricity demand, and surplus PV supplies electric forklifts. Site-wide PV is 375 square metres, not kWp. Coordination of uses is described; dispatch software and electrical topology are not documented.",LINK_ONLY,RESEARCHED
S-P72-05,P72,Hofbräuhaus Traunstein Josef Sailer GmbH & Co. KG,company_process,Hofbräuhaus Traunstein Josef Sailer GmbH & Co. KG,Wir investieren in eine neue Palettierung,2021-12 completed installation,2021-12-21,2026-10-08,https://www.hb-ts.de/neue-palettierung/,VERIFIED,2026-10-08,https://www.hb-ts.de/neue-palettierung/,"Robots, conveyors, pallet inspection and completed installation","2021-12-21 owner report describes completed robotic palletising, two robots, conveyors and automated pallet inspection. This supports motor/control relevance but does not establish energy savings or an independently countable energy-transition investment.",LINK_ONLY,RESEARCHED
S-P72-06,P72,Hofbräuhaus Traunstein Josef Sailer GmbH & Co. KG,company_investment,Hofbräuhaus Traunstein Josef Sailer GmbH & Co. KG,Erhalt der Brautradition und Investition in die Zukunft,2025-11 construction report,2025-11-21,2026-10-08,https://www.hb-ts.de/neuer-laeuterbottich/,VERIFIED,2026-10-08,https://www.hb-ts.de/neuer-laeuterbottich/,Lauter-tun replacement status,"2025-11-21 owner report describes improved insulation and EUR250000 lauter-tun work through early December; only first construction stage completed. It does not establish final commissioning. No process temperature, fossil carrier or load-shifting permission is given.",LINK_ONLY,RESEARCHED
S-P72-07,P72,Hofbräuhaus Traunstein Josef Sailer GmbH & Co. KG,company_imprint,Hofbräuhaus Traunstein Josef Sailer GmbH & Co. KG,Impressum,current,,2026-10-08,https://www.hb-ts.de/impressum/,VERIFIED,2026-10-08,https://www.hb-ts.de/impressum/,Legal entity; HRA1922,Exact Hofbräuhaus Traunstein Josef Sailer GmbH & Co. KG and HRA1922 at Hofgasse6-11 anchor the owner articles; no assets inherited from another brewery.,LINK_ONLY,RESEARCHED
S-P95-06,P95,Winkler-Bräu GmbH & Co. KG,supplier_process_case,Wellmann Anlagentechnik GmbH (supplier-authored statement),Einblicke in die Braukunst als Erlebnis,2023 supplier case including 2013/2017 history,2023-01-30,2026-10-08,https://www.firmenpresse.de/pressinfo2031659-einblicke-in-die-braukunst-als-erlebnis.html,VERIFIED,2026-10-08,https://www.firmenpresse.de/pressinfo2031659-einblicke-in-die-braukunst-als-erlebnis.html,"Supplier-authored release: existing cooling automation, new fermenting cellar, fan and pumps","Wellmann-authored 2023-01-30 release attributes automated wort cooling, cellar routing interlocks, medium-pressure exhaust fan and pump equipment to Winkler Bräu in Lengenfeld. Separate hotel assets and Brauerei Winkler in Amberg are not attributed. It gives no energy savings, admissible load shifts, current temperature or fuel mix.",LINK_ONLY,RESEARCHED
S-P10-10,P10,Oskar Lehmann GmbH & Co. KG,company_news,Oskar Lehmann GmbH & Co. KG,News - Oskar Lehmann,current,,2026-10-08,https://www.oskar-lehmann.de/en/78.html,VERIFIED,2026-10-08,https://www.oskar-lehmann.de/en/78.html,Owner news archive 2021-2026,"Accessible owner archive reports trade fairs and general company news; no new plant PV, usable thermal store, process heating-carrier mix or energy-project commissioning proof located. It does not prove absence of those deployments.",LINK_ONLY,RESEARCHED
