url,company_ids,source_ids,references,checked_at,retrieval_status,http_status,final_url,content_type,page_title,sample_sha256,attempts,detail
https://ak-kunststoffspritzguss.com/,P59,S-P59-02,data/company_intelligence.csv:source_urls | data/company_intelligence.csv:website | data/company_process_map.csv:process_evidence_url | data/pilot_candidates.csv:independent_source | data/pilot_review_sources.csv:source_url | evidence/companies/P59_ak_kunststoffspritzguss_gmbh_co_kg/evidence.md | evidence/proposal_source_checks.csv:final_url | evidence/proposal_source_checks.csv:source_url | evidence/source_register.csv:final_url | evidence/source_register.csv:source_link,2026-10-07T19:01:38+00:00,HTTP_OK,200,https://ak-kunststoffspritzguss.com/,text/html,AK Kunststoffspritzguss,6c06cd1ddba81755d73dd9f66977210d6cfb8347f166a58fcae99019c54098a9,2,"Availability checked separately from holder, claims, period and operating scope. Full-body SHA-256 is also recorded in proposal_source_checks.csv; source-content review is independent of HTTP availability."
https://ak-kunststoffspritzguss.com/impressum/,P59,S-P59-01,data/company_intelligence.csv:source_urls | data/pilot_candidates.csv:company_source | data/pilot_review_sources.csv:source_url | evidence/certificate_register.csv:certificate_index_url | evidence/companies/P59_ak_kunststoffspritzguss_gmbh_co_kg/evidence.md | evidence/source_register.csv:final_url | evidence/source_register.csv:source_link,2026-10-07T11:40:35+00:00,HTTP_OK,200,https://ak-kunststoffspritzguss.com/impressum/,text/html; charset=UTF-8,AK-Kunststoffspritzguss GmbH &amp; Co. KG - Datenschutz,a3dc43e55ce12755adbe67b9cee6c3940243f615cbecab28e214563859092a48,1,"GET retrieval succeeded; entity, claim, currency and certificate validity require separate review."
https://ak-kunststoffspritzguss.com/produktion/,P59,S-P59-03,data/company_intelligence.csv:source_urls | evidence/companies/P59_ak_kunststoffspritzguss_gmbh_co_kg/evidence.md | evidence/proposal_source_checks.csv:final_url | evidence/proposal_source_checks.csv:source_url | evidence/source_register.csv:final_url | evidence/source_register.csv:source_link,2026-10-07T19:01:39+00:00,HTTP_OK,200,https://ak-kunststoffspritzguss.com/produktion/,text/html,AK Kunststoffsspritzguss - Prozesse Werkzeugbau,7747284f91bfc22321468fba4a26f91e713aecc220f9e0a0088e7bbf9c45c005,2,"Availability checked separately from holder, claims, period and operating scope. Full-body SHA-256 is also recorded in proposal_source_checks.csv; source-content review is independent of HTTP availability."
https://ak-kunststoffspritzguss.com/qualitaetsmanagement/,P59,S-P59-04,data/company_intelligence.csv:source_urls | evidence/companies/P59_ak_kunststoffspritzguss_gmbh_co_kg/evidence.md | evidence/proposal_source_checks.csv:final_url | evidence/proposal_source_checks.csv:source_url | evidence/source_register.csv:final_url | evidence/source_register.csv:source_link,2026-10-07T19:01:39+00:00,HTTP_OK,200,https://ak-kunststoffspritzguss.com/qualitaetsmanagement/,text/html,AK-Kunststoffspritzguss,72d0c69f5040199724d4488593136f423003411e39a2bc47cf38686506896184,2,"Availability checked separately from holder, claims, period and operating scope. Full-body SHA-256 is also recorded in proposal_source_checks.csv; source-content review is independent of HTTP availability."
https://alpirsbacher.de/,P52,,data/company_intelligence.csv:website,2026-10-07T11:14:30+00:00,HTTP_OK,200,https://alpirsbacher.de/,text/html; charset=UTF-8,Alpirsbacher Klosterbräu,cfc6418d25c88037efe84aa4a4345cc3226e39c5474aca3959b094cc74a6bd3f,1,"GET retrieval succeeded; entity, claim, currency and certificate validity require separate review."
https://alpirsbacher.de/rechtliches/impressum/,P52,S-P52-01,data/company_intelligence.csv:source_urls | data/pilot_candidates.csv:company_source | data/pilot_review_sources.csv:source_url | evidence/certificate_register.csv:certificate_index_url | evidence/companies/P52_glauner_gmbh/evidence.md | evidence/source_register.csv:final_url | evidence/source_register.csv:source_link,2026-10-07T11:14:30+00:00,HTTP_OK,200,https://alpirsbacher.de/rechtliches/impressum/,text/html; charset=UTF-8,Impressum,a15ed75d976d1271c62eeb6d119247ab7af13837a9da9aa23722f7959115ec34,1,"GET retrieval succeeded; entity, claim, currency and certificate validity require separate review."
https://alpirsbacher.de/ueber-uns/rohstoffe/,P52,S-P52-03,data/company_process_map.csv:process_evidence_url | evidence/proposal_source_checks.csv:final_url | evidence/proposal_source_checks.csv:source_url | evidence/source_register.csv:final_url | evidence/source_register.csv:source_link,2026-10-07T19:01:22+00:00,HTTP_OK,200,https://alpirsbacher.de/ueber-uns/rohstoffe/,text/html,Rohstoffe,b1f309ce9de9fb4409ccfb48820fa18e47c00fc6f2a7a4ed08e228f4185c77da,2,"Availability checked separately from holder, claims, period and operating scope. Full-body SHA-256 is also recorded in proposal_source_checks.csv; source-content review is independent of HTTP availability."
https://alpirsbacher.de/ueber-uns/unsere-geschichte/,P52,S-P52-04,data/company_intelligence.csv:source_urls | evidence/companies/P52_glauner_gmbh/evidence.md | evidence/proposal_source_checks.csv:final_url | evidence/proposal_source_checks.csv:source_url | evidence/source_register.csv:final_url | evidence/source_register.csv:source_link,2026-10-07T19:01:22+00:00,HTTP_OK,200,https://alpirsbacher.de/ueber-uns/unsere-geschichte/,text/html,Unsere Geschichte,cd4acd5bc9608fdb3484e5acd2930ed593a2fadb74b7e818e5b58b9491eefb6c,2,"Availability checked separately from holder, claims, period and operating scope. Full-body SHA-256 is also recorded in proposal_source_checks.csv; source-content review is independent of HTTP availability."
https://alpirsbacher.de/ueber-uns/unsere-werte/,P52,S-P52-02,data/company_intelligence.csv:source_urls | data/pilot_candidates.csv:independent_source | data/pilot_review_sources.csv:source_url | evidence/companies/P52_glauner_gmbh/evidence.md | evidence/source_register.csv:final_url | evidence/source_register.csv:source_link,2026-10-07T11:14:30+00:00,NOT_FOUND,404,https://alpirsbacher.de/ueber-uns/unsere-werte/,,,,1,"HTTP 404; availability only, no deployment inference."
https://atka.de/qualitaetsmanagement.php,P37,,evidence/certificate_register.csv:certificate_index_url,2026-10-07T18:17:05+00:00,HTTP_OK,200,https://atka.de/qualitaetsmanagement.php,text/html; charset=UTF-8,Qualitätsmanagement | Atka Kunststoffverarbeitung GmbH,958b6cfa7b2a383e2c3b232c2391d8671896718c6cb48107bfa86f51c9236234,1,"GET retrieval succeeded; entity, claim, currency and certificate validity require separate review."
https://atka.de/spritzguss.php,P37,S-P37-05,data/company_intelligence.csv:source_urls | evidence/companies/P37_atka_kunststoffverarbeitung_gmbh/evidence.md | evidence/proposal_source_checks.csv:final_url | evidence/proposal_source_checks.csv:source_url | evidence/source_register.csv:final_url | evidence/source_register.csv:source_link,2026-10-07T19:00:53+00:00,HTTP_OK,200,https://atka.de/spritzguss.php,text/html,Spritzguss | Atka Kunststoffverarbeitung GmbH,5a8908f78f7325dccbf981ec88031d5838ba94defeae893354eb247dd44a89a0,2,"Availability checked separately from holder, claims, period and operating scope. Full-body SHA-256 is also recorded in proposal_source_checks.csv; source-content review is independent of HTTP availability."
https://ausbildung.saxonia-galvanik.de/unternehmen.html,P49,S-P49-03,evidence/source_register.csv:final_url | evidence/source_register.csv:source_link,2026-10-06T17:33:22+00:00,HTTP_OK,200,https://ausbildung.saxonia-galvanik.de/unternehmen.html,text/html; charset=utf-8,Unternehmen - Ausbildung bei SAXONIA Galvanik,c1633a410d3586db4d8960b7dcd926fbb3d33b6096e690c38f4e7a30e181428f,1,"GET retrieval succeeded; entity, claim, currency and certificate validity require separate review."
https://bada.de/app/uploads/EMAS_Urkunde_Bada_AG_2024_DE.pdf,P06,S-P06-09,evidence/certificate_register.csv:direct_certificate_url | evidence/companies/P06_bada_ag/evidence.md | evidence/source_register.csv:final_url | evidence/source_register.csv:source_link,2026-10-06T17:29:09+00:00,HTTP_OK,200,https://bada.de/app/uploads/EMAS_Urkunde_Bada_AG_2024_DE.pdf,application/pdf,,9e628a36006c13ae41e54fe9b0f579acf1959fc7e9ee281dbe0bf9b96e5a735b,1,"GET retrieval succeeded; entity, claim, currency and certificate validity require separate review."
https://bada.de/app/uploads/Zertifikat-BADA-14001-2023.pdf,P06,S-P06-08,evidence/certificate_register.csv:direct_certificate_url | evidence/companies/P06_bada_ag/evidence.md | evidence/source_register.csv:final_url | evidence/source_register.csv:source_link,2026-10-06T17:29:09+00:00,HTTP_OK,200,https://bada.de/app/uploads/Zertifikat-BADA-14001-2023.pdf,application/pdf,,5241d266d7ac6cc10d944e08b88b5f660e62168728e618305674aed5ba475b66,1,"GET retrieval succeeded; entity, claim, currency and certificate validity require separate review."
https://bada.de/app/uploads/Zertifikat-Bada-50001-2024.pdf,P06,S-P06-05,evidence/certificate_register.csv:direct_certificate_url | evidence/companies/P06_bada_ag/evidence.md | evidence/source_register.csv:final_url | evidence/source_register.csv:source_link,2026-10-06T17:29:09+00:00,HTTP_OK,200,https://bada.de/app/uploads/Zertifikat-Bada-50001-2024.pdf,application/pdf,,27a0f40600b5d6d13a99140def53bed8754c3b60db42cd59ce8ca0b591b2ab9f,1,"GET retrieval succeeded; entity, claim, currency and certificate validity require separate review."
https://bada.de/de/impressum,P06,S-P06-01,data/pilot_candidates.csv:company_source | evidence/companies/P06_bada_ag/evidence.md | evidence/source_register.csv:final_url | evidence/source_register.csv:source_link,2026-10-06T17:29:09+00:00,HTTP_OK,200,https://bada.de/de/impressum,text/html; charset=UTF-8,Impressum &#8211; Bada AG,08f5ff2c9d416654d8ae6d274262ddef70713663a64047c0086e393bc54bf06b,1,"GET retrieval succeeded; entity, claim, currency and certificate validity require separate review."
https://bada.de/de/nachhaltigkeit,P06,S-P06-06,evidence/companies/P06_bada_ag/evidence.md | evidence/source_register.csv:final_url | evidence/source_register.csv:source_link,2026-10-06T17:29:09+00:00,HTTP_OK,200,https://bada.de/de/nachhaltigkeit,text/html; charset=UTF-8,Nachhaltigkeit &#8211; Bada AG,119706814c35edca290ffb43c381bc17aaf25c756155e1eae3faf22e49c49776,1,"GET retrieval succeeded; entity, claim, currency and certificate validity require separate review."
https://bada.de/de/zertifikate,P06,S-P06-04,evidence/certificate_register.csv:certificate_index_url | evidence/companies/P06_bada_ag/evidence.md | evidence/source_register.csv:final_url | evidence/source_register.csv:source_link,2026-10-06T17:29:09+00:00,HTTP_OK,200,https://bada.de/de/zertifikate,text/html; charset=UTF-8,Zertifikate &#8211; Bada AG,620812b27b8a4ef760ab4dd0ea2d0d71d84c3be7a5a75ca9a0f90b53f572d8b3,1,"GET retrieval succeeded; entity, claim, currency and certificate validity require separate review."
https://barth-galvanik.de/,P26,S-P26-01,data/company_intelligence.csv:source_urls | data/company_intelligence.csv:website | data/company_process_map.csv:process_evidence_url | data/pilot_candidates.csv:company_source | data/pilot_review_sources.csv:source_url | evidence/certificate_register.csv:certificate_index_url | evidence/proposal_source_checks.csv:source_url | evidence/source_register.csv:final_url | evidence/source_register.csv:source_link,2026-10-07T19:00:28+00:00,HTTP_ERROR,500,,,,,2,HTTP Error 500: Internal Server Error Full-body SHA-256 is also recorded in proposal_source_checks.csv; source-content review is independent of HTTP availability.
https://barth-galvanik.de/download/din-iso-140012015-gueltig-bis-03-2024/,P26,S-P26-05,data/company_intelligence.csv:source_urls | evidence/certificate_register.csv:direct_certificate_url | evidence/source_register.csv:final_url | evidence/source_register.csv:source_link,2026-10-07T10:41:16+00:00,HTTP_OK,200,https://barth-galvanik.de/download/din-iso-140012015-gueltig-bis-03-2024/,application/pdf,,ec9e2cb4505759c085836f03e4c464228b7ba95f6e2c40763ca7a17f5a549ba0,2,"GET retrieval succeeded; entity, claim, currency and certificate validity require separate review."
https://barth-galvanik.de/download/energiemanagement-iso-500012018_deutsch/,P26,S-P26-04,data/company_intelligence.csv:source_urls | evidence/certificate_register.csv:direct_certificate_url | evidence/proposal_source_checks.csv:final_url | evidence/proposal_source_checks.csv:source_url | evidence/source_register.csv:final_url | evidence/source_register.csv:source_link,2026-10-07T19:00:28+00:00,HTTP_OK,200,https://barth-galvanik.de/download/energiemanagement-iso-500012018_deutsch/,application/pdf,MANAGEMENT,5e5d2f4654e1103b8b7880458ae4b3540284ee3397d476dd6e2ead684a7ef58b,2,"Availability checked separately from holder, claims, period and operating scope. Full-body SHA-256 is also recorded in proposal_source_checks.csv; source-content review is independent of HTTP availability."
https://barth-galvanik.de/downloads,P26,S-P26-09,data/company_intelligence.csv:source_urls | evidence/certificate_register.csv:certificate_index_url | evidence/proposal_source_checks.csv:final_url | evidence/proposal_source_checks.csv:source_url | evidence/source_register.csv:final_url | evidence/source_register.csv:source_link,2026-10-07T19:00:29+00:00,HTTP_OK,200,https://barth-galvanik.de/downloads,text/html,Downloads – Barth Galvanik GmbH,c8ec5d842014e4f76f7f6c198dbfa22358c1c79599819859641dd88bc932fd8e,3,Initial direct GET failed; own trailing-slash request recovered the same canonical primary URL. Initial failure retained in retry record. Full-body SHA-256 is also recorded in proposal_source_checks.csv; source-content review is independent of HTTP availability.
https://barth-galvanik.de/oberflaechenbeschichtung/galvanische-beschichtung,P26,S-P26-08,data/company_intelligence.csv:source_urls | evidence/proposal_source_checks.csv:source_url | evidence/source_register.csv:final_url | evidence/source_register.csv:source_link,2026-10-07T19:00:29+00:00,HTTP_ERROR,500,,,,,2,HTTP Error 500: Internal Server Error Full-body SHA-256 is also recorded in proposal_source_checks.csv; source-content review is independent of HTTP availability.
https://barth-galvanik.de/waermebehandlung,P26,S-P26-06,data/company_intelligence.csv:source_urls | evidence/proposal_source_checks.csv:final_url | evidence/proposal_source_checks.csv:source_url | evidence/source_register.csv:final_url | evidence/source_register.csv:source_link,2026-10-07T19:00:28+00:00,HTTP_OK,200,https://barth-galvanik.de/waermebehandlung,text/html,Wärmebehandlung – Barth Galvanik GmbH,b5b8456c85ff69b7bd8f2106ec72e3e190909b409a912ad9a2a97ccf0abff38b,3,Initial direct GET failed; own trailing-slash request recovered the same canonical primary URL. Initial failure retained in retry record. Full-body SHA-256 is also recorded in proposal_source_checks.csv; source-content review is independent of HTTP availability.
https://barth-galvanik.de/waermebehandlung/induktivhaerten,P26,S-P26-07,data/company_intelligence.csv:source_urls | evidence/proposal_source_checks.csv:final_url | evidence/proposal_source_checks.csv:source_url | evidence/source_register.csv:final_url | evidence/source_register.csv:source_link,2026-10-07T19:00:28+00:00,HTTP_OK,200,https://barth-galvanik.de/waermebehandlung/induktivhaerten,text/html,Induktivhärten – Barth Galvanik GmbH,890c609b0998abe100fc23ac160c36581987f45260caadcfe41d55a6533bfd89,2,"Availability checked separately from holder, claims, period and operating scope. Full-body SHA-256 is also recorded in proposal_source_checks.csv; source-content review is independent of HTTP availability."
https://bgg.ermoeglicher.de/de/erfolgsgeschichten/burgis/,P01,S-P01-02,evidence/source_register.csv:final_url | evidence/source_register.csv:source_link,2026-10-06T17:29:09+00:00,HTTP_OK,200,https://bgg.ermoeglicher.de/de/erfolgsgeschichten/burgis/,text/html; charset=utf-8,Burgis - BGG Bayerische Garantiegesellschaft,ee6de5075ff72b52ee0c1f81d86b12f0f2cdb8eca4af8c819f0740b9d8b227c9,1,"GET retrieval succeeded; entity, claim, currency and certificate validity require separate review."
https://blomberg-erleben.de/pilotprojekt-von-oskar-lehmann-war-ein-voller-erfolg/,P10,S-P10-07,data/pilot_coded.csv:source_urls | data/pilot_review_sources.csv:source_url | evidence/source_register.csv:final_url | evidence/source_register.csv:source_link,2026-10-07T18:41:55+00:00,HTTP_OK,200,https://blomberg-erleben.de/pilotprojekt-von-oskar-lehmann-war-ein-voller-erfolg/,text/html; charset=UTF-8,Pilotprojekt von Oskar Lehmann war ein voller Erfolg - BLOMBERG [er] LEBEN,25ef34c2a7a45b7f7a452ec6f3d9fdc445976e2235d3d512e9bfae29398e0ab3,1,"GET retrieval succeeded; entity, claim, currency and certificate validity require separate review."
https://bsg.de/en/erfolgsgeschichten/bada-ag/,P06,S-P06-07,evidence/companies/P06_bada_ag/evidence.md | evidence/source_register.csv:final_url | evidence/source_register.csv:source_link,2026-10-06T17:29:09+00:00,HTTP_OK,200,https://bsg.de/en/erfolgsgeschichten/bada-ag/,text/html; charset=UTF-8,Bada AG - Bruckmann Steuerungstechnik GmbH,577c19783cad563963430d99441290e47fc861925e93d6c88e188399271ce420,1,"GET retrieval succeeded; entity, claim, currency and certificate validity require separate review."
https://bt-unternehmensgruppe.de/,P11,,data/company_intelligence.csv:website | data/company_process_map.csv:process_evidence_url | data/pilot_candidates.csv:company_source | evidence/certificate_register.csv:certificate_index_url,2026-10-06T17:29:09+00:00,HTTP_OK,200,https://bt-unternehmensgruppe.de/,text/html; charset=utf-8,Unternehmensgruppe,fa8551ba186537cc686a09fe3875015e9b92d1e94814ea5cdb11e430cdd886ef,1,"GET retrieval succeeded; entity, claim, currency and certificate validity require separate review."
https://bt-unternehmensgruppe.de/175jahre,P11,S-P11-01,data/company_intelligence.csv:source_urls | data/pilot_candidates.csv:independent_source | data/pilot_review_sources.csv:source_url | evidence/proposal_source_checks.csv:final_url | evidence/proposal_source_checks.csv:source_url | evidence/source_register.csv:final_url | evidence/source_register.csv:source_link,2026-10-07T18:59:45+00:00,HTTP_OK,200,https://bt-unternehmensgruppe.de/175jahre,text/html,175 Jahre – geballte Erfahrung,9b1fee1d7c09a8b9620cba8d9fbb78b213c8a1bdb370c90885cf77a181812e78,2,"Availability checked separately from holder, claims, period and operating scope. Full-body SHA-256 is also recorded in proposal_source_checks.csv; source-content review is independent of HTTP availability."
https://bt-unternehmensgruppe.de/assets/bt-unternehmensgruppe.de/downloads/2026_14001-50001-ENGUS-UKAS.pdf,P11,S-P11-03,data/company_intelligence.csv:source_urls | data/pilot_review_sources.csv:source_url | evidence/certificate_register.csv:direct_certificate_url | evidence/proposal_source_checks.csv:final_url | evidence/proposal_source_checks.csv:source_url | evidence/source_register.csv:final_url | evidence/source_register.csv:source_link,2026-10-07T18:59:45+00:00,HTTP_OK,200,https://bt-unternehmensgruppe.de/assets/bt-unternehmensgruppe.de/downloads/2026_14001-50001-ENGUS-UKAS.pdf,application/pdf,                                                            Current issue date:              2 March 2026                      Original approval(s):,6c538f8ec5e648077f12acc8a391add33b2ca78152e00bc7e582ea311dd09bf6,2,"Availability checked separately from holder, claims, period and operating scope. Full-body SHA-256 is also recorded in proposal_source_checks.csv; source-content review is independent of HTTP availability."
https://bt-unternehmensgruppe.de/download,P11,,evidence/certificate_register.csv:certificate_index_url,2026-10-06T17:29:17+00:00,HTTP_OK,200,https://bt-unternehmensgruppe.de/download,text/html; charset=utf-8,Download,de0b387c8730a7dffaa0cd2b4e9772e6bf22441b2c845d98de1fd92f0e2ffd43,1,"GET retrieval succeeded; entity, claim, currency and certificate validity require separate review."
https://bt-unternehmensgruppe.de/mitmachworkshop22,P11,S-P11-02,data/company_intelligence.csv:source_urls | data/pilot_review_sources.csv:source_url | evidence/proposal_source_checks.csv:final_url | evidence/proposal_source_checks.csv:source_url | evidence/source_register.csv:final_url | evidence/source_register.csv:source_link,2026-10-07T18:59:45+00:00,HTTP_OK,200,https://bt-unternehmensgruppe.de/mitmachworkshop22,text/html,Mitmachworkshop 22,bf3891bdd0e1090433ff978e63f9d9be7586847b51cd219807ba4e0764224150,2,"Availability checked separately from holder, claims, period and operating scope. Full-body SHA-256 is also recorded in proposal_source_checks.csv; source-content review is independent of HTTP availability."
https://burgis.de/,P01,,evidence/certificate_register.csv:certificate_index_url | evidence/companies/P01_burgis_gmbh/evidence.md,2026-10-06T17:29:17+00:00,HTTP_OK,200,https://burgis.de/,text/html; charset=UTF-8,Burgis – Original bayerische Knödelvielfalt für echten Genuss,2255c8a0d1fc9170c617f318f8c226bd508886f250a7ca28c4e563996b314f7b,1,"GET retrieval succeeded; entity, claim, currency and certificate validity require separate review."
https://burgis.de/impressum/,P01,S-P01-01,data/pilot_candidates.csv:company_source | evidence/source_register.csv:final_url | evidence/source_register.csv:source_link,2026-10-06T17:29:17+00:00,HTTP_OK,200,https://burgis.de/impressum/,text/html; charset=UTF-8,Impressum | Burgis,50942e7a3af9aa7331484f66215142abe7bd40e23175cbeb59d6c242012e6d3f,1,"GET retrieval succeeded; entity, claim, currency and certificate validity require separate review."
https://carlsquare.com/deal-history/carlsquare-advised-irish-food-investment-group-biavest-on-its-acquisition-of-an-80-stake-in-riesa-nudeln/,P02,S-P02-02,data/pilot_candidates.csv:independent_source | evidence/source_register.csv:final_url | evidence/source_register.csv:source_link,2026-10-06T17:29:17+00:00,HTTP_OK,200,https://carlsquare.com/deal-history/carlsquare-advised-irish-food-investment-group-biavest-on-its-acquisition-of-an-80-stake-in-riesa-nudeln/,text/html; charset=UTF-8,Carlsquare advised irish food-investment group BiaVest on its acquisition of an 80% stake in Riesa Nudeln,9f91d2d14390f94a622411a1c0b8f5f72393bf5ef1147c6b3a22c10ca06ab0e5,1,"GET retrieval succeeded; entity, claim, currency and certificate validity require separate review."
https://ceramany.com/,P87,,data/company_intelligence.csv:website | evidence/certificate_register.csv:certificate_index_url,2026-10-07T17:57:39+00:00,HTTP_OK,200,https://ceramany.com/,text/html; charset=UTF-8,,258c4d9c48d87e001d48560674df377c14f8b6ee24385fc8426794bae7b546c8,1,"GET retrieval succeeded; entity, claim, currency and certificate validity require separate review."
https://ceramany.com/impressum/,P87,S-P87-01,data/company_intelligence.csv:source_urls | data/pilot_candidates.csv:company_source | data/pilot_review_sources.csv:source_url | evidence/companies/P87_ceramany_gmbh/evidence.md | evidence/source_register.csv:final_url | evidence/source_register.csv:source_link,2026-10-07T17:57:39+00:00,HTTP_OK,200,https://ceramany.com/impressum/,text/html; charset=UTF-8,,014ecc36b99c5f26c7370d6a110a63e49a8bb24e06fef8ab88f3a5b02a4aa85a,1,"GET retrieval succeeded; entity, claim, currency and certificate validity require separate review."
https://ceramany.com/kontakt/,P87,S-P87-02,data/company_intelligence.csv:source_urls | data/company_process_map.csv:process_evidence_url | data/pilot_candidates.csv:independent_source | data/pilot_review_sources.csv:source_url | evidence/companies/P87_ceramany_gmbh/evidence.md | evidence/source_register.csv:final_url | evidence/source_register.csv:source_link,2026-10-07T17:57:39+00:00,HTTP_OK,200,https://ceramany.com/kontakt/,text/html; charset=UTF-8,,aeebe6924ee1059d609c5e07d3cfa6d9887f7f7b47017931a2a082c8349bf6da,1,"GET retrieval succeeded; entity, claim, currency and certificate validity require separate review."
https://ceramany.com/ueber-uns/,P87,S-P87-03,data/company_intelligence.csv:source_urls | evidence/companies/P87_ceramany_gmbh/evidence.md | evidence/source_register.csv:final_url | evidence/source_register.csv:source_link,2026-10-07T17:57:39+00:00,HTTP_OK,200,https://ceramany.com/ueber-uns/,text/html; charset=UTF-8,,400bf2e7518005399b5461576fac23adc7118b0a43bdc4e875329c618cf6a780,1,"GET retrieval succeeded; entity, claim, currency and certificate validity require separate review."
https://ceramany.com/wp-content/uploads/ISO9001_2023-05_27-2026-05-26_de-en-.pdf,P87,S-P87-04,data/company_intelligence.csv:source_urls | evidence/companies/P87_ceramany_gmbh/evidence.md | evidence/source_register.csv:final_url | evidence/source_register.csv:source_link,2026-10-07T17:57:39+00:00,HTTP_OK,200,https://ceramany.com/wp-content/uploads/ISO9001_2023-05_27-2026-05-26_de-en-.pdf,application/pdf,,3c89dd23e0456b6e5cb60dd3136396a95703b7aa1c0cfd1f402c74095dd2a5af,1,"GET retrieval succeeded; entity, claim, currency and certificate validity require separate review."
https://ceramany.com/wp-content/uploads/ceramany-praesenation-de.pdf,P87,S-P87-05,data/company_intelligence.csv:source_urls | evidence/companies/P87_ceramany_gmbh/evidence.md | evidence/source_register.csv:final_url | evidence/source_register.csv:source_link,2026-10-07T17:57:39+00:00,HTTP_OK,200,https://ceramany.com/wp-content/uploads/ceramany-praesenation-de.pdf,application/pdf,,267b903ae51957a7779fc3d78cb5efdd6f3e179b08af8e9f5cbef31d5661c0c3,1,"GET retrieval succeeded; entity, claim, currency and certificate validity require separate review."
https://ceramaret.com/,P88,S-P88-02,data/company_intelligence.csv:source_urls | data/company_intelligence.csv:website | data/company_process_map.csv:process_evidence_url | data/pilot_candidates.csv:independent_source | data/pilot_review_sources.csv:source_url | evidence/certificate_register.csv:certificate_index_url | evidence/companies/P88_ceramaret_meissen_gmbh/evidence.md | evidence/source_register.csv:final_url | evidence/source_register.csv:source_link,2026-10-07T18:41:55+00:00,HTTP_OK,200,https://ceramaret.com/,text/html; charset=utf-8,C&#233;ramique technique de haute pr&#233;cision,762f8455b0fe01c4379c58aaa8da2d8970eeaba0b617807744abf4320cf0d85f,1,"GET retrieval succeeded; entity, claim, currency and certificate validity require separate review."
https://ceramaret.com/de/legal/impressum,P88,S-P88-01,data/company_intelligence.csv:source_urls | data/pilot_candidates.csv:company_source | data/pilot_review_sources.csv:source_url | evidence/companies/P88_ceramaret_meissen_gmbh/evidence.md | evidence/source_register.csv:final_url | evidence/source_register.csv:source_link,2026-10-07T18:41:55+00:00,HTTP_OK,200,https://ceramaret.com/de/legal/impressum,text/html; charset=utf-8,Impressum und Nutzungsbedingungen,d4ac808178e403b030d9051295cbb124d4f216b33c09c04fdf8c493ae3b298b2,1,"GET retrieval succeeded; entity, claim, currency and certificate validity require separate review."
https://ceramaret.com/sites-de-production,P88,S-P88-03,data/company_intelligence.csv:source_urls | evidence/companies/P88_ceramaret_meissen_gmbh/evidence.md | evidence/proposal_source_checks.csv:final_url | evidence/proposal_source_checks.csv:source_url | evidence/source_register.csv:final_url | evidence/source_register.csv:source_link,2026-10-07T19:02:37+00:00,HTTP_OK,200,https://ceramaret.com/sites-de-production,text/html,Sites de production,6532716a48f9158edf71a66bc8eb59cff48a8a87e8b848e4b7eb0db73fda8f4d,2,"Availability checked separately from holder, claims, period and operating scope. Full-body SHA-256 is also recorded in proposal_source_checks.csv; source-content review is independent of HTTP availability."
https://ceramaret.com/technologies/gestion-de-la-qualite,P88,S-P88-04,data/company_intelligence.csv:source_urls | evidence/companies/P88_ceramaret_meissen_gmbh/evidence.md | evidence/source_register.csv:final_url | evidence/source_register.csv:source_link,2026-10-07T18:41:55+00:00,HTTP_OK,200,https://ceramaret.com/technologies/gestion-de-la-qualite,text/html; charset=utf-8,Gestion de la qualit&#233;,f43cbe8f34f0d9371d5564aabfc18f472743fc08750c8ea3261d856e4dd769ce,1,"GET retrieval succeeded; entity, claim, currency and certificate validity require separate review."
https://ceramaret.com/technologies/mise-en-forme-et-frittage,P88,S-P88-05,data/company_intelligence.csv:source_urls | evidence/companies/P88_ceramaret_meissen_gmbh/evidence.md | evidence/source_register.csv:final_url | evidence/source_register.csv:source_link,2026-10-07T18:41:55+00:00,HTTP_OK,200,https://ceramaret.com/technologies/mise-en-forme-et-frittage,text/html; charset=utf-8,Mise en forme et frittage,5a590f02fa1dd8ab0bfe054fcdc9295f4572d80a72d1051fe45d50ab8e562faf,1,"GET retrieval succeeded; entity, claim, currency and certificate validity require separate review."
https://ceranod.de/,P81,S-P81-02,data/company_intelligence.csv:source_urls | data/company_intelligence.csv:website | data/company_process_map.csv:process_evidence_url | data/pilot_candidates.csv:independent_source | data/pilot_review_sources.csv:source_url | evidence/certificate_register.csv:certificate_index_url | evidence/companies/P81_eloxalwerk_ludwigsburg_helmut_zerrer_gmbh/evidence.md | evidence/proposal_source_checks.csv:final_url | evidence/proposal_source_checks.csv:source_url | evidence/source_register.csv:final_url | evidence/source_register.csv:source_link,2026-10-07T19:02:26+00:00,HTTP_OK,200,https://ceranod.de/,text/html,ELB Eloxalwerk Ludwigsburg - Oberflächentechnik - CERANOD,12b8b96f6f848af4fc4f61c16134d8e6649439c36e12b4a0c2442b7e9fb2e6c4,2,"Availability checked separately from holder, claims, period and operating scope. Full-body SHA-256 is also recorded in proposal_source_checks.csv; source-content review is independent of HTTP availability."
https://ceranod.de/impressum/,P81,S-P81-01,data/company_intelligence.csv:source_urls | data/pilot_candidates.csv:company_source | data/pilot_review_sources.csv:source_url | evidence/companies/P81_eloxalwerk_ludwigsburg_helmut_zerrer_gmbh/evidence.md | evidence/source_register.csv:final_url | evidence/source_register.csv:source_link,2026-10-07T17:57:39+00:00,HTTP_OK,200,https://ceranod.de/impressum/,text/html; charset=UTF-8,ELB Eloxalwerk Ludwigsburg - Impressum - CERANOD,4e1a5d26d951912450e70c2effbe2fb560ad75ccd4ff6011dc47fed320f77646,1,"GET retrieval succeeded; entity, claim, currency and certificate validity require separate review."
https://ceranod.de/unternehmen/umwelt-technik/,P81,S-P81-03,data/company_intelligence.csv:source_urls | evidence/companies/P81_eloxalwerk_ludwigsburg_helmut_zerrer_gmbh/evidence.md | evidence/proposal_source_checks.csv:final_url | evidence/proposal_source_checks.csv:source_url | evidence/source_register.csv:final_url | evidence/source_register.csv:source_link,2026-10-07T19:02:26+00:00,HTTP_OK,200,https://ceranod.de/unternehmen/umwelt-technik/,text/html,"Umwelt & Technik - Umweltfreundlich, Recyclebar - CERANOD",ad8c211a41991b975f30c193186f5efaa13ca46114c5e0f9f42ce9b6c92ac16e,2,"Availability checked separately from holder, claims, period and operating scope. Full-body SHA-256 is also recorded in proposal_source_checks.csv; source-content review is independent of HTTP availability."
https://ceranod.de/verfahren/plasmakeramik/,P81,S-P81-04,data/company_intelligence.csv:source_urls | evidence/companies/P81_eloxalwerk_ludwigsburg_helmut_zerrer_gmbh/evidence.md | evidence/proposal_source_checks.csv:final_url | evidence/proposal_source_checks.csv:source_url | evidence/source_register.csv:final_url | evidence/source_register.csv:source_link,2026-10-07T19:02:26+00:00,HTTP_OK,200,https://ceranod.de/verfahren/plasmakeramik/,text/html,Verfahren Plasmakeramik - Keramisierung - CERANOD,a68eb28bcb530edbb9e3c17fd50339cf253d3c5d56518aa6987b5ca0d4c90ff7,2,"Availability checked separately from holder, claims, period and operating scope. Full-body SHA-256 is also recorded in proposal_source_checks.csv; source-content review is independent of HTTP availability."
https://de.linkedin.com/posts/brauerei-schimpfle_brauerei-schimpfle-photovoltaik-activity-7207281589314031616-LBi4,P93,S-P93-05,data/company_intelligence.csv:source_urls | evidence/companies/P93_brauerei_schimpfle_gmbh_co_kg/evidence.md | evidence/proposal_source_checks.csv:final_url | evidence/proposal_source_checks.csv:source_url | evidence/source_register.csv:final_url | evidence/source_register.csv:source_link,2026-10-07T19:02:48+00:00,HTTP_OK,200,https://de.linkedin.com/posts/brauerei-schimpfle_brauerei-schimpfle-photovoltaik-activity-7207281589314031616-LBi4,text/html,#brauerei #schimpfle #photovoltaik #pv #pvanlage #erneuerbareenergien #umweltfreundlich #nachhaltigkeit | Brauerei Schimpfle,65969c6ce758ad685c366e3264baa8db736dba34094eae78d1430c81331746a0,2,"Availability checked separately from holder, claims, period and operating scope. Full-body SHA-256 is also recorded in proposal_source_checks.csv; source-content review is independent of HTTP availability."
https://de.wikipedia.org/wiki/Andechser_Molkerei_Scheitz,P48,S-P48-02,data/pilot_candidates.csv:independent_source | evidence/source_register.csv:final_url | evidence/source_register.csv:source_link,2026-10-06T17:29:21+00:00,HTTP_OK,200,https://de.wikipedia.org/wiki/Andechser_Molkerei_Scheitz,text/html; charset=UTF-8,Andechser Molkerei Scheitz – Wikipedia,ac47dfa8c008edba042f933b4fb70e019605a8611f43aa25419068ecfadaa333,1,"GET retrieval succeeded; entity, claim, currency and certificate validity require separate review."
https://de.wikipedia.org/wiki/Brauerei_Aying,P50,,evidence/companies/P50_brauerei_aying_franz_inselkammer_kg/evidence.md,2026-10-07T11:14:30+00:00,HTTP_OK,200,https://de.wikipedia.org/wiki/Brauerei_Aying,text/html; charset=UTF-8,Brauerei Aying – Wikipedia,844697648b5d4d11fcfa2278799a945639e94ae44ac60d2325ca1654dec19a5a,1,"GET retrieval succeeded; entity, claim, currency and certificate validity require separate review."
https://de.wikipedia.org/wiki/Porzellanmanufaktur_F%C3%BCrstenberg,P65,S-P65-02,data/company_intelligence.csv:source_urls | data/pilot_candidates.csv:independent_source | data/pilot_review_sources.csv:source_url | data/research_results.csv:source_urls | evidence/companies/P65_porzellanmanufaktur_fuerstenberg_gmbh/evidence.md | evidence/source_register.csv:final_url | evidence/source_register.csv:source_link,2026-10-07T18:41:55+00:00,HTTP_OK,200,https://de.wikipedia.org/wiki/Porzellanmanufaktur_F%C3%BCrstenberg,text/html; charset=UTF-8,Porzellanmanufaktur Fürstenberg – Wikipedia,f9acf204b9ebed37644b39a92e7991a0799684d0f6b0c57b96ad58994d6fc45d,1,"GET retrieval succeeded; entity, claim, currency and certificate validity require separate review."
https://dibbern-porzellanurnen.de/porzellanmanufaktur/,P107,S-P107-04,evidence/proposal_source_checks.csv:final_url | evidence/proposal_source_checks.csv:source_url | evidence/source_register.csv:final_url | evidence/source_register.csv:source_link,2026-10-07T18:59:43+00:00,HTTP_OK,200,https://dibbern-porzellanurnen.de/porzellanmanufaktur/,text/html,Porzellanmanufaktur - Dibbern Porzellanurnen,54cbc5906d358ee686e85afdbb39d058e893251cbf616c65982638120e6e8c18,2,"Availability checked separately from holder, claims, period and operating scope. Full-body SHA-256 is also recorded in proposal_source_checks.csv; source-content review is independent of HTTP availability."
https://die-deutsche-wirtschaft.de/unternehmen/privatbrauerei-moritz-fiege-gmbh-co-kg-bochum/,P21,S-P21-03,data/company_intelligence.csv:source_urls | data/pilot_review_sources.csv:source_url | evidence/source_register.csv:final_url | evidence/source_register.csv:source_link,2026-10-06T17:29:23+00:00,HTTP_OK,200,https://die-deutsche-wirtschaft.de/unternehmen/privatbrauerei-moritz-fiege-gmbh-co-kg-bochum/,text/html; charset=UTF-8,Privatbrauerei Moritz Fiege GmbH &amp; Co. KG (Bochum) im Ranking der deutschen Top-Unternehmen - Die Deutsche Wirtschaft,3944ae0b4fe445e6cf44df33f12b9fa5d0dc7ad580b237c817ca5dceb68495c2,1,"GET retrieval succeeded; entity, claim, currency and certificate validity require separate review."
https://eloxal-barz.de/,P15,S-P15-01 | S-P15-03,data/company_intelligence.csv:source_urls | data/company_intelligence.csv:website | data/company_process_map.csv:process_evidence_url | data/pilot_candidates.csv:company_source | data/pilot_review_sources.csv:source_url | evidence/certificate_register.csv:certificate_index_url | evidence/proposal_source_checks.csv:final_url | evidence/proposal_source_checks.csv:source_url | evidence/source_register.csv:final_url | evidence/source_register.csv:source_link,2026-10-07T18:59:56+00:00,HTTP_OK,200,https://eloxal-barz.de/,text/html,Eloxal Barz,5d2b6956996cb57ace730d65bdd7765592e8c5b10c2ca04b1c88fe04e0b22541,3,"Availability checked separately from holder, claims, period and operating scope. Full-body SHA-256 is also recorded in proposal_source_checks.csv; source-content review is independent of HTTP availability."
https://eloxalwerk-ehingen.com/,P38,S-P38-02,data/company_intelligence.csv:source_urls | data/company_intelligence.csv:website | data/pilot_candidates.csv:independent_source | data/pilot_review_sources.csv:source_url | evidence/certificate_register.csv:certificate_index_url | evidence/companies/P38_kraemer_eckert_gmbh_co_kg/evidence.md | evidence/source_register.csv:final_url | evidence/source_register.csv:source_link,2026-10-07T11:14:30+00:00,HTTP_OK,200,https://eloxalwerk-ehingen.com/,text/html,Startseite – Eloxalwerk Ehingen,b449ced4a64c9a8a8755fcc11c6be03b454c5d97a66cfdb01ae9adb413aea89c,1,"GET retrieval succeeded; entity, claim, currency and certificate validity require separate review."
https://energie-effizienz-netzwerke.de/een-de/netzwerkidee/stimmen.php,P10,S-P10-09,data/pilot_review_sources.csv:source_url | data/research_results.csv:source_urls | evidence/source_register.csv:final_url | evidence/source_register.csv:source_link,2026-10-07T18:41:59+00:00,HTTP_OK,200,https://energie-effizienz-netzwerke.de/een-de/netzwerkidee/stimmen.php,text/html; charset=utf-8,Zitate von Netzwerkakteuren | Energieeffizienz Netzwerke,6debe782d64e09c135e9c2c487ef47e1003f61b97ec4273f8ee75ec27ca44b9b,1,"GET retrieval succeeded; entity, claim, currency and certificate validity require separate review."
https://eschenbachporzellan.de/faq,P110,S-P110-03,evidence/source_register.csv:final_url | evidence/source_register.csv:source_link,2026-10-07T18:17:05+00:00,HTTP_OK,200,https://eschenbachporzellan.de/faq,text/html; charset=utf-8,FAQ,2f48f5660db02946c7ffe6afd5f022153a49f0130ff0894b87baee1d99fc3e20,1,"GET retrieval succeeded; entity, claim, currency and certificate validity require separate review."
https://eschenbachporzellan.de/impressum,P110,S-P110-01,data/company_intelligence.csv:source_urls | data/company_process_map.csv:process_evidence_url | data/pilot_candidates.csv:company_source | data/pilot_review_sources.csv:source_url | evidence/companies/P110_neue_porzellanfabrik_triptis_gmbh/evidence.md | evidence/source_register.csv:final_url | evidence/source_register.csv:source_link,2026-10-07T18:17:05+00:00,HTTP_OK,200,https://eschenbachporzellan.de/impressum,text/html; charset=utf-8,Impressum,c2954d493cef72da853f6cf64a754d20f6ad55609041034ca8353804b94f96c9,1,"GET retrieval succeeded; entity, claim, currency and certificate validity require separate review."
https://eschenbachporzellan.de/unternehmen/geschichte,P110,S-P110-04,data/company_intelligence.csv:source_urls | evidence/companies/P110_neue_porzellanfabrik_triptis_gmbh/evidence.md | evidence/source_register.csv:final_url | evidence/source_register.csv:source_link,2026-10-07T18:17:05+00:00,HTTP_OK,200,https://eschenbachporzellan.de/unternehmen/geschichte,text/html; charset=utf-8,Die Eschenbach Porzellan Geschichte,38f37eeb10f602891b5e874217dba1b0a04d706d5087d6d79a23e07cffb75c43,1,"GET retrieval succeeded; entity, claim, currency and certificate validity require separate review."
https://exportpreis-hessen.de/2019-235/,P20,S-P20-02,data/company_intelligence.csv:source_urls | data/pilot_candidates.csv:independent_source | data/pilot_review_sources.csv:source_url | evidence/proposal_source_checks.csv:final_url | evidence/proposal_source_checks.csv:source_url | evidence/source_register.csv:final_url | evidence/source_register.csv:source_link,2026-10-07T19:00:11+00:00,HTTP_OK,200,https://exportpreis-hessen.de/2019-235/,text/html,2019 – Exportpreis Hessen,6a560076c512f016334b27a629ae32a17b164b75d0f50a45cd43e105d44575ab,2,"Availability checked separately from holder, claims, period and operating scope. Full-body SHA-256 is also recorded in proposal_source_checks.csv; source-content review is independent of HTTP availability."
https://fcti.de/,P17,S-P17-01,data/pilot_candidates.csv:company_source | evidence/companies/P17_qsil_ingenieurkeramik/evidence.md | evidence/source_register.csv:source_link,2026-10-06T17:29:25+00:00,REDIRECT_OK,200,https://www.qsil.com/,text/html; charset=UTF-8,"QSIL ist jetzt STEREON Materials, Hightech Werkstoffe aus Keramik, Metall &amp; Glas",58c76757b9f4aae6c36f362daeaef7055a2ec6d1477531691092d18d0e9cfd6f,1,"GET retrieval succeeded; entity, claim, currency and certificate validity require separate review."
https://flachglas-markenkreis.de/glasnetzwerk/mitglieder/derix-glasstudios-gmbh-co-kg/,P20,S-P20-03,data/pilot_review_sources.csv:source_url | evidence/proposal_source_checks.csv:final_url | evidence/proposal_source_checks.csv:source_url | evidence/source_register.csv:final_url | evidence/source_register.csv:source_link,2026-10-07T19:00:11+00:00,HTTP_OK,200,https://flachglas-markenkreis.de/glasnetzwerk/mitglieder/derix-glasstudios-gmbh-co-kg/,text/html,DERIX GLASSTUDIOS GmbH & Co. KG - Flachglas MarkenKreis,7c3950f0bc887e64030d67c66d2f4cb477ff0d7b62e7729b84c066479f471836,2,"Availability checked separately from holder, claims, period and operating scope. Full-body SHA-256 is also recorded in proposal_source_checks.csv; source-content review is independent of HTTP availability."
https://fusionbase.com/de/data/organization/3618ca1a59de35582bf50c464d9b2472/Oskar%2BLehmann%2BGmbH%2B%26%2BCo.%2BKG,P10,S-P10-04,data/pilot_candidates.csv:independent_source | data/pilot_coded.csv:source_urls | data/pilot_review_sources.csv:source_url | evidence/source_register.csv:final_url | evidence/source_register.csv:source_link,2026-10-07T18:42:02+00:00,HTTP_OK,200,https://fusionbase.com/de/data/organization/3618ca1a59de35582bf50c464d9b2472/Oskar%2BLehmann%2BGmbH%2B%26%2BCo.%2BKG,text/html; charset=utf-8,Oskar Lehmann GmbH &amp; Co. KG,c20263a0d0c58d03b6bae2f239278a37ef9573759dbd00f82bc5936cbb859988,1,"GET retrieval succeeded; entity, claim, currency and certificate validity require separate review."
https://fusionbase.com/de/data/organization/4c73ef37b41ee4186a5fcce34e18f119/eloxal-barz-gmbh-%26-co.-kg,P15,S-P15-02,data/company_intelligence.csv:source_urls | data/pilot_candidates.csv:independent_source | data/pilot_review_sources.csv:source_url | evidence/source_register.csv:final_url | evidence/source_register.csv:source_link,2026-10-07T10:15:18+00:00,HTTP_OK,200,https://fusionbase.com/de/data/organization/4c73ef37b41ee4186a5fcce34e18f119/eloxal-barz-gmbh-%26-co.-kg,text/html; charset=utf-8,Eloxal Barz GmbH &amp; Co. KG,f4a894e7a5761bb6a380e64e0226381aa5d0a07fa7980c4818c47a070d6d149e,1,"GET retrieval succeeded; entity, claim, currency and certificate validity require separate review."
https://fusionbase.com/en/data/organization/0cd11df2d7c1d705647ed69f2f5bce25/Burgis%20GmbH,P01,S-P01-03,data/pilot_candidates.csv:independent_source | evidence/source_register.csv:final_url | evidence/source_register.csv:source_link,2026-10-06T17:29:26+00:00,HTTP_OK,200,https://fusionbase.com/en/data/organization/0cd11df2d7c1d705647ed69f2f5bce25/Burgis%20GmbH,text/html; charset=utf-8,Burgis GmbH,bfffe624c3953c91504fe1728b50dac12bcf1cf15931e0258f8683c0ef68b304,1,"GET retrieval succeeded; entity, claim, currency and certificate validity require separate review."
https://group.vattenfall.com/de/newsroom/news/2023/mit-abwasser-und-algen-auf-dem-weg-zum-netto-nullverbrauch,P66,S-P66-04,data/company_intelligence.csv:source_urls | evidence/companies/P66_kpm_koenigliche_porzellan_manufaktur_berlin_gmbh/evidence.md | evidence/proposal_source_checks.csv:final_url | evidence/proposal_source_checks.csv:source_url | evidence/source_register.csv:final_url | evidence/source_register.csv:source_link,2026-10-07T19:01:55+00:00,HTTP_OK,200,https://group.vattenfall.com/de/newsroom/news/2023/mit-abwasser-und-algen-auf-dem-weg-zum-netto-nullverbrauch,text/html,Mit Abwasser und Algen auf dem Weg zum Netto-Nullverbrauch - Vattenfall,38bcd2eecd52d03f6f762d1410d19d3efa250225574479774d59bbfa00947e66,2,"Availability checked separately from holder, claims, period and operating scope. Full-body SHA-256 is also recorded in proposal_source_checks.csv; source-content review is independent of HTTP availability."
https://gts-keramik.de/,P86,S-P86-01 | S-P86-02,data/company_intelligence.csv:source_urls | data/company_intelligence.csv:website | data/company_process_map.csv:process_evidence_url | data/pilot_candidates.csv:company_source | data/pilot_candidates.csv:independent_source | data/pilot_review_sources.csv:source_url | evidence/certificate_register.csv:certificate_index_url | evidence/companies/P86_giess_technische_sonderkeramik_gmbh_co_kg/evidence.md | evidence/proposal_source_checks.csv:final_url | evidence/proposal_source_checks.csv:source_url | evidence/source_register.csv:final_url | evidence/source_register.csv:source_link,2026-10-07T19:02:37+00:00,HTTP_OK,200,https://gts-keramik.de/,text/html,GTS Keramik – Hochleistungskeramik Made in Germany,8ec4b1546511f9ab1c19337e516ab563abb910ae884986c9a2667138de0ae943,2,"Availability checked separately from holder, claims, period and operating scope. Full-body SHA-256 is also recorded in proposal_source_checks.csv; source-content review is independent of HTTP availability."
https://gts-keramik.de/ueber-uns/,P86,S-P86-03,data/company_intelligence.csv:source_urls | evidence/companies/P86_giess_technische_sonderkeramik_gmbh_co_kg/evidence.md | evidence/source_register.csv:final_url | evidence/source_register.csv:source_link,2026-10-07T18:42:03+00:00,HTTP_OK,200,https://gts-keramik.de/ueber-uns/,text/html; charset=UTF-8,GTS Keramik – Innovation &amp; Qualität in technischer Keramik,c80698f8d324be723814e30b07d0fb2b629321065dc412c52a4ce2045dfcafbd,1,"GET retrieval succeeded; entity, claim, currency and certificate validity require separate review."
https://handelsregister.ai/de/organizations/oetisheim/bearbeitung-und-veredlung-von-kunststoffwaren/varioplast-konrad-dabritz-gmbh-617b93fba0a74b122588036fdad447e8,P07,S-P07-05,data/pilot_coded.csv:source_urls | data/pilot_review_sources.csv:source_url | evidence/source_register.csv:final_url | evidence/source_register.csv:source_link,2026-10-07T18:42:04+00:00,HTTP_OK,200,https://handelsregister.ai/de/organizations/oetisheim/bearbeitung-und-veredlung-von-kunststoffwaren/varioplast-konrad-dabritz-gmbh-617b93fba0a74b122588036fdad447e8,text/html; charset=utf-8,Varioplast Konrad Däbritz GmbH · Ötisheim · handelsregister.ai,0c322cd3a3099599152ceafff536244ccf767aec4de4359e296dc810c4567ad6,1,"GET retrieval succeeded; entity, claim, currency and certificate validity require separate review."
https://hochdorfer.de/,P32,S-P32-01,data/company_intelligence.csv:source_urls | data/company_intelligence.csv:website | data/company_process_map.csv:process_evidence_url | data/pilot_candidates.csv:company_source | data/pilot_candidates.csv:independent_source | data/pilot_review_sources.csv:source_url | evidence/certificate_register.csv:certificate_index_url | evidence/companies/P32_kronenbrauerei_otto_haizmann_kg/evidence.md | evidence/source_register.csv:final_url | evidence/source_register.csv:source_link,2026-10-07T18:42:04+00:00,HTTP_OK,200,https://hochdorfer.de/,text/html; charset=UTF-8,Hochdorfer Kronenbrauerei,07b93ee11e6cd2db3714154e6ca22f9894fe67b71b04c37a3640028fefab6d5a,1,"GET retrieval succeeded; entity, claim, currency and certificate validity require separate review."
https://hochdorfer.de/vom-rohstoff-zum-bier/,P32,S-P32-02,data/company_intelligence.csv:source_urls | evidence/companies/P32_kronenbrauerei_otto_haizmann_kg/evidence.md | evidence/proposal_source_checks.csv:final_url | evidence/proposal_source_checks.csv:source_url | evidence/source_register.csv:final_url | evidence/source_register.csv:source_link,2026-10-07T19:00:44+00:00,HTTP_OK,200,https://hochdorfer.de/vom-rohstoff-zum-bier/,text/html,Vom Rohstoff zum Bier – Hochdorfer Kronenbrauerei,bd1b5549e4cc20c58c1bb918e617b547914d5a13b18d8da0d0fd2172b18d0d55,2,"Availability checked separately from holder, claims, period and operating scope. Full-body SHA-256 is also recorded in proposal_source_checks.csv; source-content review is independent of HTTP availability."
https://holder-oft.de/,P104,S-P104-02,data/company_intelligence.csv:source_urls | data/company_intelligence.csv:website | data/company_process_map.csv:process_evidence_url | data/pilot_candidates.csv:independent_source | data/pilot_review_sources.csv:source_url | evidence/certificate_register.csv:certificate_index_url | evidence/companies/P104_holder_gmbh_oberflachentechnik/evidence.md | evidence/proposal_source_checks.csv:final_url | evidence/proposal_source_checks.csv:source_url | evidence/source_register.csv:final_url | evidence/source_register.csv:source_link,2026-10-07T18:59:31+00:00,HTTP_OK,200,https://holder-oft.de/,text/html,Holder Oberflächentechnik,9b5f7ff890638a381cb5c78f3fd29ca620346012809014dd914d17ad2e1814b9,2,"Availability checked separately from holder, claims, period and operating scope. Full-body SHA-256 is also recorded in proposal_source_checks.csv; source-content review is independent of HTTP availability."
https://holder-oft.de/impressum/,P104,S-P104-01,data/company_intelligence.csv:source_urls | data/pilot_candidates.csv:company_source | data/pilot_review_sources.csv:source_url | evidence/companies/P104_holder_gmbh_oberflachentechnik/evidence.md | evidence/source_register.csv:final_url | evidence/source_register.csv:source_link,2026-10-07T18:42:06+00:00,HTTP_OK,200,https://holder-oft.de/impressum/,text/html; charset=UTF-8,Impressum &#8211; Holder Oberflächentechnik,1f2104a9458a395ce44bf0fc398d782ba5cefd2fda66dd4439742079763691d6,1,"GET retrieval succeeded; entity, claim, currency and certificate validity require separate review."
https://holder-oft.de/kompetenzzentrum/zertifikate/,P104,S-P104-03,data/company_intelligence.csv:source_urls | evidence/certificate_register.csv:certificate_index_url | evidence/companies/P104_holder_gmbh_oberflachentechnik/evidence.md | evidence/source_register.csv:final_url | evidence/source_register.csv:source_link,2026-10-07T18:42:08+00:00,HTTP_OK,200,https://holder-oft.de/kompetenzzentrum/zertifikate/,text/html; charset=UTF-8,Zertifikate &#8211; Holder Oberflächentechnik,1c8b7f8a6650e9f93147d4f6ecad4031414e262837c222df68b3cdea822683e2,1,"GET retrieval succeeded; entity, claim, currency and certificate validity require separate review."
https://holder-oft.de/oberflaechenverfahren/waermebehandlung-von-aluminium/,P104,S-P104-05,data/company_intelligence.csv:source_urls | evidence/companies/P104_holder_gmbh_oberflachentechnik/evidence.md | evidence/proposal_source_checks.csv:source_url | evidence/source_register.csv:source_link,2026-10-07T18:59:37+00:00,REDIRECT_OK,200,https://holder-oft.de/verfahren/aluminium-behandlung/waermebehandlung-von-aluminium/,text/html,Wärmebehandlung von Aluminium-Strukturteilen,2d114f4b0bc5ecd7b8bd114e5a2d2e7e7a3dbe99b7bfb56cef885a6da3ace516,2,"Availability checked separately from holder, claims, period and operating scope. Full-body SHA-256 is also recorded in proposal_source_checks.csv; source-content review is independent of HTTP availability."
https://holder-oft.de/unternehmen/qualitaet-und-umwelt/,P104,S-P104-04,data/company_intelligence.csv:source_urls | evidence/companies/P104_holder_gmbh_oberflachentechnik/evidence.md | evidence/proposal_source_checks.csv:final_url | evidence/proposal_source_checks.csv:source_url | evidence/source_register.csv:final_url | evidence/source_register.csv:source_link,2026-10-07T18:59:36+00:00,HTTP_OK,200,https://holder-oft.de/unternehmen/qualitaet-und-umwelt/,text/html,Qualität und Umwelt – Holder Oberflächentechnik,d305c71815c18aa7471c1aa1fb2a56a69be3ba98fb1c71fae4705b57b28924d1,2,"Availability checked separately from holder, claims, period and operating scope. Full-body SHA-256 is also recorded in proposal_source_checks.csv; source-content review is independent of HTTP availability."
https://holder-oft.de/verfahren/aluminium-behandlung/waermebehandlung-von-aluminium/,P104,S-P104-05,evidence/source_register.csv:final_url,2026-10-07T18:45:10+00:00,HTTP_OK,200,https://holder-oft.de/verfahren/aluminium-behandlung/waermebehandlung-von-aluminium/,text/html; charset=UTF-8,Wärmebehandlung von Aluminium-Strukturteilen,e270b484d90ee1e493f4da46022725aaa38bc366e84f58b85f9ce3d6c7b503a1,1,"GET retrieval succeeded; entity, claim, currency and certificate validity require separate review."
https://holder-oft.de/wp-content/uploads/Zertifikat-ISO-140012015-2025.pdf,P104,S-P104-07,data/company_intelligence.csv:source_urls | evidence/certificate_register.csv:direct_certificate_url | evidence/companies/P104_holder_gmbh_oberflachentechnik/evidence.md | evidence/source_register.csv:final_url | evidence/source_register.csv:source_link,2026-10-07T18:42:10+00:00,HTTP_OK,200,https://holder-oft.de/wp-content/uploads/Zertifikat-ISO-140012015-2025.pdf,application/pdf,,0d648bd5da920e3b6f7fd657e1ba92204230d4e60ebe258524bfdc7eeba1ccbd,1,"GET retrieval succeeded; entity, claim, currency and certificate validity require separate review."
https://holder-oft.de/wp-content/uploads/Zertifikat-ISO-500012018-2025.pdf,P104,S-P104-06,data/company_intelligence.csv:source_urls | evidence/certificate_register.csv:direct_certificate_url | evidence/companies/P104_holder_gmbh_oberflachentechnik/evidence.md | evidence/proposal_source_checks.csv:final_url | evidence/proposal_source_checks.csv:source_url | evidence/source_register.csv:final_url | evidence/source_register.csv:source_link,2026-10-07T18:59:37+00:00,HTTP_OK,200,https://holder-oft.de/wp-content/uploads/Zertifikat-ISO-500012018-2025.pdf,application/pdf,                                                                                                                 Zertifikat,84b233bcfcb974f0d9b97337adf4396c960627c92b3bee1bf6417161e36c5de2,2,"Availability checked separately from holder, claims, period and operating scope. Full-body SHA-256 is also recorded in proposal_source_checks.csv; source-content review is independent of HTTP availability."
https://innokeramik.de/,P90,S-P90-02,data/company_intelligence.csv:source_urls | data/company_intelligence.csv:website | data/pilot_candidates.csv:independent_source | data/pilot_review_sources.csv:source_url | evidence/certificate_register.csv:certificate_index_url | evidence/companies/P90_innokeramik_technik_gmbh/evidence.md | evidence/source_register.csv:final_url | evidence/source_register.csv:source_link,2026-10-07T17:57:48+00:00,HTTP_OK,200,https://innokeramik.de/,text/html; charset=UTF-8,Keramik-Unmaßplatten und Quarzkomposit,4cd16da6fa798edca5e90c2b530e6178dddedd77d90958247ca231aea479f412,1,"GET retrieval succeeded; entity, claim, currency and certificate validity require separate review."
https://innokeramik.de/impressum/,P90,S-P90-01,data/company_intelligence.csv:source_urls | data/pilot_candidates.csv:company_source | data/pilot_review_sources.csv:source_url | evidence/companies/P90_innokeramik_technik_gmbh/evidence.md | evidence/proposal_source_checks.csv:final_url | evidence/proposal_source_checks.csv:source_url | evidence/source_register.csv:final_url | evidence/source_register.csv:source_link,2026-10-07T19:02:40+00:00,HTTP_OK,200,https://innokeramik.de/impressum/,text/html,Impressum | Innokeramik,160bb7af77bb61e541f1a47f1b1b6ecbbeaa218966f7b62cfd1a97092ed3d95a,2,"Availability checked separately from holder, claims, period and operating scope. Full-body SHA-256 is also recorded in proposal_source_checks.csv; source-content review is independent of HTTP availability."
https://innokeramik.de/innopartner/,P90,S-P90-04,data/company_intelligence.csv:source_urls | evidence/companies/P90_innokeramik_technik_gmbh/evidence.md | evidence/proposal_source_checks.csv:final_url | evidence/proposal_source_checks.csv:source_url | evidence/source_register.csv:final_url | evidence/source_register.csv:source_link,2026-10-07T19:02:41+00:00,HTTP_OK,200,https://innokeramik.de/innopartner/,text/html,INNOPARTNER | Innokeramik,fe1835cbc286b2500e72644a8e4398c2e7cbbd5b0526e6acbf6cf635daee316b,2,"Availability checked separately from holder, claims, period and operating scope. Full-body SHA-256 is also recorded in proposal_source_checks.csv; source-content review is independent of HTTP availability."
https://innokeramik.de/ueber-uns/,P90,S-P90-03,data/company_intelligence.csv:source_urls | data/company_process_map.csv:process_evidence_url | evidence/companies/P90_innokeramik_technik_gmbh/evidence.md | evidence/proposal_source_checks.csv:final_url | evidence/proposal_source_checks.csv:source_url | evidence/source_register.csv:final_url | evidence/source_register.csv:source_link,2026-10-07T19:02:40+00:00,HTTP_OK,200,https://innokeramik.de/ueber-uns/,text/html,ÜBER UNS | Innokeramik,94abfe55f037ee612a95fe7b275cd1c0bc3f8488dc30448b3677bc0457f8f5a6,2,"Availability checked separately from holder, claims, period and operating scope. Full-body SHA-256 is also recorded in proposal_source_checks.csv; source-content review is independent of HTTP availability."
https://klaeger-group.com/news/automatisierung-neue-spritzgussmaschine/,P100,S-P100-06,data/company_intelligence.csv:source_urls | evidence/companies/P100_klager_spritzguss_gmbh_co_kg/evidence.md | evidence/source_register.csv:final_url | evidence/source_register.csv:source_link,2026-10-07T18:17:05+00:00,HTTP_OK,200,https://klaeger-group.com/news/automatisierung-neue-spritzgussmaschine/,text/html; charset=UTF-8,Technologie für die Zukunft: Kläger SPC setzt auf vollelektrische Spritzgussmaschine und erweiterte Automatisierung | Kläger Group,fd999ceea1a69d8b62e307347b1d6fd10bff199f87d085eedf579c90d7b42865,1,"GET retrieval succeeded; entity, claim, currency and certificate validity require separate review."
https://klaeger.de/,P100,S-P100-02,data/company_intelligence.csv:source_urls | data/company_intelligence.csv:website | data/company_process_map.csv:process_evidence_url | data/pilot_candidates.csv:independent_source | data/pilot_review_sources.csv:source_url | evidence/certificate_register.csv:certificate_index_url | evidence/companies/P100_klager_spritzguss_gmbh_co_kg/evidence.md | evidence/source_register.csv:final_url | evidence/source_register.csv:source_link,2026-10-07T18:17:05+00:00,HTTP_OK,200,https://klaeger.de/,text/html; charset=UTF-8,Home - EN - Kläger Spritzguss GmbH &amp; Co. KG,e4e068f5f1389c228d50465d4cb50b4348fbd387d21ef2c5d5a4546ff2b95d75,1,"GET retrieval succeeded; entity, claim, currency and certificate validity require separate review."
https://klaeger.de/de/downloads-2/,P100,S-P100-07,evidence/source_register.csv:final_url,2026-10-07T18:18:25+00:00,HTTP_OK,200,https://klaeger.de/de/downloads-2/,text/html; charset=UTF-8,"Downloads, Lieferbedingungen, Zertifikate, Pressemeldungen",1f161dade5382fd74961e671f19cf5dd4c87e85b5b01d07ca2108e1d89b58058,1,"GET retrieval succeeded; entity, claim, currency and certificate validity require separate review."
https://klaeger.de/de/unternehmen/nachhaltikgeit/,P100,S-P100-03,evidence/source_register.csv:final_url,2026-10-07T18:18:34+00:00,HTTP_OK,200,https://klaeger.de/de/unternehmen/nachhaltikgeit/,text/html; charset=UTF-8,"Nachhaltigkeit, Umwelt, Verantwortung, Umweltbewusstsein",46bd1465574161306f5cf8b5ee9c53324a1e2893a6bed20380ee8547bfc8ce08,1,"GET retrieval succeeded; entity, claim, currency and certificate validity require separate review."
https://klaeger.de/downloads-2/,P100,S-P100-07,data/company_intelligence.csv:source_urls | evidence/companies/P100_klager_spritzguss_gmbh_co_kg/evidence.md | evidence/source_register.csv:source_link,2026-10-07T18:17:05+00:00,REDIRECT_OK,200,https://klaeger.de/de/downloads-2/,text/html; charset=UTF-8,"Downloads, Lieferbedingungen, Zertifikate, Pressemeldungen",1f161dade5382fd74961e671f19cf5dd4c87e85b5b01d07ca2108e1d89b58058,1,"GET retrieval succeeded; entity, claim, currency and certificate validity require separate review."
https://klaeger.de/unternehmen/nachhaltikgeit/,P100,S-P100-03,data/company_intelligence.csv:source_urls | evidence/companies/P100_klager_spritzguss_gmbh_co_kg/evidence.md | evidence/proposal_source_checks.csv:source_url | evidence/source_register.csv:source_link,2026-10-07T18:59:22+00:00,REDIRECT_OK,200,https://klaeger.de/de/unternehmen/nachhaltikgeit/,text/html,"Nachhaltigkeit, Umwelt, Verantwortung, Umweltbewusstsein",46bd1465574161306f5cf8b5ee9c53324a1e2893a6bed20380ee8547bfc8ce08,2,"Availability checked separately from holder, claims, period and operating scope. Full-body SHA-256 is also recorded in proposal_source_checks.csv; source-content review is independent of HTTP availability."
https://klaeger.de/wp-content/uploads/Maschinenpark-Klaeger_2023.pdf,P100,S-P100-04,data/company_intelligence.csv:source_urls | evidence/companies/P100_klager_spritzguss_gmbh_co_kg/evidence.md | evidence/proposal_source_checks.csv:final_url | evidence/proposal_source_checks.csv:source_url | evidence/source_register.csv:final_url | evidence/source_register.csv:source_link,2026-10-07T18:59:23+00:00,HTTP_OK,200,https://klaeger.de/wp-content/uploads/Maschinenpark-Klaeger_2023.pdf,application/pdf,INSIDE,4017d285a8d72f02d46914d5d1047a4ab9dd622e3b84124b9c6423e3fb138595,2,"Availability checked separately from holder, claims, period and operating scope. Full-body SHA-256 is also recorded in proposal_source_checks.csv; source-content review is independent of HTTP availability."
https://klaeger.de/wp-content/uploads/Prozessbeschreibung-Keramikspritzguss.pdf,P100,S-P100-05,data/company_intelligence.csv:source_urls | data/company_process_map.csv:process_evidence_url | evidence/companies/P100_klager_spritzguss_gmbh_co_kg/evidence.md | evidence/proposal_source_checks.csv:final_url | evidence/proposal_source_checks.csv:source_url | evidence/source_register.csv:final_url | evidence/source_register.csv:source_link,2026-10-07T18:59:23+00:00,HTTP_OK,200,https://klaeger.de/wp-content/uploads/Prozessbeschreibung-Keramikspritzguss.pdf,application/pdf,INSIDE,a56385c7276555355331a3e2b6475409cef3d8f9ac2db2ce0453b1b5fca9e0d9,2,"Availability checked separately from holder, claims, period and operating scope. Full-body SHA-256 is also recorded in proposal_source_checks.csv; source-content review is independent of HTTP availability."
https://kuchlbauer.de/,P94,S-P94-02,data/company_intelligence.csv:source_urls | data/company_intelligence.csv:website | data/company_process_map.csv:process_evidence_url | data/pilot_candidates.csv:independent_source | data/pilot_review_sources.csv:source_url | evidence/certificate_register.csv:certificate_index_url | evidence/companies/P94_brauerei_zum_kuchlbauer_gmbh_co_kg/evidence.md | evidence/source_register.csv:final_url | evidence/source_register.csv:source_link,2026-10-07T17:57:48+00:00,HTTP_OK,200,https://kuchlbauer.de/,text/html; charset=UTF-8,Brauerei zum Kuchlbauer,3dbffbd1c928083e61f903698e100947941260663500a0ff6d92878fbd96dbf0,1,"GET retrieval succeeded; entity, claim, currency and certificate validity require separate review."
https://kuchlbauer.de/bier-und-kunst/logistikzentrum/,P94,S-P94-03,data/company_intelligence.csv:source_urls | evidence/companies/P94_brauerei_zum_kuchlbauer_gmbh_co_kg/evidence.md | evidence/proposal_source_checks.csv:final_url | evidence/proposal_source_checks.csv:source_url | evidence/source_register.csv:final_url | evidence/source_register.csv:source_link,2026-10-07T19:02:48+00:00,HTTP_OK,200,https://kuchlbauer.de/bier-und-kunst/logistikzentrum/,text/html,Logistikzentrum – Brauerei zum Kuchlbauer,2a2eec53c041ddce0a37e3bad5d0a30727ead47546dd456f593ee28a19996ede,2,"Availability checked separately from holder, claims, period and operating scope. Full-body SHA-256 is also recorded in proposal_source_checks.csv; source-content review is independent of HTTP availability."
https://kuchlbauer.de/impressum/,P94,S-P94-01,data/company_intelligence.csv:source_urls | data/pilot_candidates.csv:company_source | data/pilot_review_sources.csv:source_url | evidence/companies/P94_brauerei_zum_kuchlbauer_gmbh_co_kg/evidence.md | evidence/source_register.csv:final_url | evidence/source_register.csv:source_link,2026-10-07T17:57:48+00:00,HTTP_OK,200,https://kuchlbauer.de/impressum/,text/html; charset=UTF-8,Impressum &#8211; Brauerei zum Kuchlbauer,4590cc11e4a210eb554d6ebb4dc19c09d870a3eced6436e643ad1e90a6001da2,1,"GET retrieval succeeded; entity, claim, currency and certificate validity require separate review."
https://kunststoffspritzguss-produzent.de/,P100,S-P100-01,data/company_intelligence.csv:source_urls | data/pilot_candidates.csv:company_source | data/pilot_review_sources.csv:source_url | evidence/companies/P100_klager_spritzguss_gmbh_co_kg/evidence.md | evidence/source_register.csv:final_url | evidence/source_register.csv:source_link,2026-10-07T18:17:14+00:00,HTTP_OK,200,https://kunststoffspritzguss-produzent.de/,text/html; charset=UTF-8,Kunststoffspritzguss Produzent - Hersteller in Deutschland,4bce9f7169671e03ccfac41ef7842b0ff0d65f784f82aff895406fc100b905e2,1,"GET retrieval succeeded; entity, claim, currency and certificate validity require separate review."
https://lamberts.de/,P18,,data/company_intelligence.csv:website,2026-10-06T17:29:32+00:00,REDIRECT_OK,200,https://lamberts.de/start,text/html; charset=utf-8,Willkommen bei der Glashütte Lamberts Waldsassen - Lamberts Glas,6fe720ce9d85f3f82439c27247013b603fcea56cc91fce9eefbcf1f3fa581510,1,"GET retrieval succeeded; entity, claim, currency and certificate validity require separate review."
https://lamberts.de/der-zukunft-verpflichtet,P18,S-P18-03,data/company_intelligence.csv:source_urls | data/pilot_review_sources.csv:source_url | evidence/certificate_register.csv:certificate_index_url | evidence/proposal_source_checks.csv:final_url | evidence/proposal_source_checks.csv:source_url | evidence/source_register.csv:final_url | evidence/source_register.csv:source_link,2026-10-07T19:00:01+00:00,HTTP_OK,200,https://lamberts.de/der-zukunft-verpflichtet,text/html,Der Zukunft verpflichtet - Lamberts Glas,c4fa0fb655875e9ce464974c0202f53338537d88c698fcfd1fa6f984dc52b0fd,2,"Availability checked separately from holder, claims, period and operating scope. Full-body SHA-256 is also recorded in proposal_source_checks.csv; source-content review is independent of HTTP availability."
https://lamberts.de/files/content/Mainpage/Unsere%20Glashuette/Zukunft/Zertifikat_Z-EM-13067-2023-001_Glashuette_Lamberts_Waldsassen.pdf,P18,S-P18-04,data/company_intelligence.csv:source_urls | data/pilot_review_sources.csv:source_url | evidence/certificate_register.csv:direct_certificate_url | evidence/proposal_source_checks.csv:final_url | evidence/proposal_source_checks.csv:source_url | evidence/source_register.csv:final_url | evidence/source_register.csv:source_link,2026-10-07T19:00:04+00:00,HTTP_OK,200,https://lamberts.de/files/content/Mainpage/Unsere%20Glashuette/Zukunft/Zertifikat_Z-EM-13067-2023-001_Glashuette_Lamberts_Waldsassen.pdf,application/pdf,                               Zertifikat,9b88cbb556d1d752e593be0ed4be032b75388fa3444686874f8677ebfcb20169,2,"Availability checked separately from holder, claims, period and operating scope. Full-body SHA-256 is also recorded in proposal_source_checks.csv; source-content review is independent of HTTP availability."
https://lamberts.de/home,P18,S-P18-02,data/company_intelligence.csv:source_urls | data/company_process_map.csv:process_evidence_url | data/pilot_candidates.csv:independent_source | data/pilot_review_sources.csv:source_url | evidence/proposal_source_checks.csv:final_url | evidence/proposal_source_checks.csv:source_url | evidence/source_register.csv:final_url | evidence/source_register.csv:source_link,2026-10-07T19:00:01+00:00,HTTP_OK,200,https://lamberts.de/home,text/html,Welcome to Lamberts Waldsassen glassworks - Lamberts Glass,19d5a93ed5481fe6b5e4b853a6d1a1cdeef7762ea9e5725f5db28fd47e7fa35b,2,"Availability checked separately from holder, claims, period and operating scope. Full-body SHA-256 is also recorded in proposal_source_checks.csv; source-content review is independent of HTTP availability."
https://lamberts.de/impressum-2,P18,S-P18-01,data/company_intelligence.csv:source_urls | data/pilot_candidates.csv:company_source | data/pilot_review_sources.csv:source_url | evidence/source_register.csv:final_url | evidence/source_register.csv:source_link,2026-10-06T17:29:33+00:00,HTTP_OK,200,https://lamberts.de/impressum-2,text/html; charset=utf-8,Impressum - Lamberts Glas,225170e83d792a4e8bbeeadbce3446de3f9e69a758d4569ca11502b8cb473c7b,1,"GET retrieval succeeded; entity, claim, currency and certificate validity require separate review."
https://mack-kunststoff.com/,P35,S-P35-02,data/company_intelligence.csv:source_urls | data/company_intelligence.csv:website | data/pilot_candidates.csv:independent_source | data/pilot_review_sources.csv:source_url | evidence/certificate_register.csv:certificate_index_url | evidence/companies/P35_mack_kunststofftechnik_gmbh_co_kg/evidence.md | evidence/source_register.csv:final_url | evidence/source_register.csv:source_link,2026-10-07T11:14:30+00:00,HTTP_OK,200,https://mack-kunststoff.com/,text/html; charset=UTF-8,Kunststofftechnik Ulm | mack kunststofftechnik,3f270d7ab6bc682754598b70910c37f17c99fbf2393f3adb09a031565b9ae943,1,"GET retrieval succeeded; entity, claim, currency and certificate validity require separate review."
https://mack-kunststoff.com/impressum/,P35,S-P35-01,data/company_intelligence.csv:source_urls | data/pilot_candidates.csv:company_source | data/pilot_review_sources.csv:source_url | evidence/companies/P35_mack_kunststofftechnik_gmbh_co_kg/evidence.md | evidence/source_register.csv:final_url | evidence/source_register.csv:source_link,2026-10-07T11:14:30+00:00,HTTP_OK,200,https://mack-kunststoff.com/impressum/,text/html; charset=UTF-8,Impressum | mack kunststofftechnik Ulm,e2fa84043c8c1ca38f5a60fec60ee1d933ee3b950c588230e6c8126c3528c82d,1,"GET retrieval succeeded; entity, claim, currency and certificate validity require separate review."
https://mack-kunststoff.com/leistungen/cnc-kunststoffbearbeitung/,P35,S-P35-05,data/company_intelligence.csv:source_urls | evidence/companies/P35_mack_kunststofftechnik_gmbh_co_kg/evidence.md | evidence/proposal_source_checks.csv:final_url | evidence/proposal_source_checks.csv:source_url | evidence/source_register.csv:final_url | evidence/source_register.csv:source_link,2026-10-07T19:00:50+00:00,HTTP_OK,200,https://mack-kunststoff.com/leistungen/cnc-kunststoffbearbeitung/,text/html,CNC Kunststoffbearbeitung | mack kunststofftechnik,644a2b4dafd41e5fd3de70639f6d29dcfee51830c980be13d147e1a475022f55,2,"Availability checked separately from holder, claims, period and operating scope. Full-body SHA-256 is also recorded in proposal_source_checks.csv; source-content review is independent of HTTP availability."
https://mack-kunststoff.com/leistungen/thermoforming/,P35,S-P35-04,data/company_intelligence.csv:source_urls | evidence/companies/P35_mack_kunststofftechnik_gmbh_co_kg/evidence.md | evidence/proposal_source_checks.csv:final_url | evidence/proposal_source_checks.csv:source_url | evidence/source_register.csv:final_url | evidence/source_register.csv:source_link,2026-10-07T19:00:46+00:00,HTTP_OK,200,https://mack-kunststoff.com/leistungen/thermoforming/,text/html,Thermoforming | Kunststoff Tiefziehen | mack kunststofftechnik,eb6bd5868028aed11078587223c14d76ae50cc73a29829a98e64eb0b72f1ec12,2,"Availability checked separately from holder, claims, period and operating scope. Full-body SHA-256 is also recorded in proposal_source_checks.csv; source-content review is independent of HTTP availability."
https://mack-kunststoff.com/unternehmen/,P35,S-P35-03,data/company_intelligence.csv:source_urls | data/company_process_map.csv:process_evidence_url | evidence/companies/P35_mack_kunststofftechnik_gmbh_co_kg/evidence.md | evidence/proposal_source_checks.csv:final_url | evidence/proposal_source_checks.csv:source_url | evidence/source_register.csv:final_url | evidence/source_register.csv:source_link,2026-10-07T19:00:46+00:00,HTTP_OK,200,https://mack-kunststoff.com/unternehmen/,text/html,mack Kunststofftechnik Unternehmen | Kunststoffverarbeitung Ulm,d7447e385bc59242ce654e0a99d715dc16fcdbe2ab5f8a1275b67d7c74b86b54,2,"Availability checked separately from holder, claims, period and operating scope. Full-body SHA-256 is also recorded in proposal_source_checks.csv; source-content review is independent of HTTP availability."
https://mack-kunststoff.com/wp-content/uploads/2025/09/ISO-14001-2015-seit-2024.pdf,P35,S-P35-06,data/company_intelligence.csv:source_urls | evidence/certificate_register.csv:direct_certificate_url | evidence/companies/P35_mack_kunststofftechnik_gmbh_co_kg/evidence.md | evidence/proposal_source_checks.csv:final_url | evidence/proposal_source_checks.csv:source_url | evidence/source_register.csv:final_url | evidence/source_register.csv:source_link,2026-10-07T19:00:50+00:00,HTTP_OK,200,https://mack-kunststoff.com/wp-content/uploads/2025/09/ISO-14001-2015-seit-2024.pdf,application/pdf,               ZERTIFIKAT,fd55c43723f068e6d5b99a34c67269c2eac5e16df42ed63241d07403cae11a1a,2,"Availability checked separately from holder, claims, period and operating scope. Full-body SHA-256 is also recorded in proposal_source_checks.csv; source-content review is independent of HTTP availability."
https://moritzfiege.de/,P21,S-P21-01,data/company_intelligence.csv:source_urls | data/company_intelligence.csv:website | data/pilot_candidates.csv:company_source | data/pilot_review_sources.csv:source_url | evidence/certificate_register.csv:certificate_index_url | evidence/source_register.csv:final_url | evidence/source_register.csv:source_link,2026-10-06T17:29:34+00:00,HTTP_OK,200,https://moritzfiege.de/,text/html; charset=UTF-8,Startseite - MORITZ FIEGE GmbH &amp; Co. KG,c4b31d6dc7e6edde8ad8611f3ee347d6ccd28b375b2371624d9f64e494630549,1,"GET retrieval succeeded; entity, claim, currency and certificate validity require separate review."
https://mwtek.rlp.de/presse/detail/schmitt-investitionen-staerken-wettbewerbsfaehigkeit-und-region-nachhaltig-rund-555000-euro-foerderung-fuer-gerbracht-moench-galvanotechnik-gmbh,P83,S-P83-03,data/company_intelligence.csv:source_urls | evidence/companies/P83_gerbracht_monch_galvanotechnik_gmbh/evidence.md | evidence/proposal_source_checks.csv:final_url | evidence/proposal_source_checks.csv:source_url | evidence/source_register.csv:final_url | evidence/source_register.csv:source_link,2026-10-07T19:02:33+00:00,HTTP_OK,200,https://mwtek.rlp.de/presse/detail/schmitt-investitionen-staerken-wettbewerbsfaehigkeit-und-region-nachhaltig-rund-555000-euro-foerderung-fuer-gerbracht-moench-galvanotechnik-gmbh,text/html,"Schmitt: Investitionen stärken Wettbewerbsfähigkeit und Region nachhaltig – Rund 555.000 Euro Förderung für Gerbracht & Mönch Galvanotechnik GmbH . Ministerium für Wirtschaft, Tourismus, Energie und K",86813258df9d98e4f9df7711b36a7ae4c0563c226e66d038bf3098fdaf93b5b7,2,"Availability checked separately from holder, claims, period and operating scope. Full-body SHA-256 is also recorded in proposal_source_checks.csv; source-content review is independent of HTTP availability."
https://oftech.de/,P40,S-P40-01,data/company_intelligence.csv:source_urls | data/company_intelligence.csv:website | data/company_process_map.csv:process_evidence_url | data/pilot_candidates.csv:company_source | data/pilot_candidates.csv:independent_source | data/pilot_review_sources.csv:source_url | evidence/certificate_register.csv:certificate_index_url | evidence/companies/P40_oftech_oberflaechentechnik_gmbh_co_kg/evidence.md | evidence/proposal_source_checks.csv:final_url | evidence/proposal_source_checks.csv:source_url | evidence/source_register.csv:final_url | evidence/source_register.csv:source_link,2026-10-07T19:00:59+00:00,HTTP_OK,200,https://oftech.de/,text/html,OFTECH – Oberflächentechnik GmbH & Co. KG,d8a6d32bbc13e0caab47053ca50a5e4cdc50c9fc8b61b964e747eee8e1e9df04,2,"Availability checked separately from holder, claims, period and operating scope. Full-body SHA-256 is also recorded in proposal_source_checks.csv; source-content review is independent of HTTP availability."
https://oftech.de/downloads/,P40,S-P40-03,data/company_intelligence.csv:source_urls | evidence/companies/P40_oftech_oberflaechentechnik_gmbh_co_kg/evidence.md | evidence/source_register.csv:final_url | evidence/source_register.csv:source_link,2026-10-07T18:42:14+00:00,HTTP_OK,200,https://oftech.de/downloads/,text/html; charset=UTF-8,DOWNLOADS &#8211; OFTECH,83451c4f08b5e7d951d4e0225b434e5140e4075fbb5e273a0b92cf1c1801b762,1,"GET retrieval succeeded; entity, claim, currency and certificate validity require separate review."
https://oftech.de/umweltpolitik/,P40,S-P40-02,data/company_intelligence.csv:source_urls | evidence/companies/P40_oftech_oberflaechentechnik_gmbh_co_kg/evidence.md | evidence/proposal_source_checks.csv:final_url | evidence/proposal_source_checks.csv:source_url | evidence/source_register.csv:final_url | evidence/source_register.csv:source_link,2026-10-07T19:01:01+00:00,HTTP_OK,200,https://oftech.de/umweltpolitik/,text/html,Umweltpolitik – OFTECH,9eca7f45aef67c5c356ddf4f45a41cf419337400df47808fbe3560b952ec6256,2,"Availability checked separately from holder, claims, period and operating scope. Full-body SHA-256 is also recorded in proposal_source_checks.csv; source-content review is independent of HTTP availability."
https://osscs.industrystock.com/51124/Zertifikat-ISO-14001-2015.PDF.pdf,P105,S-P105-04,data/company_intelligence.csv:source_urls | evidence/certificate_register.csv:direct_certificate_url | evidence/companies/P105_dresdner_silber_und_metallveredlung_gmbh/evidence.md | evidence/proposal_source_checks.csv:final_url | evidence/proposal_source_checks.csv:source_url | evidence/source_register.csv:final_url | evidence/source_register.csv:source_link,2026-10-07T18:59:37+00:00,HTTP_OK,200,https://osscs.industrystock.com/51124/Zertifikat-ISO-14001-2015.PDF.pdf,application/pdf,                 ZERTIFIKAT,d000d6ce7720fb0b85757e03f4f4b00c0e6461aa1863a0241e4995437e5239c7,2,"Availability checked separately from holder, claims, period and operating scope. Full-body SHA-256 is also recorded in proposal_source_checks.csv; source-content review is independent of HTTP availability."
https://otk-galvanik.de/,P63,S-P63-01,data/company_intelligence.csv:source_urls | data/company_intelligence.csv:website | data/company_process_map.csv:process_evidence_url | data/pilot_candidates.csv:company_source | data/pilot_review_sources.csv:source_url | evidence/certificate_register.csv:certificate_index_url | evidence/companies/P63_otk_oberflaechentechnik_kaltenkirchen_gmbh/evidence.md | evidence/proposal_source_checks.csv:final_url | evidence/proposal_source_checks.csv:source_url | evidence/source_register.csv:final_url | evidence/source_register.csv:source_link,2026-10-07T19:01:48+00:00,HTTP_OK,200,https://otk-galvanik.de/,text/html,Wir über uns - Funktionelle Galvano- und Eloxaltechnik GmbH,10ef149157a06b89d70f212658f24952f17293b5bfc20fc1c521958f5ff9941b,2,"Availability checked separately from holder, claims, period and operating scope. Full-body SHA-256 is also recorded in proposal_source_checks.csv; source-content review is independent of HTTP availability."
https://otk-galvanik.de/de/97787-Technik,P63,S-P63-03,data/company_intelligence.csv:source_urls | evidence/companies/P63_otk_oberflaechentechnik_kaltenkirchen_gmbh/evidence.md | evidence/proposal_source_checks.csv:final_url | evidence/proposal_source_checks.csv:source_url | evidence/source_register.csv:final_url | evidence/source_register.csv:source_link,2026-10-07T19:01:48+00:00,HTTP_OK,200,https://otk-galvanik.de/de/97787-Technik,text/html,Technik - Funktionelle Galvano- und Eloxaltechnik GmbH,6e440700aa8a52f41b545dce4f12765ddeb2dfed0b00ea0e69d068aeeae7181c,2,"Availability checked separately from holder, claims, period and operating scope. Full-body SHA-256 is also recorded in proposal_source_checks.csv; source-content review is independent of HTTP availability."
https://oxidkeramik.de/,P44,S-P44-01,data/company_intelligence.csv:source_urls | data/company_intelligence.csv:website | data/pilot_candidates.csv:company_source | data/pilot_review_sources.csv:source_url | evidence/certificate_register.csv:certificate_index_url | evidence/companies/P44_oxidkeramik_j_cardenas_gmbh/evidence.md | evidence/source_register.csv:final_url | evidence/source_register.csv:source_link,2026-10-07T11:14:38+00:00,HTTP_OK,200,https://oxidkeramik.de/,text/html; charset=utf-8,OXIDKERAMIK: Herstellung von Technischer Keramik für die Industrie Oxidkeramik GmbH,9364c9410f7c58eb0e5d50551346dc6d84e3fb69b7b09d2528cbdbe6dd68806c,1,"GET retrieval succeeded; entity, claim, currency and certificate validity require separate review."
https://oxidkeramik.de/oxidkeramik-branchen/energieundumwelt.aspx,P44,S-P44-05,data/company_intelligence.csv:source_urls | evidence/companies/P44_oxidkeramik_j_cardenas_gmbh/evidence.md | evidence/proposal_source_checks.csv:final_url | evidence/proposal_source_checks.csv:source_url | evidence/source_register.csv:final_url | evidence/source_register.csv:source_link,2026-10-07T19:01:11+00:00,HTTP_OK,200,https://oxidkeramik.de/oxidkeramik-branchen/energieundumwelt.aspx,text/html,Keramische Bauteile für Energie- und Umwelttechnik,ea67440776848341fcc06baeada0c55d22528bb02d4d4a7ce64a382f349e1da5,2,"Availability checked separately from holder, claims, period and operating scope. Full-body SHA-256 is also recorded in proposal_source_checks.csv; source-content review is independent of HTTP availability."
https://oxidkeramik.de/oxidkeramik-unternehmen/downloads.aspx,P44,S-P44-06,data/company_intelligence.csv:source_urls | evidence/companies/P44_oxidkeramik_j_cardenas_gmbh/evidence.md | evidence/proposal_source_checks.csv:final_url | evidence/proposal_source_checks.csv:source_url | evidence/source_register.csv:final_url | evidence/source_register.csv:source_link,2026-10-07T19:01:11+00:00,HTTP_OK,200,https://oxidkeramik.de/oxidkeramik-unternehmen/downloads.aspx,text/html,Weitere Informationen zu Hochleistungskeramik von OXIDKERAMIK J. Cardenas GmbH,ae1429b2e3bb79ac56b2dd5593bc786e6ee9ea4510da39377f05d702a624e57f,2,"Availability checked separately from holder, claims, period and operating scope. Full-body SHA-256 is also recorded in proposal_source_checks.csv; source-content review is independent of HTTP availability."
https://oxidkeramik.de/oxidkeramik-unternehmen/qualitaet.aspx,P44,S-P44-04,data/company_intelligence.csv:source_urls | evidence/companies/P44_oxidkeramik_j_cardenas_gmbh/evidence.md | evidence/proposal_source_checks.csv:final_url | evidence/proposal_source_checks.csv:source_url | evidence/source_register.csv:final_url | evidence/source_register.csv:source_link,2026-10-07T19:01:11+00:00,HTTP_OK,200,https://oxidkeramik.de/oxidkeramik-unternehmen/qualitaet.aspx,text/html,Hochleistungskeramik in qualitativ höchster Ausführung,b125988aca97d80e11f323bf941c2ed3f4f08c4957cc741e7144c07716c0df99,2,"Availability checked separately from holder, claims, period and operating scope. Full-body SHA-256 is also recorded in proposal_source_checks.csv; source-content review is independent of HTTP availability."
https://oxidkeramik.de/oxidkeramik-unternehmen/ueber-uns.aspx,P44,S-P44-03,data/company_intelligence.csv:source_urls | data/company_process_map.csv:process_evidence_url | evidence/companies/P44_oxidkeramik_j_cardenas_gmbh/evidence.md | evidence/proposal_source_checks.csv:final_url | evidence/proposal_source_checks.csv:source_url | evidence/source_register.csv:final_url | evidence/source_register.csv:source_link,2026-10-07T19:01:08+00:00,HTTP_OK,200,https://oxidkeramik.de/oxidkeramik-unternehmen/ueber-uns.aspx,text/html,OXIDKERAMIK: Spezialist in Herstellung von Hochleistungskeramik,229c23780cf94420b8f35caadd5cca09784de9d32424ad8ba5fed84d8e33804d,2,"Availability checked separately from holder, claims, period and operating scope. Full-body SHA-256 is also recorded in proposal_source_checks.csv; source-content review is independent of HTTP availability."
https://reichenbach-porzellan.de/,P108,S-P108-01,data/company_intelligence.csv:source_urls | data/pilot_candidates.csv:company_source | data/pilot_review_sources.csv:source_url | evidence/companies/P108_porzellanmanufaktur_reichenbach_gmbh/evidence.md | evidence/source_register.csv:final_url | evidence/source_register.csv:source_link,2026-10-07T18:17:14+00:00,HTTP_OK,200,https://reichenbach-porzellan.de/,text/html; charset=UTF-8,Luxus ist Herkunft - Porzellanmanufaktur Reichenbach GmbH,14bd81d4b318d0f68742f6c5a49e06e85cd3fdd3002fbdfbf77768ecaadf58ad,1,"GET retrieval succeeded; entity, claim, currency and certificate validity require separate review."
https://reichenbach-porzellan.de/manufaktur/,P108,S-P108-02,data/company_intelligence.csv:source_urls | data/company_intelligence.csv:website | data/company_process_map.csv:process_evidence_url | data/pilot_candidates.csv:independent_source | data/pilot_review_sources.csv:source_url | evidence/certificate_register.csv:certificate_index_url | evidence/companies/P108_porzellanmanufaktur_reichenbach_gmbh/evidence.md | evidence/source_register.csv:final_url | evidence/source_register.csv:source_link,2026-10-07T18:17:18+00:00,HTTP_OK,200,https://reichenbach-porzellan.de/manufaktur/,text/html; charset=UTF-8,Manufaktur - Porzellanmanufaktur Reichenbach GmbH,7f9d0654026893fb770e6a3b0b14050cb60d0f2bc8bc4cd4a1f9fd446a7865b3,1,"GET retrieval succeeded; entity, claim, currency and certificate validity require separate review."
https://reichenbach-porzellan.de/nachhaltigkeit-ist-kein-produkttrend/,P108,S-P108-04,data/company_intelligence.csv:source_urls | evidence/companies/P108_porzellanmanufaktur_reichenbach_gmbh/evidence.md | evidence/source_register.csv:final_url | evidence/source_register.csv:source_link,2026-10-07T18:17:18+00:00,HTTP_OK,200,https://reichenbach-porzellan.de/nachhaltigkeit-ist-kein-produkttrend/,text/html; charset=UTF-8,Nachhaltigkeit ist kein Produkttrend - das ist eine Grundeinstellung zum Leben - Porzellanmanufaktur Reichenbach GmbH,cd62fa7bfedc186a42ddb8c7bce001f590c1f72866ae71c8347907b7d906e2e1,1,"GET retrieval succeeded; entity, claim, currency and certificate validity require separate review."
https://reichenbach-porzellan.de/portfolio/brennen/,P108,S-P108-03,data/company_intelligence.csv:source_urls | evidence/companies/P108_porzellanmanufaktur_reichenbach_gmbh/evidence.md | evidence/proposal_source_checks.csv:final_url | evidence/proposal_source_checks.csv:source_url | evidence/source_register.csv:final_url | evidence/source_register.csv:source_link,2026-10-07T18:59:43+00:00,HTTP_OK,200,https://reichenbach-porzellan.de/portfolio/brennen/,text/html,Brennen - Porzellanmanufaktur Reichenbach GmbH,f378b2a0b631034f1ea93d502221d84d52b2831c23245971bbd7fb608ac05de7,2,"Availability checked separately from holder, claims, period and operating scope. Full-body SHA-256 is also recorded in proposal_source_checks.csv; source-content review is independent of HTTP availability."
https://renzenbrink-partner.de/en/deals/renzenbrink-partner-advises-the-plastiflex-group-on-the-takeover-of-walter-potthoff-gmbh/,P08,S-P08-02,data/pilot_candidates.csv:independent_source | evidence/source_register.csv:final_url | evidence/source_register.csv:source_link,2026-10-06T17:29:40+00:00,HTTP_OK,200,https://renzenbrink-partner.de/en/deals/renzenbrink-partner-advises-the-plastiflex-group-on-the-takeover-of-walter-potthoff-gmbh/,text/html; charset=UTF-8,Renzenbrink &amp; Partner advises the Plastiflex Group on the takeover of Walter Potthoff GmbH - Renzenbrink &amp; Partner,acc20d112d0ccee86ed0f650ae81ca7f1d1fc68d775a60adf12ebfad59dce09b,1,"GET retrieval succeeded; entity, claim, currency and certificate validity require separate review."
https://rittmayer.de/,P53,,data/company_intelligence.csv:website,2026-10-06T17:29:40+00:00,HTTP_OK,200,https://rittmayer.de/,text/html; charset=UTF-8,Home - Brauerei Rittmayer Hallerndorf GmbH &amp; Co. KG,6608d6e49fa76e72284b8b4d0006f66d5c71c4a2ad5bb6c90d7b486c6ff311b6,1,"GET retrieval succeeded; entity, claim, currency and certificate validity require separate review."
https://rittmayer.de/impressum,P53,S-P53-01,data/company_intelligence.csv:source_urls | data/pilot_candidates.csv:company_source | data/pilot_review_sources.csv:source_url | evidence/certificate_register.csv:certificate_index_url | evidence/companies/P53_brauerei_rittmayer_hallerndorf_gmbh_co_kg/evidence.md | evidence/proposal_source_checks.csv:final_url | evidence/proposal_source_checks.csv:source_url | evidence/source_register.csv:final_url | evidence/source_register.csv:source_link,2026-10-07T19:01:22+00:00,HTTP_OK,200,https://rittmayer.de/impressum,text/html,Impressum - Brauerei Rittmayer Hallerndorf GmbH & Co. KG,0db7a692d9d2a8fa56a9b9468c1881afdb309aac4e4f49812ee6454314d04a1d,2,"Availability checked separately from holder, claims, period and operating scope. Full-body SHA-256 is also recorded in proposal_source_checks.csv; source-content review is independent of HTTP availability."
https://rittmayer.de/nachhaltigkeit,P53,S-P53-02,data/company_intelligence.csv:source_urls | data/company_process_map.csv:process_evidence_url | data/pilot_candidates.csv:independent_source | data/pilot_review_sources.csv:source_url | evidence/companies/P53_brauerei_rittmayer_hallerndorf_gmbh_co_kg/evidence.md | evidence/proposal_source_checks.csv:final_url | evidence/proposal_source_checks.csv:source_url | evidence/source_register.csv:final_url | evidence/source_register.csv:source_link,2026-10-07T19:01:23+00:00,HTTP_OK,200,https://rittmayer.de/nachhaltigkeit,text/html,Nachhaltigkeit - Brauerei Rittmayer Hallerndorf GmbH & Co. KG,a3b1c44f4fddf72631a671c718d9a2cdf8e8cb41b873d431d843aca871e1657b,2,"Availability checked separately from holder, claims, period and operating scope. Full-body SHA-256 is also recorded in proposal_source_checks.csv; source-content review is independent of HTTP availability."
https://sa-oberflaechen.de/,P84,S-P84-04,data/company_intelligence.csv:source_urls | data/company_intelligence.csv:website | evidence/certificate_register.csv:certificate_index_url | evidence/companies/P84_sauer_oberflachentechnik_gmbh/evidence.md | evidence/proposal_source_checks.csv:final_url | evidence/proposal_source_checks.csv:source_url | evidence/source_register.csv:final_url | evidence/source_register.csv:source_link,2026-10-07T19:02:36+00:00,HTTP_OK,200,https://sa-oberflaechen.de/,text/html,Sauer Oberflächentechnik GmbH – Ihr Lohnbeschichter,9bfc799738957a992b6305bc3b638cfe42549243206c2059deb5180fc1d8a2a6,2,"Availability checked separately from holder, claims, period and operating scope. Full-body SHA-256 is also recorded in proposal_source_checks.csv; source-content review is independent of HTTP availability."
https://sa-oberflaechen.de/impressum/,P84,S-P84-01,data/company_intelligence.csv:source_urls | data/pilot_candidates.csv:company_source | data/pilot_review_sources.csv:source_url | evidence/companies/P84_sauer_oberflachentechnik_gmbh/evidence.md | evidence/source_register.csv:final_url | evidence/source_register.csv:source_link,2026-10-07T17:57:54+00:00,HTTP_OK,200,https://sa-oberflaechen.de/impressum/,text/html; charset=UTF-8,Impressum &#8211; Sauer Oberflächentechnik GmbH,d9213ba3c6871dae0dfd58199d7730c735a4b608af128cbd8db6f8a7c294c84c,1,"GET retrieval succeeded; entity, claim, currency and certificate validity require separate review."
https://sa-oberflaechen.de/ueber-uns/unsere-anlage/,P84,S-P84-03,data/company_intelligence.csv:source_urls | evidence/companies/P84_sauer_oberflachentechnik_gmbh/evidence.md | evidence/proposal_source_checks.csv:final_url | evidence/proposal_source_checks.csv:source_url | evidence/source_register.csv:final_url | evidence/source_register.csv:source_link,2026-10-07T19:02:36+00:00,HTTP_OK,200,https://sa-oberflaechen.de/ueber-uns/unsere-anlage/,text/html,Unsere Anlage – Sauer Oberflächentechnik GmbH,8c19b28c4b04dc2ef6f16ea9c1e137f1bdf8e4acff65d1b1bcefc3fec4c28aea,2,"Availability checked separately from holder, claims, period and operating scope. Full-body SHA-256 is also recorded in proposal_source_checks.csv; source-content review is independent of HTTP availability."
https://sa-oberflaechen.de/unsere-produktion/,P84,S-P84-02,data/company_intelligence.csv:source_urls | data/company_process_map.csv:process_evidence_url | data/pilot_candidates.csv:independent_source | data/pilot_review_sources.csv:source_url | evidence/companies/P84_sauer_oberflachentechnik_gmbh/evidence.md | evidence/proposal_source_checks.csv:final_url | evidence/proposal_source_checks.csv:source_url | evidence/source_register.csv:final_url | evidence/source_register.csv:source_link,2026-10-07T19:02:33+00:00,HTTP_OK,200,https://sa-oberflaechen.de/unsere-produktion/,text/html,Unsere Produktion – Sauer Oberflächentechnik GmbH,acedc676558f7fcaa571ed2b697bbb6da853ab02bb241d794aa72834c0d99b63,2,"Availability checked separately from holder, claims, period and operating scope. Full-body SHA-256 is also recorded in proposal_source_checks.csv; source-content review is independent of HTTP availability."
https://saxonia-galvanik.de/,P49,S-P49-01,data/pilot_candidates.csv:company_source | evidence/source_register.csv:final_url | evidence/source_register.csv:source_link,2026-10-06T17:29:43+00:00,HTTP_ERROR,502,https://saxonia-galvanik.de/,,,,2,"HTTP 502; availability only, no deployment inference."
https://saxonia-galvanik.de/saxonia-als-arbeitgeber/?lang=en,P49,S-P49-02,data/pilot_candidates.csv:independent_source | evidence/source_register.csv:final_url | evidence/source_register.csv:source_link,2026-10-06T17:29:43+00:00,HTTP_ERROR,502,https://saxonia-galvanik.de/saxonia-als-arbeitgeber/?lang=en,,,,2,"HTTP 502; availability only, no deployment inference."
https://scheplast.de/,P25,S-P25-02 | S-P25-07,data/company_intelligence.csv:website | data/pilot_candidates.csv:independent_source | data/pilot_review_sources.csv:source_url | evidence/certificate_register.csv:certificate_index_url | evidence/proposal_source_checks.csv:final_url | evidence/proposal_source_checks.csv:source_url | evidence/source_register.csv:final_url | evidence/source_register.csv:source_link,2026-10-07T19:00:21+00:00,HTTP_OK,200,https://scheplast.de/,text/html,Startseite - scheplast GmbH,d75257bc1cc824978220cf38160ee3ddb94f0a7b4d813c03b2f97bb6c276ed91,2,"Availability checked separately from holder, claims, period and operating scope. Full-body SHA-256 is also recorded in proposal_source_checks.csv; source-content review is independent of HTTP availability."
https://scheplast.de/impressum/,P25,S-P25-01,data/company_intelligence.csv:source_urls | data/pilot_candidates.csv:company_source | data/pilot_review_sources.csv:source_url | evidence/source_register.csv:final_url | evidence/source_register.csv:source_link,2026-10-07T10:15:18+00:00,HTTP_OK,200,https://scheplast.de/impressum/,text/html; charset=UTF-8,Impressum - scheplast GmbH,2fcd41153d76cceb9c2f991d15ce11a6c46377ef57160c718675ee999c1e74a6,1,"GET retrieval succeeded; entity, claim, currency and certificate validity require separate review."
https://scheplast.de/kunststoffspritzerei/,P25,S-P25-03,data/company_intelligence.csv:source_urls | data/company_process_map.csv:process_evidence_url | data/pilot_review_sources.csv:source_url | evidence/source_register.csv:final_url | evidence/source_register.csv:source_link,2026-10-07T10:15:18+00:00,HTTP_OK,200,https://scheplast.de/kunststoffspritzerei/,text/html; charset=UTF-8,Kunststoffspritzerei: Ihr 360-Grad Partner - scheplast GmbH,384c7c67de32c34bb8fbb1473471b189af70a31284610c329766232b44fdc078,1,"GET retrieval succeeded; entity, claim, currency and certificate validity require separate review."
https://scheplast.de/nachhaltigkeit/,P25,S-P25-05,data/company_intelligence.csv:source_urls | evidence/certificate_register.csv:certificate_index_url | evidence/proposal_source_checks.csv:final_url | evidence/proposal_source_checks.csv:source_url | evidence/source_register.csv:final_url | evidence/source_register.csv:source_link,2026-10-07T19:00:20+00:00,HTTP_OK,200,https://scheplast.de/nachhaltigkeit/,text/html,Nachhaltigkeit - scheplast GmbH,bdc959c84ec8f3723ebe08d0376aa3553cef18f26e4959653fcd8d87cd113d72,2,"Availability checked separately from holder, claims, period and operating scope. Full-body SHA-256 is also recorded in proposal_source_checks.csv; source-content review is independent of HTTP availability."
https://scheplast.de/wp-content/uploads/2021/02/Scheplast-Zertifikat-ISO-14001_2015-g%C3%BCltig-bis-2024.pdf,P25,S-P25-04,data/company_intelligence.csv:source_urls | data/pilot_review_sources.csv:source_url | evidence/source_register.csv:final_url | evidence/source_register.csv:source_link,2026-10-07T10:15:18+00:00,HTTP_OK,200,https://scheplast.de/wp-content/uploads/2021/02/Scheplast-Zertifikat-ISO-14001_2015-g%C3%BCltig-bis-2024.pdf,application/pdf,,cd0574a3694c20d84a61bbfb2afae8019d0341ae9d97260398ab203ef45723c1,1,"GET retrieval succeeded; entity, claim, currency and certificate validity require separate review."
https://scheplast.de/wp-content/uploads/2024/03/Scheplast-certificate-ISO-14001_2015-valid-2027-en.pdf,P25,S-P25-06,data/company_intelligence.csv:source_urls | evidence/certificate_register.csv:direct_certificate_url | evidence/proposal_source_checks.csv:final_url | evidence/proposal_source_checks.csv:source_url | evidence/source_register.csv:final_url | evidence/source_register.csv:source_link,2026-10-07T19:00:21+00:00,HTTP_OK,200,https://scheplast.de/wp-content/uploads/2024/03/Scheplast-certificate-ISO-14001_2015-valid-2027-en.pdf,application/pdf,CERTIFICATE,e132559b4c4c5718f989acd6fe66146ca77dfed2dc04b7e61f8a9df28c294788,2,"Availability checked separately from holder, claims, period and operating scope. Full-body SHA-256 is also recorded in proposal_source_checks.csv; source-content review is independent of HTTP availability."
https://schweizer-galvano.de/,P85,S-P85-03,evidence/source_register.csv:final_url,2026-10-07T18:45:10+00:00,HTTP_OK,200,https://schweizer-galvano.de/,text/html; charset=UTF-8,Schweizer Galvanotechnic – perfekt in Metallveredelung · Heilbronn seit 1932,3a3a3df07592b5ec9af7cac451b9407b20acc5967a59f233ac41f917247fa5e6,1,"GET retrieval succeeded; entity, claim, currency and certificate validity require separate review."
https://si-tech-gmbh.com/,P76,S-P76-01 | S-P76-02,data/company_intelligence.csv:source_urls | data/company_intelligence.csv:website | data/company_process_map.csv:process_evidence_url | data/pilot_candidates.csv:independent_source | data/pilot_review_sources.csv:source_url | evidence/certificate_register.csv:certificate_index_url | evidence/companies/P76_si_tech_singer_gmbh/evidence.md | evidence/source_register.csv:final_url | evidence/source_register.csv:source_link,2026-10-07T11:40:35+00:00,HTTP_OK,200,https://si-tech-gmbh.com/,text/html; charset=utf-8,Si-Tech Singer,d8287344c90a0a6818e2e867f6c0da9691f2ad4456145fd95266788846aeeea6,1,"GET retrieval succeeded; entity, claim, currency and certificate validity require separate review."
https://si-tech-gmbh.com/assets/dl/nachhaltigkeit/certificate-din-iso-14001-2015-en.pdf,P76,S-P76-05,data/company_intelligence.csv:source_urls | evidence/certificate_register.csv:direct_certificate_url | evidence/companies/P76_si_tech_singer_gmbh/evidence.md | evidence/proposal_source_checks.csv:final_url | evidence/proposal_source_checks.csv:source_url | evidence/source_register.csv:final_url | evidence/source_register.csv:source_link,2026-10-07T19:02:09+00:00,HTTP_OK,200,https://si-tech-gmbh.com/assets/dl/nachhaltigkeit/certificate-din-iso-14001-2015-en.pdf,application/pdf,Certificate,1ff0577299f48a7e0ebc4e3dcabf8cf4426a2b23dcfa585e5bdf58a5ad9e86f1,2,"Availability checked separately from holder, claims, period and operating scope. Full-body SHA-256 is also recorded in proposal_source_checks.csv; source-content review is independent of HTTP availability."
https://si-tech-gmbh.com/impressum/,P76,S-P76-01,data/company_intelligence.csv:source_urls | data/pilot_candidates.csv:company_source | data/pilot_review_sources.csv:source_url | evidence/companies/P76_si_tech_singer_gmbh/evidence.md | evidence/source_register.csv:source_link,2026-10-07T11:40:35+00:00,REDIRECT_OK,200,https://si-tech-gmbh.com/,text/html; charset=utf-8,Si-Tech Singer,d8287344c90a0a6818e2e867f6c0da9691f2ad4456145fd95266788846aeeea6,1,"GET retrieval succeeded; entity, claim, currency and certificate validity require separate review."
https://si-tech-gmbh.com/kontakt/impressum,P76,S-P76-03,evidence/source_register.csv:final_url | evidence/source_register.csv:source_link,2026-10-07T11:40:44+00:00,HTTP_OK,200,https://si-tech-gmbh.com/kontakt/impressum,text/html; charset=utf-8,Impressum — Si-Tech Kunststofflösungen,5be83075b44b600cda915943c36a080ad7af9b1de997cbf4b70fd791137a73bc,1,"GET retrieval succeeded; entity, claim, currency and certificate validity require separate review."
https://si-tech-gmbh.com/leistungen/kunststoffspritzguss,P76,S-P76-06,data/company_intelligence.csv:source_urls | evidence/companies/P76_si_tech_singer_gmbh/evidence.md | evidence/proposal_source_checks.csv:final_url | evidence/proposal_source_checks.csv:source_url | evidence/source_register.csv:final_url | evidence/source_register.csv:source_link,2026-10-07T19:02:09+00:00,HTTP_OK,200,https://si-tech-gmbh.com/leistungen/kunststoffspritzguss,text/html,Kunststoffspritzguss — Si-Tech Kunststofflösungen,51d1706596594cab619e609809db015cb3572298c53b3774e974a8d11d4f97f6,2,"Availability checked separately from holder, claims, period and operating scope. Full-body SHA-256 is also recorded in proposal_source_checks.csv; source-content review is independent of HTTP availability."
https://si-tech-gmbh.com/leistungen/werkzeugbau,P76,S-P76-07,data/company_intelligence.csv:source_urls | evidence/companies/P76_si_tech_singer_gmbh/evidence.md | evidence/proposal_source_checks.csv:final_url | evidence/proposal_source_checks.csv:source_url | evidence/source_register.csv:final_url | evidence/source_register.csv:source_link,2026-10-07T19:02:10+00:00,HTTP_OK,200,https://si-tech-gmbh.com/leistungen/werkzeugbau,text/html,Werkzeugbau — Si-Tech Kunststofflösungen,cce58af213eeb1be72a9d0f3c5a3ddb915d8d341629b1d95bb784afc37761a4b,2,"Availability checked separately from holder, claims, period and operating scope. Full-body SHA-256 is also recorded in proposal_source_checks.csv; source-content review is independent of HTTP availability."
https://si-tech-gmbh.com/unternehmen/historie,P76,S-P76-08,data/company_intelligence.csv:source_urls | evidence/companies/P76_si_tech_singer_gmbh/evidence.md | evidence/source_register.csv:final_url | evidence/source_register.csv:source_link,2026-10-07T11:40:45+00:00,HTTP_OK,200,https://si-tech-gmbh.com/unternehmen/historie,text/html; charset=utf-8,Historie — Si-Tech Kunststofflösungen,2a7b67cdcf6d0b7e85591e4c9bb7d4305105198dba3da9c539269b6d962c4905,1,"GET retrieval succeeded; entity, claim, currency and certificate validity require separate review."
https://si-tech-gmbh.com/unternehmen/nachhaltigkeit,P76,S-P76-04,data/company_intelligence.csv:source_urls | evidence/certificate_register.csv:certificate_index_url | evidence/companies/P76_si_tech_singer_gmbh/evidence.md | evidence/proposal_source_checks.csv:final_url | evidence/proposal_source_checks.csv:source_url | evidence/source_register.csv:final_url | evidence/source_register.csv:source_link,2026-10-07T19:02:09+00:00,HTTP_OK,200,https://si-tech-gmbh.com/unternehmen/nachhaltigkeit,text/html,Nachhaltigkeit — Si-Tech Kunststofflösungen,1e0ac5e9ce0aa9c695543d0b76fc103037021f04adba76c56e7d66a37c1ae8c3,2,"Availability checked separately from holder, claims, period and operating scope. Full-body SHA-256 is also recorded in proposal_source_checks.csv; source-content review is independent of HTTP availability."
https://si-tech-gmbh.com/unternehmen/qualitaet,P76,S-P76-09,data/company_intelligence.csv:source_urls | evidence/companies/P76_si_tech_singer_gmbh/evidence.md | evidence/proposal_source_checks.csv:final_url | evidence/proposal_source_checks.csv:source_url | evidence/source_register.csv:final_url | evidence/source_register.csv:source_link,2026-10-07T19:02:12+00:00,HTTP_OK,200,https://si-tech-gmbh.com/unternehmen/qualitaet,text/html,Qualität — Si-Tech Kunststofflösungen,62d9fbe6ec0b5b61cda8a609761a442c181ac46ce178872d8e09c815abaa0384,2,"Availability checked separately from holder, claims, period and operating scope. Full-body SHA-256 is also recorded in proposal_source_checks.csv; source-content review is independent of HTTP availability."
https://stanglmeier-bau.de/aktuelles/beitrag/eroeffnung-kuchlbauer-weissbier-quartier.html,P94,S-P94-04,data/company_intelligence.csv:source_urls | evidence/companies/P94_brauerei_zum_kuchlbauer_gmbh_co_kg/evidence.md | evidence/proposal_source_checks.csv:final_url | evidence/proposal_source_checks.csv:source_url | evidence/source_register.csv:final_url | evidence/source_register.csv:source_link,2026-10-07T19:02:50+00:00,HTTP_OK,200,https://stanglmeier-bau.de/aktuelles/beitrag/eroeffnung-kuchlbauer-weissbier-quartier.html,text/html,Eröffnung Kuchlbauer Weissbier-Quartier - Stanglmeier,2ce957b38a3b36f691c10b58e02b46375af69c71e29c6070fd2b26d43f3ca1c4,2,"Availability checked separately from holder, claims, period and operating scope. Full-body SHA-256 is also recorded in proposal_source_checks.csv; source-content review is independent of HTTP availability."
https://technoker.de/,P68,S-P68-02,data/company_intelligence.csv:source_urls | data/company_intelligence.csv:website | data/company_process_map.csv:process_evidence_url | data/pilot_candidates.csv:independent_source | data/pilot_review_sources.csv:source_url | evidence/companies/P68_technoker_gmbh/evidence.md | evidence/proposal_source_checks.csv:final_url | evidence/proposal_source_checks.csv:source_url | evidence/source_register.csv:final_url | evidence/source_register.csv:source_link,2026-10-07T19:01:56+00:00,HTTP_OK,200,https://technoker.de/,text/html,Home - Technoker GmbH,84f9d41e1a90dfb77b7aee33aab53a188bf45cb7c16d273ff628441ade0a725d,2,"Availability checked separately from holder, claims, period and operating scope. Full-body SHA-256 is also recorded in proposal_source_checks.csv; source-content review is independent of HTTP availability."
https://technoker.de/dienstleistungen,P68,S-P68-04,data/company_intelligence.csv:source_urls | evidence/companies/P68_technoker_gmbh/evidence.md | evidence/proposal_source_checks.csv:final_url | evidence/proposal_source_checks.csv:source_url | evidence/source_register.csv:final_url | evidence/source_register.csv:source_link,2026-10-07T19:01:56+00:00,HTTP_OK,200,https://technoker.de/dienstleistungen,text/html,Produkte - Technoker GmbH,0e8da8c212c80495c81a3c9f21604f0177c0c38c2bfba4ba2b1eedfbdb7afc50,2,"Availability checked separately from holder, claims, period and operating scope. Full-body SHA-256 is also recorded in proposal_source_checks.csv; source-content review is independent of HTTP availability."
https://technoker.de/impressum,P68,S-P68-01,data/company_intelligence.csv:source_urls | data/pilot_candidates.csv:company_source | data/pilot_review_sources.csv:source_url | evidence/certificate_register.csv:certificate_index_url | evidence/companies/P68_technoker_gmbh/evidence.md | evidence/source_register.csv:final_url | evidence/source_register.csv:source_link,2026-10-07T11:40:45+00:00,HTTP_OK,200,https://technoker.de/impressum,text/html; charset=UTF-8,Impressum - Technoker GmbH,842b92c74d055ddbc196e056dc17de95bd0d6d06a05ffb6ed97a90d344bdcc43,1,"GET retrieval succeeded; entity, claim, currency and certificate validity require separate review."
https://technoker.de/ueberuns,P68,S-P68-03,data/company_intelligence.csv:source_urls | evidence/companies/P68_technoker_gmbh/evidence.md | evidence/proposal_source_checks.csv:final_url | evidence/proposal_source_checks.csv:source_url | evidence/source_register.csv:final_url | evidence/source_register.csv:source_link,2026-10-07T19:01:56+00:00,HTTP_OK,200,https://technoker.de/ueberuns,text/html,Über uns - Technoker GmbH,94077187832ab543fcec532b2a1ce260d658a2b007b17e734491c36f722d338f,2,"Availability checked separately from holder, claims, period and operating scope. Full-body SHA-256 is also recorded in proposal_source_checks.csv; source-content review is independent of HTTP availability."
https://technoker.de/wp-content/uploads/2024/02/04.12.2023.pdf,P68,S-P68-05,data/company_intelligence.csv:source_urls | evidence/companies/P68_technoker_gmbh/evidence.md | evidence/proposal_source_checks.csv:final_url | evidence/proposal_source_checks.csv:source_url | evidence/source_register.csv:final_url | evidence/source_register.csv:source_link,2026-10-07T19:01:56+00:00,HTTP_OK,200,https://technoker.de/wp-content/uploads/2024/02/04.12.2023.pdf,application/pdf,,daeb42c793d8e79f854ef79c4666ebe1e792538c24cf444850358ef9163845ef,2,"Availability checked separately from holder, claims, period and operating scope. Full-body SHA-256 is also recorded in proposal_source_checks.csv; source-content review is independent of HTTP availability."
https://um.baden-wuerttemberg.de/de/umwelt-natur/umwelt-und-wirtschaft/angebote-fuer-unternehmen/umweltpreis-fuer-unternehmen/umweltpreis-2024/brauerei-clemens-haerle,P31,S-P31-02,data/company_intelligence.csv:source_urls | data/company_process_map.csv:process_evidence_url | data/pilot_candidates.csv:independent_source | data/pilot_review_sources.csv:source_url | evidence/companies/P31_brauerei_clemens_haerle_kg/evidence.md | evidence/proposal_source_checks.csv:final_url | evidence/proposal_source_checks.csv:source_url | evidence/source_register.csv:final_url | evidence/source_register.csv:source_link,2026-10-07T19:00:38+00:00,HTTP_OK,200,https://um.baden-wuerttemberg.de/de/umwelt-natur/umwelt-und-wirtschaft/angebote-fuer-unternehmen/umweltpreis-fuer-unternehmen/umweltpreis-2024/brauerei-clemens-haerle,text/html,"Brauerei Clemens Härle: Ministerium für Umwelt, Klima und Energiewirtschaft Baden-Württemberg",169e4bfaa2a0df763435d1d9dd413f3796a8e08374b4752418f7f59d8865578b,2,"Availability checked separately from holder, claims, period and operating scope. Full-body SHA-256 is also recorded in proposal_source_checks.csv; source-content review is independent of HTTP availability."
https://varioplast.de/de/,P07,,data/company_intelligence.csv:website | data/pilot_coded.csv:website,2026-10-07T18:42:14+00:00,HTTP_OK,200,https://varioplast.de/de/,text/html; charset=utf-8,Varioplast GmbH – VARIOPLAST,239a5546ae07545e4359417a494e51eaa8b835aa1204aaf5815485aa87690885,1,"GET retrieval succeeded; entity, claim, currency and certificate validity require separate review."
https://varioplast.de/de/downloads,P07,S-P07-08,data/company_intelligence.csv:source_urls | data/research_results.csv:source_urls | evidence/certificate_register.csv:certificate_index_url | evidence/companies/P07_varioplast_konrad_daebritz_gmbh/evidence.md | evidence/source_register.csv:final_url | evidence/source_register.csv:source_link,2026-10-07T18:42:14+00:00,HTTP_OK,200,https://varioplast.de/de/downloads,text/html; charset=utf-8,Downloads – VARIOPLAST,435323e1665726004224d3dcf51a537e563e9e15f8ca65a3bc699311a3dc4739,1,"GET retrieval succeeded; entity, claim, currency and certificate validity require separate review."
https://varioplast.de/de/impressum,P07,S-P07-01,data/pilot_candidates.csv:company_source | data/pilot_review_sources.csv:source_url | evidence/companies/P07_varioplast_konrad_daebritz_gmbh/evidence.md | evidence/source_register.csv:final_url | evidence/source_register.csv:source_link,2026-10-07T18:42:14+00:00,HTTP_OK,200,https://varioplast.de/de/impressum,text/html; charset=utf-8,Impressum – VARIOPLAST,528176baca0f3a396a13fcfb425321fa6be6e4167c8bfa6cdcd4ee3254d51b37,1,"GET retrieval succeeded; entity, claim, currency and certificate validity require separate review."
https://varioplast.de/de/serienfertigung/ressourcenschonende-produktion,P07,S-P07-02 | S-P07-06,data/company_intelligence.csv:source_urls | data/company_process_map.csv:process_evidence_url | data/pilot_coded.csv:source_urls | data/pilot_review_sources.csv:source_url | data/research_results.csv:source_urls | evidence/proposal_source_checks.csv:final_url | evidence/proposal_source_checks.csv:source_url | evidence/source_register.csv:final_url | evidence/source_register.csv:source_link,2026-10-07T18:59:14+00:00,HTTP_OK,200,https://varioplast.de/de/serienfertigung/ressourcenschonende-produktion,text/html,Ressourcenschonende Produktion – VARIOPLAST,bd918db35a952b4295550d5c022db2a964c17b664e445dc2eafad046fb7e50d6,2,"Availability checked separately from holder, claims, period and operating scope. Full-body SHA-256 is also recorded in proposal_source_checks.csv; source-content review is independent of HTTP availability."
https://varioplast.de/de/unternehmen/nachhaltigkeit,P07,S-P07-07,data/company_intelligence.csv:source_urls | evidence/companies/P07_varioplast_konrad_daebritz_gmbh/evidence.md | evidence/proposal_source_checks.csv:final_url | evidence/proposal_source_checks.csv:source_url | evidence/source_register.csv:final_url | evidence/source_register.csv:source_link,2026-10-07T18:59:14+00:00,HTTP_OK,200,https://varioplast.de/de/unternehmen/nachhaltigkeit,text/html,Nachhaltigkeit – VARIOPLAST,72da563bdb71606fa63b69e5f458904d29c48d57d965de27ead6ea6ac3377a51,2,"Availability checked separately from holder, claims, period and operating scope. Full-body SHA-256 is also recorded in proposal_source_checks.csv; source-content review is independent of HTTP availability."
https://varioplast.de/images/downloads/pdf/zertifikate/2026/Varioplast_Zertifikat_14001_SKZ_2026_de_Joomla-kompatibel-1.pdf,P07,S-P07-09,data/company_intelligence.csv:source_urls | evidence/certificate_register.csv:direct_certificate_url | evidence/companies/P07_varioplast_konrad_daebritz_gmbh/evidence.md | evidence/proposal_source_checks.csv:final_url | evidence/proposal_source_checks.csv:source_url | evidence/source_register.csv:final_url | evidence/source_register.csv:source_link,2026-10-07T18:59:14+00:00,HTTP_OK,200,https://varioplast.de/images/downloads/pdf/zertifikate/2026/Varioplast_Zertifikat_14001_SKZ_2026_de_Joomla-kompatibel-1.pdf,application/pdf,Zertifikat,f991c2e2b92bf5c3a28f932605395d753907b7f936b2142e25284ef1eaf2a0f1,2,"Availability checked separately from holder, claims, period and operating scope. Full-body SHA-256 is also recorded in proposal_source_checks.csv; source-content review is independent of HTTP availability."
https://varioplast.de/images/downloads/pdf/zertifikate/Varioplast_Zertifikat_14001_de_2023-2026.pdf,P07,S-P07-03,data/pilot_coded.csv:iso_14001_certificate_url | data/pilot_coded.csv:source_urls | data/pilot_review_sources.csv:source_url | evidence/companies/P07_varioplast_konrad_daebritz_gmbh/evidence.md | evidence/source_register.csv:final_url | evidence/source_register.csv:source_link,2026-10-07T18:42:21+00:00,HTTP_OK,200,https://varioplast.de/images/downloads/pdf/zertifikate/Varioplast_Zertifikat_14001_de_2023-2026.pdf,application/pdf,,f60c97a5569f2e629e9c089d2341ae6cf2aa9fc958dad121fa7f33a826ab7d66,1,"GET retrieval succeeded; entity, claim, currency and certificate validity require separate review."
https://vmcap.com/2020-01-24/,P17,S-P17-02,data/pilot_candidates.csv:independent_source | evidence/source_register.csv:final_url | evidence/source_register.csv:source_link,2026-10-06T17:30:00+00:00,HTTP_OK,200,https://vmcap.com/2020-01-24/,text/html; charset=UTF-8,QSIL setzt Wachstumspfad mit Kauf der FCT Ingenieurkeramik GmbH fort &#8211; VM Capital,a13dd7218f6db190aae894ba47c96629b05ef2b79cb722c674afed4278a81561,1,"GET retrieval succeeded; entity, claim, currency and certificate validity require separate review."
https://web.arbeitsagentur.de/,P14 | P34 | P36,S-P34-02 | S-P36-02,data/company_intelligence.csv:source_urls | data/company_process_map.csv:process_evidence_url | data/pilot_candidates.csv:independent_source | data/pilot_review_sources.csv:source_url | evidence/companies/P34_kts_kunststoff_technik_schmoelln_gmbh/evidence.md | evidence/companies/P36_kunststofftechnik_borgmann_gmbh/evidence.md | evidence/source_register.csv:final_url | evidence/source_register.csv:source_link,2026-10-07T18:42:23+00:00,HTTP_OK,200,https://web.arbeitsagentur.de/,text/html; charset=utf-8,eServices für Privatpersonen | Bundesagentur für Arbeit,767bc55648763d28af86e42b4af644e2f519c3d491b863c1e2c0dea4584ca0dc,1,"GET retrieval succeeded; entity, claim, currency and certificate validity require separate review."
https://wirtschaftskraft.de/artikel/das-hightech-herz-der-zukunftsschmiede-varioplast-schlaegt-im-nordschwarzwald,P07,S-P07-04,data/company_intelligence.csv:source_urls | data/pilot_candidates.csv:independent_source | data/pilot_coded.csv:source_urls | data/pilot_review_sources.csv:source_url | data/research_results.csv:source_urls | evidence/companies/P07_varioplast_konrad_daebritz_gmbh/evidence.md | evidence/source_register.csv:final_url | evidence/source_register.csv:source_link,2026-10-07T18:42:23+00:00,HTTP_OK,200,https://wirtschaftskraft.de/artikel/das-hightech-herz-der-zukunftsschmiede-varioplast-schlaegt-im-nordschwarzwald,text/html; charset=utf-8,Das Hightech-Herz der Zukunftsschmiede Varioplast schlägt im Nordschwarzwald - Wirtschaftskraft,7b375bc67998e0991ca5098bef03bcc6b820a81747b74190aa405f0c866eb08b,1,"GET retrieval succeeded; entity, claim, currency and certificate validity require separate review."
https://www.aktiv-online.de/news/unternehmen-bada-aus-buehl-warum-hier-trotz-krise-investiert-wird-19766,P06,S-P06-03,evidence/companies/P06_bada_ag/evidence.md | evidence/source_register.csv:final_url | evidence/source_register.csv:source_link,2026-10-06T17:30:02+00:00,HTTP_OK,200,https://www.aktiv-online.de/news/unternehmen-bada-aus-buehl-warum-hier-trotz-krise-investiert-wird-19766,text/html; charset=utf-8,Unternehmen Bada aus Bühl: Warum hier trotz Krise investiert wird,a888d1990dc388bee39ea94d3888e045608b815c8a4e5b691657222404d332f3,1,"GET retrieval succeeded; entity, claim, currency and certificate validity require separate review."
https://www.akz-online.de/mitglieder/eloxalwerk-ehingen-kraemer-eckert-gmbh-co-kg/,P38,S-P38-03,data/company_intelligence.csv:source_urls | data/company_process_map.csv:process_evidence_url | evidence/companies/P38_kraemer_eckert_gmbh_co_kg/evidence.md | evidence/proposal_source_checks.csv:final_url | evidence/proposal_source_checks.csv:source_url | evidence/source_register.csv:final_url | evidence/source_register.csv:source_link,2026-10-07T19:00:57+00:00,HTTP_OK,200,https://www.akz-online.de/mitglieder/eloxalwerk-ehingen-kraemer-eckert-gmbh-co-kg/,text/html,Eloxalwerk Ehingen Krämer + Eckert GmbH & Co. KG « AKZ,5aa123e27c70bac27102dc1665b95c10d535c1b3a85143f87d03d504b560a23a,2,"Availability checked separately from holder, claims, period and operating scope. Full-body SHA-256 is also recorded in proposal_source_checks.csv; source-content review is independent of HTTP availability."
https://www.andechser-natur.de/de/impressum,P48,S-P48-01,data/pilot_candidates.csv:company_source | evidence/source_register.csv:final_url | evidence/source_register.csv:source_link,2026-10-06T17:30:05+00:00,HTTP_OK,200,https://www.andechser-natur.de/de/impressum,text/html; charset=UTF-8,Impressum | Andechser Natur,9a01203fef813cb09985f55be1a97d0322b1fe81df8c3f7fc53b94f932b97536,1,"GET retrieval succeeded; entity, claim, currency and certificate validity require separate review."
https://www.atka.de/,P37,S-P37-01,data/company_intelligence.csv:source_urls | data/company_intelligence.csv:website | data/company_process_map.csv:process_evidence_url | data/pilot_candidates.csv:company_source | data/pilot_candidates.csv:independent_source | data/pilot_review_sources.csv:source_url | evidence/certificate_register.csv:certificate_index_url | evidence/companies/P37_atka_kunststoffverarbeitung_gmbh/evidence.md | evidence/source_register.csv:final_url | evidence/source_register.csv:source_link,2026-10-07T18:17:19+00:00,HTTP_OK,200,https://www.atka.de/,text/html; charset=UTF-8,Atka Kunststoffverarbeitung GmbH,0395913f685baaf8d0c244f8858b54c98c93bdc16ea7a5616b550c7b88ff57fe,1,"GET retrieval succeeded; entity, claim, currency and certificate validity require separate review."
https://www.atka.de/nachhaltigkeit.php,P37,S-P37-02,data/company_intelligence.csv:source_urls | evidence/companies/P37_atka_kunststoffverarbeitung_gmbh/evidence.md | evidence/proposal_source_checks.csv:final_url | evidence/proposal_source_checks.csv:source_url | evidence/source_register.csv:final_url | evidence/source_register.csv:source_link,2026-10-07T19:00:53+00:00,HTTP_OK,200,https://www.atka.de/nachhaltigkeit.php,text/html,Nachhaltigkeit | Atka Kunststoffverarbeitung GmbH,902106e582b42cad2dc752c984e52ee8006f6590849a4b684eee6318a4ace821,2,"Availability checked separately from holder, claims, period and operating scope. Full-body SHA-256 is also recorded in proposal_source_checks.csv; source-content review is independent of HTTP availability."
https://www.atka.de/pdf/ISO-14001-2015-Deutsch.pdf,P37,S-P37-03,data/company_intelligence.csv:source_urls | evidence/certificate_register.csv:direct_certificate_url | evidence/companies/P37_atka_kunststoffverarbeitung_gmbh/evidence.md | evidence/proposal_source_checks.csv:final_url | evidence/proposal_source_checks.csv:source_url | evidence/source_register.csv:final_url | evidence/source_register.csv:source_link,2026-10-07T19:00:53+00:00,HTTP_OK,200,https://www.atka.de/pdf/ISO-14001-2015-Deutsch.pdf,application/pdf,                 ZERTIFIKAT,8be013ed1861522ac65bca3ca8010e183b8852ac662b8e75b7f37ab64bfa7130,2,"Availability checked separately from holder, claims, period and operating scope. Full-body SHA-256 is also recorded in proposal_source_checks.csv; source-content review is independent of HTTP availability."
https://www.atka.de/unternehmen.php,P37,S-P37-04,data/company_intelligence.csv:source_urls | evidence/companies/P37_atka_kunststoffverarbeitung_gmbh/evidence.md | evidence/proposal_source_checks.csv:final_url | evidence/proposal_source_checks.csv:source_url | evidence/source_register.csv:final_url | evidence/source_register.csv:source_link,2026-10-07T19:00:53+00:00,HTTP_OK,200,https://www.atka.de/unternehmen.php,text/html,Unternehmen | Atka Kunststoffverarbeitung GmbH,4d1cea16bae64ba003149967672d8e4158619abaff96513a95d41f7b65e6731d,2,"Availability checked separately from holder, claims, period and operating scope. Full-body SHA-256 is also recorded in proposal_source_checks.csv; source-content review is independent of HTTP availability."
https://www.atp.ag/de/projekte/floetzinger-brauerei-in-schechen/,P71,S-P71-03,data/company_intelligence.csv:source_urls | evidence/companies/P71_flotzinger_brauerei_franz_steegmuller_gmbh_co_kg/evidence.md | evidence/proposal_source_checks.csv:final_url | evidence/proposal_source_checks.csv:source_url | evidence/source_register.csv:final_url | evidence/source_register.csv:source_link,2026-10-07T19:02:03+00:00,HTTP_OK,200,https://www.atp.ag/de/projekte/floetzinger-brauerei-in-schechen/,text/html,Klimaneutrale Brauerei | ATP architekten ingenieure,1b1ada25bade6fa7b8ad80962001981b1b87109a1b52fe66514a5db397f737b6,2,"Availability checked separately from holder, claims, period and operating scope. Full-body SHA-256 is also recorded in proposal_source_checks.csv; source-content review is independent of HTTP availability."
https://www.bauernmolkerei.de/,P03,,data/company_intelligence.csv:website,2026-10-07T18:42:23+00:00,HTTP_OK,200,https://www.bauernmolkerei.de/,text/html; charset=utf-8,"Bio, regional &amp; fair - Upländer Bauernmolkerei",3985eadf8046f8114e548b54603f4c1c922b10934a1d3b40ed0991819aa3ea52,1,"GET retrieval succeeded; entity, claim, currency and certificate validity require separate review."
https://www.bauernmolkerei.de/aktuelles/neuigkeiten/detailansicht/125-jahre-molkerei-geschichte-in-usseln,P03,S-P03-05,evidence/proposal_source_checks.csv:final_url | evidence/proposal_source_checks.csv:source_url | evidence/source_register.csv:final_url | evidence/source_register.csv:source_link,2026-10-08T08:02:01+00:00,HTTP_OK,200,https://www.bauernmolkerei.de/aktuelles/neuigkeiten/detailansicht/125-jahre-molkerei-geschichte-in-usseln,text/html; charset=utf-8,125 Jahre Molkerei-Geschichte in Usseln,ea5d21365bf271bd38ed7073e413da0a24c3c9e9fe8f93bfeb9b8fae67798a63,1,Full response body retrieved and relevant content inspected. Scope limitations are recorded in source_register.csv and field_research_20261008.csv.
https://www.bauernmolkerei.de/aktuelles/neuigkeiten/detailansicht/bauernmolkerei-investiert-in-mehrweg-glas,P03,S-P03-04,data/company_intelligence.csv:source_urls | data/pilot_review_sources.csv:source_url | evidence/source_register.csv:final_url | evidence/source_register.csv:source_link,2026-10-07T18:42:23+00:00,HTTP_OK,200,https://www.bauernmolkerei.de/aktuelles/neuigkeiten/detailansicht/bauernmolkerei-investiert-in-mehrweg-glas,text/html; charset=utf-8,Bauernmolkerei investiert in Mehrweg-Glas - Upländer Bauernmolkerei,cbf093ddd2cde839937672defc8120c744180bafe42a0c6f6d3dead80f238176,1,"GET retrieval succeeded; entity, claim, currency and certificate validity require separate review."
https://www.bauernmolkerei.de/ueber-uns/foerderprojekte,P03,S-P03-06,evidence/source_register.csv:final_url | evidence/source_register.csv:source_link,2026-10-08T08:04:18+00:00,HTTP_OK,200,https://www.bauernmolkerei.de/ueber-uns/foerderprojekte,text/html; charset=utf-8,Unsere Förderprojekte,cf2dd5465645df2d502f38338fe962f5db7bd1fc598e4abe94ab65757608fbd5,1,Full response body retrieved and relevant content inspected. Scope limitations are recorded in source_register.csv and field_research_20261008.csv.
https://www.bauernmolkerei.de/ueber-uns/produktion-mitarbeiter/produktion/der-weg-der-milch,P03,S-P03-03,data/company_intelligence.csv:source_urls | data/company_process_map.csv:process_evidence_url | data/pilot_review_sources.csv:source_url | evidence/proposal_source_checks.csv:final_url | evidence/proposal_source_checks.csv:source_url | evidence/source_register.csv:final_url | evidence/source_register.csv:source_link,2026-10-07T18:59:14+00:00,HTTP_OK,200,https://www.bauernmolkerei.de/ueber-uns/produktion-mitarbeiter/produktion/der-weg-der-milch,text/html,"Der Weg der Milch: Länger, als wir denken - Upländer Bauernmolkerei",09fb3f66f79075a3bfd2ce072a0e3240a8e3d623ed68255a3d5f1e920e19c43a,2,"Availability checked separately from holder, claims, period and operating scope. Full-body SHA-256 is also recorded in proposal_source_checks.csv; source-content review is independent of HTTP availability."
https://www.bauernmolkerei.team/,P03,,evidence/certificate_register.csv:certificate_index_url | evidence/companies/P03_uplaender_bauernmolkerei_gmbh/evidence.md,2026-10-07T18:42:27+00:00,HTTP_OK,200,https://www.bauernmolkerei.team/,text/html; charset=utf-8,Deine Karriere bei der Upländer Bauern­molkerei! - Jetzt bewerben,15c63d3f0dffea9710465a521d920e80f16350137d3f78d3ad52f841d6237807,1,"GET retrieval succeeded; entity, claim, currency and certificate validity require separate review."
https://www.bauernmolkerei.team/impressum,P03,S-P03-01,data/pilot_candidates.csv:company_source | data/pilot_review_sources.csv:source_url | evidence/source_register.csv:final_url | evidence/source_register.csv:source_link,2026-10-07T18:42:27+00:00,HTTP_OK,200,https://www.bauernmolkerei.team/impressum,text/html; charset=utf-8,Impressum - Jetzt bewerben,6fadbf7fbdb49b1fbffb585c9685cee2c2980f0749b5a9b8f568c421a19a61bb,1,"GET retrieval succeeded; entity, claim, currency and certificate validity require separate review."
https://www.bce-special-ceramics.com/,P27,,data/company_intelligence.csv:website | data/pilot_candidates.csv:independent_source,2026-10-06T17:30:15+00:00,HTTP_OK,200,https://www.bce-special-ceramics.com/,text/html; charset=UTF-8,Manufacturer of Technical Ceramics | BCE Special Ceramics,b3591656c898101e79a609385d1bae34d2ec702fd9836da8d690df9152d9847b,1,"GET retrieval succeeded; entity, claim, currency and certificate validity require separate review."
https://www.bce-special-ceramics.com/company/,P27,S-P27-01 | S-P27-02 | S-P27-04,data/company_intelligence.csv:source_urls | data/pilot_candidates.csv:company_source | data/pilot_review_sources.csv:source_url | evidence/certificate_register.csv:certificate_index_url | evidence/proposal_source_checks.csv:final_url | evidence/proposal_source_checks.csv:source_url | evidence/source_register.csv:final_url | evidence/source_register.csv:source_link,2026-10-07T19:00:30+00:00,HTTP_OK,200,https://www.bce-special-ceramics.com/company/,text/html,Custom Technical Ceramics from Mannheim since 1986 | BCE,ce5e42b5f7ed7d31fdb4af9ac7695abf8fab169aea2804af046a057a8049e317,3,"Availability checked separately from holder, claims, period and operating scope. Full-body SHA-256 is also recorded in proposal_source_checks.csv; source-content review is independent of HTTP availability."
https://www.bce-special-ceramics.com/research-project-enitec/,P27,S-P27-03,data/company_intelligence.csv:source_urls | data/company_process_map.csv:process_evidence_url | data/pilot_review_sources.csv:source_url | evidence/proposal_source_checks.csv:final_url | evidence/proposal_source_checks.csv:source_url | evidence/source_register.csv:final_url | evidence/source_register.csv:source_link,2026-10-07T19:00:29+00:00,HTTP_OK,200,https://www.bce-special-ceramics.com/research-project-enitec/,text/html,ENITEC: energy-efficient ceramic production | BCE,80f52e4b45fcfa63d049c3f6fa7dc0d8cd9376034b5551473b739b5c61e3d601,2,"Availability checked separately from holder, claims, period and operating scope. Full-body SHA-256 is also recorded in proposal_source_checks.csv; source-content review is independent of HTTP availability."
https://www.bergbier.de/,P28,S-P28-02,data/company_intelligence.csv:source_urls | data/company_intelligence.csv:website | data/company_process_map.csv:process_evidence_url | data/pilot_candidates.csv:independent_source | data/pilot_review_sources.csv:source_url | evidence/certificate_register.csv:certificate_index_url | evidence/companies/P28_berg_brauerei_ulrich_zimmermann_gmbh_co_kg/evidence.md | evidence/source_register.csv:final_url | evidence/source_register.csv:source_link,2026-10-07T10:41:16+00:00,HTTP_OK,200,https://www.bergbier.de/,text/html; charset=UTF-8,Berg Bier aus Ehingen/Berg! Willkommen in der Berg Brauerei.,ccfbf45207e98107c38e9dc48c421d44876fc98efe82aba68d1addfe086d9baf,1,"GET retrieval succeeded; entity, claim, currency and certificate validity require separate review."
https://www.bergbier.de/aktuelles/blog/dehoga-umweltcheck,P28,S-P28-08,data/company_intelligence.csv:source_urls | evidence/source_register.csv:final_url | evidence/source_register.csv:source_link,2026-10-07T10:41:16+00:00,HTTP_OK,200,https://www.bergbier.de/aktuelles/blog/dehoga-umweltcheck,text/html; charset=UTF-8,DEHOGA Umweltcheck | Berg Brauerei,2a73c8d73a30dee192257693137a30773d8d468a528ad651d2c23c81b1ccc8db,1,"GET retrieval succeeded; entity, claim, currency and certificate validity require separate review."
https://www.bergbier.de/aktuelles/blog/einweihung-unseres-neuen-bierlagers-biergartenhauses-und-schulzes-hof,P28,S-P28-04,data/company_intelligence.csv:source_urls | evidence/proposal_source_checks.csv:final_url | evidence/proposal_source_checks.csv:source_url | evidence/source_register.csv:final_url | evidence/source_register.csv:source_link,2026-10-07T19:00:37+00:00,HTTP_OK,200,https://www.bergbier.de/aktuelles/blog/einweihung-unseres-neuen-bierlagers-biergartenhauses-und-schulzes-hof,text/html,"Einweihung unseres neuen Bierlagers, BierGartenHauses und Schulzes Hof | Berg Brauerei",0dd8a68c67183e802d5bd11ba4468fa5ed38a829ec5a3d639944a843c2228e4e,2,"Availability checked separately from holder, claims, period and operating scope. Full-body SHA-256 is also recorded in proposal_source_checks.csv; source-content review is independent of HTTP availability."
https://www.bergbier.de/aktuelles/blog/neues-kaeltekonzept,P28,S-P28-03,data/company_intelligence.csv:source_urls | evidence/proposal_source_checks.csv:final_url | evidence/proposal_source_checks.csv:source_url | evidence/source_register.csv:final_url | evidence/source_register.csv:source_link,2026-10-07T19:00:31+00:00,HTTP_OK,200,https://www.bergbier.de/aktuelles/blog/neues-kaeltekonzept,text/html,Neues Kältekonzept | Berg Brauerei,940829d63076f5bfac033875eb15a1bdb11ce89c5571b8274e7f47f509c343c5,2,"Availability checked separately from holder, claims, period and operating scope. Full-body SHA-256 is also recorded in proposal_source_checks.csv; source-content review is independent of HTTP availability."
https://www.bergbier.de/brauerei/bottich-gaerung,P28,S-P28-05,data/company_intelligence.csv:source_urls | evidence/source_register.csv:final_url | evidence/source_register.csv:source_link,2026-10-07T10:41:24+00:00,HTTP_OK,200,https://www.bergbier.de/brauerei/bottich-gaerung,text/html; charset=UTF-8,Bottich-Gärung als Herstellungsphilosophie | Berg Brauerei,36488af3c0bd5706ed3feedae11ea99080372ff79c72be11490be9abdb67a590,1,"GET retrieval succeeded; entity, claim, currency and certificate validity require separate review."
https://www.bergbier.de/brauerei/verantwortung,P28,S-P28-06,data/company_intelligence.csv:source_urls | evidence/proposal_source_checks.csv:final_url | evidence/proposal_source_checks.csv:source_url | evidence/source_register.csv:final_url | evidence/source_register.csv:source_link,2026-10-07T19:00:37+00:00,HTTP_OK,200,https://www.bergbier.de/brauerei/verantwortung,text/html,Verantwortung | Berg Brauerei,8899323d677dc12020acaa7541b075e778dfc6b37c3bc1b0a70f7a230faa8aa6,2,"Availability checked separately from holder, claims, period and operating scope. Full-body SHA-256 is also recorded in proposal_source_checks.csv; source-content review is independent of HTTP availability."
https://www.bergbier.de/impressum,P28,S-P28-01,data/company_intelligence.csv:source_urls | data/pilot_candidates.csv:company_source | data/pilot_review_sources.csv:source_url | evidence/companies/P28_berg_brauerei_ulrich_zimmermann_gmbh_co_kg/evidence.md | evidence/source_register.csv:final_url | evidence/source_register.csv:source_link,2026-10-07T10:41:28+00:00,HTTP_OK,200,https://www.bergbier.de/impressum,text/html; charset=UTF-8,Impressum | Berg Brauerei,60ae25a50a0e8145d32e3818cd6a4a2317dd2ebba0e3cf2fd5f1d82707925535,1,"GET retrieval succeeded; entity, claim, currency and certificate validity require separate review."
https://www.bergbier.de/service/downloads,P28,S-P28-07,data/company_intelligence.csv:source_urls | evidence/source_register.csv:final_url | evidence/source_register.csv:source_link,2026-10-07T10:41:28+00:00,HTTP_OK,200,https://www.bergbier.de/service/downloads,text/html; charset=UTF-8,Downloads | Berg Brauerei,795676a867ca737e9acd93c8108907efc7bc4c5a8c689fe52423452098f03148,1,"GET retrieval succeeded; entity, claim, currency and certificate validity require separate review."
https://www.bogm.de/,P36,S-P36-01,data/company_intelligence.csv:source_urls | data/company_intelligence.csv:website | data/pilot_candidates.csv:company_source | data/pilot_review_sources.csv:source_url | evidence/certificate_register.csv:certificate_index_url | evidence/companies/P36_kunststofftechnik_borgmann_gmbh/evidence.md | evidence/source_register.csv:final_url | evidence/source_register.csv:source_link,2026-10-07T11:14:43+00:00,HTTP_OK,200,https://www.bogm.de/,text/html; charset=UTF-8,Startseite - Kunststofftechnik Borgmann GmbH,88fa787cdd6474b7a983c793b396979aefbbd04ab96c89e9fb61b7cc2d5b43b0,1,"GET retrieval succeeded; entity, claim, currency and certificate validity require separate review."
https://www.bogm.de/leistungen/automatisierung/,P36,S-P36-05,data/company_intelligence.csv:source_urls | evidence/companies/P36_kunststofftechnik_borgmann_gmbh/evidence.md | evidence/proposal_source_checks.csv:final_url | evidence/proposal_source_checks.csv:source_url | evidence/source_register.csv:final_url | evidence/source_register.csv:source_link,2026-10-07T19:00:52+00:00,HTTP_OK,200,https://www.bogm.de/leistungen/automatisierung/,text/html,Automatisierung - Kunststofftechnik Borgmann GmbH,b0b4970942c38864417b62ae41edb20628551511c88bb15fde1747d2f893f5ee,2,"Availability checked separately from holder, claims, period and operating scope. Full-body SHA-256 is also recorded in proposal_source_checks.csv; source-content review is independent of HTTP availability."
https://www.bogm.de/leistungen/spritzguss/,P36,S-P36-03,data/company_intelligence.csv:source_urls | data/company_process_map.csv:process_evidence_url | evidence/companies/P36_kunststofftechnik_borgmann_gmbh/evidence.md | evidence/proposal_source_checks.csv:final_url | evidence/proposal_source_checks.csv:source_url | evidence/source_register.csv:final_url | evidence/source_register.csv:source_link,2026-10-07T19:00:51+00:00,HTTP_OK,200,https://www.bogm.de/leistungen/spritzguss/,text/html,Spritzguss - Kunststofftechnik Borgmann GmbH,ab754294839c2fd99fdbe390183fbae7829d6290f98ee4497b5d7e9722d0543c,2,"Availability checked separately from holder, claims, period and operating scope. Full-body SHA-256 is also recorded in proposal_source_checks.csv; source-content review is independent of HTTP availability."
https://www.bogm.de/ueber-uns/,P36,S-P36-04,data/company_intelligence.csv:source_urls | evidence/companies/P36_kunststofftechnik_borgmann_gmbh/evidence.md | evidence/proposal_source_checks.csv:final_url | evidence/proposal_source_checks.csv:source_url | evidence/source_register.csv:final_url | evidence/source_register.csv:source_link,2026-10-07T19:00:51+00:00,HTTP_OK,200,https://www.bogm.de/ueber-uns/,text/html,Über uns - Kunststofftechnik Borgmann GmbH,6bdc2458b0a4df5d8c826b63e25d5062be191127041480940bce322531a3297c,2,"Availability checked separately from holder, claims, period and operating scope. Full-body SHA-256 is also recorded in proposal_source_checks.csv; source-content review is independent of HTTP availability."
https://www.bogm.de/wp-content/uploads/2026/05/141717_kunststofftechnik-borgmann-gmbh_um-wa-23_deutsch_hzert_kuhl_pdf.pdf,P36,S-P36-06,data/company_intelligence.csv:source_urls | evidence/certificate_register.csv:direct_certificate_url | evidence/companies/P36_kunststofftechnik_borgmann_gmbh/evidence.md | evidence/proposal_source_checks.csv:final_url | evidence/proposal_source_checks.csv:source_url | evidence/source_register.csv:final_url | evidence/source_register.csv:source_link,2026-10-07T19:00:52+00:00,HTTP_OK,200,https://www.bogm.de/wp-content/uploads/2026/05/141717_kunststofftechnik-borgmann-gmbh_um-wa-23_deutsch_hzert_kuhl_pdf.pdf,application/pdf,Zertifikat,a9ea7ab8e58b0326084ae53194481a3dedee0ca500e9eb0f533216502b0220b0,2,"Availability checked separately from holder, claims, period and operating scope. Full-body SHA-256 is also recorded in proposal_source_checks.csv; source-content review is independent of HTTP availability."
https://www.brauerei-ayinger.de/,P50,S-P50-02,data/company_intelligence.csv:source_urls | data/company_intelligence.csv:website | data/company_process_map.csv:process_evidence_url | data/pilot_candidates.csv:independent_source | data/pilot_review_sources.csv:source_url | evidence/certificate_register.csv:certificate_index_url | evidence/companies/P50_brauerei_aying_franz_inselkammer_kg/evidence.md | evidence/source_register.csv:final_url | evidence/source_register.csv:source_link,2026-10-07T11:14:45+00:00,HTTP_OK,200,https://www.brauerei-ayinger.de/,text/html; charset=UTF-8,Privatbrauerei Ayinger,5ec7ff236155350c2f5ebc0483f174b2b7ee017d9bd1bcefc23ddc356e93bd46,1,"GET retrieval succeeded; entity, claim, currency and certificate validity require separate review."
https://www.brauerei-ayinger.de/bierdorf-aying/nachhaltigkeit/,P50,S-P50-03,data/company_intelligence.csv:source_urls | evidence/companies/P50_brauerei_aying_franz_inselkammer_kg/evidence.md | evidence/source_register.csv:final_url | evidence/source_register.csv:source_link,2026-10-07T11:14:48+00:00,HTTP_OK,200,https://www.brauerei-ayinger.de/bierdorf-aying/nachhaltigkeit/,text/html; charset=UTF-8,Nachhaltigkeit &#8211; Privatbrauerei Ayinger,9f9f4baba96eff40b36cc89f0065e9218fd08b60d581364ac6c560c36f98b139,1,"GET retrieval succeeded; entity, claim, currency and certificate validity require separate review."
https://www.brauerei-ayinger.de/impressum/,P50,S-P50-01,data/company_intelligence.csv:source_urls | data/pilot_candidates.csv:company_source | data/pilot_review_sources.csv:source_url | evidence/companies/P50_brauerei_aying_franz_inselkammer_kg/evidence.md | evidence/source_register.csv:final_url | evidence/source_register.csv:source_link,2026-10-07T11:14:48+00:00,HTTP_OK,200,https://www.brauerei-ayinger.de/impressum/,text/html; charset=UTF-8,Impressum &#8211; Privatbrauerei Ayinger,5301df0c7e54402892e79632fbbcb4011d923079a940c1df47874842650528d3,1,"GET retrieval succeeded; entity, claim, currency and certificate validity require separate review."
https://www.brauerei-ayinger.de/wp-content/uploads/2025/10/Umwelterklaerung2023_BrauereiAying.pdf,P50,S-P50-07,data/company_intelligence.csv:source_urls | evidence/certificate_register.csv:direct_certificate_url | evidence/companies/P50_brauerei_aying_franz_inselkammer_kg/evidence.md | evidence/source_register.csv:final_url | evidence/source_register.csv:source_link,2026-10-07T11:14:50+00:00,HTTP_OK,200,https://www.brauerei-ayinger.de/wp-content/uploads/2025/10/Umwelterklaerung2023_BrauereiAying.pdf,application/pdf,,38f8fe06384d5e63b1a4756fcd7d5ec54d90b2098c04b847e9e1e3697e4a4e0b,1,"GET retrieval succeeded; entity, claim, currency and certificate validity require separate review."
https://www.brauerei-kundmueller.com/self-guided-tour,P73,S-P73-03,data/company_intelligence.csv:source_urls | evidence/companies/P73_brauerei_gasthof_kundmuller_gmbh/evidence.md | evidence/source_register.csv:final_url | evidence/source_register.csv:source_link,2026-10-07T18:42:30+00:00,HTTP_OK,200,https://www.brauerei-kundmueller.com/self-guided-tour,text/html; charset=utf-8,Startseite Self-Guided-Tour,1c7942e8aa721c6430c2ad020e562b520e021bb16700dc6a10cac84b31ca04df,1,"GET retrieval succeeded; entity, claim, currency and certificate validity require separate review."
https://www.brauerei-kundmueller.com/self-guided-tour/station-19,P73,S-P73-04,data/company_intelligence.csv:source_urls | evidence/companies/P73_brauerei_gasthof_kundmuller_gmbh/evidence.md | evidence/proposal_source_checks.csv:final_url | evidence/proposal_source_checks.csv:source_url | evidence/source_register.csv:final_url | evidence/source_register.csv:source_link,2026-10-07T19:02:03+00:00,HTTP_OK,200,https://www.brauerei-kundmueller.com/self-guided-tour/station-19,text/html,Self-Guided-Tour Station 19 - brewhouse,a43985b71cf8437bfd8c736bb18f21f458262eb0f69ffa74d06e1e9219960256,2,"Availability checked separately from holder, claims, period and operating scope. Full-body SHA-256 is also recorded in proposal_source_checks.csv; source-content review is independent of HTTP availability."
https://www.brauerei-kundmueller.com/self-guided-tour/station-20,P73,S-P73-05,data/company_intelligence.csv:source_urls | evidence/companies/P73_brauerei_gasthof_kundmuller_gmbh/evidence.md | evidence/source_register.csv:final_url | evidence/source_register.csv:source_link,2026-10-07T18:42:30+00:00,HTTP_OK,200,https://www.brauerei-kundmueller.com/self-guided-tour/station-20,text/html; charset=utf-8,Self-Guided-Tour Station 20 - Tuns/brew kettle,bfebd43dc933cd0947e2346f3ed129e0c1567c1a739f8ccc750f97fae75d9408,1,"GET retrieval succeeded; entity, claim, currency and certificate validity require separate review."
https://www.brauerei-kundmueller.de/,P73,S-P73-01 | S-P73-02,data/company_intelligence.csv:source_urls | data/company_intelligence.csv:website | data/company_process_map.csv:process_evidence_url | data/pilot_candidates.csv:company_source | data/pilot_candidates.csv:independent_source | data/pilot_review_sources.csv:source_url | evidence/certificate_register.csv:certificate_index_url | evidence/companies/P73_brauerei_gasthof_kundmuller_gmbh/evidence.md | evidence/source_register.csv:final_url | evidence/source_register.csv:source_link,2026-10-07T18:42:31+00:00,HTTP_OK,200,https://www.brauerei-kundmueller.de/,text/html; charset=utf-8,Brauerei-Gasthof Kundmüller GmbH,94a77d0247bba99aa95fd64256515d511fc4baf8515636edf012bcc1b12e3245,1,"GET retrieval succeeded; entity, claim, currency and certificate validity require separate review."
https://www.brauerei-kundmueller.de/assets/node/vv49lvhqx8ppc/brauerei-kundmueller_hausbroschuere_A5_2025_13.0_WEB-DE.pdf,P73,S-P73-06,data/company_intelligence.csv:source_urls | evidence/companies/P73_brauerei_gasthof_kundmuller_gmbh/evidence.md | evidence/proposal_source_checks.csv:final_url | evidence/proposal_source_checks.csv:source_url | evidence/source_register.csv:final_url | evidence/source_register.csv:source_link,2026-10-07T19:02:03+00:00,HTTP_OK,200,https://www.brauerei-kundmueller.de/assets/node/vv49lvhqx8ppc/brauerei-kundmueller_hausbroschuere_A5_2025_13.0_WEB-DE.pdf,application/pdf,"Weil wir lieben, wo wir leben",403593d0ce779e783e27a0cf89b03edba93450a7fe009c81a13effcc037bb34a,2,"Availability checked separately from holder, claims, period and operating scope. Full-body SHA-256 is also recorded in proposal_source_checks.csv; source-content review is independent of HTTP availability."
https://www.brauerei-schimpfle.de/,P93,S-P93-02,data/company_intelligence.csv:source_urls | data/company_intelligence.csv:website | data/company_process_map.csv:process_evidence_url | data/pilot_candidates.csv:independent_source | data/pilot_review_sources.csv:source_url | evidence/certificate_register.csv:certificate_index_url | evidence/companies/P93_brauerei_schimpfle_gmbh_co_kg/evidence.md | evidence/source_register.csv:final_url | evidence/source_register.csv:source_link,2026-10-07T17:57:55+00:00,HTTP_OK,200,https://www.brauerei-schimpfle.de/,text/html; charset=utf-8,Brauerei Schimpfle,202a6a4cebfd7d24736bc9bb8474d7e77632b56f5a3395ea807e222f6736a0e1,1,"GET retrieval succeeded; entity, claim, currency and certificate validity require separate review."
https://www.brauerei-schimpfle.de/blog-collection/jahresruckblick,P93,S-P93-06,data/company_intelligence.csv:source_urls | evidence/companies/P93_brauerei_schimpfle_gmbh_co_kg/evidence.md | evidence/proposal_source_checks.csv:final_url | evidence/proposal_source_checks.csv:source_url | evidence/source_register.csv:final_url | evidence/source_register.csv:source_link,2026-10-07T19:02:48+00:00,HTTP_OK,200,https://www.brauerei-schimpfle.de/blog-collection/jahresruckblick,text/html,Brauerei Schimpfle,26b2ceee390b546c5e7be0f860a49fc69d6cf8aa5b98d46bb1abf2cfddb88993,2,"Availability checked separately from holder, claims, period and operating scope. Full-body SHA-256 is also recorded in proposal_source_checks.csv; source-content review is independent of HTTP availability."
https://www.brauerei-schimpfle.de/brauerei,P93,S-P93-04,data/company_intelligence.csv:source_urls | evidence/companies/P93_brauerei_schimpfle_gmbh_co_kg/evidence.md | evidence/proposal_source_checks.csv:final_url | evidence/proposal_source_checks.csv:source_url | evidence/source_register.csv:final_url | evidence/source_register.csv:source_link,2026-10-07T19:02:46+00:00,HTTP_OK,200,https://www.brauerei-schimpfle.de/brauerei,text/html,Brauerei Schimpfle | Unsere Brauerei in Gessertshausen,4133bccb997f94dd4c978d78f5ee457d18e4e8a552a15e117eb3a4b86c971f5e,2,"Availability checked separately from holder, claims, period and operating scope. Full-body SHA-256 is also recorded in proposal_source_checks.csv; source-content review is independent of HTTP availability."
https://www.brauerei-schimpfle.de/brauerei-schimpfle-impressum,P93,S-P93-03,evidence/source_register.csv:final_url | evidence/source_register.csv:source_link,2026-10-07T17:57:56+00:00,HTTP_OK,200,https://www.brauerei-schimpfle.de/brauerei-schimpfle-impressum,text/html; charset=utf-8,Brauerei Schimpfle | Impressum,08910301c70351bc2208baf0a60236e61e6239dc6ba59f08df54d8d49c99e404,1,"GET retrieval succeeded; entity, claim, currency and certificate validity require separate review."
https://www.brauerei-schimpfle.de/impressum,P93,S-P93-01,evidence/source_register.csv:final_url,2026-10-07T17:57:56+00:00,NOT_FOUND,404,https://www.brauerei-schimpfle.de/impressum,,,,1,"HTTP 404; availability only, no deployment inference."
https://www.brauerei-schimpfle.de/impressum/,P93,S-P93-01,data/company_intelligence.csv:source_urls | data/pilot_candidates.csv:company_source | data/pilot_review_sources.csv:source_url | evidence/companies/P93_brauerei_schimpfle_gmbh_co_kg/evidence.md | evidence/source_register.csv:source_link,2026-10-07T17:57:56+00:00,NOT_FOUND,404,https://www.brauerei-schimpfle.de/impressum,,,,1,"HTTP 404; availability only, no deployment inference."
https://www.ceram-gmbh.de/,P70,,data/company_intelligence.csv:website | evidence/certificate_register.csv:certificate_index_url,2026-10-07T11:40:52+00:00,HTTP_OK,200,https://www.ceram-gmbh.de/,text/html; charset=UTF-8,Startseite - Ceram,64a3d8b4afc3fbbecb11b7e0219139a9db840bcd9e8cc4fe74a1e6452ac66d23,1,"GET retrieval succeeded; entity, claim, currency and certificate validity require separate review."
https://www.ceram-gmbh.de/impressum/,P70,S-P70-01,data/company_intelligence.csv:source_urls | data/pilot_candidates.csv:company_source | data/pilot_review_sources.csv:source_url | evidence/companies/P70_ceram_gmbh/evidence.md | evidence/source_register.csv:final_url | evidence/source_register.csv:source_link,2026-10-07T11:40:52+00:00,HTTP_OK,200,https://www.ceram-gmbh.de/impressum/,text/html; charset=UTF-8,Impressum - Ceram,a8a550abbf46492b8416f933847df00bda0525b22fe11a2517c8a5a4d4112e5b,1,"GET retrieval succeeded; entity, claim, currency and certificate validity require separate review."
https://www.ceram-gmbh.de/leistungsspektrum/,P70,S-P70-02,data/company_intelligence.csv:source_urls | data/company_process_map.csv:process_evidence_url | data/pilot_candidates.csv:independent_source | data/pilot_review_sources.csv:source_url | evidence/companies/P70_ceram_gmbh/evidence.md | evidence/proposal_source_checks.csv:final_url | evidence/proposal_source_checks.csv:source_url | evidence/source_register.csv:final_url | evidence/source_register.csv:source_link,2026-10-07T19:01:56+00:00,HTTP_OK,200,https://www.ceram-gmbh.de/leistungsspektrum/,text/html,Leistungsspektrum - Ceram,de256a6fbb890c6146813a93a6aefbab59e5b618571ad1af2ddae38258fe1f8b,2,"Availability checked separately from holder, claims, period and operating scope. Full-body SHA-256 is also recorded in proposal_source_checks.csv; source-content review is independent of HTTP availability."
https://www.ceram-gmbh.de/ueber-uns/,P70,S-P70-03,data/company_intelligence.csv:source_urls | evidence/certificate_register.csv:certificate_index_url | evidence/companies/P70_ceram_gmbh/evidence.md | evidence/proposal_source_checks.csv:final_url | evidence/proposal_source_checks.csv:source_url | evidence/source_register.csv:final_url | evidence/source_register.csv:source_link,2026-10-07T19:01:56+00:00,HTTP_OK,200,https://www.ceram-gmbh.de/ueber-uns/,text/html,Über Uns - Ceram,5bd63a2d8154381d3fd545ff837f198a8d3a4b8841a493b7bbd62bc975212c47,2,"Availability checked separately from holder, claims, period and operating scope. Full-body SHA-256 is also recorded in proposal_source_checks.csv; source-content review is independent of HTTP availability."
https://www.ceram-gmbh.de/wp-content/uploads/sites/86/2023/07/ceram-GmbH_14001-bis-2026.pdf,P70,S-P70-04,data/company_intelligence.csv:source_urls | evidence/companies/P70_ceram_gmbh/evidence.md | evidence/proposal_source_checks.csv:source_url | evidence/source_register.csv:final_url | evidence/source_register.csv:source_link,2026-10-07T19:01:58+00:00,NOT_FOUND,404,,,,,2,HTTP Error 404: Not Found Full-body SHA-256 is also recorded in proposal_source_checks.csv; source-content review is independent of HTTP availability.
https://www.ceramic-applications.com/,P44,S-P44-02,data/company_intelligence.csv:source_urls | data/pilot_candidates.csv:independent_source | data/pilot_review_sources.csv:source_url | evidence/companies/P44_oxidkeramik_j_cardenas_gmbh/evidence.md | evidence/source_register.csv:final_url | evidence/source_register.csv:source_link,2026-10-07T11:14:50+00:00,HTTP_OK,200,https://www.ceramic-applications.com/,text/html; charset=UTF-8,CERAMIC APPLICATIONS – Components for High Performance,c3eeb7e39bc78f492846fa794f7ba85e3ce129648be9834e7aa6ce65e06f906e,1,"GET retrieval succeeded; entity, claim, currency and certificate validity require separate review."
https://www.dena.de/energy-award/good-practice/aying-brauerei-franz-inselkammer-igs/,P50,S-P50-04,data/company_intelligence.csv:source_urls | evidence/companies/P50_brauerei_aying_franz_inselkammer_kg/evidence.md | evidence/proposal_source_checks.csv:final_url | evidence/proposal_source_checks.csv:source_url | evidence/source_register.csv:final_url | evidence/source_register.csv:source_link,2026-10-07T19:01:15+00:00,HTTP_OK,200,https://www.dena.de/energy-award/good-practice/aying-brauerei-franz-inselkammer-igs/,text/html,Hochtemperatur-Wärmepumpe bei der Getränkeherstellung | dena,73aca9cb5757d89491646ff0e2f6c485495915dc461f7aa7b0e7d547b02a86f3,2,"Availability checked separately from holder, claims, period and operating scope. Full-body SHA-256 is also recorded in proposal_source_checks.csv; source-content review is independent of HTTP availability."
https://www.derix.com/,P20,,data/company_intelligence.csv:website | evidence/certificate_register.csv:certificate_index_url,2026-10-06T17:30:24+00:00,HTTP_OK,200,https://www.derix.com/,text/html; charset=UTF-8,Derix Glasstudios - Glaskunst aus Taunusstein,18f71e5787f2bb2add3b564535d51dad71572377c6b4d99391fcecfd3e88516b,1,"GET retrieval succeeded; entity, claim, currency and certificate validity require separate review."
https://www.derix.com/heissversformen,P20,S-P20-04,data/company_intelligence.csv:source_urls | data/company_process_map.csv:process_evidence_url | data/pilot_review_sources.csv:source_url | evidence/proposal_source_checks.csv:final_url | evidence/proposal_source_checks.csv:source_url | evidence/source_register.csv:final_url | evidence/source_register.csv:source_link,2026-10-07T19:00:11+00:00,HTTP_OK,200,https://www.derix.com/heissversformen,text/html,Glas heißverformen - Derix,f6c8fd36975c73874a001201efb79fc2bacfb50123a14311c6a32a4ac7d9dbca,2,"Availability checked separately from holder, claims, period and operating scope. Full-body SHA-256 is also recorded in proposal_source_checks.csv; source-content review is independent of HTTP availability."
https://www.derix.com/impressum,P20,S-P20-01,data/company_intelligence.csv:source_urls | data/pilot_candidates.csv:company_source | data/pilot_review_sources.csv:source_url | evidence/proposal_source_checks.csv:final_url | evidence/proposal_source_checks.csv:source_url | evidence/source_register.csv:final_url | evidence/source_register.csv:source_link,2026-10-07T19:00:10+00:00,HTTP_OK,200,https://www.derix.com/impressum,text/html,Impressum | Derix Glasstudios,f798d25aa887f9d3fcdecd4cb8ac86f66583d91ef4f6be36f11337261d9001ed,2,"Availability checked separately from holder, claims, period and operating scope. Full-body SHA-256 is also recorded in proposal_source_checks.csv; source-content review is independent of HTTP availability."
https://www.dibbern.de/en/about-dibbern/manufactory/,P107,S-P107-02,data/company_intelligence.csv:source_urls | data/company_intelligence.csv:website | data/pilot_candidates.csv:independent_source | data/pilot_review_sources.csv:source_url | evidence/certificate_register.csv:certificate_index_url | evidence/companies/P107_dibbern_porzellanmanufaktur_gmbh/evidence.md | evidence/source_register.csv:final_url | evidence/source_register.csv:source_link,2026-10-07T18:42:33+00:00,ACCESS_BLOCKED,403,https://www.dibbern.de/en/about-dibbern/manufactory/,,,,1,"HTTP 403; availability only, no deployment inference."
https://www.dibbern.de/en/about-us/,P107,S-P107-01,data/company_intelligence.csv:source_urls | data/pilot_candidates.csv:company_source | data/pilot_review_sources.csv:source_url | evidence/companies/P107_dibbern_porzellanmanufaktur_gmbh/evidence.md | evidence/source_register.csv:final_url | evidence/source_register.csv:source_link,2026-10-07T18:42:36+00:00,ACCESS_BLOCKED,403,https://www.dibbern.de/en/about-us/,,,,1,"HTTP 403; availability only, no deployment inference."
https://www.distelhaeuser.de/,P51,,data/company_intelligence.csv:website,2026-10-07T11:14:50+00:00,HTTP_OK,200,https://www.distelhaeuser.de/,text/html; charset=utf-8,Start - Distelhäuser Brauerei Ernst Bauer GmbH & Co KG,b07278d8de83cc938f83ba7858d236fb53650568039ff57f2229fcacc81b9246,1,"GET retrieval succeeded; entity, claim, currency and certificate validity require separate review."
https://www.distelhaeuser.de/aktuelles/details/distelhaeuser-erneut-iso-zertifiziert/,P51,S-P51-03,data/company_intelligence.csv:source_urls | evidence/certificate_register.csv:certificate_index_url | evidence/companies/P51_distelhaeuser_brauerei_ernst_bauer_gmbh_co_kg/evidence.md | evidence/proposal_source_checks.csv:final_url | evidence/proposal_source_checks.csv:source_url | evidence/source_register.csv:final_url | evidence/source_register.csv:source_link,2026-10-07T19:01:21+00:00,HTTP_OK,200,https://www.distelhaeuser.de/aktuelles/details/distelhaeuser-erneut-iso-zertifiziert/,text/html,Distelhäuser Brauerei wieder ISO-zertifiziert - Distelhäuser Brauerei Ernst Bauer GmbH & Co KG,c35ecf9716d8429b069d7168adcf51e834c244ded7cd6f484846fc11fd26056a,2,"Availability checked separately from holder, claims, period and operating scope. Full-body SHA-256 is also recorded in proposal_source_checks.csv; source-content review is independent of HTTP availability."
https://www.distelhaeuser.de/impressumdatenschutz/,P51,S-P51-01,data/company_intelligence.csv:source_urls | data/pilot_candidates.csv:company_source | data/pilot_review_sources.csv:source_url | evidence/certificate_register.csv:certificate_index_url | evidence/companies/P51_distelhaeuser_brauerei_ernst_bauer_gmbh_co_kg/evidence.md | evidence/source_register.csv:final_url | evidence/source_register.csv:source_link,2026-10-07T11:14:52+00:00,HTTP_OK,200,https://www.distelhaeuser.de/impressumdatenschutz/,text/html; charset=utf-8,Impressum/Datenschutz - Distelhäuser Brauerei Ernst Bauer GmbH & Co KG,b1f9a163d6e77e8aac1da5017571cf1866ac6c1e3938dce11731921b6545573b,1,"GET retrieval succeeded; entity, claim, currency and certificate validity require separate review."
https://www.distelhaeuser.de/unsere-brauerei/braukunst/,P51,S-P51-04,data/company_intelligence.csv:source_urls | evidence/companies/P51_distelhaeuser_brauerei_ernst_bauer_gmbh_co_kg/evidence.md | evidence/proposal_source_checks.csv:final_url | evidence/proposal_source_checks.csv:source_url | evidence/source_register.csv:final_url | evidence/source_register.csv:source_link,2026-10-07T19:01:21+00:00,HTTP_OK,200,https://www.distelhaeuser.de/unsere-brauerei/braukunst/,text/html,Braukunst - Distelhäuser Brauerei Ernst Bauer GmbH & Co KG,b8e497f53a05d561675d47c219d559d0d05c20b7ed6966a011c2971431289d36,2,"Availability checked separately from holder, claims, period and operating scope. Full-body SHA-256 is also recorded in proposal_source_checks.csv; source-content review is independent of HTTP availability."
https://www.distelhaeuser.de/unsere-brauerei/regionalitaet/,P51,S-P51-02,data/company_intelligence.csv:source_urls | data/company_process_map.csv:process_evidence_url | data/pilot_candidates.csv:independent_source | data/pilot_review_sources.csv:source_url | evidence/companies/P51_distelhaeuser_brauerei_ernst_bauer_gmbh_co_kg/evidence.md | evidence/proposal_source_checks.csv:final_url | evidence/proposal_source_checks.csv:source_url | evidence/source_register.csv:final_url | evidence/source_register.csv:source_link,2026-10-07T19:01:19+00:00,HTTP_OK,200,https://www.distelhaeuser.de/unsere-brauerei/regionalitaet/,text/html,Regionalität - Distelhäuser Brauerei Ernst Bauer GmbH & Co KG,bd0d5defe4bd7c61e65f7366495ba75e3bb8dd949a2444adccf92710185ac74c,2,"Availability checked separately from holder, claims, period and operating scope. Full-body SHA-256 is also recorded in proposal_source_checks.csv; source-content review is independent of HTTP availability."
https://www.dorn-spritzguss.de/,P58,,data/company_intelligence.csv:website,2026-10-07T11:40:52+00:00,HTTP_OK,200,https://www.dorn-spritzguss.de/,text/html; charset=utf-8,Dorn Spritzguss GmbH Tettnang | Dorn Spritzguss GmbH,19591ea41149724b320f9962e1d4d9eabe0660a52dec60ea8e0e599d8f01a10c,1,"GET retrieval succeeded; entity, claim, currency and certificate validity require separate review."
https://www.dorn-spritzguss.de/assets/pdf/2026/Zertifikat_ISO_14001_2015.PDF,P58,S-P58-05,data/company_intelligence.csv:source_urls | evidence/certificate_register.csv:direct_certificate_url | evidence/companies/P58_dorn_spritzguss_gmbh/evidence.md | evidence/proposal_source_checks.csv:final_url | evidence/proposal_source_checks.csv:source_url | evidence/source_register.csv:final_url | evidence/source_register.csv:source_link,2026-10-07T19:01:32+00:00,HTTP_OK,200,https://www.dorn-spritzguss.de/assets/pdf/2026/Zertifikat_ISO_14001_2015.PDF,application/pdf,                 ZERTIFIKAT,84f0a28dd38d98c425ad3c34f9be507d7be41c87c1b1e9619b938918a03b51d6,2,"Availability checked separately from holder, claims, period and operating scope. Full-body SHA-256 is also recorded in proposal_source_checks.csv; source-content review is independent of HTTP availability."
https://www.dorn-spritzguss.de/download/,P58,,evidence/certificate_register.csv:certificate_index_url | evidence/companies/P58_dorn_spritzguss_gmbh/evidence.md,2026-10-07T11:40:53+00:00,HTTP_OK,200,https://www.dorn-spritzguss.de/download/,text/html; charset=utf-8,Download | Dorn Spritzguss GmbH,0989778982818522e7a1bfbce82a46737a061349fe9f4ee9d7d1bccd6522e7ab,1,"GET retrieval succeeded; entity, claim, currency and certificate validity require separate review."
https://www.dorn-spritzguss.de/impressum/,P58,S-P58-01,data/company_intelligence.csv:source_urls | data/pilot_candidates.csv:company_source | data/pilot_review_sources.csv:source_url | evidence/certificate_register.csv:certificate_index_url | evidence/companies/P58_dorn_spritzguss_gmbh/evidence.md | evidence/source_register.csv:final_url | evidence/source_register.csv:source_link,2026-10-07T11:40:59+00:00,HTTP_OK,200,https://www.dorn-spritzguss.de/impressum/,text/html; charset=utf-8,Impressum | Dorn Spritzguss GmbH,c1eb9217ae2a53cb7719d0d20dff8ed159ce62508eee3aac6b896e744b7b6b95,1,"GET retrieval succeeded; entity, claim, currency and certificate validity require separate review."
https://www.dorn-spritzguss.de/leistungen/spritzguss/,P58,S-P58-02,data/company_intelligence.csv:source_urls | data/company_process_map.csv:process_evidence_url | data/pilot_candidates.csv:independent_source | data/pilot_review_sources.csv:source_url | evidence/companies/P58_dorn_spritzguss_gmbh/evidence.md | evidence/source_register.csv:final_url | evidence/source_register.csv:source_link,2026-10-07T11:40:59+00:00,HTTP_OK,200,https://www.dorn-spritzguss.de/leistungen/spritzguss/,text/html; charset=utf-8,Kunststoffspritzgussteile aus Tettnang | Dorn Spritzguss GmbH,dbb0e5ec1f037b2dcd0cefc565f5ad84c4f95e36c9bec4460e37e21cb9f7fefb,1,"GET retrieval succeeded; entity, claim, currency and certificate validity require separate review."
https://www.dorn-spritzguss.de/leistungen/werkzeugbau/,P58,S-P58-06,data/company_intelligence.csv:source_urls | evidence/companies/P58_dorn_spritzguss_gmbh/evidence.md | evidence/proposal_source_checks.csv:final_url | evidence/proposal_source_checks.csv:source_url | evidence/source_register.csv:final_url | evidence/source_register.csv:source_link,2026-10-07T19:01:32+00:00,HTTP_OK,200,https://www.dorn-spritzguss.de/leistungen/werkzeugbau/,text/html,Werkzeugbau | Dorn Spritzguss GmbH,b76faa303fa45179257072b92ea271b1ffb5b9d6a389d5d07f590c11102cb93e,2,"Availability checked separately from holder, claims, period and operating scope. Full-body SHA-256 is also recorded in proposal_source_checks.csv; source-content review is independent of HTTP availability."
https://www.dorn-spritzguss.de/unternehmen/geschichte/,P58,S-P58-04,data/company_intelligence.csv:source_urls | evidence/companies/P58_dorn_spritzguss_gmbh/evidence.md | evidence/proposal_source_checks.csv:final_url | evidence/proposal_source_checks.csv:source_url | evidence/source_register.csv:final_url | evidence/source_register.csv:source_link,2026-10-07T19:01:32+00:00,HTTP_OK,200,https://www.dorn-spritzguss.de/unternehmen/geschichte/,text/html,Unsere Erfolgsgeschichte | Dorn Spritzguss GmbH,d10656f78203c0e84fe63bf1da692380f682e0fdb5de2a23886d986806c49b2f,2,"Availability checked separately from holder, claims, period and operating scope. Full-body SHA-256 is also recorded in proposal_source_checks.csv; source-content review is independent of HTTP availability."
https://www.dorn-spritzguss.de/unternehmen/nachhaltigkeit/,P58,S-P58-03,data/company_intelligence.csv:source_urls | evidence/companies/P58_dorn_spritzguss_gmbh/evidence.md | evidence/proposal_source_checks.csv:final_url | evidence/proposal_source_checks.csv:source_url | evidence/source_register.csv:final_url | evidence/source_register.csv:source_link,2026-10-07T19:01:31+00:00,HTTP_OK,200,https://www.dorn-spritzguss.de/unternehmen/nachhaltigkeit/,text/html,Nachhaltigkeit & Umweltschutz | Dorn Spritzguss GmbH,3ae6213a8723a06f0618134c11e27a13e2b1e42a1375d998278ffbf9b037bf75,2,"Availability checked separately from holder, claims, period and operating scope. Full-body SHA-256 is also recorded in proposal_source_checks.csv; source-content review is independent of HTTP availability."
https://www.dorn-spritzguss.de/unternehmen/qualitaet/,P58,S-P58-07,data/company_intelligence.csv:source_urls | evidence/companies/P58_dorn_spritzguss_gmbh/evidence.md | evidence/proposal_source_checks.csv:final_url | evidence/proposal_source_checks.csv:source_url | evidence/source_register.csv:final_url | evidence/source_register.csv:source_link,2026-10-07T19:01:32+00:00,HTTP_OK,200,https://www.dorn-spritzguss.de/unternehmen/qualitaet/,text/html,Qualitätssicherung | Dorn Spritzguss GmbH,7792981748285b023325896205104e6495b141fc90e1beedfd83b4e7d2832387,2,"Availability checked separately from holder, claims, period and operating scope. Full-body SHA-256 is also recorded in proposal_source_checks.csv; source-content review is independent of HTTP availability."
https://www.dqsglobal.com/en/customer-database/hartchrom-beck-gmbh,P60,S-P60-07,data/company_intelligence.csv:source_urls | evidence/companies/P60_hartchrom_beck_gmbh/evidence.md | evidence/source_register.csv:final_url | evidence/source_register.csv:source_link,2026-10-07T18:17:23+00:00,HTTP_OK,200,https://www.dqsglobal.com/en/customer-database/hartchrom-beck-gmbh,text/html; charset=UTF-8,Certifications issued for HARTCHROM Beck GmbH,1f1b42bcd698d9013640d6d62365f2ba81013cc61f39100064d33499197c925e,1,"GET retrieval succeeded; entity, claim, currency and certificate validity require separate review."
https://www.dresdnersilber.de/,P105,S-P105-02,data/company_intelligence.csv:source_urls | data/company_intelligence.csv:website | data/company_process_map.csv:process_evidence_url | data/pilot_candidates.csv:independent_source | data/pilot_review_sources.csv:source_url | evidence/certificate_register.csv:certificate_index_url | evidence/companies/P105_dresdner_silber_und_metallveredlung_gmbh/evidence.md | evidence/proposal_source_checks.csv:final_url | evidence/proposal_source_checks.csv:source_url | evidence/source_register.csv:final_url | evidence/source_register.csv:source_link,2026-10-07T18:59:37+00:00,HTTP_OK,200,https://www.dresdnersilber.de/,text/html,"Dresdner Silber und Metallveredlung GmbH, Hersteller für Galvanik",2e42876e278b989406c9d2e68a1f66ab9c265b8a124ce4aeb01b3a4d4c9758a1,2,"Availability checked separately from holder, claims, period and operating scope. Full-body SHA-256 is also recorded in proposal_source_checks.csv; source-content review is independent of HTTP availability."
https://www.dresdnersilber.de/de/zertifikate,P105,S-P105-03,data/company_intelligence.csv:source_urls | evidence/certificate_register.csv:certificate_index_url | evidence/companies/P105_dresdner_silber_und_metallveredlung_gmbh/evidence.md | evidence/source_register.csv:final_url | evidence/source_register.csv:source_link,2026-10-07T18:17:23+00:00,HTTP_OK,200,https://www.dresdnersilber.de/de/zertifikate,text/html;charset=UTF-8,,4321db2f5c462ed860698da010f8a1a68cf83463c7841ab1e88a80210439c8e9,1,"GET retrieval succeeded; entity, claim, currency and certificate validity require separate review."
https://www.dresdnersilber.de/impressum,P105,S-P105-01,evidence/source_register.csv:final_url,2026-10-07T18:17:24+00:00,HTTP_OK,200,https://www.dresdnersilber.de/impressum,text/html;charset=UTF-8,,dd8ff92b5b985864a6635322052b38ea3891a2f1a952ad369b14134a81a6f153,1,"GET retrieval succeeded; entity, claim, currency and certificate validity require separate review."
https://www.dresdnersilber.de/impressum/,P105,S-P105-01,data/company_intelligence.csv:source_urls | data/pilot_candidates.csv:company_source | data/pilot_review_sources.csv:source_url | evidence/companies/P105_dresdner_silber_und_metallveredlung_gmbh/evidence.md | evidence/source_register.csv:source_link,2026-10-07T18:17:24+00:00,REDIRECT_OK,200,https://www.dresdnersilber.de/impressum,text/html;charset=UTF-8,,dd8ff92b5b985864a6635322052b38ea3891a2f1a952ad369b14134a81a6f153,1,"GET retrieval succeeded; entity, claim, currency and certificate validity require separate review."
https://www.efa.nrw/aktuell/details/foerderprogramme-belohnen-unternehmen-die-innovativ-sind-interview-mit-marc-zinkler-braumeister-und-betriebsleiter-der-privatbrauerei-moritz-fiege,P21,S-P21-02,data/company_intelligence.csv:source_urls | data/company_process_map.csv:process_evidence_url | data/pilot_candidates.csv:independent_source | data/pilot_review_sources.csv:source_url | evidence/proposal_source_checks.csv:final_url | evidence/proposal_source_checks.csv:source_url | evidence/source_register.csv:final_url | evidence/source_register.csv:source_link,2026-10-07T19:00:13+00:00,HTTP_OK,200,https://www.efa.nrw/aktuell/details/foerderprogramme-belohnen-unternehmen-die-innovativ-sind-interview-mit-marc-zinkler-braumeister-und-betriebsleiter-der-privatbrauerei-moritz-fiege,text/html,"""Förderprogramme belohnen Unternehmen, die innovativ sind!"" - Interview mit Marc Zinkler, Braumeister und Betriebsleiter der Privatbrauerei Moritz Fiege. - efa NRW",456ee72803f3750bb49793322b9542d4a2df2aea154e9499ff4cf0d4664c0de7,2,"Availability checked separately from holder, claims, period and operating scope. Full-body SHA-256 is also recorded in proposal_source_checks.csv; source-content review is independent of HTTP availability."
https://www.efa.nrw/aktuell/details/projekt-brauerei-der-zukunft-das-rezept-fuer-klimaneutrales-bier,P21,S-P21-04,evidence/proposal_source_checks.csv:final_url | evidence/proposal_source_checks.csv:source_url | evidence/source_register.csv:final_url | evidence/source_register.csv:source_link,2026-10-07T19:00:13+00:00,HTTP_OK,200,https://www.efa.nrw/aktuell/details/projekt-brauerei-der-zukunft-das-rezept-fuer-klimaneutrales-bier,text/html,Projekt „Brauerei der Zukunft” – das Rezept für klimaneutraleres Bier - efa NRW,fe73428431bbd884af859f395509b386469538d6f5ccfb8ceb52eca46ad13493,2,"Availability checked separately from holder, claims, period and operating scope. Full-body SHA-256 is also recorded in proposal_source_checks.csv; source-content review is independent of HTTP availability."
https://www.einbecker-brauhaus.de/,P05,,data/company_intelligence.csv:website,2026-10-06T17:30:32+00:00,HTTP_OK,200,https://www.einbecker-brauhaus.de/,text/html; charset=UTF-8,Einbecker Brauhaus AG - Einbecker Brauhaus AG,12742cd42a43389b3853713149e2ab3305deccd2bf80709f3ba585e3e7d2aa23,1,"GET retrieval succeeded; entity, claim, currency and certificate validity require separate review."
https://www.einbecker-brauhaus.de/aktionaere/berichte,P05,S-P05-02,data/company_intelligence.csv:source_urls | data/pilot_candidates.csv:independent_source | data/pilot_review_sources.csv:source_url | evidence/certificate_register.csv:certificate_index_url | evidence/source_register.csv:final_url | evidence/source_register.csv:source_link,2026-10-06T17:30:32+00:00,HTTP_OK,200,https://www.einbecker-brauhaus.de/aktionaere/berichte,text/html; charset=UTF-8,Berichte - Einbecker Brauhaus AG,cdbca4bedf48ed00fddbf2b280a4081d337b1b1b41c874c972d734489e3ae88f,1,"GET retrieval succeeded; entity, claim, currency and certificate validity require separate review."
https://www.einbecker-brauhaus.de/files/einbecker_gruppe/content/leitbild-und-werte/nachhaltigkeit/umwelterklaerung-ebag-2025.pdf,P05,S-P05-04,data/company_intelligence.csv:source_urls | data/company_process_map.csv:process_evidence_url | data/pilot_review_sources.csv:source_url | evidence/certificate_register.csv:direct_certificate_url | evidence/proposal_source_checks.csv:final_url | evidence/proposal_source_checks.csv:source_url | evidence/source_register.csv:final_url | evidence/source_register.csv:source_link,2026-10-07T18:59:14+00:00,HTTP_OK,200,https://www.einbecker-brauhaus.de/files/einbecker_gruppe/content/leitbild-und-werte/nachhaltigkeit/umwelterklaerung-ebag-2025.pdf,application/pdf,                                                            Umwelt-,21fc0f9176bb687fca2ac38d71e294b65d363005177cd48bea04890491216782,2,"Availability checked separately from holder, claims, period and operating scope. Full-body SHA-256 is also recorded in proposal_source_checks.csv; source-content review is independent of HTTP availability."
https://www.einbecker-brauhaus.de/impressum,P05,S-P05-01,data/pilot_candidates.csv:company_source | data/pilot_review_sources.csv:source_url | evidence/source_register.csv:final_url | evidence/source_register.csv:source_link,2026-10-06T17:30:32+00:00,HTTP_OK,200,https://www.einbecker-brauhaus.de/impressum,text/html; charset=UTF-8,Impressum - Einbecker Brauhaus AG,d40439e33dade9d09255c3ee4a5a257819ddca7de30df706f66ba1a50ed4c1ee,1,"GET retrieval succeeded; entity, claim, currency and certificate validity require separate review."
https://www.einbecker-brauhaus.de/leitbild-werte/nachhaltigkeit,P05,S-P05-03,data/company_intelligence.csv:source_urls | data/pilot_review_sources.csv:source_url | evidence/certificate_register.csv:certificate_index_url | evidence/proposal_source_checks.csv:final_url | evidence/proposal_source_checks.csv:source_url | evidence/source_register.csv:final_url | evidence/source_register.csv:source_link,2026-10-07T18:59:14+00:00,HTTP_OK,200,https://www.einbecker-brauhaus.de/leitbild-werte/nachhaltigkeit,text/html,Nachhaltigkeit - Einbecker Brauhaus AG,e6bc159212ffd1225e34c7fd535b30ea5ef1c9c3aad486d743d8bb4d8c394263,2,"Availability checked separately from holder, claims, period and operating scope. Full-body SHA-256 is also recorded in proposal_source_checks.csv; source-content review is independent of HTTP availability."
https://www.eisch.de/,P69,S-P69-01,data/pilot_candidates.csv:company_source | data/pilot_candidates.csv:independent_source | evidence/source_register.csv:final_url | evidence/source_register.csv:source_link,2026-10-06T17:30:32+00:00,HTTP_OK,200,https://www.eisch.de/,text/html; charset=UTF-8,Eisch Glas - Handveredelte Gläser &amp; Dekanter seit 1946 |EISCH GERMANY,1306e43c2c752cb2c554d7037cf13dc367554e284c5b991e428c63985aee4e68,1,"GET retrieval succeeded; entity, claim, currency and certificate validity require separate review."
https://www.eloxal-hoefler.de/,P39,S-P39-02,data/company_intelligence.csv:source_urls | data/company_intelligence.csv:website | data/company_process_map.csv:process_evidence_url | data/pilot_candidates.csv:independent_source | data/pilot_review_sources.csv:source_url | evidence/certificate_register.csv:certificate_index_url | evidence/companies/P39_eloxal_hoefler_gmbh/evidence.md | evidence/source_register.csv:final_url | evidence/source_register.csv:source_link,2026-10-07T11:14:56+00:00,HTTP_OK,200,https://www.eloxal-hoefler.de/,text/html; charset=utf-8,Eloxieren und Färben von Aluminiumteilen Steisslingen - eloxal höfler gmbh,976be7d1f4b8b26326c2ca61e507b0fd0057ebe6a89e07dc14f1c92eaed13e81,1,"GET retrieval succeeded; entity, claim, currency and certificate validity require separate review."
https://www.eloxal-hoefler.de/files/zertifikate/14001.pdf,P39,S-P39-05,data/company_intelligence.csv:source_urls | evidence/certificate_register.csv:direct_certificate_url | evidence/companies/P39_eloxal_hoefler_gmbh/evidence.md | evidence/proposal_source_checks.csv:final_url | evidence/proposal_source_checks.csv:source_url | evidence/source_register.csv:final_url | evidence/source_register.csv:source_link,2026-10-07T19:00:58+00:00,HTTP_OK,200,https://www.eloxal-hoefler.de/files/zertifikate/14001.pdf,application/pdf,ZERTIFIKAT,2614dfee6ca76afa45ec337fb8721d3574e86473ed5c8146483cef7852bbc905,2,"Availability checked separately from holder, claims, period and operating scope. Full-body SHA-256 is also recorded in proposal_source_checks.csv; source-content review is independent of HTTP availability."
https://www.eloxal-hoefler.de/kontakt.html,P39,S-P39-01,data/company_intelligence.csv:source_urls | data/pilot_candidates.csv:company_source | data/pilot_review_sources.csv:source_url | evidence/companies/P39_eloxal_hoefler_gmbh/evidence.md | evidence/source_register.csv:final_url | evidence/source_register.csv:source_link,2026-10-07T11:14:56+00:00,HTTP_OK,200,https://www.eloxal-hoefler.de/kontakt.html,text/html; charset=utf-8,Kontakt - eloxal höfler gmbh,dba0d503ac29b1a613c81fbe2bd936d9a212796367821ed18d72a9ee312b6175,1,"GET retrieval succeeded; entity, claim, currency and certificate validity require separate review."
https://www.eloxal-hoefler.de/leistungen.html,P39,S-P39-03,data/company_intelligence.csv:source_urls | evidence/companies/P39_eloxal_hoefler_gmbh/evidence.md | evidence/proposal_source_checks.csv:final_url | evidence/proposal_source_checks.csv:source_url | evidence/source_register.csv:final_url | evidence/source_register.csv:source_link,2026-10-07T19:00:58+00:00,HTTP_OK,200,https://www.eloxal-hoefler.de/leistungen.html,text/html,Leistungen - eloxal höfler gmbh,b52acc415d8c7e4be6c9df3e352e3822894447d72a7a88b1d4da2e1fe4e09ca5,2,"Availability checked separately from holder, claims, period and operating scope. Full-body SHA-256 is also recorded in proposal_source_checks.csv; source-content review is independent of HTTP availability."
https://www.eloxal-hoefler.de/ueber-uns.html,P39,S-P39-04,data/company_intelligence.csv:source_urls | evidence/companies/P39_eloxal_hoefler_gmbh/evidence.md | evidence/proposal_source_checks.csv:final_url | evidence/proposal_source_checks.csv:source_url | evidence/source_register.csv:final_url | evidence/source_register.csv:source_link,2026-10-07T19:00:58+00:00,HTTP_OK,200,https://www.eloxal-hoefler.de/ueber-uns.html,text/html,Über uns - eloxal höfler gmbh,4ed5e35bb0284a2c8c7bbdc6c0d082f49950e96f2fd68f07ffe57858b7fc726c,2,"Availability checked separately from holder, claims, period and operating scope. Full-body SHA-256 is also recorded in proposal_source_checks.csv; source-content review is independent of HTTP availability."
https://www.eloxal-hoefler.de/zertifikate.html,P39,S-P39-06,data/company_intelligence.csv:source_urls | evidence/companies/P39_eloxal_hoefler_gmbh/evidence.md | evidence/proposal_source_checks.csv:final_url | evidence/proposal_source_checks.csv:source_url | evidence/source_register.csv:final_url | evidence/source_register.csv:source_link,2026-10-07T19:00:59+00:00,HTTP_OK,200,https://www.eloxal-hoefler.de/zertifikate.html,text/html,Zertifikate - eloxal höfler gmbh,201d98652969920b9cfbc129cc4d9805254aedcce7bbd0a4f66e90e204166243,2,"Availability checked separately from holder, claims, period and operating scope. Full-body SHA-256 is also recorded in proposal_source_checks.csv; source-content review is independent of HTTP availability."
https://www.eloxalwerk-ehingen.com/kontakt/anfahrt/,P38,S-P38-01,data/company_intelligence.csv:source_urls | data/pilot_candidates.csv:company_source | data/pilot_review_sources.csv:source_url | evidence/companies/P38_kraemer_eckert_gmbh_co_kg/evidence.md | evidence/source_register.csv:final_url | evidence/source_register.csv:source_link,2026-10-07T11:14:59+00:00,HTTP_OK,200,https://www.eloxalwerk-ehingen.com/kontakt/anfahrt/,text/html,Anfahrt – Eloxalwerk Ehingen,0b1566960cc6481ce33cf26ec9359722657c1420a7111fdaa73fe168eb73f5af,1,"GET retrieval succeeded; entity, claim, currency and certificate validity require separate review."
https://www.emas.de/fileadmin/user_upload/4-daten-stat/EMAS-TN-Register.pdf,P101 | P50 | P91,S-P101-06 | S-P50-06 | S-P91-05,data/company_intelligence.csv:source_urls | evidence/certificate_register.csv:certificate_index_url | evidence/companies/P101_metoba_metalloberflachenbearbeitung_gmbh/evidence.md | evidence/companies/P50_brauerei_aying_franz_inselkammer_kg/evidence.md | evidence/companies/P91_brauerei_s_riegele_inh_riegele_kg/evidence.md | evidence/proposal_source_checks.csv:final_url | evidence/proposal_source_checks.csv:source_url | evidence/source_register.csv:final_url | evidence/source_register.csv:source_link,2026-10-07T19:02:43+00:00,HTTP_OK,200,https://www.emas.de/fileadmin/user_upload/4-daten-stat/EMAS-TN-Register.pdf,application/pdf,                               EMAS Organisationen in Deutschland                                                                                        Erstellt von der UGA Geschäftsstelle,899bde5035d94426434d94cf7aea1f49dd77c3dbd58adb4c84e784b05657f00c,4,"Availability checked separately from holder, claims, period and operating scope. Full-body SHA-256 is also recorded in proposal_source_checks.csv; source-content review is independent of HTTP availability."
https://www.erlemann-huckenbeck.de/,P78,S-P78-01 | S-P78-02,data/company_intelligence.csv:source_urls | data/company_intelligence.csv:website | data/pilot_candidates.csv:company_source | data/pilot_candidates.csv:independent_source | data/pilot_review_sources.csv:source_url | evidence/certificate_register.csv:certificate_index_url | evidence/companies/P78_erlemann_huckenbeck_gmbh_co_kg/evidence.md | evidence/source_register.csv:final_url | evidence/source_register.csv:source_link,2026-10-07T18:42:36+00:00,HTTP_ERROR,502,https://www.erlemann-huckenbeck.de/,,,,2,"HTTP 502; availability only, no deployment inference."
https://www.familien-braukunst.de/impressum/,P30,S-P30-01,data/company_intelligence.csv:source_urls | data/pilot_candidates.csv:company_source | data/pilot_review_sources.csv:source_url | evidence/companies/P30_privat_brauerei_zoetler_gmbh/evidence.md | evidence/source_register.csv:final_url | evidence/source_register.csv:source_link,2026-10-06T17:30:33+00:00,HTTP_OK,200,https://www.familien-braukunst.de/impressum/,text/html; charset=UTF-8,Impressum - Familien Braukunst,ce4bfae5f2ab198c7ede5b2f95c0013716a2a63a95747e6a7c7f1599dda9d743,1,"GET retrieval succeeded; entity, claim, currency and certificate validity require separate review."
https://www.firmenpresse.de/pressinfo2031659-einblicke-in-die-braukunst-als-erlebnis.html,P95,S-P95-06,evidence/proposal_source_checks.csv:final_url | evidence/proposal_source_checks.csv:source_url | evidence/source_register.csv:final_url | evidence/source_register.csv:source_link,2026-10-08T08:06:03+00:00,HTTP_OK,200,https://www.firmenpresse.de/pressinfo2031659-einblicke-in-die-braukunst-als-erlebnis.html,text/html; charset=utf-8,Einblicke in die Braukunst als Erlebnis,948ca757dbf6ab1487e3e5db87d093e2cf066a7c1e6a9a320b5e1c46c3bf7033,1,Full response body retrieved and relevant content inspected. Scope limitations are recorded in source_register.csv and field_research_20261008.csv.
https://www.floetzinger.de/,P71,S-P71-01 | S-P71-02,data/company_intelligence.csv:source_urls | data/company_intelligence.csv:website | data/company_process_map.csv:process_evidence_url | data/pilot_candidates.csv:company_source | data/pilot_candidates.csv:independent_source | data/pilot_review_sources.csv:source_url | evidence/certificate_register.csv:certificate_index_url | evidence/companies/P71_flotzinger_brauerei_franz_steegmuller_gmbh_co_kg/evidence.md | evidence/source_register.csv:final_url | evidence/source_register.csv:source_link,2026-10-07T18:42:37+00:00,HTTP_OK,200,https://www.floetzinger.de/,text/html; charset=utf-8,Alterskontrolle - Flötzinger Bräu Rosenheim,c949a286eefeef348154099ebebc78117fe98d7cb7674de47a15aa877c1d204f,1,"GET retrieval succeeded; entity, claim, currency and certificate validity require separate review."
https://www.fm-plast.de/,P23,,data/company_intelligence.csv:website | evidence/certificate_register.csv:certificate_index_url,2026-10-06T17:30:38+00:00,HTTP_OK,200,https://www.fm-plast.de/,text/html; charset=UTF-8,Kunststoffverschlüsse vom Produzenten FM-Plast,c7d9688bdc52ecb8145aadf33b0e600029db0df46dd4d0994c338539c56de401,1,"GET retrieval succeeded; entity, claim, currency and certificate validity require separate review."
https://www.fm-plast.de/deutsch/company,P23,,evidence/certificate_register.csv:certificate_index_url,2026-10-06T17:30:40+00:00,HTTP_OK,200,https://www.fm-plast.de/deutsch/company,text/html; charset=UTF-8,Unternehmen FM-Plast,ef37c7f8b122d4985a0667b3f028aae5e97a5d38cc9a230d31098cde0e9da988,1,"GET retrieval succeeded; entity, claim, currency and certificate validity require separate review."
https://www.fm-plast.de/deutsch/environment/,P23,S-P23-02,data/company_intelligence.csv:source_urls | data/company_process_map.csv:process_evidence_url | data/pilot_review_sources.csv:source_url | evidence/proposal_source_checks.csv:final_url | evidence/proposal_source_checks.csv:source_url | evidence/source_register.csv:final_url | evidence/source_register.csv:source_link,2026-10-07T19:00:16+00:00,HTTP_OK,200,https://www.fm-plast.de/deutsch/environment/,text/html,Umwelt,213612b641fcf2f0cc565f08fb401b22dfa679b6e9d1da8a1c911b573fc0561a,2,"Availability checked separately from holder, claims, period and operating scope. Full-body SHA-256 is also recorded in proposal_source_checks.csv; source-content review is independent of HTTP availability."
https://www.fm-plast.de/deutsch/impressum,P23,S-P23-01,data/company_intelligence.csv:source_urls | data/pilot_candidates.csv:company_source | data/pilot_review_sources.csv:source_url | evidence/proposal_source_checks.csv:final_url | evidence/proposal_source_checks.csv:source_url | evidence/source_register.csv:final_url | evidence/source_register.csv:source_link,2026-10-07T19:00:14+00:00,HTTP_OK,200,https://www.fm-plast.de/deutsch/impressum,text/html,Impressum,12f1eac298e855f339a5f2c4abdfc2b7629a57c648284d93218391d262880331,2,"Availability checked separately from holder, claims, period and operating scope. Full-body SHA-256 is also recorded in proposal_source_checks.csv; source-content review is independent of HTTP availability."
https://www.fm-plast.de/media/wysiwyg/PDF/50001_de.pdf,P23,S-P23-04,data/company_intelligence.csv:source_urls | data/pilot_review_sources.csv:source_url | evidence/certificate_register.csv:direct_certificate_url | evidence/proposal_source_checks.csv:final_url | evidence/proposal_source_checks.csv:source_url | evidence/source_register.csv:final_url | evidence/source_register.csv:source_link,2026-10-07T19:00:18+00:00,HTTP_OK,200,https://www.fm-plast.de/media/wysiwyg/PDF/50001_de.pdf,application/pdf,Zertifikat,e1fb7cba75ddf498c5128cafb0e16004e795f9a5e7797fbb642c2ab17c9a0bb5,2,"Availability checked separately from holder, claims, period and operating scope. Full-body SHA-256 is also recorded in proposal_source_checks.csv; source-content review is independent of HTTP availability."
https://www.forschungsstiftung.bayern.de/projekt/verbesserte-energieausbeute-beim-hartanodisieren/,P41,S-P41-05,data/company_intelligence.csv:source_urls | evidence/companies/P41_galvano_weis_weis_gmbh_co_galvanische_werkstaette_kg/evidence.md | evidence/source_register.csv:final_url | evidence/source_register.csv:source_link,2026-10-07T11:15:02+00:00,HTTP_OK,200,https://www.forschungsstiftung.bayern.de/projekt/verbesserte-energieausbeute-beim-hartanodisieren/,text/html; charset=UTF-8,Verbesserte Energieausbeute beim Hartanodisieren &#8211; Bayerische Transformations- und Forschungsstiftung,51af061b41f5ffb97df545a5896e7181e5900f3fadecc2837e4329542bda8455,1,"GET retrieval succeeded; entity, claim, currency and certificate validity require separate review."
https://www.frank-formenbau-spritzguss.de/,P98,S-P98-02,data/company_intelligence.csv:source_urls | data/company_intelligence.csv:website | data/company_process_map.csv:process_evidence_url | data/pilot_candidates.csv:independent_source | data/pilot_review_sources.csv:source_url | evidence/certificate_register.csv:certificate_index_url | evidence/companies/P98_robert_frank_gmbh_co_kg/evidence.md | evidence/source_register.csv:final_url | evidence/source_register.csv:source_link,2026-10-07T18:17:24+00:00,HTTP_OK,200,https://www.frank-formenbau-spritzguss.de/,text/html;charset=utf-8,Frank Formenbau &amp; Spritzguss | Präzision aus Deutschland,1d1a00efd7cc2b04f29723ca5735f0f6c843df317057c67a919b360e77085c19,1,"GET retrieval succeeded; entity, claim, currency and certificate validity require separate review."
https://www.frank-formenbau-spritzguss.de/impressum/,P98,S-P98-01,data/company_intelligence.csv:source_urls | data/pilot_candidates.csv:company_source | data/pilot_review_sources.csv:source_url | evidence/companies/P98_robert_frank_gmbh_co_kg/evidence.md | evidence/source_register.csv:final_url | evidence/source_register.csv:source_link,2026-10-07T18:17:28+00:00,HTTP_OK,200,https://www.frank-formenbau-spritzguss.de/impressum/,text/html;charset=utf-8,Frank Formenbau - Impressum,ae0dde0d4c1821b23c02ad93c8dcd5d5f6f753ee01102643ded5732912dbb0c4,1,"GET retrieval succeeded; entity, claim, currency and certificate validity require separate review."
https://www.frank-formenbau-spritzguss.de/kompetenz/formenbau/,P98,S-P98-04,data/company_intelligence.csv:source_urls | evidence/companies/P98_robert_frank_gmbh_co_kg/evidence.md | evidence/proposal_source_checks.csv:source_url | evidence/source_register.csv:source_link,2026-10-07T19:02:53+00:00,REDIRECT_OK,200,https://www.frank-formenbau-spritzguss.de/leistungen/formenbau-automation/,text/html,Präzisionsformenbau: Werkzeugbau u. Formenbau von Robert Frank GmbH aus Bayern,e7a7015b69e9f314a840347e34dc824a5ab14e4030ad96bfb7cbc719819f0f15,2,"Availability checked separately from holder, claims, period and operating scope. Full-body SHA-256 is also recorded in proposal_source_checks.csv; source-content review is independent of HTTP availability."
https://www.frank-formenbau-spritzguss.de/leistungen/formenbau-automation/,P98,S-P98-04,evidence/source_register.csv:final_url,2026-10-07T18:18:42+00:00,HTTP_OK,200,https://www.frank-formenbau-spritzguss.de/leistungen/formenbau-automation/,text/html;charset=utf-8,Präzisionsformenbau: Werkzeugbau u. Formenbau von Robert Frank GmbH aus Bayern,e7a7015b69e9f314a840347e34dc824a5ab14e4030ad96bfb7cbc719819f0f15,1,"GET retrieval succeeded; entity, claim, currency and certificate validity require separate review."
https://www.frank-formenbau-spritzguss.de/leistungen/spritzguss-kunststoffteile/,P98,S-P98-03,data/company_intelligence.csv:source_urls | evidence/companies/P98_robert_frank_gmbh_co_kg/evidence.md | evidence/proposal_source_checks.csv:final_url | evidence/proposal_source_checks.csv:source_url | evidence/source_register.csv:final_url | evidence/source_register.csv:source_link,2026-10-07T19:02:52+00:00,HTTP_OK,200,https://www.frank-formenbau-spritzguss.de/leistungen/spritzguss-kunststoffteile/,text/html,Kunststoffspritzguss und Kunststoffteile serienmäßig: Robert Frank GmbH Berchtesgaden,884701fa65069941a04bbd7038ecc52435d1db2d5fdefdcc2078c6a35d8067ad,2,"Availability checked separately from holder, claims, period and operating scope. Full-body SHA-256 is also recorded in proposal_source_checks.csv; source-content review is independent of HTTP availability."
https://www.frankenpost.de/inhalt.freudige-nachricht-rieseninvestition-in-holenbrunn.54fc6b3d-9ea0-4a78-96f6-b22af96cd3b1.html,P19,S-P19-06,data/company_intelligence.csv:source_urls | data/pilot_review_sources.csv:source_url | evidence/source_register.csv:final_url | evidence/source_register.csv:source_link,2026-10-06T17:30:40+00:00,HTTP_OK,200,https://www.frankenpost.de/inhalt.freudige-nachricht-rieseninvestition-in-holenbrunn.54fc6b3d-9ea0-4a78-96f6-b22af96cd3b1.html,text/html;charset=UTF-8,Glas mit Weltformat : Lamberts investiert 30 Millionen Euro am Standort Wunsiedel - Fichtelgebirge - Frankenpost,a394361746ae35eb6730d26e9f26c963601d344b93ff5d4c5d0a26811f9685b5,1,"GET retrieval succeeded; entity, claim, currency and certificate validity require separate review."
https://www.fuerstenberg-porzellan.com/,P65,S-P65-01,data/company_intelligence.csv:source_urls | data/company_intelligence.csv:website | data/company_process_map.csv:process_evidence_url | data/pilot_candidates.csv:company_source | data/pilot_review_sources.csv:source_url | data/research_results.csv:source_urls | evidence/certificate_register.csv:certificate_index_url | evidence/companies/P65_porzellanmanufaktur_fuerstenberg_gmbh/evidence.md | evidence/source_register.csv:final_url | evidence/source_register.csv:source_link,2026-10-07T18:42:37+00:00,HTTP_OK,200,https://www.fuerstenberg-porzellan.com/,text/html; charset=UTF-8,FÜRSTENBERG Porzellan: Ihre Porzellanmanufaktur seit 1747,cf9e16cff5d6cb14796cba557968250f9cb62e93a3fcf800aa95edc61905a49e,1,"GET retrieval succeeded; entity, claim, currency and certificate validity require separate review."
https://www.fuerstenberg-porzellan.com/en/blog/blick-in-die-produktion,P65,S-P65-03,data/company_intelligence.csv:source_urls | evidence/companies/P65_porzellanmanufaktur_fuerstenberg_gmbh/evidence.md | evidence/proposal_source_checks.csv:final_url | evidence/proposal_source_checks.csv:source_url | evidence/source_register.csv:final_url | evidence/source_register.csv:source_link,2026-10-07T19:01:49+00:00,HTTP_OK,200,https://www.fuerstenberg-porzellan.com/en/blog/blick-in-die-produktion,text/html,View into the production | FÜRSTENBERG porcelain manufactory,b0e996ad4544d3f420d82611190a6ce04d77002e149044fb0e3b6f48de818b66,2,"Availability checked separately from holder, claims, period and operating scope. Full-body SHA-256 is also recorded in proposal_source_checks.csv; source-content review is independent of HTTP availability."
https://www.fv-technische-keramik.de/,P106,S-P106-02,data/company_intelligence.csv:source_urls | data/company_intelligence.csv:website | data/pilot_candidates.csv:independent_source | data/pilot_review_sources.csv:source_url | evidence/certificate_register.csv:certificate_index_url | evidence/companies/P106_felix_vuckovic_technische_keramik_gmbh/evidence.md | evidence/source_register.csv:final_url | evidence/source_register.csv:source_link,2026-10-07T18:17:30+00:00,HTTP_OK,200,https://www.fv-technische-keramik.de/,text/html; charset=utf-8,Felix Vuckovic | Technische Keramik GmbH - Felix Vuckovic - Technische Keramik GmbH,1652754ed9295f95e0db8ab7b210dacd1b09f35e87778a45a5a553e92ad9bf25,1,"GET retrieval succeeded; entity, claim, currency and certificate validity require separate review."
https://www.fv-technische-keramik.de/impressum/,P106,S-P106-01,data/company_intelligence.csv:source_urls | data/pilot_candidates.csv:company_source | data/pilot_review_sources.csv:source_url | evidence/companies/P106_felix_vuckovic_technische_keramik_gmbh/evidence.md | evidence/source_register.csv:final_url | evidence/source_register.csv:source_link,2026-10-07T18:17:30+00:00,HTTP_OK,200,https://www.fv-technische-keramik.de/impressum/,text/html; charset=utf-8,Impressum - Felix Vuckovic - Technische Keramik GmbH,38310aebe15794d8eb9be9a77ccf7acd28428256541661f4c8a1e880cee01306,1,"GET retrieval succeeded; entity, claim, currency and certificate validity require separate review."
https://www.fv-technische-keramik.de/unternehmen/,P106,S-P106-04,data/company_intelligence.csv:source_urls | evidence/companies/P106_felix_vuckovic_technische_keramik_gmbh/evidence.md | evidence/source_register.csv:final_url | evidence/source_register.csv:source_link,2026-10-07T18:17:31+00:00,HTTP_OK,200,https://www.fv-technische-keramik.de/unternehmen/,text/html; charset=utf-8,Unternehmen - Felix Vuckovic - Technische Keramik GmbH,75a6e76deac177446966a56190d573afc8a55dc6949b992f3fa6a98a101f0ee2,1,"GET retrieval succeeded; entity, claim, currency and certificate validity require separate review."
https://www.fv-technische-keramik.de/unternehmen/fertigungsverfahren/,P106,S-P106-03,data/company_intelligence.csv:source_urls | data/company_process_map.csv:process_evidence_url | evidence/companies/P106_felix_vuckovic_technische_keramik_gmbh/evidence.md | evidence/proposal_source_checks.csv:final_url | evidence/proposal_source_checks.csv:source_url | evidence/source_register.csv:final_url | evidence/source_register.csv:source_link,2026-10-07T18:59:38+00:00,HTTP_OK,200,https://www.fv-technische-keramik.de/unternehmen/fertigungsverfahren/,text/html,Fertigungsverfahren - Felix Vuckovic - Technische Keramik GmbH,ce7e9165985f24cd020c85d6c7a8f8a21b82ff97e11d9b8e8a58675d84041bdb,2,"Availability checked separately from holder, claims, period and operating scope. Full-body SHA-256 is also recorded in proposal_source_checks.csv; source-content review is independent of HTTP availability."
https://www.galvanik-horstmann.de/,P61,,data/company_intelligence.csv:website,2026-10-07T11:41:00+00:00,HTTP_OK,200,https://www.galvanik-horstmann.de/,text/html; charset=UTF-8,Galvanik – Vergolden Verzinnen Versilbern Vernickeln Verzinken Verkupfern - Galvanik-Horstmann GmbH Hildesheim,cd497e6d1fdf142c2f6a28550055201f568fcbfdebf7fb68c665911064ef7557,1,"GET retrieval succeeded; entity, claim, currency and certificate validity require separate review."
https://www.galvanik-horstmann.de/galvanotechnik/,P61,S-P61-02,data/company_intelligence.csv:source_urls | data/pilot_candidates.csv:independent_source | data/pilot_review_sources.csv:source_url | evidence/companies/P61_galvanik_horstmann_gmbh/evidence.md | evidence/source_register.csv:final_url | evidence/source_register.csv:source_link,2026-10-07T11:41:00+00:00,HTTP_OK,200,https://www.galvanik-horstmann.de/galvanotechnik/,text/html; charset=UTF-8,Galvanotechnik - Galvanik-Horstmann GmbH Hildesheim,0e96a9630420289c0cb45c84fabe183163ae6a57f94335100ca862e34ab38422,1,"GET retrieval succeeded; entity, claim, currency and certificate validity require separate review."
https://www.galvanik-horstmann.de/impressum/,P61,S-P61-01,data/company_intelligence.csv:source_urls | data/pilot_candidates.csv:company_source | data/pilot_review_sources.csv:source_url | evidence/certificate_register.csv:certificate_index_url | evidence/companies/P61_galvanik_horstmann_gmbh/evidence.md | evidence/source_register.csv:final_url | evidence/source_register.csv:source_link,2026-10-07T11:41:00+00:00,HTTP_OK,200,https://www.galvanik-horstmann.de/impressum/,text/html; charset=UTF-8,Impressum - Galvanik-Horstmann GmbH Hildesheim,c0a7fa8b349669a124b1199a36fb30bb7933ae4e92a391f3714341585aa26b69,1,"GET retrieval succeeded; entity, claim, currency and certificate validity require separate review."
https://www.galvanik-horstmann.de/leistungen/,P61,S-P61-03,data/company_intelligence.csv:source_urls | data/company_process_map.csv:process_evidence_url | evidence/companies/P61_galvanik_horstmann_gmbh/evidence.md | evidence/proposal_source_checks.csv:final_url | evidence/proposal_source_checks.csv:source_url | evidence/source_register.csv:final_url | evidence/source_register.csv:source_link,2026-10-07T19:01:39+00:00,HTTP_OK,200,https://www.galvanik-horstmann.de/leistungen/,text/html,Leistungen - Galvanik-Horstmann GmbH Hildesheim,a849b1f0ebbfad0dbd92a750785453c90f391d0f8380ded266a0f84fd39cb4f2,2,"Availability checked separately from holder, claims, period and operating scope. Full-body SHA-256 is also recorded in proposal_source_checks.csv; source-content review is independent of HTTP availability."
https://www.galvanik-horstmann.de/umwelt/,P61,S-P61-05,data/company_intelligence.csv:source_urls | evidence/companies/P61_galvanik_horstmann_gmbh/evidence.md | evidence/proposal_source_checks.csv:final_url | evidence/proposal_source_checks.csv:source_url | evidence/source_register.csv:final_url | evidence/source_register.csv:source_link,2026-10-07T19:01:41+00:00,HTTP_OK,200,https://www.galvanik-horstmann.de/umwelt/,text/html,Grundsatzerklärung zur Umweltpolitik - Galvanik-Horstmann GmbH Hildesheim,51251d25c7bee5ea9ba7a7894f71df3f85f457072c643c6b91cc1af84f37f0b1,2,"Availability checked separately from holder, claims, period and operating scope. Full-body SHA-256 is also recorded in proposal_source_checks.csv; source-content review is independent of HTTP availability."
https://www.galvanik-horstmann.de/unser-pruefverfahren/,P61,S-P61-04,data/company_intelligence.csv:source_urls | evidence/companies/P61_galvanik_horstmann_gmbh/evidence.md | evidence/proposal_source_checks.csv:final_url | evidence/proposal_source_checks.csv:source_url | evidence/source_register.csv:final_url | evidence/source_register.csv:source_link,2026-10-07T19:01:40+00:00,HTTP_OK,200,https://www.galvanik-horstmann.de/unser-pruefverfahren/,text/html,Unser Prüfverfahren - Galvanik-Horstmann GmbH Hildesheim,4bbe250c8c1bcb7f23f7a4b9470ea33f4e93e1574944f9f3231281bb2ab12bea,2,"Availability checked separately from holder, claims, period and operating scope. Full-body SHA-256 is also recorded in proposal_source_checks.csv; source-content review is independent of HTTP availability."
https://www.galvanik-horstmann.de/wp-content/uploads/2020/11/GalvanikHorstmann.pdf,P61,S-P61-06,data/company_intelligence.csv:source_urls | evidence/companies/P61_galvanik_horstmann_gmbh/evidence.md | evidence/proposal_source_checks.csv:final_url | evidence/proposal_source_checks.csv:source_url | evidence/source_register.csv:final_url | evidence/source_register.csv:source_link,2026-10-07T19:01:41+00:00,HTTP_OK,200,https://www.galvanik-horstmann.de/wp-content/uploads/2020/11/GalvanikHorstmann.pdf,application/pdf,Alles andere als,cd38a7d0cdc4b4882c315f2648b04552885ee4693c5c3ed0f441bf64eb805b7c,2,"Availability checked separately from holder, claims, period and operating scope. Full-body SHA-256 is also recorded in proposal_source_checks.csv; source-content review is independent of HTTP availability."
https://www.galvano-weis.com/,P41,S-P41-01,data/company_intelligence.csv:source_urls | data/company_intelligence.csv:website | data/pilot_candidates.csv:company_source | data/pilot_review_sources.csv:source_url | evidence/certificate_register.csv:certificate_index_url | evidence/companies/P41_galvano_weis_weis_gmbh_co_galvanische_werkstaette_kg/evidence.md | evidence/source_register.csv:final_url | evidence/source_register.csv:source_link,2026-10-07T11:15:02+00:00,HTTP_OK,200,https://www.galvano-weis.com/,text/html,Galvanik und Oberflächentechnik | Galvano Weis,4f2f4397978bf45840c58e351ca8ae4726adafd1b06c893c73e746cb3dfabf27,1,"GET retrieval succeeded; entity, claim, currency and certificate validity require separate review."
https://www.galvano-weis.com/assets/img/Zertifikat_iso_14001_de.pdf,P41,S-P41-03,data/company_intelligence.csv:source_urls | evidence/certificate_register.csv:direct_certificate_url | evidence/companies/P41_galvano_weis_weis_gmbh_co_galvanische_werkstaette_kg/evidence.md | evidence/proposal_source_checks.csv:final_url | evidence/proposal_source_checks.csv:source_url | evidence/source_register.csv:final_url | evidence/source_register.csv:source_link,2026-10-07T19:01:01+00:00,HTTP_OK,200,https://www.galvano-weis.com/assets/img/Zertifikat_iso_14001_de.pdf,application/pdf,                                  Galvano Weis GmbH & Co.KG,b24278a3d369a6f4e0d11fad3e7ed9ab9bf83a690fd8d1150e7598fafad636fa,2,"Availability checked separately from holder, claims, period and operating scope. Full-body SHA-256 is also recorded in proposal_source_checks.csv; source-content review is independent of HTTP availability."
https://www.galvano-weis.com/impressum,P41,S-P41-06,data/company_intelligence.csv:source_urls | data/company_process_map.csv:process_evidence_url | evidence/companies/P41_galvano_weis_weis_gmbh_co_galvanische_werkstaette_kg/evidence.md | evidence/proposal_source_checks.csv:final_url | evidence/proposal_source_checks.csv:source_url | evidence/source_register.csv:final_url | evidence/source_register.csv:source_link,2026-10-07T19:01:02+00:00,HTTP_OK,200,https://www.galvano-weis.com/impressum,text/html,Impressum | Galvano Weis,217b0534b5175b4affbd2ecf85d614e225896744e98fc6bd48fce49930e407d4,2,"Availability checked separately from holder, claims, period and operating scope. Full-body SHA-256 is also recorded in proposal_source_checks.csv; source-content review is independent of HTTP availability."
https://www.galvano-weis.com/umwelt,P41,S-P41-04,data/company_intelligence.csv:source_urls | evidence/companies/P41_galvano_weis_weis_gmbh_co_galvanische_werkstaette_kg/evidence.md | evidence/proposal_source_checks.csv:final_url | evidence/proposal_source_checks.csv:source_url | evidence/source_register.csv:final_url | evidence/source_register.csv:source_link,2026-10-07T19:01:01+00:00,HTTP_OK,200,https://www.galvano-weis.com/umwelt,text/html,Umwelt | Galvano Weis,bb25a682d9ee51a007ca1de0d2d007b7db075a1d330796a9279ead4198c8cc07,2,"Availability checked separately from holder, claims, period and operating scope. Full-body SHA-256 is also recorded in proposal_source_checks.csv; source-content review is independent of HTTP availability."
https://www.galvanotec-hagen.de/,P82,S-P82-01 | S-P82-02,data/company_intelligence.csv:source_urls | data/company_intelligence.csv:website | data/company_process_map.csv:process_evidence_url | data/pilot_candidates.csv:company_source | data/pilot_candidates.csv:independent_source | data/pilot_review_sources.csv:source_url | evidence/certificate_register.csv:certificate_index_url | evidence/companies/P82_galvanotec_hagen_gmbh_co_kg/evidence.md | evidence/proposal_source_checks.csv:final_url | evidence/proposal_source_checks.csv:source_url | evidence/source_register.csv:final_url | evidence/source_register.csv:source_link,2026-10-07T19:02:27+00:00,HTTP_OK,200,https://www.galvanotec-hagen.de/,text/html,Galvanotec-Hagen - Startseite,3295070e0bc47ffd3879e08b7c56251ab9259a376dd9c762513c0d24eb708794,2,"Availability checked separately from holder, claims, period and operating scope. Full-body SHA-256 is also recorded in proposal_source_checks.csv; source-content review is independent of HTTP availability."
https://www.galvanotec-hagen.de/qualitaetsmanagement,P82,S-P82-03,data/company_intelligence.csv:source_urls | evidence/companies/P82_galvanotec_hagen_gmbh_co_kg/evidence.md | evidence/source_register.csv:final_url | evidence/source_register.csv:source_link,2026-10-07T18:42:40+00:00,HTTP_OK,200,https://www.galvanotec-hagen.de/qualitaetsmanagement,text/html,Galvanotec-Hagen - Qualitätsmanagement,f51ee4b9d2be0e9525a8448d42fb3965223634191d694fecf2e7537d4e52e276,1,"GET retrieval succeeded; entity, claim, currency and certificate validity require separate review."
https://www.galvanotec.de/,P83,S-P83-02,data/company_intelligence.csv:source_urls | data/company_intelligence.csv:website | data/company_process_map.csv:process_evidence_url | data/pilot_candidates.csv:independent_source | data/pilot_review_sources.csv:source_url | evidence/certificate_register.csv:certificate_index_url | evidence/companies/P83_gerbracht_monch_galvanotechnik_gmbh/evidence.md | evidence/proposal_source_checks.csv:final_url | evidence/proposal_source_checks.csv:source_url | evidence/source_register.csv:final_url | evidence/source_register.csv:source_link,2026-10-07T19:02:32+00:00,HTTP_OK,200,https://www.galvanotec.de/,text/html,Startseite,15049efe387dc3c0a3ac0d2495c20e03363d95323590fb216fe2462ef473c19a,3,"Availability checked separately from holder, claims, period and operating scope. Full-body SHA-256 is also recorded in proposal_source_checks.csv; source-content review is independent of HTTP availability."
https://www.galvanotec.de/impressum/,P83,S-P83-01,data/company_intelligence.csv:source_urls | data/pilot_candidates.csv:company_source | data/pilot_review_sources.csv:source_url | evidence/companies/P83_gerbracht_monch_galvanotechnik_gmbh/evidence.md | evidence/proposal_source_checks.csv:final_url | evidence/proposal_source_checks.csv:source_url | evidence/source_register.csv:final_url | evidence/source_register.csv:source_link,2026-10-07T19:02:32+00:00,HTTP_OK,200,https://www.galvanotec.de/impressum/,text/html,Impressum,924c6dae5e0b50ebdf728a5c03e826c478211d61eb76051697a42729fdf5e022,2,"Availability checked separately from holder, claims, period and operating scope. Full-body SHA-256 is also recorded in proposal_source_checks.csv; source-content review is independent of HTTP availability."
https://www.galvanotechnic.de/,P85,S-P85-01 | S-P85-02,data/company_intelligence.csv:source_urls | data/company_intelligence.csv:website | data/company_process_map.csv:process_evidence_url | data/pilot_candidates.csv:company_source | data/pilot_candidates.csv:independent_source | data/pilot_review_sources.csv:source_url | evidence/certificate_register.csv:certificate_index_url | evidence/companies/P85_die_schweizer_galvanotechnic_gmbh_co_kg/evidence.md | evidence/source_register.csv:source_link,2026-10-07T18:42:42+00:00,REDIRECT_OK,200,https://www.galvanotechnic.de/meta/home-schweizer-galvanotechnic.html,text/html; charset=utf-8,"Home - Schweizer Galvanotechnic&nbsp;-&nbsp;perfekt in Metallveredelung / Galvanotechnik, seit fast 80 Jahren. Nickel, Zink, Zinn ...&nbsp;-&nbsp;Schweizer-Galvano.de",80918cd59762e25045122466854b1b9e1480611f75e69ba8721e4d723c3baced,1,"GET retrieval succeeded; entity, claim, currency and certificate validity require separate review."
https://www.galvanotechnic.de/meta/home-schweizer-galvanotechnic.html,P85,S-P85-01 | S-P85-02,evidence/source_register.csv:final_url,2026-10-07T18:42:43+00:00,HTTP_OK,200,https://www.galvanotechnic.de/meta/home-schweizer-galvanotechnic.html,text/html; charset=utf-8,"Home - Schweizer Galvanotechnic&nbsp;-&nbsp;perfekt in Metallveredelung / Galvanotechnik, seit fast 80 Jahren. Nickel, Zink, Zinn ...&nbsp;-&nbsp;Schweizer-Galvano.de",80918cd59762e25045122466854b1b9e1480611f75e69ba8721e4d723c3baced,1,"GET retrieval succeeded; entity, claim, currency and certificate validity require separate review."
https://www.galvanotechnik-kessel.de/,P62,S-P62-03,data/company_intelligence.csv:source_urls | data/company_intelligence.csv:website | data/company_process_map.csv:process_evidence_url | evidence/companies/P62_galvanotechnik_kessel_gmbh_co_kg/evidence.md | evidence/proposal_source_checks.csv:final_url | evidence/proposal_source_checks.csv:source_url | evidence/source_register.csv:final_url | evidence/source_register.csv:source_link,2026-10-07T19:01:47+00:00,HTTP_OK,200,https://www.galvanotechnik-kessel.de/,text/html,Startseite - Galvanotechnik Kessel GmbH & Co. KG | Technische Oberflächen,fb4f4dd7c1564a3691e9ab541b65aec9cafab129e1e3064237e7a201701e0d9e,2,"Availability checked separately from holder, claims, period and operating scope. Full-body SHA-256 is also recorded in proposal_source_checks.csv; source-content review is independent of HTTP availability."
https://www.galvanotechnik-kessel.de/impressum/,P62,S-P62-01,data/company_intelligence.csv:source_urls | data/pilot_candidates.csv:company_source | data/pilot_review_sources.csv:source_url | evidence/certificate_register.csv:certificate_index_url | evidence/companies/P62_galvanotechnik_kessel_gmbh_co_kg/evidence.md | evidence/source_register.csv:final_url | evidence/source_register.csv:source_link,2026-10-07T18:42:45+00:00,HTTP_OK,200,https://www.galvanotechnik-kessel.de/impressum/,text/html; charset=UTF-8,Impressum - Galvanotechnik Kessel GmbH &amp; Co. KG | Technische Oberflächen,e7770033abbea09a4eb412807085b8ac07a7691b694fc9326382aa1d2223ee42,1,"GET retrieval succeeded; entity, claim, currency and certificate validity require separate review."
https://www.galvanotechnik-kessel.de/qualitaet/energiemanagement/,P62,S-P62-06,data/company_intelligence.csv:source_urls | evidence/certificate_register.csv:certificate_index_url | evidence/companies/P62_galvanotechnik_kessel_gmbh_co_kg/evidence.md | evidence/proposal_source_checks.csv:final_url | evidence/proposal_source_checks.csv:source_url | evidence/source_register.csv:final_url | evidence/source_register.csv:source_link,2026-10-07T19:01:48+00:00,HTTP_OK,200,https://www.galvanotechnik-kessel.de/qualitaet/energiemanagement/,text/html,Energiemanagement - Galvanotechnik Kessel GmbH & Co. KG | Technische Oberflächen,96461470f49a329db3c9e135057ea7f5bc52ae8fc2581518888a22153c399d5e,2,"Availability checked separately from holder, claims, period and operating scope. Full-body SHA-256 is also recorded in proposal_source_checks.csv; source-content review is independent of HTTP availability."
https://www.galvanotechnik-kessel.de/qualitaet/umweltmanagement/,P62,S-P62-07,data/company_intelligence.csv:source_urls | evidence/certificate_register.csv:certificate_index_url | evidence/companies/P62_galvanotechnik_kessel_gmbh_co_kg/evidence.md | evidence/source_register.csv:final_url | evidence/source_register.csv:source_link,2026-10-07T18:42:46+00:00,HTTP_OK,200,https://www.galvanotechnik-kessel.de/qualitaet/umweltmanagement/,text/html; charset=UTF-8,Umweltmanagement - Galvanotechnik Kessel GmbH &amp; Co. KG | Technische Oberflächen,1c920a6f303c0c142809297477515fa8feb85286075b88628a3ff59c9b04e356,1,"GET retrieval succeeded; entity, claim, currency and certificate validity require separate review."
https://www.galvanotechnik-kessel.de/wp-content/uploads/2024/12/Zertifikat_EM_50001_22638-Z04013_deutsch_bis2027-1-1.jpg,P62,S-P62-04,data/company_intelligence.csv:source_urls | evidence/certificate_register.csv:direct_certificate_url | evidence/companies/P62_galvanotechnik_kessel_gmbh_co_kg/evidence.md | evidence/proposal_source_checks.csv:final_url | evidence/proposal_source_checks.csv:source_url | evidence/source_register.csv:final_url | evidence/source_register.csv:source_link,2026-10-07T19:01:47+00:00,HTTP_OK,200,https://www.galvanotechnik-kessel.de/wp-content/uploads/2024/12/Zertifikat_EM_50001_22638-Z04013_deutsch_bis2027-1-1.jpg,image/jpeg,,37b9d1f2288d66f7a82397c3f4914b9c50efc20a2beba7ba8235da6fb5c1a4df,2,"Availability checked separately from holder, claims, period and operating scope. Full-body SHA-256 is also recorded in proposal_source_checks.csv; source-content review is independent of HTTP availability."
https://www.galvanotechnik-kessel.de/wp-content/uploads/2024/12/Zertifikat_UM_14001_22638-Z04012_deutsch_bis2027-1.jpg,P62,S-P62-05,data/company_intelligence.csv:source_urls | evidence/certificate_register.csv:direct_certificate_url | evidence/companies/P62_galvanotechnik_kessel_gmbh_co_kg/evidence.md | evidence/source_register.csv:final_url | evidence/source_register.csv:source_link,2026-10-07T18:42:50+00:00,HTTP_OK,200,https://www.galvanotechnik-kessel.de/wp-content/uploads/2024/12/Zertifikat_UM_14001_22638-Z04012_deutsch_bis2027-1.jpg,image/jpeg,,c534a7eddfa6670091fff31c45d4b98da11f6a2a762e8660b5dfcd84ba36fd90,1,"GET retrieval succeeded; entity, claim, currency and certificate validity require separate review."
https://www.gindele.de/,P33,S-P33-01 | S-P33-06,data/company_intelligence.csv:source_urls | data/company_intelligence.csv:website | data/pilot_candidates.csv:company_source | data/pilot_review_sources.csv:source_url | evidence/certificate_register.csv:certificate_index_url | evidence/companies/P33_gindele_gmbh/evidence.md | evidence/proposal_source_checks.csv:final_url | evidence/proposal_source_checks.csv:source_url | evidence/source_register.csv:final_url | evidence/source_register.csv:source_link,2026-10-07T19:00:45+00:00,HTTP_OK,200,https://www.gindele.de/,text/html,"Spritzguss kann mehr. Qualitäts-Spritzguss ab 0,02 Gramm. - Gindele GmbH",5c4f44e36d1edfbd328cefb2601b09b311622a0a7603156b6083d3782850f342,2,"Availability checked separately from holder, claims, period and operating scope. Full-body SHA-256 is also recorded in proposal_source_checks.csv; source-content review is independent of HTTP availability."
https://www.gindele.de/fileadmin/user_upload/download/Gindele_Certificate_14001_englisch.pdf,P33,S-P33-05,data/company_intelligence.csv:source_urls | evidence/certificate_register.csv:direct_certificate_url | evidence/proposal_source_checks.csv:final_url | evidence/proposal_source_checks.csv:source_url | evidence/source_register.csv:final_url | evidence/source_register.csv:source_link,2026-10-07T19:00:45+00:00,HTTP_OK,200,https://www.gindele.de/fileadmin/user_upload/download/Gindele_Certificate_14001_englisch.pdf,application/pdf,Certificate,6ef2bb4e752bc0907d5243fbd26f8d88eab26874334f2ec480fcfd0a38b5954c,2,"Availability checked separately from holder, claims, period and operating scope. Full-body SHA-256 is also recorded in proposal_source_checks.csv; source-content review is independent of HTTP availability."
https://www.gindele.de/leistungen/automatisierung.html,P33,S-P33-04,data/company_intelligence.csv:source_urls | evidence/proposal_source_checks.csv:final_url | evidence/proposal_source_checks.csv:source_url | evidence/source_register.csv:final_url | evidence/source_register.csv:source_link,2026-10-07T19:00:44+00:00,HTTP_OK,200,https://www.gindele.de/leistungen/automatisierung.html,text/html,Automatisierung: Mehr Taktgefühl. Intelligente Produktionsabläufe. - Gindele GmbH,36bf2d62313d775d0984463c78cdcddc727d578a5e8607587c0bb24caaffbc7e,2,"Availability checked separately from holder, claims, period and operating scope. Full-body SHA-256 is also recorded in proposal_source_checks.csv; source-content review is independent of HTTP availability."
https://www.gindele.de/leistungen/spritzguss.html,P33,S-P33-03,data/company_intelligence.csv:source_urls | data/company_process_map.csv:process_evidence_url | evidence/proposal_source_checks.csv:final_url | evidence/proposal_source_checks.csv:source_url | evidence/source_register.csv:final_url | evidence/source_register.csv:source_link,2026-10-07T19:00:44+00:00,HTTP_OK,200,https://www.gindele.de/leistungen/spritzguss.html,text/html,"Spritzguss: Mehr Möglichkeiten. Zuverlässig, hundertstelgenau. - Gindele GmbH",71aad920625940b89ddc37e2bf55e9363fba6d12d951ec436f5615713e9e5e55,2,"Availability checked separately from holder, claims, period and operating scope. Full-body SHA-256 is also recorded in proposal_source_checks.csv; source-content review is independent of HTTP availability."
https://www.gws-mk.de/oekoprofit-workshop-nachhaltigkeit-und-ressourceneffizienz-im-fokus/,P101,S-P101-05,data/company_intelligence.csv:source_urls | evidence/companies/P101_metoba_metalloberflachenbearbeitung_gmbh/evidence.md | evidence/proposal_source_checks.csv:final_url | evidence/proposal_source_checks.csv:source_url | evidence/source_register.csv:final_url | evidence/source_register.csv:source_link,2026-10-07T18:59:27+00:00,HTTP_OK,200,https://www.gws-mk.de/oekoprofit-workshop-nachhaltigkeit-und-ressourceneffizienz-im-fokus/,text/html,Ökoprofit-Workshop: Nachhaltigkeit und Ressourceneffizienz im Fokus - Gesellschaft zur Wirtschafts- und Strukturförderung im Märkischen Kreis mbH,929e76052f131204b4f37c8e6287ba53673977ea6166bba0dcb6c8d1d7cc9d2f,2,"Availability checked separately from holder, claims, period and operating scope. Full-body SHA-256 is also recorded in proposal_source_checks.csv; source-content review is independent of HTTP availability."
https://www.haerle.de/,P31,,data/company_intelligence.csv:website | evidence/certificate_register.csv:certificate_index_url,2026-10-06T17:30:48+00:00,HTTP_OK,200,https://www.haerle.de/,text/html; charset=utf-8,Brauerei Clemens Härle Leutkirch,8b2f324ecd81dabc0c7b53e70e1a8edbb2a41a2986d936e0d5e22ddf686ab90d,1,"GET retrieval succeeded; entity, claim, currency and certificate validity require separate review."
https://www.haerle.de/das-herzstueck/so-brauen-wir,P31,S-P31-04,evidence/companies/P31_brauerei_clemens_haerle_kg/evidence.md | evidence/proposal_source_checks.csv:final_url | evidence/proposal_source_checks.csv:source_url | evidence/source_register.csv:final_url | evidence/source_register.csv:source_link,2026-10-07T19:00:38+00:00,HTTP_OK,200,https://www.haerle.de/das-herzstueck/so-brauen-wir,text/html,So brauen wir,469868af5dfb517e31353462535838d78994d33cd1de1d90fcacc15cd48e74dd,2,"Availability checked separately from holder, claims, period and operating scope. Full-body SHA-256 is also recorded in proposal_source_checks.csv; source-content review is independent of HTTP availability."
https://www.haerle.de/die-gruene-brauerei/wir-arbeiten-mit-gruener-energie,P31,S-P31-03,evidence/companies/P31_brauerei_clemens_haerle_kg/evidence.md | evidence/proposal_source_checks.csv:final_url | evidence/proposal_source_checks.csv:source_url | evidence/source_register.csv:final_url | evidence/source_register.csv:source_link,2026-10-07T19:00:38+00:00,HTTP_OK,200,https://www.haerle.de/die-gruene-brauerei/wir-arbeiten-mit-gruener-energie,text/html,Wir arbeiten mit grüner Energie,5c2171705096ba5af6f1800c600c11b4edf94224d094ee0dddfb7b14bf96b48c,2,"Availability checked separately from holder, claims, period and operating scope. Full-body SHA-256 is also recorded in proposal_source_checks.csv; source-content review is independent of HTTP availability."
https://www.haerle.de/impressum,P31,S-P31-01,data/company_intelligence.csv:source_urls | data/pilot_candidates.csv:company_source | data/pilot_review_sources.csv:source_url | evidence/companies/P31_brauerei_clemens_haerle_kg/evidence.md | evidence/source_register.csv:final_url | evidence/source_register.csv:source_link,2026-10-06T17:30:49+00:00,HTTP_OK,200,https://www.haerle.de/impressum,text/html; charset=utf-8,Impressum,79ad8c7ac31366bb78bf1da102a53983e3ee5bafa28c1fb5456f59a91f895ec0,1,"GET retrieval succeeded; entity, claim, currency and certificate validity require separate review."
https://www.hartchrom-beck.de/,P60,S-P60-01 | S-P60-03,data/company_intelligence.csv:source_urls | data/company_intelligence.csv:website | data/company_process_map.csv:process_evidence_url | data/pilot_candidates.csv:company_source | data/pilot_review_sources.csv:source_url | evidence/certificate_register.csv:certificate_index_url | evidence/companies/P60_hartchrom_beck_gmbh/evidence.md | evidence/source_register.csv:final_url | evidence/source_register.csv:source_link,2026-10-07T18:17:32+00:00,HTTP_OK,200,https://www.hartchrom-beck.de/,text/html; charset=utf-8,HARTCHROM Beck GmbH in Güglingen-Frauenzimmern,e4bd8a73f2247c0cd3e36d7f0837b181b317248b1274751803b0925c8cf9927a,1,"GET retrieval succeeded; entity, claim, currency and certificate validity require separate review."
https://www.hartchrom-beck.de/bearbeitungstechnik/,P60,S-P60-05,data/company_intelligence.csv:source_urls | evidence/companies/P60_hartchrom_beck_gmbh/evidence.md | evidence/proposal_source_checks.csv:final_url | evidence/proposal_source_checks.csv:source_url | evidence/source_register.csv:final_url | evidence/source_register.csv:source_link,2026-10-07T19:01:39+00:00,HTTP_OK,200,https://www.hartchrom-beck.de/bearbeitungstechnik/,text/html,Bearbeitungstechnik,5b1905942cad47839fc26470ef95a3759f6980e77e5b3b4f20e21d4b7eed9cfa,2,"Availability checked separately from holder, claims, period and operating scope. Full-body SHA-256 is also recorded in proposal_source_checks.csv; source-content review is independent of HTTP availability."
https://www.hartchrom-beck.de/beschichtungstechnik/,P60,S-P60-04,data/company_intelligence.csv:source_urls | evidence/companies/P60_hartchrom_beck_gmbh/evidence.md | evidence/proposal_source_checks.csv:final_url | evidence/proposal_source_checks.csv:source_url | evidence/source_register.csv:final_url | evidence/source_register.csv:source_link,2026-10-07T19:01:39+00:00,HTTP_OK,200,https://www.hartchrom-beck.de/beschichtungstechnik/,text/html,Beschichtungstechnik,d8cf80bcbfd9dae68118e1cc5ad17723b2b85737610b6f445e3ca846d34b16d1,2,"Availability checked separately from holder, claims, period and operating scope. Full-body SHA-256 is also recorded in proposal_source_checks.csv; source-content review is independent of HTTP availability."
https://www.hartchrom-beck.de/downloads/,P60,S-P60-06,data/company_intelligence.csv:source_urls | evidence/companies/P60_hartchrom_beck_gmbh/evidence.md | evidence/source_register.csv:final_url | evidence/source_register.csv:source_link,2026-10-07T18:17:36+00:00,HTTP_OK,200,https://www.hartchrom-beck.de/downloads/,text/html; charset=utf-8,Downloads,bd8204ed7cd97de42579488d526317326ddae1649f3053b6010ce8d784dc31f2,1,"GET retrieval succeeded; entity, claim, currency and certificate validity require separate review."
https://www.hartchrom-beck.de/einsatzmoeglichkeiten/,P60,S-P60-02,data/company_intelligence.csv:source_urls | data/pilot_candidates.csv:independent_source | data/pilot_review_sources.csv:source_url | evidence/companies/P60_hartchrom_beck_gmbh/evidence.md | evidence/source_register.csv:final_url | evidence/source_register.csv:source_link,2026-10-07T18:17:38+00:00,NOT_FOUND,404,https://www.hartchrom-beck.de/einsatzmoeglichkeiten/,,,,1,"HTTP 404; availability only, no deployment inference."
https://www.harzkristall.de/,P45,S-P45-02 | S-P45-05,data/company_intelligence.csv:source_urls | data/company_intelligence.csv:website | data/company_process_map.csv:process_evidence_url | data/pilot_candidates.csv:independent_source | data/pilot_review_sources.csv:source_url | evidence/certificate_register.csv:certificate_index_url | evidence/companies/P45_glasmanufaktur_harzkristall_gmbh/evidence.md | evidence/proposal_source_checks.csv:final_url | evidence/proposal_source_checks.csv:source_url | evidence/source_register.csv:final_url | evidence/source_register.csv:source_link,2026-10-07T19:11:54+00:00,HTTP_OK,200,https://www.harzkristall.de/,text/html,Glasmanufaktur Harzkristall - Die GlasErlebniswelt im Harz,accf045aab7a80c782b9feba99dacfe4cb96327f005b5c5a09b9a381ddae5051,2,New primary charging-station source replacing unsupported imprint citation. Full-body SHA-256 is also recorded in proposal_source_checks.csv; source-content review is independent of HTTP availability.
https://www.harzkristall.de/fileadmin/user_upload/pdf/Harzkristall_Sales-Broschuere_220126.pdf,P45,S-P45-04,data/company_intelligence.csv:source_urls | evidence/companies/P45_glasmanufaktur_harzkristall_gmbh/evidence.md | evidence/proposal_source_checks.csv:final_url | evidence/proposal_source_checks.csv:source_url | evidence/source_register.csv:final_url | evidence/source_register.csv:source_link,2026-10-07T19:01:12+00:00,HTTP_OK,200,https://www.harzkristall.de/fileadmin/user_upload/pdf/Harzkristall_Sales-Broschuere_220126.pdf,application/pdf,,e9220430430b5d838c1e09e6889d02debd8aac1f1aad48fdf1bb460f76288c25,2,"Availability checked separately from holder, claims, period and operating scope. Full-body SHA-256 is also recorded in proposal_source_checks.csv; source-content review is independent of HTTP availability."
https://www.harzkristall.de/huette-mieten,P45,S-P45-03,data/company_intelligence.csv:source_urls | evidence/companies/P45_glasmanufaktur_harzkristall_gmbh/evidence.md | evidence/proposal_source_checks.csv:final_url | evidence/proposal_source_checks.csv:source_url | evidence/source_register.csv:final_url | evidence/source_register.csv:source_link,2026-10-07T19:01:12+00:00,HTTP_OK,200,https://www.harzkristall.de/huette-mieten,text/html,Hütte mieten,92e949a2bda7edfad4afd54304a2488c5e412191134fc97b12b3a1650ce100f8,2,"Availability checked separately from holder, claims, period and operating scope. Full-body SHA-256 is also recorded in proposal_source_checks.csv; source-content review is independent of HTTP availability."
https://www.harzkristall.de/impressum,P45,S-P45-01,data/company_intelligence.csv:source_urls | data/pilot_candidates.csv:company_source | data/pilot_review_sources.csv:source_url | evidence/companies/P45_glasmanufaktur_harzkristall_gmbh/evidence.md | evidence/proposal_source_checks.csv:final_url | evidence/proposal_source_checks.csv:source_url | evidence/source_register.csv:final_url | evidence/source_register.csv:source_link,2026-10-07T19:01:12+00:00,HTTP_OK,200,https://www.harzkristall.de/impressum,text/html,Impressum,8e52637af95559df84b8b83782030e426737c80e37782a79275fca69c303b8e5,2,"Availability checked separately from holder, claims, period and operating scope. Full-body SHA-256 is also recorded in proposal_source_checks.csv; source-content review is independent of HTTP availability."
https://www.hb-ts.de/,P72,S-P72-01 | S-P72-02,data/company_intelligence.csv:source_urls | data/company_intelligence.csv:website | data/company_process_map.csv:process_evidence_url | data/pilot_candidates.csv:company_source | data/pilot_candidates.csv:independent_source | data/pilot_review_sources.csv:source_url | evidence/certificate_register.csv:certificate_index_url | evidence/companies/P72_hofbrauhaus_traunstein_josef_sailer_gmbh_co_kg/evidence.md | evidence/source_register.csv:final_url | evidence/source_register.csv:source_link,2026-10-07T18:42:52+00:00,HTTP_OK,200,https://www.hb-ts.de/,text/html; charset=UTF-8,Home &#187; Hofbräuhaus Traunstein,4545f8508d2dfee91ea8319e75f3fd0f694ca53228a74c62153a49a87e02797b,1,"GET retrieval succeeded; entity, claim, currency and certificate validity require separate review."
https://www.hb-ts.de/impressum/,P72,S-P72-07,evidence/source_register.csv:final_url | evidence/source_register.csv:source_link,2026-10-08T08:04:19+00:00,HTTP_OK,200,https://www.hb-ts.de/impressum/,text/html; charset=utf-8,Impressum,624d52fb91a076b0ea37d6071e68989e4819dc334f70892d92da6b7ba713e391,1,Full response body retrieved and relevant content inspected. Scope limitations are recorded in source_register.csv and field_research_20261008.csv.
https://www.hb-ts.de/neue-palettierung/,P72,S-P72-05,evidence/proposal_source_checks.csv:final_url | evidence/proposal_source_checks.csv:source_url | evidence/source_register.csv:final_url | evidence/source_register.csv:source_link,2026-10-08T08:04:19+00:00,HTTP_OK,200,https://www.hb-ts.de/neue-palettierung/,text/html; charset=UTF-8,Wir investieren in eine neue Palettierung,3bb63f4101250fd6c37ea937b5321085811f46abc9abb9dbffa9186a1f6b9d65,1,Full response body retrieved and relevant content inspected. Scope limitations are recorded in source_register.csv and field_research_20261008.csv.
https://www.hb-ts.de/neuer-laeuterbottich/,P72,S-P72-06,evidence/proposal_source_checks.csv:final_url | evidence/proposal_source_checks.csv:source_url | evidence/source_register.csv:final_url | evidence/source_register.csv:source_link,2026-10-08T08:04:18+00:00,HTTP_OK,200,https://www.hb-ts.de/neuer-laeuterbottich/,text/html; charset=utf-8,Erhalt der Brautradition und Investition in die Zukunft,a4ac36d9af721ac8e775012810bc074cc281ae854654322306ef8e019be16188,1,Full response body retrieved and relevant content inspected. Scope limitations are recorded in source_register.csv and field_research_20261008.csv.
https://www.hb-ts.de/pv-module-fuer-bierkuehlung/,P72,S-P72-04,evidence/proposal_source_checks.csv:final_url | evidence/proposal_source_checks.csv:source_url | evidence/source_register.csv:final_url | evidence/source_register.csv:source_link,2026-10-08T08:04:18+00:00,HTTP_OK,200,https://www.hb-ts.de/pv-module-fuer-bierkuehlung/,text/html; charset=utf-8,Wenn die Sonne das Bier kühlt,8fbb683923bb1f27b26ce0e80f78a732762950ed79ebc5884b61bfe02d9923c2,1,Full response body retrieved and relevant content inspected. Scope limitations are recorded in source_register.csv and field_research_20261008.csv.
https://www.hb-ts.de/umwelt-soziales/,P72,S-P72-03,data/company_intelligence.csv:source_urls | evidence/companies/P72_hofbrauhaus_traunstein_josef_sailer_gmbh_co_kg/evidence.md | evidence/source_register.csv:final_url | evidence/source_register.csv:source_link,2026-10-07T18:42:52+00:00,HTTP_OK,200,https://www.hb-ts.de/umwelt-soziales/,text/html; charset=UTF-8,Umwelt &amp; Soziales &#187; Hofbräuhaus Traunstein,e79d9b829cebad33188b7504d6201b20d74cab39ff5e0eb9ead64d7f3bd6026f,1,"GET retrieval succeeded; entity, claim, currency and certificate validity require separate review."
https://www.hk-mueller.de/de/,P24,S-P24-02,data/company_intelligence.csv:source_urls | data/company_intelligence.csv:website | data/company_process_map.csv:process_evidence_url | data/pilot_candidates.csv:independent_source | data/pilot_review_sources.csv:source_url | evidence/certificate_register.csv:certificate_index_url | evidence/proposal_source_checks.csv:final_url | evidence/proposal_source_checks.csv:source_url | evidence/source_register.csv:final_url | evidence/source_register.csv:source_link,2026-10-07T19:00:20+00:00,HTTP_OK,200,https://www.hk-mueller.de/de/,text/html,H&K Müller | Kunststoffspritzguss Hersteller seit 1934,abdb526f9b4d2923dbb8125f34ae818a1436ad2bf30e291b1171911c8adc62a9,2,"Availability checked separately from holder, claims, period and operating scope. Full-body SHA-256 is also recorded in proposal_source_checks.csv; source-content review is independent of HTTP availability."
https://www.hk-mueller.de/de/impressum/,P24,S-P24-01,data/company_intelligence.csv:source_urls | data/pilot_candidates.csv:company_source | data/pilot_review_sources.csv:source_url | evidence/proposal_source_checks.csv:final_url | evidence/proposal_source_checks.csv:source_url | evidence/source_register.csv:final_url | evidence/source_register.csv:source_link,2026-10-07T19:00:19+00:00,HTTP_OK,200,https://www.hk-mueller.de/de/impressum/,text/html,Impressum | H&K Müller,9cd7be8ee4a6b3f8585b3df0da5c7c98ff6cb17834e1138ee693b36fe3d088c3,2,"Availability checked separately from holder, claims, period and operating scope. Full-body SHA-256 is also recorded in proposal_source_checks.csv; source-content review is independent of HTTP availability."
https://www.hk-mueller.de/de/kunststoffspritzguss/,P24,S-P24-06,evidence/proposal_source_checks.csv:final_url | evidence/proposal_source_checks.csv:source_url | evidence/source_register.csv:final_url | evidence/source_register.csv:source_link,2026-10-08T08:04:20+00:00,HTTP_OK,200,https://www.hk-mueller.de/de/kunststoffspritzguss/,text/html; charset=utf-8,Kunststoffspritzguss,259e91489618fb3fcfba290a12bd9a03e2877e78685f71de7a480596347d6310,1,Full response body retrieved and relevant content inspected. Scope limitations are recorded in source_register.csv and field_research_20261008.csv.
https://www.hk-mueller.de/de/unternehmen/nachhaltigkeit-und-umweltschutz/,P24,S-P24-04,evidence/proposal_source_checks.csv:final_url | evidence/proposal_source_checks.csv:source_url | evidence/source_register.csv:final_url | evidence/source_register.csv:source_link,2026-10-08T08:02:05+00:00,HTTP_OK,200,https://www.hk-mueller.de/de/unternehmen/nachhaltigkeit-und-umweltschutz/,text/html; charset=utf-8,Umweltschutz und Nachhaltigkeit bei H&K Müller,241ddb52ea231c95ad7eb94fcadc695d68e7bc9c0e498fd87e840f552ae28801,1,Full response body retrieved and relevant content inspected. Scope limitations are recorded in source_register.csv and field_research_20261008.csv.
https://www.hk-mueller.de/de/unternehmen/newsblog/,P24,S-P24-05,evidence/proposal_source_checks.csv:final_url | evidence/proposal_source_checks.csv:source_url | evidence/source_register.csv:final_url | evidence/source_register.csv:source_link,2026-10-08T08:02:05+00:00,HTTP_OK,200,https://www.hk-mueller.de/de/unternehmen/newsblog/,text/html; charset=utf-8,Neuigkeiten von H&K Müller,96a65dc4744760775d8a8206db8a169f19b2e6a807a6a10e25454df8e095c9c4,1,Full response body retrieved and relevant content inspected. Scope limitations are recorded in source_register.csv and field_research_20261008.csv.
https://www.hk-mueller.de/fileadmin/Dokumente/Zertifikate/50001_deutsch_H_K_Mueller_26.pdf,P24,S-P24-03,data/company_intelligence.csv:source_urls | data/pilot_review_sources.csv:source_url | evidence/certificate_register.csv:direct_certificate_url | evidence/proposal_source_checks.csv:final_url | evidence/proposal_source_checks.csv:source_url | evidence/source_register.csv:final_url | evidence/source_register.csv:source_link,2026-10-07T19:00:20+00:00,HTTP_OK,200,https://www.hk-mueller.de/fileadmin/Dokumente/Zertifikate/50001_deutsch_H_K_Mueller_26.pdf,application/pdf,Zertifikat,3a0aacba29f343e3154586371a3a96b0dc1fb9de42f14716c30607c25c735eff,2,"Availability checked separately from holder, claims, period and operating scope. Full-body SHA-256 is also recorded in proposal_source_checks.csv; source-content review is independent of HTTP availability."
https://www.hofmann-ceramic.de/,P47,S-P47-02,data/company_intelligence.csv:source_urls | data/company_intelligence.csv:website | data/company_process_map.csv:process_evidence_url | data/pilot_candidates.csv:independent_source | data/pilot_review_sources.csv:source_url | data/research_results.csv:source_urls | evidence/certificate_register.csv:certificate_index_url | evidence/companies/P47_hofmann_ceramic_gmbh/evidence.md | evidence/proposal_source_checks.csv:final_url | evidence/proposal_source_checks.csv:source_url | evidence/source_register.csv:final_url | evidence/source_register.csv:source_link,2026-10-07T19:01:14+00:00,HTTP_OK,200,https://www.hofmann-ceramic.de/,text/html,Hofmann Ceramic - Produkte für die Gießerei-Industrie,8ddc24199754613121658a51eb50fe5740342ceeb34d05483bbcbd91db377f9d,2,"Availability checked separately from holder, claims, period and operating scope. Full-body SHA-256 is also recorded in proposal_source_checks.csv; source-content review is independent of HTTP availability."
https://www.hofmann-ceramic.de/downloads/,P47,S-P47-03,data/company_intelligence.csv:source_urls | evidence/certificate_register.csv:certificate_index_url | evidence/companies/P47_hofmann_ceramic_gmbh/evidence.md | evidence/source_register.csv:final_url | evidence/source_register.csv:source_link,2026-10-07T18:42:52+00:00,HTTP_OK,200,https://www.hofmann-ceramic.de/downloads/,text/html; charset=UTF-8,Downloads - Hofmann Ceramic,790e9ac25bc112679b3d62c3f8af4b2a4c59b7f7fa5abd59342a135b7679879b,1,"GET retrieval succeeded; entity, claim, currency and certificate validity require separate review."
https://www.hofmann-ceramic.de/en/imprint/,P47,S-P47-01,data/company_intelligence.csv:source_urls | data/pilot_candidates.csv:company_source | data/pilot_review_sources.csv:source_url | data/research_results.csv:source_urls | evidence/companies/P47_hofmann_ceramic_gmbh/evidence.md | evidence/source_register.csv:final_url | evidence/source_register.csv:source_link,2026-10-07T18:42:52+00:00,HTTP_OK,200,https://www.hofmann-ceramic.de/en/imprint/,text/html; charset=UTF-8,Imprint - Hofmann Ceramic,424b2d15fab1271d5e077fdc1269e1854c483b00c29372a0bbeaf5406df0586b,1,"GET retrieval succeeded; entity, claim, currency and certificate validity require separate review."
https://www.hofmann-ceramic.de/wp-content/uploads/EM_00533-Z04304_de.pdf,P47,S-P47-04,data/company_intelligence.csv:source_urls | evidence/certificate_register.csv:direct_certificate_url | evidence/companies/P47_hofmann_ceramic_gmbh/evidence.md | evidence/proposal_source_checks.csv:final_url | evidence/proposal_source_checks.csv:source_url | evidence/source_register.csv:final_url | evidence/source_register.csv:source_link,2026-10-07T19:01:15+00:00,HTTP_OK,200,https://www.hofmann-ceramic.de/wp-content/uploads/EM_00533-Z04304_de.pdf,application/pdf,             Z E R T I F I K A T,7598473ce5f7b9c76fb530049f4971f3f09cfd9bb1415844dccef03edadd6f8c,2,"Availability checked separately from holder, claims, period and operating scope. Full-body SHA-256 is also recorded in proposal_source_checks.csv; source-content review is independent of HTTP availability."
https://www.hofmann-ceramic.de/wp-content/uploads/UM00533Z04303de.pdf,P47,S-P47-05,data/company_intelligence.csv:source_urls | evidence/certificate_register.csv:direct_certificate_url | evidence/companies/P47_hofmann_ceramic_gmbh/evidence.md | evidence/source_register.csv:final_url | evidence/source_register.csv:source_link,2026-10-07T18:42:56+00:00,HTTP_OK,200,https://www.hofmann-ceramic.de/wp-content/uploads/UM00533Z04303de.pdf,application/pdf,,36ebbc639790772615102012bec04a7129e545e676cb813c42493226f495ec81,1,"GET retrieval succeeded; entity, claim, currency and certificate validity require separate review."
https://www.hornberger-lebensquell.de/wir-ueber-uns,P92,S-P92-06,data/company_intelligence.csv:source_urls | evidence/companies/P92_familienbrauerei_m_ketterer_gmbh_co_kg/evidence.md | evidence/source_register.csv:final_url | evidence/source_register.csv:source_link,2026-10-07T17:58:01+00:00,HTTP_OK,200,https://www.hornberger-lebensquell.de/wir-ueber-uns,text/html; charset=utf-8,Wir über uns,dfa247126e78744ff3d86084f491a795422ab023beddc6313cc1d375da0a4aa2,1,"GET retrieval succeeded; entity, claim, currency and certificate validity require separate review."
https://www.ihk.de/dresden/servicenavigation/presse-publikationen/meldungen/engagement-fuer-umwelt-und-klima-erneut-ausgezeichnet-7172602,P105,S-P105-05,data/company_intelligence.csv:source_urls | evidence/companies/P105_dresdner_silber_und_metallveredlung_gmbh/evidence.md | evidence/proposal_source_checks.csv:final_url | evidence/proposal_source_checks.csv:source_url | evidence/source_register.csv:final_url | evidence/source_register.csv:source_link,2026-10-07T18:59:38+00:00,HTTP_OK,200,https://www.ihk.de/dresden/servicenavigation/presse-publikationen/meldungen/engagement-fuer-umwelt-und-klima-erneut-ausgezeichnet-7172602,text/html,Engagement für Umwelt und Klima erneut ausgezeichnet,d7bedd9cf58916e31a73313a4b1a5e41d0f0204035abc56702c2aa60961487bf,2,"Availability checked separately from holder, claims, period and operating scope. Full-body SHA-256 is also recorded in proposal_source_checks.csv; source-content review is independent of HTTP availability."
https://www.ihk.de/ostwestfalen/ihre-ihk/presse/pressemeldungen/pressemeldungen2022/ihks-starten-klimainitiative-6981412,P10,S-P10-06,data/company_intelligence.csv:source_urls | data/pilot_coded.csv:source_urls | data/pilot_review_sources.csv:source_url | evidence/proposal_source_checks.csv:final_url | evidence/proposal_source_checks.csv:source_url | evidence/source_register.csv:final_url | evidence/source_register.csv:source_link,2026-10-07T18:59:21+00:00,HTTP_OK,200,https://www.ihk.de/ostwestfalen/ihre-ihk/presse/pressemeldungen/pressemeldungen2022/ihks-starten-klimainitiative-6981412,text/html,IHKs starten Klimainitiative „gemeinsam klimaneutral 2030“,e97d26958a76653462172a946d4b670e0b84ad25f0f7f4a31a2efe9aea4fa276,2,"Availability checked separately from holder, claims, period and operating scope. Full-body SHA-256 is also recorded in proposal_source_checks.csv; source-content review is independent of HTTP availability."
https://www.industriebox.de/2023/04/18/hochwertige-kunststoffteile-von-erlemann-huckenbeck/,P78,S-P78-03,data/company_process_map.csv:process_evidence_url | evidence/proposal_source_checks.csv:final_url | evidence/proposal_source_checks.csv:source_url | evidence/source_register.csv:final_url | evidence/source_register.csv:source_link,2026-10-07T19:02:18+00:00,HTTP_OK,200,https://www.industriebox.de/2023/04/18/hochwertige-kunststoffteile-von-erlemann-huckenbeck/,text/html,Hochwertige Kunststoffteile von Erlemann & Huckenbeck -,e08c0a5b2606a87cb5eb471c307044256a4a8e2b09196caa9bb042bba251677e,2,"Availability checked separately from holder, claims, period and operating scope. Full-body SHA-256 is also recorded in proposal_source_checks.csv; source-content review is independent of HTTP availability."
https://www.initiative-co2.de/wp-content/uploads/2016/01/InitiativeCO2_Projekthandbuch_2016_Georg_Fischer.pdf,P15,S-P15-04,data/company_intelligence.csv:source_urls | evidence/proposal_source_checks.csv:final_url | evidence/proposal_source_checks.csv:source_url | evidence/source_register.csv:final_url | evidence/source_register.csv:source_link,2026-10-07T18:59:57+00:00,HTTP_OK,200,https://www.initiative-co2.de/wp-content/uploads/2016/01/InitiativeCO2_Projekthandbuch_2016_Georg_Fischer.pdf,application/pdf,VORISOLIERTE,b9ab95a050faa5c5ee3eb38c0e08710f63764e9049a2dfd1c372dcc6b2d48306,2,"Availability checked separately from holder, claims, period and operating scope. Full-body SHA-256 is also recorded in proposal_source_checks.csv; source-content review is independent of HTTP availability."
https://www.jb-falter.de/,P75,S-P75-02,data/company_intelligence.csv:source_urls | data/company_intelligence.csv:website | data/company_process_map.csv:process_evidence_url | data/pilot_candidates.csv:independent_source | data/pilot_review_sources.csv:source_url | evidence/certificate_register.csv:certificate_index_url | evidence/companies/P75_privatbrauerei_j_b_falter_regen_kg/evidence.md | evidence/source_register.csv:final_url | evidence/source_register.csv:source_link,2026-10-07T11:41:06+00:00,HTTP_OK,200,https://www.jb-falter.de/,text/html; charset=utf-8,Privatbrauerei Falter Regen,8a1e83c4adedd1768a0a5ee2a8ba6760da2dfb369a3b3411eef504dbbacae471,1,"GET retrieval succeeded; entity, claim, currency and certificate validity require separate review."
https://www.jb-falter.de/brauerei/bautagebuch,P75,S-P75-06,data/company_intelligence.csv:source_urls | evidence/companies/P75_privatbrauerei_j_b_falter_regen_kg/evidence.md | evidence/proposal_source_checks.csv:final_url | evidence/proposal_source_checks.csv:source_url | evidence/source_register.csv:final_url | evidence/source_register.csv:source_link,2026-10-07T19:02:07+00:00,HTTP_OK,200,https://www.jb-falter.de/brauerei/bautagebuch,text/html,Neubau Gär- & Lagerkeller,605ed1899241c3dee187bfdda20ad04b714f992fe1767be14e60145f23f1d965,2,"Availability checked separately from holder, claims, period and operating scope. Full-body SHA-256 is also recorded in proposal_source_checks.csv; source-content review is independent of HTTP availability."
https://www.jb-falter.de/brauerei/produktion,P75,S-P75-03,data/company_intelligence.csv:source_urls | evidence/companies/P75_privatbrauerei_j_b_falter_regen_kg/evidence.md | evidence/proposal_source_checks.csv:final_url | evidence/proposal_source_checks.csv:source_url | evidence/source_register.csv:final_url | evidence/source_register.csv:source_link,2026-10-07T19:02:07+00:00,HTTP_OK,200,https://www.jb-falter.de/brauerei/produktion,text/html,Produktion,feb296fe7f825e8eb0d6c1c7812630dc7b0e305795ee28c038727ab3e7d8e762,2,"Availability checked separately from holder, claims, period and operating scope. Full-body SHA-256 is also recorded in proposal_source_checks.csv; source-content review is independent of HTTP availability."
https://www.jb-falter.de/brauerei/produktion/abfuellung,P75,S-P75-07,data/company_intelligence.csv:source_urls | evidence/companies/P75_privatbrauerei_j_b_falter_regen_kg/evidence.md | evidence/proposal_source_checks.csv:final_url | evidence/proposal_source_checks.csv:source_url | evidence/source_register.csv:final_url | evidence/source_register.csv:source_link,2026-10-07T19:02:07+00:00,HTTP_OK,200,https://www.jb-falter.de/brauerei/produktion/abfuellung,text/html,Abfüllung,4190101aad6ea836eb3582e84ca518d466a117b8edd38b94e51c52c3dffe6835,2,"Availability checked separately from holder, claims, period and operating scope. Full-body SHA-256 is also recorded in proposal_source_checks.csv; source-content review is independent of HTTP availability."
https://www.jb-falter.de/brauerei/produktion/lagerung-reifung,P75,S-P75-05,data/company_intelligence.csv:source_urls | evidence/companies/P75_privatbrauerei_j_b_falter_regen_kg/evidence.md | evidence/source_register.csv:final_url | evidence/source_register.csv:source_link,2026-10-07T11:41:08+00:00,HTTP_OK,200,https://www.jb-falter.de/brauerei/produktion/lagerung-reifung,text/html; charset=utf-8,Lagerung und Reifung,59f04847592eacfedcd4198e82134b481b7736602cbf88f739633eee3d457cd3,1,"GET retrieval succeeded; entity, claim, currency and certificate validity require separate review."
https://www.jb-falter.de/brauerei/produktion/sudhaus,P75,S-P75-04,data/company_intelligence.csv:source_urls | evidence/companies/P75_privatbrauerei_j_b_falter_regen_kg/evidence.md | evidence/source_register.csv:final_url | evidence/source_register.csv:source_link,2026-10-07T11:41:08+00:00,HTTP_OK,200,https://www.jb-falter.de/brauerei/produktion/sudhaus,text/html; charset=utf-8,Sudhaus,8c347e027446497ce9212d715a8eafe585ba73cd82b2b581b8acaa62f92bb2ba,1,"GET retrieval succeeded; entity, claim, currency and certificate validity require separate review."
https://www.jb-falter.de/service/impressum,P75,S-P75-01,data/company_intelligence.csv:source_urls | data/pilot_candidates.csv:company_source | data/pilot_review_sources.csv:source_url | evidence/companies/P75_privatbrauerei_j_b_falter_regen_kg/evidence.md | evidence/source_register.csv:final_url | evidence/source_register.csv:source_link,2026-10-07T11:41:08+00:00,HTTP_OK,200,https://www.jb-falter.de/service/impressum,text/html; charset=utf-8,Impressum,b3117073ec1d60a4938ccc2323b3b88a261f0f8f58df62fbbec6fc06c3a607d0,1,"GET retrieval succeeded; entity, claim, currency and certificate validity require separate review."
https://www.kettererbier.de/,P92,S-P92-02,data/company_intelligence.csv:source_urls | data/company_intelligence.csv:website | data/company_process_map.csv:process_evidence_url | data/pilot_candidates.csv:independent_source | data/pilot_review_sources.csv:source_url | evidence/certificate_register.csv:certificate_index_url | evidence/companies/P92_familienbrauerei_m_ketterer_gmbh_co_kg/evidence.md | evidence/source_register.csv:final_url | evidence/source_register.csv:source_link,2026-10-07T17:58:01+00:00,HTTP_OK,200,https://www.kettererbier.de/,text/html; charset=utf-8,Ketterer Bier - Herzlich willkommen bei der Familienbrauerei M. Ketterer in Hornberg,80b191097af610af9b553f3806419f9e2dc4d7df2fa4d61d6fe41d3eae6ea1dc,1,"GET retrieval succeeded; entity, claim, currency and certificate validity require separate review."
https://www.kettererbier.de/brauerei/brauereirundgang,P92,S-P92-04,data/company_intelligence.csv:source_urls | evidence/companies/P92_familienbrauerei_m_ketterer_gmbh_co_kg/evidence.md | evidence/proposal_source_checks.csv:final_url | evidence/proposal_source_checks.csv:source_url | evidence/source_register.csv:final_url | evidence/source_register.csv:source_link,2026-10-07T19:02:43+00:00,HTTP_OK,200,https://www.kettererbier.de/brauerei/brauereirundgang,text/html,Brauereirundgang,8d211f987058162b88dc0ec235121199e2da476605dca30a4e6c4effaa160f8a,2,"Availability checked separately from holder, claims, period and operating scope. Full-body SHA-256 is also recorded in proposal_source_checks.csv; source-content review is independent of HTTP availability."
https://www.kettererbier.de/brauerei/geschichte,P92,S-P92-05,data/company_intelligence.csv:source_urls | evidence/companies/P92_familienbrauerei_m_ketterer_gmbh_co_kg/evidence.md | evidence/source_register.csv:final_url | evidence/source_register.csv:source_link,2026-10-07T17:58:03+00:00,HTTP_OK,200,https://www.kettererbier.de/brauerei/geschichte,text/html; charset=utf-8,Geschichte,014dc0781d4ee28c8599b283cee237dda17fccec95755e2b1d782b114492efca,1,"GET retrieval succeeded; entity, claim, currency and certificate validity require separate review."
https://www.kettererbier.de/impressum/,P92,S-P92-01,data/company_intelligence.csv:source_urls | data/pilot_candidates.csv:company_source | data/pilot_review_sources.csv:source_url | evidence/companies/P92_familienbrauerei_m_ketterer_gmbh_co_kg/evidence.md | evidence/source_register.csv:final_url | evidence/source_register.csv:source_link,2026-10-07T17:58:03+00:00,HTTP_OK,200,https://www.kettererbier.de/impressum/,text/html; charset=utf-8,Impressum,3632249980cfd091507a3defbc9a18bf3740fa740cc8ebebac94cefa2a3895ea,1,"GET retrieval succeeded; entity, claim, currency and certificate validity require separate review."
https://www.kettererbier.de/netterer-welt/umweltschutz,P92,S-P92-03,data/company_intelligence.csv:source_urls | evidence/companies/P92_familienbrauerei_m_ketterer_gmbh_co_kg/evidence.md | evidence/proposal_source_checks.csv:final_url | evidence/proposal_source_checks.csv:source_url | evidence/source_register.csv:final_url | evidence/source_register.csv:source_link,2026-10-07T19:02:43+00:00,HTTP_OK,200,https://www.kettererbier.de/netterer-welt/umweltschutz,text/html,Umweltschutz,5fbd2722bb3692acab507d300cfcba4fbe22304fbfc03d230511f0de153ffbff,2,"Availability checked separately from holder, claims, period and operating scope. Full-body SHA-256 is also recorded in proposal_source_checks.csv; source-content review is independent of HTTP availability."
https://www.keytobavaria.com/,P41,S-P41-02,data/company_intelligence.csv:source_urls | data/pilot_candidates.csv:independent_source | data/pilot_review_sources.csv:source_url | evidence/companies/P41_galvano_weis_weis_gmbh_co_galvanische_werkstaette_kg/evidence.md | evidence/source_register.csv:final_url | evidence/source_register.csv:source_link,2026-10-07T11:15:08+00:00,HTTP_OK,200,https://www.keytobavaria.com/,text/html; charset=utf-8,Key to Bavaria – the company database: Key to Bavaria – the company database,613859bfd51ce7ac821a4c29501d4070a06a81d20d4e7d450ad4df2b53b0e4e7,1,"GET retrieval succeeded; entity, claim, currency and certificate validity require separate review."
https://www.keytobavaria.de/firmendetails/brauerei-winkler-braeu-gmbh-co-kg-1038434/,P95,S-P95-03,evidence/source_register.csv:final_url | evidence/source_register.csv:source_link,2026-10-07T18:17:38+00:00,HTTP_OK,200,https://www.keytobavaria.de/firmendetails/brauerei-winkler-braeu-gmbh-co-kg-1038434/,text/html; charset=utf-8,Firmendatenbank „Key to Bavaria“: Firmendetails,786ac3f4733b348846465ad599b4449bd906f2fdef6aa03d3bc722379496ffaf,1,"GET retrieval succeeded; entity, claim, currency and certificate validity require separate review."
https://www.keytobavaria.de/firmendetails/dibbern-porzellanmanufaktur-gmbh-1023462,P107,S-P107-03,data/company_process_map.csv:process_evidence_url | evidence/proposal_source_checks.csv:final_url | evidence/proposal_source_checks.csv:source_url | evidence/source_register.csv:final_url | evidence/source_register.csv:source_link,2026-10-07T18:59:38+00:00,HTTP_OK,200,https://www.keytobavaria.de/firmendetails/dibbern-porzellanmanufaktur-gmbh-1023462,text/html,Firmendatenbank „Key to Bavaria“: Firmendetails,b30944181a068c346737d82c0765954e4d98632127a28230e586e5f7fcf49059,2,"Availability checked separately from holder, claims, period and operating scope. Full-body SHA-256 is also recorded in proposal_source_checks.csv; source-content review is independent of HTTP availability."
https://www.kpm-berlin.com/,P66,S-P66-01,data/company_intelligence.csv:source_urls | data/company_intelligence.csv:website | data/company_process_map.csv:process_evidence_url | data/pilot_candidates.csv:company_source | data/pilot_review_sources.csv:source_url | evidence/certificate_register.csv:certificate_index_url | evidence/companies/P66_kpm_koenigliche_porzellan_manufaktur_berlin_gmbh/evidence.md | evidence/proposal_source_checks.csv:final_url | evidence/proposal_source_checks.csv:source_url | evidence/source_register.csv:final_url | evidence/source_register.csv:source_link,2026-10-07T19:01:49+00:00,HTTP_OK,200,https://www.kpm-berlin.com/,text/html,Königliche Porzellan-Manufaktur Berlin – KPM Berlin,cfa9448a57fd49ac61434965d222ad85400df49c735abd9eaebf4d98d2f6b791,2,"Availability checked separately from holder, claims, period and operating scope. Full-body SHA-256 is also recorded in proposal_source_checks.csv; source-content review is independent of HTTP availability."
https://www.kpm-berlin.com/pages/manufaktur-porzellan-handwerkskunst,P66,S-P66-03,data/company_intelligence.csv:source_urls | evidence/companies/P66_kpm_koenigliche_porzellan_manufaktur_berlin_gmbh/evidence.md | evidence/proposal_source_checks.csv:final_url | evidence/proposal_source_checks.csv:source_url | evidence/source_register.csv:final_url | evidence/source_register.csv:source_link,2026-10-07T19:01:54+00:00,HTTP_OK,200,https://www.kpm-berlin.com/pages/manufaktur-porzellan-handwerkskunst,text/html,Handwerkskunst - KPM Berlin,d40b7e04b2f3c66e0e561cd7a0f5598e7b62d6d6009bf82649f9f1637dcfcaa0,2,"Availability checked separately from holder, claims, period and operating scope. Full-body SHA-256 is also recorded in proposal_source_checks.csv; source-content review is independent of HTTP availability."
https://www.kt-breitungen.de/,P99,S-P99-01 | S-P99-02,data/company_intelligence.csv:source_urls | data/company_intelligence.csv:website | data/company_process_map.csv:process_evidence_url | data/pilot_candidates.csv:company_source | data/pilot_candidates.csv:independent_source | data/pilot_review_sources.csv:source_url | evidence/certificate_register.csv:certificate_index_url | evidence/companies/P99_kunststofftechnik_breitungen_gmbh_co_kg/evidence.md | evidence/source_register.csv:final_url | evidence/source_register.csv:source_link,2026-10-07T18:43:00+00:00,HTTP_OK,200,https://www.kt-breitungen.de/,text/html; charset=UTF-8,Kunststofftechnik Breitungen GmbH &amp; Co. KG &#8211; Ihr Spezialist für Kunststoff-Spritzguss in Thüringen,e3f2d1b340dccb8357508dd3298de6881c5205eec3ee8ac9e5aab22f1e355bab,1,"GET retrieval succeeded; entity, claim, currency and certificate validity require separate review."
https://www.kt-breitungen.de/maschinenpark/,P99,S-P99-03,data/company_intelligence.csv:source_urls | evidence/companies/P99_kunststofftechnik_breitungen_gmbh_co_kg/evidence.md | evidence/proposal_source_checks.csv:final_url | evidence/proposal_source_checks.csv:source_url | evidence/source_register.csv:final_url | evidence/source_register.csv:source_link,2026-10-07T19:02:53+00:00,HTTP_OK,200,https://www.kt-breitungen.de/maschinenpark/,text/html,Maschinenpark – Kunststofftechnik Breitungen GmbH & Co. KG,315f20f2a79f83276567f8299acc3ff68a3d4b039b1ac3f22a1f2cdb9e319612,2,"Availability checked separately from holder, claims, period and operating scope. Full-body SHA-256 is also recorded in proposal_source_checks.csv; source-content review is independent of HTTP availability."
https://www.kt-breitungen.de/qualitaet/,P99,S-P99-04,data/company_intelligence.csv:source_urls | evidence/companies/P99_kunststofftechnik_breitungen_gmbh_co_kg/evidence.md | evidence/source_register.csv:final_url | evidence/source_register.csv:source_link,2026-10-07T18:43:00+00:00,HTTP_OK,200,https://www.kt-breitungen.de/qualitaet/,text/html; charset=UTF-8,Qualität &#8211; Kunststofftechnik Breitungen GmbH &amp; Co. KG,99146a6691eb0da7cf2abf810d181015e806b1453ed98356231e1dd98ca6e4ea,1,"GET retrieval succeeded; entity, claim, currency and certificate validity require separate review."
https://www.kts-schmoelln.de/,P34,S-P34-01,data/company_intelligence.csv:source_urls | data/company_intelligence.csv:website | data/pilot_candidates.csv:company_source | data/pilot_review_sources.csv:source_url | evidence/certificate_register.csv:certificate_index_url | evidence/companies/P34_kts_kunststoff_technik_schmoelln_gmbh/evidence.md | evidence/source_register.csv:source_link,2026-10-07T18:43:00+00:00,REDIRECT_OK,200,https://www.kts-schmoelln.de/home/,text/html;charset=utf-8,KTS Kunststoff Technik Schmölln GmbH // Home,f2154953f3a4280aa4f89bee2f30d879f1b643973cd49bb721efdf2cbd51edc4,1,"GET retrieval succeeded; entity, claim, currency and certificate validity require separate review."
https://www.kts-schmoelln.de/home/,P34,S-P34-01,evidence/source_register.csv:final_url,2026-10-07T18:43:00+00:00,HTTP_OK,200,https://www.kts-schmoelln.de/home/,text/html;charset=utf-8,KTS Kunststoff Technik Schmölln GmbH // Home,f2154953f3a4280aa4f89bee2f30d879f1b643973cd49bb721efdf2cbd51edc4,1,"GET retrieval succeeded; entity, claim, currency and certificate validity require separate review."
https://www.kts-schmoelln.de/leistungen/,P34,S-P34-04,data/company_intelligence.csv:source_urls | evidence/companies/P34_kts_kunststoff_technik_schmoelln_gmbh/evidence.md | evidence/proposal_source_checks.csv:final_url | evidence/proposal_source_checks.csv:source_url | evidence/source_register.csv:final_url | evidence/source_register.csv:source_link,2026-10-07T19:00:46+00:00,HTTP_OK,200,https://www.kts-schmoelln.de/leistungen/,text/html,KTS Kunststoff Technik Schmölln GmbH // Leistungen,9dca74fe85dbcf30b46c20871807a5af2d626b1601e4a2d98eb235249302ab8a,2,"Availability checked separately from holder, claims, period and operating scope. Full-body SHA-256 is also recorded in proposal_source_checks.csv; source-content review is independent of HTTP availability."
https://www.kts-schmoelln.de/prozesskette/,P34,S-P34-03,data/company_intelligence.csv:source_urls | evidence/companies/P34_kts_kunststoff_technik_schmoelln_gmbh/evidence.md | evidence/proposal_source_checks.csv:final_url | evidence/proposal_source_checks.csv:source_url | evidence/source_register.csv:final_url | evidence/source_register.csv:source_link,2026-10-07T19:00:46+00:00,HTTP_OK,200,https://www.kts-schmoelln.de/prozesskette/,text/html,KTS Kunststoff Technik Schmölln GmbH // Prozesskette,f98dc2e04578961656adbe15039beba0a4364b38d509ab0c7aaedbd45cb5d1f9,2,"Availability checked separately from holder, claims, period and operating scope. Full-body SHA-256 is also recorded in proposal_source_checks.csv; source-content review is independent of HTTP availability."
https://www.lamberts.info/,P19,,data/company_intelligence.csv:website,2026-10-06T17:31:00+00:00,HTTP_OK,200,https://www.lamberts.info/,text/html; charset=utf-8,"LAMBERTS LINIT U-Glas, Ornamentglas, Drahtglas, Solarglas",6ec05676c0067976c7807cf64ad57a39ac6033974f36cc4cbba6ff03e79e65ce,1,"GET retrieval succeeded; entity, claim, currency and certificate validity require separate review."
https://www.lamberts.info/en/iecoglass/ecology,P19,S-P19-03,data/company_intelligence.csv:source_urls | data/pilot_review_sources.csv:source_url | evidence/proposal_source_checks.csv:final_url | evidence/proposal_source_checks.csv:source_url | evidence/source_register.csv:final_url | evidence/source_register.csv:source_link,2026-10-07T19:00:05+00:00,HTTP_OK,200,https://www.lamberts.info/en/iecoglass/ecology,text/html,iEcoGlass/Ecology,1a68f7f55b7d514fb98684caefadded21eac94fef61edd5ec9f2fea8ba79a2d4,2,"Availability checked separately from holder, claims, period and operating scope. Full-body SHA-256 is also recorded in proposal_source_checks.csv; source-content review is independent of HTTP availability."
https://www.lamberts.info/fileadmin/user_upload/ecoglass/ISO_14001_Zertifizierung_ab_2024_Umweltmanagement.pdf,P19,S-P19-05,data/company_intelligence.csv:source_urls | data/pilot_review_sources.csv:source_url | evidence/certificate_register.csv:direct_certificate_url | evidence/proposal_source_checks.csv:final_url | evidence/proposal_source_checks.csv:source_url | evidence/source_register.csv:final_url | evidence/source_register.csv:source_link,2026-10-07T19:00:10+00:00,HTTP_OK,200,https://www.lamberts.info/fileadmin/user_upload/ecoglass/ISO_14001_Zertifizierung_ab_2024_Umweltmanagement.pdf,application/pdf,Zertifikat,5cdcbbcd9fac461fe3ab991a3db5352e6c76135cac9a90a3ad7599784d683439,2,"Availability checked separately from holder, claims, period and operating scope. Full-body SHA-256 is also recorded in proposal_source_checks.csv; source-content review is independent of HTTP availability."
https://www.lamberts.info/fileadmin/user_upload/ecoglass/ISO_50001_Zertifizierung__Energiemanagement__062028.pdf,P19,S-P19-04,data/company_intelligence.csv:source_urls | data/pilot_review_sources.csv:source_url | evidence/certificate_register.csv:direct_certificate_url | evidence/proposal_source_checks.csv:final_url | evidence/proposal_source_checks.csv:source_url | evidence/source_register.csv:final_url | evidence/source_register.csv:source_link,2026-10-07T19:00:10+00:00,HTTP_OK,200,https://www.lamberts.info/fileadmin/user_upload/ecoglass/ISO_50001_Zertifizierung__Energiemanagement__062028.pdf,application/pdf,Zertifikat,70dc766ec7079d88da47b35c612febaa03aa441b0250f7895162b2d245ff85dd,2,"Availability checked separately from holder, claims, period and operating scope. Full-body SHA-256 is also recorded in proposal_source_checks.csv; source-content review is independent of HTTP availability."
https://www.lamberts.info/impressum,P19,S-P19-01,data/company_intelligence.csv:source_urls | data/pilot_candidates.csv:company_source | data/pilot_review_sources.csv:source_url | evidence/source_register.csv:final_url | evidence/source_register.csv:source_link,2026-10-06T17:31:01+00:00,HTTP_OK,200,https://www.lamberts.info/impressum,text/html; charset=utf-8,Impressum,cb48bdb3ba53be3e932c1426e8f8da18cf3b8b5779a1062d62738bfd749280ec,1,"GET retrieval succeeded; entity, claim, currency and certificate validity require separate review."
https://www.lamberts.info/unternehmen,P19,S-P19-02,data/company_intelligence.csv:source_urls | data/company_process_map.csv:process_evidence_url | data/pilot_candidates.csv:independent_source | data/pilot_review_sources.csv:source_url | evidence/certificate_register.csv:certificate_index_url | evidence/proposal_source_checks.csv:final_url | evidence/proposal_source_checks.csv:source_url | evidence/source_register.csv:final_url | evidence/source_register.csv:source_link,2026-10-07T19:00:05+00:00,HTTP_OK,200,https://www.lamberts.info/unternehmen,text/html,Unternehmen,618de2134e217ceefd4c9be9d0d919d72ed7730d8433ed71eb76a2266055485b,2,"Availability checked separately from holder, claims, period and operating scope. Full-body SHA-256 is also recorded in proposal_source_checks.csv; source-content review is independent of HTTP availability."
https://www.lammsbraeu.de/,P04,,data/company_intelligence.csv:website,2026-10-06T17:31:01+00:00,HTTP_OK,200,https://www.lammsbraeu.de/,text/html; charset=UTF-8,Startseite | Neumarkter Lammsbräu,149d5faeb50548d7227c00426f01ca6021fb304f99cb713203e1a477fcddd968,1,"GET retrieval succeeded; entity, claim, currency and certificate validity require separate review."
https://www.lammsbraeu.de/blog/unsere-zertifizierungen,P04,S-P04-03,data/company_intelligence.csv:source_urls | data/pilot_review_sources.csv:source_url | evidence/certificate_register.csv:certificate_index_url | evidence/companies/P04_neumarkter_lammsbraeu/evidence.md | evidence/proposal_source_checks.csv:final_url | evidence/proposal_source_checks.csv:source_url | evidence/source_register.csv:final_url | evidence/source_register.csv:source_link,2026-10-07T18:59:14+00:00,HTTP_OK,200,https://www.lammsbraeu.de/blog/unsere-zertifizierungen,text/html,Unsere Zertifizierungen,72b3fab10b91570567dbc183599e2626694d30c4ed35528841500c4b863c926f,2,"Availability checked separately from holder, claims, period and operating scope. Full-body SHA-256 is also recorded in proposal_source_checks.csv; source-content review is independent of HTTP availability."
https://www.lammsbraeu.de/hubfs/Dachmarke/resources/documents/Nachhaltigkeitsberichte/GRI-Bericht2023_Neumarkter%20Lammsbr%C3%A4u_final%2020240913.pdf,P04,S-P04-06,data/company_intelligence.csv:source_urls | data/company_process_map.csv:process_evidence_url | data/pilot_review_sources.csv:source_url | evidence/proposal_source_checks.csv:final_url | evidence/proposal_source_checks.csv:source_url | evidence/source_register.csv:final_url | evidence/source_register.csv:source_link,2026-10-07T18:59:14+00:00,HTTP_OK,200,https://www.lammsbraeu.de/hubfs/Dachmarke/resources/documents/Nachhaltigkeitsberichte/GRI-Bericht2023_Neumarkter%20Lammsbr%C3%A4u_final%2020240913.pdf,application/pdf,,b26e7800b14e8323a5c6b23e5e7cbf850fbcd10cf9a1ec68c292d5953b70bb84,2,"Availability checked separately from holder, claims, period and operating scope. Full-body SHA-256 is also recorded in proposal_source_checks.csv; source-content review is independent of HTTP availability."
https://www.lammsbraeu.de/hubfs/Dachmarke/resources/documents/Pressemitteilungen/NL_Factsheet_2025.pdf,P04,S-P04-02,data/pilot_candidates.csv:independent_source | data/pilot_review_sources.csv:source_url | evidence/source_register.csv:final_url | evidence/source_register.csv:source_link,2026-10-06T17:31:03+00:00,HTTP_OK,200,https://www.lammsbraeu.de/hubfs/Dachmarke/resources/documents/Pressemitteilungen/NL_Factsheet_2025.pdf,application/pdf,,4a53f1fd892b6a6d48766e0ac53e3eec26e54b8b5f1ef088e04a069a282ff9b2,1,"GET retrieval succeeded; entity, claim, currency and certificate validity require separate review."
https://www.lammsbraeu.de/hubfs/NeumarkterLammsbraeu/blog/images/2022/2022%20-%20Blog%20-%20Zertifizierungen/IHK%20Urkunde%20EMAS.pdf,P04,S-P04-05,data/pilot_review_sources.csv:source_url | evidence/certificate_register.csv:direct_certificate_url | evidence/companies/P04_neumarkter_lammsbraeu/evidence.md | evidence/proposal_source_checks.csv:final_url | evidence/proposal_source_checks.csv:source_url | evidence/source_register.csv:final_url | evidence/source_register.csv:source_link,2026-10-07T18:59:14+00:00,HTTP_OK,200,https://www.lammsbraeu.de/hubfs/NeumarkterLammsbraeu/blog/images/2022/2022%20-%20Blog%20-%20Zertifizierungen/IHK%20Urkunde%20EMAS.pdf,application/pdf,,6843abb7731fc0c6310072627aa74eb887b9e0dd868166878169e4a71fc83f9b,2,"Availability checked separately from holder, claims, period and operating scope. Full-body SHA-256 is also recorded in proposal_source_checks.csv; source-content review is independent of HTTP availability."
https://www.lammsbraeu.de/hubfs/NeumarkterLammsbraeu/blog/images/2022/2022%20-%20Blog%20-%20Zertifizierungen/Zert._2022-06-02_Re-ZA%2014k_Neumarkter%20Lammsbr%C3%A4u.pdf,P04,S-P04-04,data/pilot_review_sources.csv:source_url | evidence/certificate_register.csv:direct_certificate_url | evidence/companies/P04_neumarkter_lammsbraeu/evidence.md | evidence/proposal_source_checks.csv:final_url | evidence/proposal_source_checks.csv:source_url | evidence/source_register.csv:final_url | evidence/source_register.csv:source_link,2026-10-07T18:59:14+00:00,HTTP_OK,200,https://www.lammsbraeu.de/hubfs/NeumarkterLammsbraeu/blog/images/2022/2022%20-%20Blog%20-%20Zertifizierungen/Zert._2022-06-02_Re-ZA%2014k_Neumarkter%20Lammsbr%C3%A4u.pdf,application/pdf,                   Z E R T I F I K A T,cd30965f62a1b1dc52b3e93312b5c151b14d3f53579023245dd73408f5619134,2,"Availability checked separately from holder, claims, period and operating scope. Full-body SHA-256 is also recorded in proposal_source_checks.csv; source-content review is independent of HTTP availability."
https://www.lammsbraeu.de/impressum,P04,S-P04-01,data/pilot_candidates.csv:company_source | data/pilot_review_sources.csv:source_url | evidence/source_register.csv:final_url | evidence/source_register.csv:source_link,2026-10-06T17:31:06+00:00,HTTP_OK,200,https://www.lammsbraeu.de/impressum,text/html; charset=UTF-8,Impressum | Neumarkter Lammsbräu,415a470ccdc2468f399a1307ab187567b72b51bdfac7f73460965fcfc7bc9b71,1,"GET retrieval succeeded; entity, claim, currency and certificate validity require separate review."
https://www.lammsbraeu.de/verantwortung/nachhaltigkeitsreporting,P04,,data/company_intelligence.csv:source_urls,2026-10-06T17:31:06+00:00,HTTP_OK,200,https://www.lammsbraeu.de/verantwortung/nachhaltigkeitsreporting,text/html; charset=UTF-8,Nachhaltigkeitsreporting | Neumarkter Lammsbräu,aba0a0bc05c0d3ddce4455fb08bdb221b5f18617bc1b7578b43ed98d5b922527,1,"GET retrieval succeeded; entity, claim, currency and certificate validity require separate review."
https://www.langer-group.de/,P79,S-P79-02,data/company_intelligence.csv:source_urls | data/company_intelligence.csv:website | data/company_process_map.csv:process_evidence_url | data/pilot_candidates.csv:independent_source | data/pilot_review_sources.csv:source_url | evidence/certificate_register.csv:certificate_index_url | evidence/companies/P79_langer_gmbh_co_kg/evidence.md | evidence/source_register.csv:final_url | evidence/source_register.csv:source_link,2026-10-07T17:58:07+00:00,HTTP_OK,200,https://www.langer-group.de/,text/html; charset=utf-8,"Kunststoffspritzguss Spezialist: Serienproduktion, Prototypen, Werkzeugbau, Modellbau",fc434e46604645cfd9ed8730bf25d649a4e316b67dcbb015d926e4e8e0c3cfdc,1,"GET retrieval succeeded; entity, claim, currency and certificate validity require separate review."
https://www.langer-group.de/Impressum-Langer-Group,P79,S-P79-01,data/company_intelligence.csv:source_urls | data/pilot_candidates.csv:company_source | data/pilot_review_sources.csv:source_url | evidence/companies/P79_langer_gmbh_co_kg/evidence.md | evidence/source_register.csv:final_url | evidence/source_register.csv:source_link,2026-10-07T17:58:07+00:00,HTTP_OK,200,https://www.langer-group.de/Impressum-Langer-Group,text/html; charset=utf-8,Impressum,367db9617faf297488c86757f9848becad3d94840dc22001c8c82d2c3541f886,1,"GET retrieval succeeded; entity, claim, currency and certificate validity require separate review."
https://www.langer-group.de/Nachhaltigkeit-Leitbild,P79,S-P79-03,data/company_intelligence.csv:source_urls | evidence/companies/P79_langer_gmbh_co_kg/evidence.md | evidence/proposal_source_checks.csv:final_url | evidence/proposal_source_checks.csv:source_url | evidence/source_register.csv:final_url | evidence/source_register.csv:source_link,2026-10-07T19:02:18+00:00,HTTP_OK,200,https://www.langer-group.de/Nachhaltigkeit-Leitbild,text/html,Nachhaltigkeit / Leitbild,7b1791643ae335fdbb746b76891548cd9b6a34947699ad348d1e04fe9d37ae76,2,"Availability checked separately from holder, claims, period and operating scope. Full-body SHA-256 is also recorded in proposal_source_checks.csv; source-content review is independent of HTTP availability."
https://www.langer-group.de/Zertifizierungen,P79,,evidence/certificate_register.csv:certificate_index_url,2026-10-07T17:58:07+00:00,HTTP_OK,200,https://www.langer-group.de/Zertifizierungen,text/html; charset=utf-8,LANGER Group Zertifizierungen,c33aafc0973f010ebebe24bac6144c64c72c8433cc6fd6d5711ebe8319ec2279,1,"GET retrieval succeeded; entity, claim, currency and certificate validity require separate review."
https://www.langer-group.de/data/media/45/4509_0x0x0x0x0_50001.pdf,P79,S-P79-05,data/company_intelligence.csv:source_urls | evidence/certificate_register.csv:direct_certificate_url | evidence/companies/P79_langer_gmbh_co_kg/evidence.md | evidence/proposal_source_checks.csv:final_url | evidence/proposal_source_checks.csv:source_url | evidence/source_register.csv:final_url | evidence/source_register.csv:source_link,2026-10-07T19:02:19+00:00,HTTP_OK,200,https://www.langer-group.de/data/media/45/4509_0x0x0x0x0_50001.pdf,application/pdf,                 ZERTIFIKAT,a615431fea4b29a20ff77fc740ca5ff6504c0a9be5876a00d6a82482ac8baf0f,2,"Availability checked separately from holder, claims, period and operating scope. Full-body SHA-256 is also recorded in proposal_source_checks.csv; source-content review is independent of HTTP availability."
https://www.langer-group.de/data/media/45/4511_0x0x0x0x0_14001.pdf,P79,S-P79-04,data/company_intelligence.csv:source_urls | evidence/certificate_register.csv:direct_certificate_url | evidence/companies/P79_langer_gmbh_co_kg/evidence.md | evidence/proposal_source_checks.csv:final_url | evidence/proposal_source_checks.csv:source_url | evidence/source_register.csv:final_url | evidence/source_register.csv:source_link,2026-10-07T19:02:19+00:00,HTTP_OK,200,https://www.langer-group.de/data/media/45/4511_0x0x0x0x0_14001.pdf,application/pdf,                 ZERTIFIKAT,f1740b78a071f51e8f4cde000ad724e3322d339c75821f1717176e6760273c45,2,"Availability checked separately from holder, claims, period and operating scope. Full-body SHA-256 is also recorded in proposal_source_checks.csv; source-content review is independent of HTTP availability."
https://www.langer-group.de/data/media/60/6034_0x0x0x0x0_DNK_Erklaerung_2024_Langer_GmbH___Co__KG.pdf,P79,S-P79-06,data/company_intelligence.csv:source_urls | evidence/companies/P79_langer_gmbh_co_kg/evidence.md | evidence/proposal_source_checks.csv:final_url | evidence/proposal_source_checks.csv:source_url | evidence/source_register.csv:final_url | evidence/source_register.csv:source_link,2026-10-07T19:02:19+00:00,HTTP_OK,200,https://www.langer-group.de/data/media/60/6034_0x0x0x0x0_DNK_Erklaerung_2024_Langer_GmbH___Co__KG.pdf,application/pdf,             DNK­Erklärung 2024,7576030b6e5f461ebe05aaa83ba23c4d5cbe609dd27b7a925686dc81a25321b8,2,"Availability checked separately from holder, claims, period and operating scope. Full-body SHA-256 is also recorded in proposal_source_checks.csv; source-content review is independent of HTTP availability."
https://www.liebich-partner.de/kunden/fuehrungskraefteentwicklung-bada-ag/,P06,S-P06-02,data/pilot_candidates.csv:independent_source | evidence/companies/P06_bada_ag/evidence.md | evidence/source_register.csv:final_url | evidence/source_register.csv:source_link,2026-10-06T17:31:07+00:00,HTTP_OK,200,https://www.liebich-partner.de/kunden/fuehrungskraefteentwicklung-bada-ag/,text/html; charset=UTF-8,Führungskräfteentwicklung: Schwarmintelligenz an der Unternehmens,3a72a9d5715074db877398b3fd9365dd3459511555646e9fec37b772babfef23,1,"GET retrieval succeeded; entity, claim, currency and certificate validity require separate review."
https://www.maisel.com/,P74,S-P74-01 | S-P74-02,data/company_intelligence.csv:source_urls | data/company_intelligence.csv:website | data/company_process_map.csv:process_evidence_url | data/pilot_candidates.csv:company_source | data/pilot_candidates.csv:independent_source | data/pilot_review_sources.csv:source_url | evidence/certificate_register.csv:certificate_index_url | evidence/companies/P74_brauerei_gebr_maisel_gmbh_co_kg/evidence.md | evidence/source_register.csv:final_url | evidence/source_register.csv:source_link,2026-10-07T18:43:07+00:00,HTTP_OK,200,https://www.maisel.com/,text/html; charset=UTF-8,Maisel’s Weisse - Bayerns frische Weisse - Startseite,933331fa5080e99f037ec147686626d8158354210b8d6a4b19a75604061ef13c,1,"GET retrieval succeeded; entity, claim, currency and certificate validity require separate review."
https://www.maisel.com/familie-maisel/qualitaet/,P74,S-P74-03,data/company_intelligence.csv:source_urls | evidence/companies/P74_brauerei_gebr_maisel_gmbh_co_kg/evidence.md | evidence/proposal_source_checks.csv:final_url | evidence/proposal_source_checks.csv:source_url | evidence/source_register.csv:final_url | evidence/source_register.csv:source_link,2026-10-07T19:02:06+00:00,HTTP_OK,200,https://www.maisel.com/familie-maisel/qualitaet/,text/html,Qualität - Brauerei Maisel,3c775248d5ca314b5cc73cb190b58fa4999aa84703f5cd493e0b7993a05df8c5,2,"Availability checked separately from holder, claims, period and operating scope. Full-body SHA-256 is also recorded in proposal_source_checks.csv; source-content review is independent of HTTP availability."
https://www.meckatzer.de/,P29,S-P29-02,data/company_intelligence.csv:source_urls | data/company_intelligence.csv:website | data/company_process_map.csv:process_evidence_url | data/pilot_candidates.csv:independent_source | data/pilot_review_sources.csv:source_url | evidence/certificate_register.csv:certificate_index_url | evidence/companies/P29_meckatzer_loewenbraeu_benedikt_weiss_kg/evidence.md | evidence/source_register.csv:final_url | evidence/source_register.csv:source_link,2026-10-07T10:41:29+00:00,HTTP_OK,200,https://www.meckatzer.de/,text/html; charset=utf-8,Allgäuer Bierspezialitäten: Meckatzer,ff93253c72e4ae94452a072260bcbe198e565d5c0846f23b358ca145fa81f4f6,1,"GET retrieval succeeded; entity, claim, currency and certificate validity require separate review."
https://www.meckatzer.de/fileadmin/user_data/dokumente/260929_Nachhaltigkeitsbericht_WEB.pdf,P29,S-P29-03,data/company_intelligence.csv:source_urls | evidence/certificate_register.csv:direct_certificate_url | evidence/proposal_source_checks.csv:final_url | evidence/proposal_source_checks.csv:source_url | evidence/source_register.csv:final_url | evidence/source_register.csv:source_link,2026-10-07T19:00:37+00:00,HTTP_OK,200,https://www.meckatzer.de/fileadmin/user_data/dokumente/260929_Nachhaltigkeitsbericht_WEB.pdf,application/pdf,NACHHALTIGKEITSBERICHT 2024,96da60f5b7782c04142c22dd32ba65f38a8f22952b90321db5a47b8e6f1027fc,2,"Availability checked separately from holder, claims, period and operating scope. Full-body SHA-256 is also recorded in proposal_source_checks.csv; source-content review is independent of HTTP availability."
https://www.meckatzer.de/impressum/,P29,S-P29-01,data/company_intelligence.csv:source_urls | data/pilot_candidates.csv:company_source | data/pilot_review_sources.csv:source_url | evidence/companies/P29_meckatzer_loewenbraeu_benedikt_weiss_kg/evidence.md | evidence/source_register.csv:final_url | evidence/source_register.csv:source_link,2026-10-07T10:41:34+00:00,HTTP_OK,200,https://www.meckatzer.de/impressum/,text/html; charset=utf-8,Impressum: Meckatzer,ff67bdcb95a1ec21d8e62488183d46141ca81553072440ca5dc3acdc362c2dfc,1,"GET retrieval succeeded; entity, claim, currency and certificate validity require separate review."
https://www.meckatzer.de/nachhaltigkeit/,P29,S-P29-04,data/company_intelligence.csv:source_urls | evidence/certificate_register.csv:certificate_index_url | evidence/source_register.csv:final_url | evidence/source_register.csv:source_link,2026-10-07T10:41:35+00:00,HTTP_OK,200,https://www.meckatzer.de/nachhaltigkeit/,text/html; charset=utf-8,Nachhaltigkeit bei Meckatzer,c3d4024d80a91b378f347c4f2361cff0faf85589e794a2fce2f593153bdbe462,1,"GET retrieval succeeded; entity, claim, currency and certificate validity require separate review."
https://www.merschbrock.de/,P55,S-P55-05,data/company_intelligence.csv:source_urls | data/company_intelligence.csv:website | evidence/companies/P55_merschbrock_kunststoff_spritzguss_gmbh/evidence.md | evidence/proposal_source_checks.csv:final_url | evidence/proposal_source_checks.csv:source_url | evidence/source_register.csv:final_url | evidence/source_register.csv:source_link,2026-10-07T19:01:29+00:00,HTTP_OK,200,https://www.merschbrock.de/,text/html,Merschbrock Kunststoff Spritzguss GmbH,2de4cc5c11f2badf2d206e75cd14a5784fcf4c436006f65403800fa94143e21e,2,"Availability checked separately from holder, claims, period and operating scope. Full-body SHA-256 is also recorded in proposal_source_checks.csv; source-content review is independent of HTTP availability."
https://www.merschbrock.de/kontakt/,P55,S-P55-01,data/company_intelligence.csv:source_urls | data/pilot_candidates.csv:company_source | data/pilot_review_sources.csv:source_url | evidence/certificate_register.csv:certificate_index_url | evidence/companies/P55_merschbrock_kunststoff_spritzguss_gmbh/evidence.md | evidence/source_register.csv:final_url | evidence/source_register.csv:source_link,2026-10-07T11:15:08+00:00,HTTP_OK,200,https://www.merschbrock.de/kontakt/,text/html; charset=UTF-8,Kontakt - Merschbrock Kunststoff Spritzguss GmbH,ed1f716cc06ac1a4ff548c0f849c4482b9f5a513296723b5fa8bfb09723e1f18,1,"GET retrieval succeeded; entity, claim, currency and certificate validity require separate review."
https://www.merschbrock.de/leistungen/,P55,S-P55-02 | S-P55-06,data/company_intelligence.csv:source_urls | data/company_process_map.csv:process_evidence_url | data/pilot_candidates.csv:independent_source | data/pilot_review_sources.csv:source_url | evidence/companies/P55_merschbrock_kunststoff_spritzguss_gmbh/evidence.md | evidence/proposal_source_checks.csv:final_url | evidence/proposal_source_checks.csv:source_url | evidence/source_register.csv:final_url | evidence/source_register.csv:source_link,2026-10-07T19:01:29+00:00,HTTP_OK,200,https://www.merschbrock.de/leistungen/,text/html,Leistungen - Merschbrock Kunststoff Spritzguss GmbH,15c677cf30da6d1a5365bd308ceaeadb91917e13cb017e83fc04254ca0b1e6a1,2,"Availability checked separately from holder, claims, period and operating scope. Full-body SHA-256 is also recorded in proposal_source_checks.csv; source-content review is independent of HTTP availability."
https://www.merschbrock.de/nachhaltigkeit/,P55,S-P55-03,data/company_intelligence.csv:source_urls | evidence/companies/P55_merschbrock_kunststoff_spritzguss_gmbh/evidence.md | evidence/proposal_source_checks.csv:final_url | evidence/proposal_source_checks.csv:source_url | evidence/source_register.csv:final_url | evidence/source_register.csv:source_link,2026-10-07T19:01:24+00:00,HTTP_OK,200,https://www.merschbrock.de/nachhaltigkeit/,text/html,Nachhaltigkeit - Merschbrock Kunststoff Spritzguss GmbH,06cce1b7b9524c09a764976bc1c450c6bf514571c08a465731d768936d1b22d2,2,"Availability checked separately from holder, claims, period and operating scope. Full-body SHA-256 is also recorded in proposal_source_checks.csv; source-content review is independent of HTTP availability."
https://www.merschbrock.de/wp-linked-content/downloads/Merschbrock-Zertifikat_ISO_14001.pdf,P55,S-P55-04,data/company_intelligence.csv:source_urls | evidence/certificate_register.csv:direct_certificate_url | evidence/companies/P55_merschbrock_kunststoff_spritzguss_gmbh/evidence.md | evidence/proposal_source_checks.csv:final_url | evidence/proposal_source_checks.csv:source_url | evidence/source_register.csv:final_url | evidence/source_register.csv:source_link,2026-10-07T19:01:24+00:00,HTTP_OK,200,https://www.merschbrock.de/wp-linked-content/downloads/Merschbrock-Zertifikat_ISO_14001.pdf,application/pdf,                                    ZERTIFIKAT,a18a36129c0f0a2b097b49df899932dd63bf444d3ca470f509d7781d7b8343b9,2,"Availability checked separately from holder, claims, period and operating scope. Full-body SHA-256 is also recorded in proposal_source_checks.csv; source-content review is independent of HTTP availability."
https://www.metak.de/,P77,S-P77-02,data/company_intelligence.csv:source_urls | data/company_intelligence.csv:website | data/company_process_map.csv:process_evidence_url | data/pilot_candidates.csv:independent_source | data/pilot_review_sources.csv:source_url | evidence/certificate_register.csv:certificate_index_url | evidence/companies/P77_metak_gmbh_co_kg/evidence.md | evidence/source_register.csv:final_url | evidence/source_register.csv:source_link,2026-10-07T17:58:08+00:00,HTTP_OK,200,https://www.metak.de/,text/html; charset=utf-8,metak | Kunststoffhersteller &amp; Kunststofflieferant,147df81f90ff23acff22378457652d9a114c6cc448f28f7a60714a14eb6127af,1,"GET retrieval succeeded; entity, claim, currency and certificate validity require separate review."
https://www.metak.de/fileadmin/Kundenbereich/Zertifikate/Metak_Zertifikat_14001_deutsch_2026.pdf,P77,S-P77-07,data/company_intelligence.csv:source_urls | evidence/certificate_register.csv:direct_certificate_url | evidence/companies/P77_metak_gmbh_co_kg/evidence.md | evidence/proposal_source_checks.csv:final_url | evidence/proposal_source_checks.csv:source_url | evidence/source_register.csv:final_url | evidence/source_register.csv:source_link,2026-10-07T19:02:18+00:00,HTTP_OK,200,https://www.metak.de/fileadmin/Kundenbereich/Zertifikate/Metak_Zertifikat_14001_deutsch_2026.pdf,application/pdf,Zertifikat,9e310d0f1b307e09308f1c43679d0150e081a1e4bdbd6ce8864948b989d429b4,2,"Availability checked separately from holder, claims, period and operating scope. Full-body SHA-256 is also recorded in proposal_source_checks.csv; source-content review is independent of HTTP availability."
https://www.metak.de/fileadmin/Kundenbereich/Zertifikate/Metak_Zertifikat_50001_deutsch_2026.pdf,P77,S-P77-06,data/company_intelligence.csv:source_urls | evidence/certificate_register.csv:direct_certificate_url | evidence/companies/P77_metak_gmbh_co_kg/evidence.md | evidence/proposal_source_checks.csv:final_url | evidence/proposal_source_checks.csv:source_url | evidence/source_register.csv:final_url | evidence/source_register.csv:source_link,2026-10-07T19:02:18+00:00,HTTP_OK,200,https://www.metak.de/fileadmin/Kundenbereich/Zertifikate/Metak_Zertifikat_50001_deutsch_2026.pdf,application/pdf,Zertifikat,f6f8f3838dbe68399bc8f7a64dcb87ebc605e89b472662ed7c1d0f4741533d39,2,"Availability checked separately from holder, claims, period and operating scope. Full-body SHA-256 is also recorded in proposal_source_checks.csv; source-content review is independent of HTTP availability."
https://www.metak.de/impressum,P77,S-P77-01,data/company_intelligence.csv:source_urls | data/pilot_candidates.csv:company_source | data/pilot_review_sources.csv:source_url | evidence/companies/P77_metak_gmbh_co_kg/evidence.md | evidence/source_register.csv:final_url | evidence/source_register.csv:source_link,2026-10-07T17:58:14+00:00,HTTP_OK,200,https://www.metak.de/impressum,text/html; charset=utf-8,Impressum von metak aus Burgwald,51cb7bd1b8190b9ae9d97f0615165bff90987376f60b5ec5a42ec6542b7561e9,1,"GET retrieval succeeded; entity, claim, currency and certificate validity require separate review."
https://www.metak.de/leistungen/maschinenpark,P77,S-P77-05,data/company_intelligence.csv:source_urls | evidence/companies/P77_metak_gmbh_co_kg/evidence.md | evidence/proposal_source_checks.csv:final_url | evidence/proposal_source_checks.csv:source_url | evidence/source_register.csv:final_url | evidence/source_register.csv:source_link,2026-10-07T19:02:18+00:00,HTTP_OK,200,https://www.metak.de/leistungen/maschinenpark,text/html,Maschinenpark mit über 50 Spritzgussmaschinen,5f207bda2151fdf8c88fb7ea0165498a966c1b778d1782d8070f8cba2a3034dd,2,"Availability checked separately from holder, claims, period and operating scope. Full-body SHA-256 is also recorded in proposal_source_checks.csv; source-content review is independent of HTTP availability."
https://www.metak.de/leistungen/werkzeugbau,P77,S-P77-04,data/company_intelligence.csv:source_urls | evidence/companies/P77_metak_gmbh_co_kg/evidence.md | evidence/proposal_source_checks.csv:final_url | evidence/proposal_source_checks.csv:source_url | evidence/source_register.csv:final_url | evidence/source_register.csv:source_link,2026-10-07T19:02:15+00:00,HTTP_OK,200,https://www.metak.de/leistungen/werkzeugbau,text/html,Werkzeugbau & Formenbau für Kunststoff-Spritzguss,42cf86b1ab47cdbd7f1da58a3c39dacbffc40a702c6e0a7c5bb25c8d1e77e908,2,"Availability checked separately from holder, claims, period and operating scope. Full-body SHA-256 is also recorded in proposal_source_checks.csv; source-content review is independent of HTTP availability."
https://www.metak.de/umwelt/leitlinien-massnahmen,P77,S-P77-03,data/company_intelligence.csv:source_urls | evidence/companies/P77_metak_gmbh_co_kg/evidence.md | evidence/proposal_source_checks.csv:final_url | evidence/proposal_source_checks.csv:source_url | evidence/source_register.csv:final_url | evidence/source_register.csv:source_link,2026-10-07T19:02:15+00:00,HTTP_OK,200,https://www.metak.de/umwelt/leitlinien-massnahmen,text/html,Leitlinien im Umweltschutz bei metak,87c2a6dd9ab3a6dc2bd27041b5ba846f449932b83fc7b44e204f330ddd2d23e6,2,"Availability checked separately from holder, claims, period and operating scope. Full-body SHA-256 is also recorded in proposal_source_checks.csv; source-content review is independent of HTTP availability."
https://www.metak.de/unternehmen/qualitaetsmanagement,P77,,evidence/certificate_register.csv:certificate_index_url,2026-10-07T17:58:15+00:00,HTTP_OK,200,https://www.metak.de/unternehmen/qualitaetsmanagement,text/html; charset=utf-8,Qualitätsmanagement im Kunststoffspritzguss,f01a3cb745d0b4c26ffdd4010a361c172ec3ae00f97dc3ba403c9edd03dda04f,1,"GET retrieval succeeded; entity, claim, currency and certificate validity require separate review."
https://www.metoba.de/,P101,S-P101-02,data/company_intelligence.csv:source_urls | data/company_intelligence.csv:website | data/company_process_map.csv:process_evidence_url | data/pilot_candidates.csv:independent_source | data/pilot_review_sources.csv:source_url | evidence/certificate_register.csv:certificate_index_url | evidence/companies/P101_metoba_metalloberflachenbearbeitung_gmbh/evidence.md | evidence/source_register.csv:final_url | evidence/source_register.csv:source_link,2026-10-07T18:17:38+00:00,HTTP_OK,200,https://www.metoba.de/,text/html; charset=UTF-8,Metalloberflächenveredelung - Metoba,ff15f900b221a3e85287e49b36fb13aface91229c5c430c27f977dc57abafbdf,1,"GET retrieval succeeded; entity, claim, currency and certificate validity require separate review."
https://www.metoba.de/emas-registrierungsurkunde-2025/,P101,S-P101-04,data/company_intelligence.csv:source_urls | evidence/companies/P101_metoba_metalloberflachenbearbeitung_gmbh/evidence.md | evidence/proposal_source_checks.csv:source_url | evidence/source_register.csv:source_link,2026-10-07T18:59:27+00:00,REDIRECT_OK,200,https://www.metoba.de/wp-content/uploads/2026/01/EMAS-Registrierungsurkunde-2025.pdf,application/pdf,,4e40b5f48a6a3eaf5978f39e6338f13ad0ea4d84d3954247859fc0c6fad80bd3,2,"Availability checked separately from holder, claims, period and operating scope. Full-body SHA-256 is also recorded in proposal_source_checks.csv; source-content review is independent of HTTP availability."
https://www.metoba.de/impressum/,P101,S-P101-01,data/company_intelligence.csv:source_urls | data/pilot_candidates.csv:company_source | data/pilot_review_sources.csv:source_url | evidence/companies/P101_metoba_metalloberflachenbearbeitung_gmbh/evidence.md | evidence/source_register.csv:final_url | evidence/source_register.csv:source_link,2026-10-07T18:17:38+00:00,HTTP_OK,200,https://www.metoba.de/impressum/,text/html; charset=UTF-8,Impressum - Metoba,7c66f2e75e89d6a223c60890ca9f6dd047669737d29deb5db9bb985c3a47c413,1,"GET retrieval succeeded; entity, claim, currency and certificate validity require separate review."
https://www.metoba.de/unternehmen/,P101,,evidence/certificate_register.csv:certificate_index_url,2026-10-07T18:17:39+00:00,HTTP_OK,200,https://www.metoba.de/unternehmen/,text/html; charset=UTF-8,Unternehmen - Metoba,aefb020a2ceeb205ca83dd2f3c764ef4562f60cfe6e7ec4e43d9abc97da79b86,1,"GET retrieval succeeded; entity, claim, currency and certificate validity require separate review."
https://www.metoba.de/wp-content/uploads/2019/10/Metoba-Imagebrosch%C3%BCre.pdf,P101,S-P101-03,data/company_intelligence.csv:source_urls | evidence/companies/P101_metoba_metalloberflachenbearbeitung_gmbh/evidence.md | evidence/proposal_source_checks.csv:final_url | evidence/proposal_source_checks.csv:source_url | evidence/source_register.csv:final_url | evidence/source_register.csv:source_link,2026-10-07T18:59:26+00:00,HTTP_OK,200,https://www.metoba.de/wp-content/uploads/2019/10/Metoba-Imagebrosch%C3%BCre.pdf,application/pdf,Veredeln in Perfektion,f6af7c2d42ca63bcd49c0573412b7fe613a9eab1f9c35f8181ee94fd3c0639fa,2,"Availability checked separately from holder, claims, period and operating scope. Full-body SHA-256 is also recorded in proposal_source_checks.csv; source-content review is independent of HTTP availability."
https://www.metoba.de/wp-content/uploads/2026/01/EMAS-Registrierungsurkunde-2025.pdf,P101,S-P101-04,evidence/certificate_register.csv:direct_certificate_url | evidence/source_register.csv:final_url,2026-10-07T18:17:46+00:00,HTTP_OK,200,https://www.metoba.de/wp-content/uploads/2026/01/EMAS-Registrierungsurkunde-2025.pdf,application/pdf,,4e40b5f48a6a3eaf5978f39e6338f13ad0ea4d84d3954247859fc0c6fad80bd3,1,"GET retrieval succeeded; entity, claim, currency and certificate validity require separate review."
https://www.mkt-gmbh.org/,P80,S-P80-02,data/company_intelligence.csv:source_urls | data/company_intelligence.csv:website | data/company_process_map.csv:process_evidence_url | data/pilot_candidates.csv:independent_source | data/pilot_review_sources.csv:source_url | evidence/certificate_register.csv:certificate_index_url | evidence/companies/P80_mkt_metall_und_kunststofftechnik_gmbh/evidence.md | evidence/proposal_source_checks.csv:final_url | evidence/proposal_source_checks.csv:source_url | evidence/source_register.csv:final_url | evidence/source_register.csv:source_link,2026-10-07T19:02:25+00:00,HTTP_OK,200,https://www.mkt-gmbh.org/,text/html,MKT Metall- und Kunststofftechnik GmbH - Home,d95f9c14a1ad3057931fc533aa17fd51e2ab85c0952df2106bfb9add0c6e2f1e,2,"Availability checked separately from holder, claims, period and operating scope. Full-body SHA-256 is also recorded in proposal_source_checks.csv; source-content review is independent of HTTP availability."
https://www.mkt-gmbh.org/impressum/,P80,S-P80-01,data/company_intelligence.csv:source_urls | data/pilot_candidates.csv:company_source | data/pilot_review_sources.csv:source_url | evidence/companies/P80_mkt_metall_und_kunststofftechnik_gmbh/evidence.md | evidence/source_register.csv:final_url | evidence/source_register.csv:source_link,2026-10-07T17:58:15+00:00,HTTP_OK,200,https://www.mkt-gmbh.org/impressum/,text/html,MKT Metall- und Kunststofftechnik GmbH - Ihr Partner für Kunststoffspritzguss auf höchstem Niveau,d337ce58c4677b50b855b56271536e4c36b0c66ee55e77d79b02c36d2fec9b13,1,"GET retrieval succeeded; entity, claim, currency and certificate validity require separate review."
https://www.mkt-gmbh.org/kontakt/ueber-uns,P80,S-P80-05,data/company_intelligence.csv:source_urls | evidence/companies/P80_mkt_metall_und_kunststofftechnik_gmbh/evidence.md | evidence/proposal_source_checks.csv:final_url | evidence/proposal_source_checks.csv:source_url | evidence/source_register.csv:final_url | evidence/source_register.csv:source_link,2026-10-07T19:02:25+00:00,HTTP_OK,200,https://www.mkt-gmbh.org/kontakt/ueber-uns,text/html,MKT Metall- und Kunststofftechnik GmbH - Über uns,ec991d8879340df3013409edf29ea484f3c0d9e481d9d6e2b91ae6a26a0a8f0b,2,"Availability checked separately from holder, claims, period and operating scope. Full-body SHA-256 is also recorded in proposal_source_checks.csv; source-content review is independent of HTTP availability."
https://www.mkt-gmbh.org/pdf/ISO-14001-2015.pdf,P80,S-P80-06,data/company_intelligence.csv:source_urls | evidence/certificate_register.csv:direct_certificate_url | evidence/companies/P80_mkt_metall_und_kunststofftechnik_gmbh/evidence.md | evidence/proposal_source_checks.csv:final_url | evidence/proposal_source_checks.csv:source_url | evidence/source_register.csv:final_url | evidence/source_register.csv:source_link,2026-10-07T19:02:26+00:00,HTTP_OK,200,https://www.mkt-gmbh.org/pdf/ISO-14001-2015.pdf,application/pdf,ZERTIFIKAT,57e3187de63e38c95228674685aa8c8f7817935224d4a9aeb916f95625095575,2,"Availability checked separately from holder, claims, period and operating scope. Full-body SHA-256 is also recorded in proposal_source_checks.csv; source-content review is independent of HTTP availability."
https://www.mkt-gmbh.org/pdf/Naturenergie.pdf,P80,S-P80-07,data/company_intelligence.csv:source_urls | evidence/companies/P80_mkt_metall_und_kunststofftechnik_gmbh/evidence.md | evidence/proposal_source_checks.csv:final_url | evidence/proposal_source_checks.csv:source_url | evidence/source_register.csv:final_url | evidence/source_register.csv:source_link,2026-10-07T19:02:26+00:00,HTTP_OK,200,https://www.mkt-gmbh.org/pdf/Naturenergie.pdf,application/pdf,    ZERTIFIKAT,673f7ab1fa68801bd561054026343437e3c7cfc65cc4b75e62f92e9e2ab76f47,2,"Availability checked separately from holder, claims, period and operating scope. Full-body SHA-256 is also recorded in proposal_source_checks.csv; source-content review is independent of HTTP availability."
https://www.mkt-gmbh.org/spritzguss,P80,S-P80-04,data/company_intelligence.csv:source_urls | evidence/companies/P80_mkt_metall_und_kunststofftechnik_gmbh/evidence.md | evidence/proposal_source_checks.csv:final_url | evidence/proposal_source_checks.csv:source_url | evidence/source_register.csv:final_url | evidence/source_register.csv:source_link,2026-10-07T19:02:25+00:00,HTTP_OK,200,https://www.mkt-gmbh.org/spritzguss,text/html,MKT Metall- und Kunststofftechnik GmbH - Spritzguss,d0e4804cf0463f8a6a6cc9c092317c47eddbe33477f541bf4e029aa5213f6cd5,2,"Availability checked separately from holder, claims, period and operating scope. Full-body SHA-256 is also recorded in proposal_source_checks.csv; source-content review is independent of HTTP availability."
https://www.mkt-gmbh.org/werkzeugbau,P80,S-P80-03,data/company_intelligence.csv:source_urls | evidence/companies/P80_mkt_metall_und_kunststofftechnik_gmbh/evidence.md | evidence/proposal_source_checks.csv:final_url | evidence/proposal_source_checks.csv:source_url | evidence/source_register.csv:final_url | evidence/source_register.csv:source_link,2026-10-07T19:02:25+00:00,HTTP_OK,200,https://www.mkt-gmbh.org/werkzeugbau,text/html,MKT Metall- und Kunststofftechnik GmbH - Werkzeugbau,2d115391e840dc8c498fbf3274dcfa6a858afbd8a85f13a3926239db0525e96d,2,"Availability checked separately from holder, claims, period and operating scope. Full-body SHA-256 is also recorded in proposal_source_checks.csv; source-content review is independent of HTTP availability."
https://www.moeschter-group.com/,P67,S-P67-02,data/company_intelligence.csv:source_urls | data/pilot_candidates.csv:independent_source | data/pilot_review_sources.csv:source_url | data/research_results.csv:source_urls | evidence/companies/P67_doceram_gmbh/evidence.md | evidence/source_register.csv:source_link,2026-10-07T18:43:10+00:00,REDIRECT_OK,200,https://www.moeschter-group.com/de/,text/html; charset=utf-8,Startseite - MOESCHTER Group GmbH,09562e4f7585e1e8ca3e42fdfee0011c672c2af9e753c82d9090c0f078006a67,1,"GET retrieval succeeded; entity, claim, currency and certificate validity require separate review."
https://www.moeschter-group.com/de/,P67,S-P67-02,evidence/source_register.csv:final_url,2026-10-07T18:43:10+00:00,HTTP_OK,200,https://www.moeschter-group.com/de/,text/html; charset=utf-8,Startseite - MOESCHTER Group GmbH,09562e4f7585e1e8ca3e42fdfee0011c672c2af9e753c82d9090c0f078006a67,1,"GET retrieval succeeded; entity, claim, currency and certificate validity require separate review."
https://www.moeschter-group.com/de/doceram/downloads/,P67,S-P67-03,data/company_intelligence.csv:source_urls | evidence/certificate_register.csv:certificate_index_url | evidence/companies/P67_doceram_gmbh/evidence.md | evidence/source_register.csv:final_url | evidence/source_register.csv:source_link,2026-10-07T18:43:10+00:00,HTTP_OK,200,https://www.moeschter-group.com/de/doceram/downloads/,text/html; charset=utf-8,Downloads - MOESCHTER Group GmbH,fd3bea12629924036149e7283cef874b95b6e900c9d86875d8ca83bb0e8d6267,1,"GET retrieval succeeded; entity, claim, currency and certificate validity require separate review."
https://www.moeschter-group.com/de/doceram/uebersicht/,P67,S-P67-01,data/company_intelligence.csv:source_urls | data/company_intelligence.csv:website | data/company_process_map.csv:process_evidence_url | data/pilot_candidates.csv:company_source | data/pilot_review_sources.csv:source_url | data/research_results.csv:source_urls | evidence/certificate_register.csv:certificate_index_url | evidence/companies/P67_doceram_gmbh/evidence.md | evidence/source_register.csv:final_url | evidence/source_register.csv:source_link,2026-10-07T18:43:13+00:00,HTTP_OK,200,https://www.moeschter-group.com/de/doceram/uebersicht/,text/html; charset=utf-8,Übersicht - MOESCHTER Group GmbH,578403ba35949d651758f180b12d8a4086a0edd615203c61baea4e2d580c2a97,1,"GET retrieval succeeded; entity, claim, currency and certificate validity require separate review."
https://www.moeschter-group.com/fileadmin/content/mediathek/zertifikate/Zertifikate_9001_DE/ISO-9001_ISO-14001_Site-DC_DE_bis-20280518.PDF,P67,S-P67-04,data/company_intelligence.csv:source_urls | evidence/certificate_register.csv:direct_certificate_url | evidence/companies/P67_doceram_gmbh/evidence.md | evidence/proposal_source_checks.csv:final_url | evidence/proposal_source_checks.csv:source_url | evidence/source_register.csv:final_url | evidence/source_register.csv:source_link,2026-10-07T19:01:56+00:00,HTTP_OK,200,https://www.moeschter-group.com/fileadmin/content/mediathek/zertifikate/Zertifikate_9001_DE/ISO-9001_ISO-14001_Site-DC_DE_bis-20280518.PDF,application/pdf,                                                             Bestehendes Zertifikat:             19. Mai 2025                     Erstmalige Zulassung:,e9eb77165c3ba31aa44fe3135e05587be153abec68f06dade90deba5d4b070c7,2,"Availability checked separately from holder, claims, period and operating scope. Full-body SHA-256 is also recorded in proposal_source_checks.csv; source-content review is independent of HTTP availability."
https://www.moraplast.cz/,P09,S-P09-02,data/pilot_candidates.csv:independent_source | evidence/source_register.csv:source_link,2026-10-06T17:31:15+00:00,REDIRECT_OK,200,https://www.moraplast.cz/cz/,text/html; charset=utf-8,MORAplast,f20172ebb88684c18a06a6f9b940f181e3334ffca4c65914e67b5744ed833e0d,1,"GET retrieval succeeded; entity, claim, currency and certificate validity require separate review."
https://www.moraplast.cz/cz/,P09,S-P09-02,evidence/source_register.csv:final_url,2026-10-06T17:31:15+00:00,HTTP_OK,200,https://www.moraplast.cz/cz/,text/html; charset=utf-8,MORAplast,60418f59e997e89b6f0d3fd273252576bae7bab81528e48c8494fc73fd2cdd31,1,"GET retrieval succeeded; entity, claim, currency and certificate validity require separate review."
https://www.neuhausen-enzkreis.de/,P33,S-P33-02,data/company_intelligence.csv:source_urls | data/pilot_candidates.csv:independent_source | data/pilot_review_sources.csv:source_url | evidence/companies/P33_gindele_gmbh/evidence.md | evidence/source_register.csv:source_link,2026-10-07T10:41:36+00:00,REDIRECT_OK,200,https://www.neuhausen-enzkreis.de/startseite,text/html; charset=utf-8,Gemeinde Neuhausen im Enzkreis,4fe413c01100f910ba318df322eabe095c0cb54fffed964001e14535ca383f0a,1,"GET retrieval succeeded; entity, claim, currency and certificate validity require separate review."
https://www.neuhausen-enzkreis.de/startseite,P33,S-P33-02,evidence/source_register.csv:final_url,2026-10-07T10:41:36+00:00,HTTP_OK,200,https://www.neuhausen-enzkreis.de/startseite,text/html; charset=utf-8,Gemeinde Neuhausen im Enzkreis,4fe413c01100f910ba318df322eabe095c0cb54fffed964001e14535ca383f0a,1,"GET retrieval succeeded; entity, claim, currency and certificate validity require separate review."
https://www.neuhausen-enzkreis.de/wirtschaft-karriere/firmenverzeichnis/60/gindele-gmbh,P33,S-P33-07,data/company_intelligence.csv:source_urls | evidence/source_register.csv:final_url | evidence/source_register.csv:source_link,2026-10-07T10:41:36+00:00,HTTP_OK,200,https://www.neuhausen-enzkreis.de/wirtschaft-karriere/firmenverzeichnis/60/gindele-gmbh,text/html; charset=utf-8,Gindele GmbH: Gemeinde Neuhausen im Enzkreis,553be9ca551a826f3b414d29e7a86dca53ada5da6a9ac2be6ffe4fe9c9109794,1,"GET retrieval succeeded; entity, claim, currency and certificate validity require separate review."
https://www.nymphenburg.com/,P109,S-P109-02,data/company_intelligence.csv:source_urls | data/company_intelligence.csv:website | data/company_process_map.csv:process_evidence_url | data/pilot_candidates.csv:independent_source | data/pilot_review_sources.csv:source_url | evidence/certificate_register.csv:certificate_index_url | evidence/companies/P109_porzellan_manufaktur_nymphenburg_gmbh_co_kg/evidence.md | evidence/source_register.csv:final_url | evidence/source_register.csv:source_link,2026-10-07T18:17:46+00:00,HTTP_OK,200,https://www.nymphenburg.com/,text/html; charset=utf-8,Nymphenburg - Königliche Porzellan Manufaktur Nymphenburg,2aa47f7eb955e87ddbbec87fc03e6b8c0e7a61bc1b6fdeed6c3f64f46cba4b2d,1,"GET retrieval succeeded; entity, claim, currency and certificate validity require separate review."
https://www.nymphenburg.com/pages/brennerei,P109,S-P109-03,data/company_intelligence.csv:source_urls | evidence/companies/P109_porzellan_manufaktur_nymphenburg_gmbh_co_kg/evidence.md | evidence/proposal_source_checks.csv:final_url | evidence/proposal_source_checks.csv:source_url | evidence/source_register.csv:final_url | evidence/source_register.csv:source_link,2026-10-07T18:59:43+00:00,HTTP_OK,200,https://www.nymphenburg.com/pages/brennerei,text/html,Brennerei,5cd80629e5ae381055bb91cf9df4d2dfe2acabe374a886fc01df9b52f4bb3681,2,"Availability checked separately from holder, claims, period and operating scope. Full-body SHA-256 is also recorded in proposal_source_checks.csv; source-content review is independent of HTTP availability."
https://www.nymphenburg.com/pages/qualitatsversprechen,P109,S-P109-05,data/company_intelligence.csv:source_urls | evidence/companies/P109_porzellan_manufaktur_nymphenburg_gmbh_co_kg/evidence.md | evidence/proposal_source_checks.csv:final_url | evidence/proposal_source_checks.csv:source_url | evidence/source_register.csv:final_url | evidence/source_register.csv:source_link,2026-10-07T18:59:44+00:00,HTTP_OK,200,https://www.nymphenburg.com/pages/qualitatsversprechen,text/html,Qualitäts-Versprechen,f3f0a45fa545fd7c7b112be368384f71f43cb617c2538e45f8a2c972e70dc19a,2,"Availability checked separately from holder, claims, period and operating scope. Full-body SHA-256 is also recorded in proposal_source_checks.csv; source-content review is independent of HTTP availability."
https://www.nymphenburg.com/pages/wasserkraft,P109,S-P109-04,data/company_intelligence.csv:source_urls | evidence/companies/P109_porzellan_manufaktur_nymphenburg_gmbh_co_kg/evidence.md | evidence/proposal_source_checks.csv:final_url | evidence/proposal_source_checks.csv:source_url | evidence/source_register.csv:final_url | evidence/source_register.csv:source_link,2026-10-07T18:59:43+00:00,HTTP_OK,200,https://www.nymphenburg.com/pages/wasserkraft,text/html,Wasserkraft,505b97e48b0435daacd87056781af7e58ce816efd1fc725b26b66093a662329d,2,"Availability checked separately from holder, claims, period and operating scope. Full-body SHA-256 is also recorded in proposal_source_checks.csv; source-content review is independent of HTTP availability."
https://www.nymphenburg.com/policies/legal-notice,P109,S-P109-01,data/company_intelligence.csv:source_urls | data/pilot_candidates.csv:company_source | data/pilot_review_sources.csv:source_url | evidence/companies/P109_porzellan_manufaktur_nymphenburg_gmbh_co_kg/evidence.md | evidence/source_register.csv:final_url | evidence/source_register.csv:source_link,2026-10-07T18:17:47+00:00,HTTP_OK,200,https://www.nymphenburg.com/policies/legal-notice,text/html; charset=utf-8,Impressum &ndash; Porzellan Manufaktur Nymphenburg,263e0403333cf609b0d1ec57612c9532d625018609608f099420cbe7cbe09885,1,"GET retrieval succeeded; entity, claim, currency and certificate validity require separate review."
https://www.oskar-lehmann.de/de/download.html,P10,,data/research_results.csv:source_urls,2026-10-07T18:43:13+00:00,HTTP_OK,200,https://www.oskar-lehmann.de/de/download.html,text/html; charset=UTF-8,Download - Oskar Lehmann,a9d9690ae9b3eb89e051cdf9725e6be56deb602650cc1b29a92f739d3c5edba9,1,"GET retrieval succeeded; entity, claim, currency and certificate validity require separate review."
https://www.oskar-lehmann.de/en/,P10,,data/company_intelligence.csv:website | data/pilot_coded.csv:website,2026-10-07T18:43:14+00:00,REDIRECT_OK,200,https://www.oskar-lehmann.de/en/54.html,text/html; charset=UTF-8,Home - Oskar Lehmann,040432fa85e4a64666762ad30f44d14c2f76edd2ee698c47523a444981056b7b,1,"GET retrieval succeeded; entity, claim, currency and certificate validity require separate review."
https://www.oskar-lehmann.de/en/78.html,P10,S-P10-10,evidence/source_register.csv:final_url | evidence/source_register.csv:source_link,2026-10-08T08:04:17+00:00,HTTP_OK,200,https://www.oskar-lehmann.de/en/78.html,text/html; charset=UTF-8,News - Oskar Lehmann,347371519e10cfc2f990e286188266bbed9bc5218d632818e7c696e74d699a95,1,Full response body retrieved and relevant content inspected. Scope limitations are recorded in source_register.csv and field_research_20261008.csv.
https://www.oskar-lehmann.de/en/about-us.html,P10,S-P10-02,data/pilot_review_sources.csv:source_url | evidence/proposal_source_checks.csv:final_url | evidence/proposal_source_checks.csv:source_url | evidence/source_register.csv:final_url | evidence/source_register.csv:source_link,2026-10-07T18:59:20+00:00,HTTP_OK,200,https://www.oskar-lehmann.de/en/about-us.html,text/html,About us - Oskar Lehmann,61879f56b163d30be31f37a4b2a5bb29f9c7c035b9386c3ec587625803421e77,2,"Availability checked separately from holder, claims, period and operating scope. Full-body SHA-256 is also recorded in proposal_source_checks.csv; source-content review is independent of HTTP availability."
https://www.oskar-lehmann.de/en/areas-of-expertise.html,P10,S-P10-03,data/company_intelligence.csv:source_urls | data/company_process_map.csv:process_evidence_url | data/pilot_coded.csv:source_urls | data/pilot_review_sources.csv:source_url | evidence/proposal_source_checks.csv:final_url | evidence/proposal_source_checks.csv:source_url | evidence/source_register.csv:final_url | evidence/source_register.csv:source_link,2026-10-07T18:59:21+00:00,HTTP_OK,200,https://www.oskar-lehmann.de/en/areas-of-expertise.html,text/html,Areas of expertise - Oskar Lehmann,43eb3e5fd93d0a5d0f992021b9ff0aa417d0f10dd04d942d519d3c9648c1c4aa,2,"Availability checked separately from holder, claims, period and operating scope. Full-body SHA-256 is also recorded in proposal_source_checks.csv; source-content review is independent of HTTP availability."
https://www.oskar-lehmann.de/en/download-en.html,P10,S-P10-05,data/company_intelligence.csv:source_urls | data/pilot_coded.csv:source_urls | data/pilot_review_sources.csv:source_url | evidence/certificate_register.csv:certificate_index_url | evidence/companies/P10_oskar_lehmann_gmbh_co_kg/evidence.md | evidence/source_register.csv:final_url | evidence/source_register.csv:source_link,2026-10-07T18:43:18+00:00,HTTP_OK,200,https://www.oskar-lehmann.de/en/download-en.html,text/html; charset=UTF-8,Download - Oskar Lehmann,3b79d7084983e4d78831e179387bfeb9f0cc3b2cac121d472851f9090be0dae3,1,"GET retrieval succeeded; entity, claim, currency and certificate validity require separate review."
https://www.oskar-lehmann.de/en/imprint.html,P10,S-P10-01,data/pilot_candidates.csv:company_source | data/pilot_review_sources.csv:source_url | evidence/companies/P10_oskar_lehmann_gmbh_co_kg/evidence.md | evidence/source_register.csv:final_url | evidence/source_register.csv:source_link,2026-10-07T18:43:18+00:00,HTTP_OK,200,https://www.oskar-lehmann.de/en/imprint.html,text/html; charset=UTF-8,Imprint - Oskar Lehmann,61567134e51cde1b39dd0258b9feada155036645d1ca3c83e73a739c4c7edac8,1,"GET retrieval succeeded; entity, claim, currency and certificate validity require separate review."
https://www.oskar-lehmann.de/files/ol/news/Reportage%20im%20Magazin.pdf,P10,S-P10-08,data/pilot_review_sources.csv:source_url | data/research_results.csv:source_urls | evidence/proposal_source_checks.csv:final_url | evidence/proposal_source_checks.csv:source_url | evidence/source_register.csv:final_url | evidence/source_register.csv:source_link,2026-10-07T18:59:22+00:00,HTTP_OK,200,https://www.oskar-lehmann.de/files/ol/news/Reportage%20im%20Magazin.pdf,application/pdf,Bilder: alle Oskar Lehmann & Dr. Boy   24        PRODUKTION / AUTOMATION – SPRITZGIESSEN,11fb58725810777aa81c34ca11d229a9d2e14db9715102b6cdf3fe1d70f5bc5c,2,"Availability checked separately from holder, claims, period and operating scope. Full-body SHA-256 is also recorded in proposal_source_checks.csv; source-content review is independent of HTTP availability."
https://www.ot-schwerin.de/,P42,S-P42-01,data/company_intelligence.csv:source_urls | data/company_intelligence.csv:website | data/company_process_map.csv:process_evidence_url | data/pilot_candidates.csv:company_source | data/pilot_candidates.csv:independent_source | data/pilot_review_sources.csv:source_url | evidence/certificate_register.csv:certificate_index_url | evidence/companies/P42_ot_oberflaechentechnik_gmbh_co_kg/evidence.md | evidence/proposal_source_checks.csv:source_url | evidence/source_register.csv:source_link,2026-10-07T19:01:05+00:00,REDIRECT_OK,200,https://www.ot-schwerin.de/start.html,text/html,Start - Oberflächentechnik in Schwerin - OT Oberflächentechnik,f0ebd4989254fcbaf97e285c9f7c6ec8381e2774c56bb8e3d9684ba9b554296d,2,"Availability checked separately from holder, claims, period and operating scope. Full-body SHA-256 is also recorded in proposal_source_checks.csv; source-content review is independent of HTTP availability."
https://www.ot-schwerin.de/start.html,P42,S-P42-01,evidence/source_register.csv:final_url,2026-10-07T18:43:19+00:00,HTTP_OK,200,https://www.ot-schwerin.de/start.html,text/html; charset=UTF-8,Start - Oberflächentechnik in Schwerin - OT Oberflächentechnik,150d9c2a348fab1c5972e3fd83ef9fccca777e2162d07fdce347baba74697b4d,1,"GET retrieval succeeded; entity, claim, currency and certificate validity require separate review."
https://www.ot-schwerin.de/umweltmanagement.html,P42,S-P42-02,data/company_intelligence.csv:source_urls | evidence/certificate_register.csv:certificate_index_url | evidence/companies/P42_ot_oberflaechentechnik_gmbh_co_kg/evidence.md | evidence/proposal_source_checks.csv:final_url | evidence/proposal_source_checks.csv:source_url | evidence/source_register.csv:final_url | evidence/source_register.csv:source_link,2026-10-07T19:01:05+00:00,HTTP_OK,200,https://www.ot-schwerin.de/umweltmanagement.html,text/html,Umweltmanagement von OT Oberflächentechnik GmbH & Co. KG in Schwerin - OT Oberflächentechnik,2c879b69a8fa5e94e9f9a3800c7c5d1174540edba250eecbddf65241001882f0,2,"Availability checked separately from holder, claims, period and operating scope. Full-body SHA-256 is also recorded in proposal_source_checks.csv; source-content review is independent of HTTP availability."
https://www.ot-schwerin.de/umweltmanagement.html?_hash=s0lGTqN2t2hLlg5_g7fqZqUTEboZVon9tT8vVT7Vx-8&ctx=a%3A1%3A%7Bs%3A2%3A%22id%22%3Bi%3A174%3B%7D&p=ot%2Fcontent%2Fgrafiken%2Fzertifikate%2F14001+2023_deutsch.pdf,P42,S-P42-03,data/company_intelligence.csv:source_urls | evidence/certificate_register.csv:direct_certificate_url | evidence/companies/P42_ot_oberflaechentechnik_gmbh_co_kg/evidence.md | evidence/proposal_source_checks.csv:final_url | evidence/proposal_source_checks.csv:source_url | evidence/source_register.csv:final_url | evidence/source_register.csv:source_link,2026-10-07T19:01:05+00:00,HTTP_OK,200,https://www.ot-schwerin.de/umweltmanagement.html?_hash=s0lGTqN2t2hLlg5_g7fqZqUTEboZVon9tT8vVT7Vx-8&ctx=a%3A1%3A%7Bs%3A2%3A%22id%22%3Bi%3A174%3B%7D&p=ot%2Fcontent%2Fgrafiken%2Fzertifikate%2F14001+2023_deutsch.pdf,application/pdf,Zertifikat,ccbbd54710fbdbe18d817c1e34bb36f0e88f5c022e532f79d3f02d95a13bca7f,2,"Availability checked separately from holder, claims, period and operating scope. Full-body SHA-256 is also recorded in proposal_source_checks.csv; source-content review is independent of HTTP availability."
https://www.peco-germany.com/,P97,S-P97-02,data/company_intelligence.csv:source_urls | data/company_intelligence.csv:website | data/company_process_map.csv:process_evidence_url | data/pilot_candidates.csv:independent_source | data/pilot_review_sources.csv:source_url | evidence/certificate_register.csv:certificate_index_url | evidence/companies/P97_peltzer_co_gmbh/evidence.md | evidence/proposal_source_checks.csv:final_url | evidence/proposal_source_checks.csv:source_url | evidence/source_register.csv:final_url | evidence/source_register.csv:source_link,2026-10-07T19:02:50+00:00,HTTP_OK,200,https://www.peco-germany.com/,text/html,"Peltzer & Co. GmbH: Tradition, Erfahrung, Technologie",1cefbcdc8b5f3bd519128d2b41e426a3bad3927509d4ffc9491f4d96001a3881,2,"Availability checked separately from holder, claims, period and operating scope. Full-body SHA-256 is also recorded in proposal_source_checks.csv; source-content review is independent of HTTP availability."
https://www.peco-germany.com/impressum/,P97,S-P97-01,data/company_intelligence.csv:source_urls | data/pilot_candidates.csv:company_source | data/pilot_review_sources.csv:source_url | evidence/companies/P97_peltzer_co_gmbh/evidence.md | evidence/source_register.csv:final_url | evidence/source_register.csv:source_link,2026-10-07T18:17:50+00:00,HTTP_OK,200,https://www.peco-germany.com/impressum/,text/html; charset=UTF-8,Impressum - PECO,c9cca21b40d01d6866ea556efb80c48631c3a420423087a38955bcaefdb3277f,1,"GET retrieval succeeded; entity, claim, currency and certificate validity require separate review."
https://www.peco-germany.com/unternehmen/geschichte/,P97,S-P97-03,data/company_intelligence.csv:source_urls | evidence/companies/P97_peltzer_co_gmbh/evidence.md | evidence/proposal_source_checks.csv:final_url | evidence/proposal_source_checks.csv:source_url | evidence/source_register.csv:final_url | evidence/source_register.csv:source_link,2026-10-07T19:02:52+00:00,HTTP_OK,200,https://www.peco-germany.com/unternehmen/geschichte/,text/html,Geschichte - PECO,bf9acbbfa68c8d215f166d33d0bb789b41bd2d6176ef5cb79c45bda621df3efb,2,"Availability checked separately from holder, claims, period and operating scope. Full-body SHA-256 is also recorded in proposal_source_checks.csv; source-content review is independent of HTTP availability."
https://www.peka-spritzguss.de/,P96,S-P96-01 | S-P96-02,data/company_intelligence.csv:source_urls | data/company_intelligence.csv:website | data/company_process_map.csv:process_evidence_url | data/pilot_candidates.csv:company_source | data/pilot_candidates.csv:independent_source | data/pilot_review_sources.csv:source_url | evidence/certificate_register.csv:certificate_index_url | evidence/companies/P96_peka_spritzguss_gmbh/evidence.md | evidence/proposal_source_checks.csv:final_url | evidence/proposal_source_checks.csv:source_url | evidence/source_register.csv:final_url | evidence/source_register.csv:source_link,2026-10-07T19:02:50+00:00,HTTP_OK,200,https://www.peka-spritzguss.de/,text/html,PEKA Spritzguss – Kunststoffspritzguss aus Deutschland – Präzise Kunststoffteile & Lösungen – Made in Germany. Skip to main content,2420aa0c4281e48002bf7647bcb8017045668805c82e830bfd62ae912bc9af8a,2,"Availability checked separately from holder, claims, period and operating scope. Full-body SHA-256 is also recorded in proposal_source_checks.csv; source-content review is independent of HTTP availability."
https://www.peka-spritzguss.de/qualitaet/,P96,S-P96-03,data/company_intelligence.csv:source_urls | evidence/certificate_register.csv:certificate_index_url | evidence/companies/P96_peka_spritzguss_gmbh/evidence.md | evidence/source_register.csv:final_url | evidence/source_register.csv:source_link,2026-10-07T18:43:28+00:00,HTTP_OK,200,https://www.peka-spritzguss.de/qualitaet/,text/html; charset=UTF-8,Qualitätsmanagement &#8211; PEKA Spritzguss – Kunststoffspritzguss aus Deutschland,eab3f83be2c0b43f0a491abaac0e64cbeff8999faf85a97e74edbcd01ee815dc,1,"GET retrieval succeeded; entity, claim, currency and certificate validity require separate review."
https://www.peka-spritzguss.de/wp-content/uploads/2026/10/Zertifikat-ISO-14001_2015.pdf,P96,S-P96-04,data/company_intelligence.csv:source_urls | evidence/certificate_register.csv:direct_certificate_url | evidence/companies/P96_peka_spritzguss_gmbh/evidence.md | evidence/proposal_source_checks.csv:final_url | evidence/proposal_source_checks.csv:source_url | evidence/source_register.csv:final_url | evidence/source_register.csv:source_link,2026-10-07T19:02:50+00:00,HTTP_OK,200,https://www.peka-spritzguss.de/wp-content/uploads/2026/10/Zertifikat-ISO-14001_2015.pdf,application/pdf,                 ZERTIFIKAT,bc9cf6998ad253de551b6b125a5f46c02e3b91065193c5a61766d19fa3a1c2fa,2,"Availability checked separately from holder, claims, period and operating scope. Full-body SHA-256 is also recorded in proposal_source_checks.csv; source-content review is independent of HTTP availability."
https://www.plastiflex.com/about-us/,P08,S-P08-01,data/pilot_candidates.csv:company_source | evidence/source_register.csv:final_url | evidence/source_register.csv:source_link,2026-10-06T17:31:23+00:00,HTTP_OK,200,https://www.plastiflex.com/about-us/,text/html; charset=utf-8,About Plastiflex - World leader in hose system solutions,6973ff1f15b5e5afe59460097ea4239f0b788fd6a908ac261cb26cf17c7d5ea7,1,"GET retrieval succeeded; entity, claim, currency and certificate validity require separate review."
https://www.pofahermsdorf.de/,P46,S-P46-02,data/company_intelligence.csv:source_urls | data/company_intelligence.csv:website | data/company_process_map.csv:process_evidence_url | data/pilot_candidates.csv:independent_source | data/pilot_review_sources.csv:source_url | evidence/certificate_register.csv:certificate_index_url | evidence/companies/P46_porzellanfabrik_hermsdorf_gmbh/evidence.md | evidence/source_register.csv:final_url | evidence/source_register.csv:source_link,2026-10-07T18:43:28+00:00,HTTP_OK,200,https://www.pofahermsdorf.de/,text/html; charset=UTF-8,Porzellanfabrik Hermsdorf GmbH | Technische Keramik für anspruchsvolle Einsatzbedingungen.,86e2dd70c646bfeb6fa17d2856bdae58b6d4c288dd2148687875040d8bdc8875,1,"GET retrieval succeeded; entity, claim, currency and certificate validity require separate review."
https://www.pofahermsdorf.de/impressum/,P46,S-P46-01,data/company_intelligence.csv:source_urls | data/pilot_candidates.csv:company_source | data/pilot_review_sources.csv:source_url | evidence/companies/P46_porzellanfabrik_hermsdorf_gmbh/evidence.md | evidence/source_register.csv:final_url | evidence/source_register.csv:source_link,2026-10-07T18:43:31+00:00,HTTP_OK,200,https://www.pofahermsdorf.de/impressum/,text/html; charset=UTF-8,Impressum -Porzellanfabrik Hermsdorf GmbH,48cecaad6cd4cf2f39c347fe6eb8572793978b38e3f7697e614fdd806289a1b1,1,"GET retrieval succeeded; entity, claim, currency and certificate validity require separate review."
https://www.pofahermsdorf.de/wp-content/uploads/2023/05/EMS_dt.pdf,P46,S-P46-04,data/company_intelligence.csv:source_urls | evidence/certificate_register.csv:direct_certificate_url | evidence/companies/P46_porzellanfabrik_hermsdorf_gmbh/evidence.md | evidence/proposal_source_checks.csv:final_url | evidence/proposal_source_checks.csv:source_url | evidence/source_register.csv:final_url | evidence/source_register.csv:source_link,2026-10-07T19:01:13+00:00,HTTP_OK,200,https://www.pofahermsdorf.de/wp-content/uploads/2023/05/EMS_dt.pdf,application/pdf,                                                                                           ZERTIFIKAT,670749ba9ca354c1b0449f51cb1274213982a9b39899c58b69360c2271e0aadb,2,"Availability checked separately from holder, claims, period and operating scope. Full-body SHA-256 is also recorded in proposal_source_checks.csv; source-content review is independent of HTTP availability."
https://www.pofahermsdorf.de/wp-content/uploads/2023/05/UMS_dt.pdf,P46,S-P46-05,data/company_intelligence.csv:source_urls | evidence/certificate_register.csv:direct_certificate_url | evidence/companies/P46_porzellanfabrik_hermsdorf_gmbh/evidence.md | evidence/source_register.csv:final_url | evidence/source_register.csv:source_link,2026-10-07T18:43:32+00:00,HTTP_OK,200,https://www.pofahermsdorf.de/wp-content/uploads/2023/05/UMS_dt.pdf,application/pdf,,c5744b416c25f1f353d0344062d3068e7629414d0b199a6203dc26ee18c4e6ff,1,"GET retrieval succeeded; entity, claim, currency and certificate validity require separate review."
https://www.pofahermsdorf.de/zertifizierungen/,P46,S-P46-03,data/company_intelligence.csv:source_urls | evidence/certificate_register.csv:certificate_index_url | evidence/companies/P46_porzellanfabrik_hermsdorf_gmbh/evidence.md | evidence/source_register.csv:final_url | evidence/source_register.csv:source_link,2026-10-07T18:43:33+00:00,HTTP_OK,200,https://www.pofahermsdorf.de/zertifizierungen/,text/html; charset=UTF-8,Zertifizierungen -Porzellanfabrik Hermsdorf GmbH,b7de72d8ae704ea1dd73572cae2a2da163e0b03603031783cc855a81c850e982,1,"GET retrieval succeeded; entity, claim, currency and certificate validity require separate review."
https://www.qsil.com/,P17,S-P17-01,evidence/source_register.csv:final_url,2026-10-06T17:31:23+00:00,HTTP_OK,200,https://www.qsil.com/,text/html; charset=UTF-8,"QSIL ist jetzt STEREON Materials, Hightech Werkstoffe aus Keramik, Metall &amp; Glas",b865198d1c2e8d8f65110366b00549115ef473d7d27d6aa31581c5b82f66cc66,1,"GET retrieval succeeded; entity, claim, currency and certificate validity require separate review."
https://www.regiomanager.de/ranking/produktion/kunststoffverarbeiter/suedwestfalen/,P23,S-P23-03,data/company_intelligence.csv:source_urls | data/pilot_candidates.csv:independent_source | data/pilot_review_sources.csv:source_url | evidence/source_register.csv:final_url | evidence/source_register.csv:source_link,2026-10-06T17:31:23+00:00,HTTP_OK,200,https://www.regiomanager.de/ranking/produktion/kunststoffverarbeiter/suedwestfalen/,text/html; charset=UTF-8,Die größten Kunststoffverarbeiter in Südwestfalen - Regio Manager,462b47d2aab40924f2088adcf2eb6c32f01d7b58caacf61ae162f5f19f0561a7,1,"GET retrieval succeeded; entity, claim, currency and certificate validity require separate review."
https://www.regionales-bayern.de/anbieter/riedenburger-brauhaus-michael-krieger-gmbh-co-kg-15003/,P22,S-P22-03,data/company_intelligence.csv:source_urls | data/pilot_candidates.csv:independent_source | data/pilot_review_sources.csv:source_url | evidence/proposal_source_checks.csv:final_url | evidence/proposal_source_checks.csv:source_url | evidence/source_register.csv:final_url | evidence/source_register.csv:source_link,2026-10-07T19:00:14+00:00,HTTP_OK,200,https://www.regionales-bayern.de/anbieter/riedenburger-brauhaus-michael-krieger-gmbh-co-kg-15003/,text/html,Riedenburger Brauhaus Michael Krieger GmbH & Co. KG - Regionales Bayern,9a715d45832058686c40131354ceaef833ecbc913d84bd32eca4a627af51414b,2,"Availability checked separately from holder, claims, period and operating scope. Full-body SHA-256 is also recorded in proposal_source_checks.csv; source-content review is independent of HTTP availability."
https://www.ressource-deutschland.de/,P43,S-P43-02,data/company_intelligence.csv:source_urls | data/pilot_candidates.csv:independent_source | data/pilot_review_sources.csv:source_url | evidence/companies/P43_wzr_ceramic_solutions_gmbh/evidence.md | evidence/source_register.csv:final_url | evidence/source_register.csv:source_link,2026-10-06T18:01:55+00:00,HTTP_OK,200,https://www.ressource-deutschland.de/,text/html; charset=utf-8,VDI ZRE - das Kompetenzzentrum für zirkuläre Wirtschaft und Ressourceneffizienz,d89117f08bae29ebc7a76551cc9803fd37f6808ad0dcbbfee1d68e7d2fcb2bdd,1,"GET retrieval succeeded; entity, claim, currency and certificate validity require separate review."
https://www.ressource-deutschland.de/netzwerk/industrie-club-ressourceneffizienz/club-mitglieder/wzr-ceramic-solutions-gmbh,P43,S-P43-03,data/company_intelligence.csv:source_urls | evidence/companies/P43_wzr_ceramic_solutions_gmbh/evidence.md | evidence/source_register.csv:final_url | evidence/source_register.csv:source_link,2026-10-06T18:01:55+00:00,HTTP_OK,200,https://www.ressource-deutschland.de/netzwerk/industrie-club-ressourceneffizienz/club-mitglieder/wzr-ceramic-solutions-gmbh,text/html; charset=utf-8,WZR ceramic solutions GmbH,dfc5a6d43bba5b7d4a71392e5e537d06ac3c9f49cea354a1432316ae74c8aa53,1,"GET retrieval succeeded; entity, claim, currency and certificate validity require separate review."
https://www.ressource-deutschland.de/themen/bauwesen/vernetzung-von-waerme/,P66,S-P66-05,data/company_intelligence.csv:source_urls | evidence/companies/P66_kpm_koenigliche_porzellan_manufaktur_berlin_gmbh/evidence.md | evidence/proposal_source_checks.csv:final_url | evidence/proposal_source_checks.csv:source_url | evidence/source_register.csv:final_url | evidence/source_register.csv:source_link,2026-10-07T19:01:56+00:00,HTTP_OK,200,https://www.ressource-deutschland.de/themen/bauwesen/vernetzung-von-waerme/,text/html,Vernetzung von Wärme im verarbeitenden Gewerbe,3259253ccf52776d121216061eb0df358a2c836d10ed78429877fe9be2f705e1,2,"Availability checked separately from holder, claims, period and operating scope. Full-body SHA-256 is also recorded in proposal_source_checks.csv; source-content review is independent of HTTP availability."
https://www.richard-henkel.de/,P12,,data/company_intelligence.csv:website,2026-10-06T17:31:24+00:00,REDIRECT_OK,200,https://www.richard-henkel.de/startseite.html,text/html; charset=utf-8,Startseite - Richard Henkel GmbH,68fbd2031d99aa13a9091735c066f290134b326926e9e246005b94e3111fe281,1,"GET retrieval succeeded; entity, claim, currency and certificate validity require separate review."
https://www.richard-henkel.de/downloads.html,P12,,evidence/certificate_register.csv:certificate_index_url,2026-10-06T17:31:24+00:00,HTTP_OK,200,https://www.richard-henkel.de/downloads.html,text/html; charset=utf-8,Downloads - Richard Henkel GmbH,e65b71d0fdb276371229411ace8912c7ad8196454dbc5dcb11e0aaadd8ff824d,1,"GET retrieval succeeded; entity, claim, currency and certificate validity require separate review."
https://www.richard-henkel.de/downloads.html?file=files/downloads/2024_Klimawin-BW_Bericht.pdf,P12,S-P12-05,data/pilot_candidates.csv:independent_source | data/pilot_review_sources.csv:source_url | evidence/proposal_source_checks.csv:final_url | evidence/proposal_source_checks.csv:source_url | evidence/source_register.csv:final_url | evidence/source_register.csv:source_link,2026-10-07T18:59:50+00:00,HTTP_OK,200,https://www.richard-henkel.de/downloads.html?file=files/downloads/2024_Klimawin-BW_Bericht.pdf,application/pdf,Klimawin BW,d04353b5eac3f0540738eb750f7096473bcc3ddce4c21f508614bb092e575a43,2,"Availability checked separately from holder, claims, period and operating scope. Full-body SHA-256 is also recorded in proposal_source_checks.csv; source-content review is independent of HTTP availability."
https://www.richard-henkel.de/downloads.html?file=files/downloads/2024_Umwelterklaerung_Richard_Henkel.pdf,P12,S-P12-03,data/company_intelligence.csv:source_urls | data/company_process_map.csv:process_evidence_url | data/pilot_review_sources.csv:source_url | evidence/proposal_source_checks.csv:final_url | evidence/proposal_source_checks.csv:source_url | evidence/source_register.csv:final_url | evidence/source_register.csv:source_link,2026-10-07T18:59:49+00:00,HTTP_OK,200,https://www.richard-henkel.de/downloads.html?file=files/downloads/2024_Umwelterklaerung_Richard_Henkel.pdf,application/pdf,Umwelterklärung 2024                           Richard Henkel GmbH,d53906c8788edf349d57aad4cfa0642a38bd41576ca206082f323b5bce4c59a8,2,"Availability checked separately from holder, claims, period and operating scope. Full-body SHA-256 is also recorded in proposal_source_checks.csv; source-content review is independent of HTTP availability."
https://www.richard-henkel.de/downloads.html?file=files/downloads/EMAS+Urkunde_bis_2026.pdf,P12,S-P12-04,data/company_intelligence.csv:source_urls | data/pilot_review_sources.csv:source_url | evidence/certificate_register.csv:direct_certificate_url | evidence/proposal_source_checks.csv:final_url | evidence/proposal_source_checks.csv:source_url | evidence/source_register.csv:final_url | evidence/source_register.csv:source_link,2026-10-07T18:59:49+00:00,HTTP_OK,200,https://www.richard-henkel.de/downloads.html?file=files/downloads/EMAS+Urkunde_bis_2026.pdf,application/pdf,,c2846c462cba0facb8142349e7078b049ac29967f4368e6a3b7dcca305f5af24,2,"Availability checked separately from holder, claims, period and operating scope. Full-body SHA-256 is also recorded in proposal_source_checks.csv; source-content review is independent of HTTP availability."
https://www.richard-henkel.de/impressum.html,P12,S-P12-01,data/company_intelligence.csv:source_urls | data/pilot_candidates.csv:company_source | data/pilot_review_sources.csv:source_url | evidence/source_register.csv:final_url | evidence/source_register.csv:source_link,2026-10-06T17:31:30+00:00,HTTP_OK,200,https://www.richard-henkel.de/impressum.html,text/html; charset=utf-8,Impressum - Richard Henkel GmbH,c92cad96d6dcdd9596a0cd9ee672265f74ffc74552073c36bb4826fb3b81b7d4,1,"GET retrieval succeeded; entity, claim, currency and certificate validity require separate review."
https://www.richard-henkel.de/oberfl%C3%A4chentechnik.html,P12,S-P12-02,data/company_intelligence.csv:source_urls | data/pilot_review_sources.csv:source_url | evidence/proposal_source_checks.csv:final_url | evidence/proposal_source_checks.csv:source_url | evidence/source_register.csv:final_url | evidence/source_register.csv:source_link,2026-10-07T18:59:46+00:00,HTTP_OK,200,https://www.richard-henkel.de/oberfl%C3%A4chentechnik.html,text/html,Oberflächentechnik - Richard Henkel GmbH,38d60096df78e330016c9f009be7f581532a6f3281d5844b5401afa32625abfa,2,"Availability checked separately from holder, claims, period and operating scope. Full-body SHA-256 is also recorded in proposal_source_checks.csv; source-content review is independent of HTTP availability."
https://www.riedenburger.de/,P22,,data/company_intelligence.csv:website | evidence/certificate_register.csv:certificate_index_url,2026-10-06T17:31:31+00:00,HTTP_OK,200,https://www.riedenburger.de/,text/html; charset=UTF-8,Brauerei - Riedenburger Brauhaus,eaaa1dba5879372c88ea391944b956a578de18e045a73c266f416cf5beaabe55,1,"GET retrieval succeeded; entity, claim, currency and certificate validity require separate review."
https://www.riedenburger.de/about/,P22,S-P22-01,data/company_intelligence.csv:source_urls | data/pilot_candidates.csv:company_source | data/pilot_review_sources.csv:source_url | evidence/proposal_source_checks.csv:final_url | evidence/proposal_source_checks.csv:source_url | evidence/source_register.csv:final_url | evidence/source_register.csv:source_link,2026-10-07T19:00:14+00:00,HTTP_OK,200,https://www.riedenburger.de/about/,text/html,Impressum - Riedenburger Brauhaus,342e326ea6eb522e381dded489c39535c7d9c7c8f683234453f68ffbb91ec19f,2,"Availability checked separately from holder, claims, period and operating scope. Full-body SHA-256 is also recorded in proposal_source_checks.csv; source-content review is independent of HTTP availability."
https://www.riedenburger.de/neues/fossilfreie-bierherstellung/,P22,S-P22-02,data/company_intelligence.csv:source_urls | data/company_process_map.csv:process_evidence_url | data/pilot_review_sources.csv:source_url | evidence/proposal_source_checks.csv:final_url | evidence/proposal_source_checks.csv:source_url | evidence/source_register.csv:final_url | evidence/source_register.csv:source_link,2026-10-07T19:00:14+00:00,HTTP_OK,200,https://www.riedenburger.de/neues/fossilfreie-bierherstellung/,text/html,"Tag des Bieres: Die Zukunft des Bieres ist fossilfrei – Riedenburger zeigt, wie das geht - Riedenburger Brauhaus",4f378d9f217edc30f4ea3a056d12e3181680bdbb080370f7c0cea475de791742,2,"Availability checked separately from holder, claims, period and operating scope. Full-body SHA-256 is also recorded in proposal_source_checks.csv; source-content review is independent of HTTP availability."
https://www.riegele.de/,P91,S-P91-02,data/company_intelligence.csv:source_urls | data/company_intelligence.csv:website | data/company_process_map.csv:process_evidence_url | data/pilot_candidates.csv:independent_source | data/pilot_review_sources.csv:source_url | evidence/certificate_register.csv:certificate_index_url | evidence/companies/P91_brauerei_s_riegele_inh_riegele_kg/evidence.md | evidence/source_register.csv:final_url | evidence/source_register.csv:source_link,2026-10-07T17:58:23+00:00,HTTP_OK,200,https://www.riegele.de/,text/html; charset=UTF-8,Brauhaus Riegele - Schönes Leben hier!,dd37e4edf763967a956b6b91c347db3c8dc8792e6a61f3ca0ac44524ef2ef9c7,1,"GET retrieval succeeded; entity, claim, currency and certificate validity require separate review."
https://www.riegele.de/impressum/,P91,S-P91-01,data/company_intelligence.csv:source_urls | data/pilot_candidates.csv:company_source | data/pilot_review_sources.csv:source_url | evidence/companies/P91_brauerei_s_riegele_inh_riegele_kg/evidence.md | evidence/source_register.csv:final_url | evidence/source_register.csv:source_link,2026-10-07T17:58:23+00:00,HTTP_OK,200,https://www.riegele.de/impressum/,text/html; charset=UTF-8,Impressum - Riegele,ebe6dc101c5892840b8eb8e60305ec09b036f91a3b34ea39399e6d88d32fbb6d,1,"GET retrieval succeeded; entity, claim, currency and certificate validity require separate review."
https://www.riegele.de/region_umwelt/,P91,S-P91-03,data/company_intelligence.csv:source_urls | evidence/certificate_register.csv:certificate_index_url | evidence/companies/P91_brauerei_s_riegele_inh_riegele_kg/evidence.md | evidence/source_register.csv:final_url | evidence/source_register.csv:source_link,2026-10-07T17:58:23+00:00,HTTP_OK,200,https://www.riegele.de/region_umwelt/,text/html; charset=UTF-8,Region und Umwelt - Riegele,72527165c6515e0a0ce07e6a8e4fa7632b023af0ebc840432581761d34a93d26,1,"GET retrieval succeeded; entity, claim, currency and certificate validity require separate review."
https://www.riegele.de/wp-content/uploads/2024/01/Umwelterklaerung_2025_Brauhaus-Riegele.pdf,P91,S-P91-04,data/company_intelligence.csv:source_urls | evidence/certificate_register.csv:direct_certificate_url | evidence/companies/P91_brauerei_s_riegele_inh_riegele_kg/evidence.md | evidence/proposal_source_checks.csv:final_url | evidence/proposal_source_checks.csv:source_url | evidence/source_register.csv:final_url | evidence/source_register.csv:source_link,2026-10-07T19:02:43+00:00,HTTP_OK,200,https://www.riegele.de/wp-content/uploads/2024/01/Umwelterklaerung_2025_Brauhaus-Riegele.pdf,application/pdf,NACHHALTIGKEITSBERICHT 2025,c6aa9f5cb65926f5e843bdd76bbfdacf5780418537d734e5857f69abe4c31418,2,"Availability checked separately from holder, claims, period and operating scope. Full-body SHA-256 is also recorded in proposal_source_checks.csv; source-content review is independent of HTTP availability."
https://www.ruch.de/en/company/facts-history/,P09,S-P09-01,data/pilot_candidates.csv:company_source | evidence/source_register.csv:final_url | evidence/source_register.csv:source_link,2026-10-06T17:31:32+00:00,HTTP_OK,200,https://www.ruch.de/en/company/facts-history/,text/html; charset=UTF-8,Facts &amp; History | RUCH NOVAPLAST GmbH,9030f756aa8122e3505b87dad504e468430d91326fa9206424cdd1bebc159398,1,"GET retrieval succeeded; entity, claim, currency and certificate validity require separate review."
https://www.rudolf-clauss.de/,P102,S-P102-01 | S-P102-02,data/company_intelligence.csv:source_urls | data/company_intelligence.csv:website | data/company_process_map.csv:process_evidence_url | data/pilot_candidates.csv:company_source | data/pilot_candidates.csv:independent_source | data/pilot_review_sources.csv:source_url | evidence/certificate_register.csv:certificate_index_url | evidence/companies/P102_rudolf_clauss_gmbh_co_kg/evidence.md | evidence/proposal_source_checks.csv:source_url | evidence/source_register.csv:source_link,2026-10-07T18:59:29+00:00,REDIRECT_OK,200,https://www.rudolf-clauss.de/de/,text/html,Home - Rudolf Clauss Metallveredlung,b1707990f58de2ed273a6e8b6829c0295d2cf06297093e2adecaf0aaaedba222,2,"Availability checked separately from holder, claims, period and operating scope. Full-body SHA-256 is also recorded in proposal_source_checks.csv; source-content review is independent of HTTP availability."
https://www.rudolf-clauss.de/de/,P102,S-P102-01 | S-P102-02,evidence/source_register.csv:final_url,2026-10-07T18:43:34+00:00,HTTP_OK,200,https://www.rudolf-clauss.de/de/,text/html; charset=utf-8,Home - Rudolf Clauss Metallveredlung,fcac3634fd88eccb99505f1f34cd86f117a688329651d942a36b5f4a892b1de3,1,"GET retrieval succeeded; entity, claim, currency and certificate validity require separate review."
https://www.rudolf-clauss.de/de/nachhaltigkeit/,P102,S-P102-03,data/company_intelligence.csv:source_urls | evidence/companies/P102_rudolf_clauss_gmbh_co_kg/evidence.md | evidence/source_register.csv:final_url | evidence/source_register.csv:source_link,2026-10-07T18:43:35+00:00,HTTP_OK,200,https://www.rudolf-clauss.de/de/nachhaltigkeit/,text/html; charset=utf-8,Nachhaltigkeit - Rudolf Clauss Metallveredlung,e9318a6806542bf5de953344e3d396bef6369855acfc2198e3e79f90a6766228,1,"GET retrieval succeeded; entity, claim, currency and certificate validity require separate review."
https://www.schmalriede.de/,P13,S-P13-03,data/company_intelligence.csv:source_urls | data/company_intelligence.csv:website | data/company_process_map.csv:process_evidence_url | data/pilot_review_sources.csv:source_url | evidence/certificate_register.csv:certificate_index_url | evidence/proposal_source_checks.csv:final_url | evidence/proposal_source_checks.csv:source_url | evidence/source_register.csv:final_url | evidence/source_register.csv:source_link,2026-10-07T18:59:51+00:00,HTTP_OK,200,https://www.schmalriede.de/,text/html,Schmalriede-Zink GmbH,bc1110c817c2407166366866eda904a5003a403b28c7c9973d30f48e308023d7,2,"Availability checked separately from holder, claims, period and operating scope. Full-body SHA-256 is also recorded in proposal_source_checks.csv; source-content review is independent of HTTP availability."
https://www.schmalriede.de/fileadmin/user_upload/Downloads_zertifikate/20240507-SR-12874-Imagebrosch%C3%BCre-Web.pdf,P13,S-P13-07,evidence/companies/P13_schmalriede_zink_gmbh/evidence.md | evidence/proposal_source_checks.csv:final_url | evidence/proposal_source_checks.csv:source_url | evidence/source_register.csv:final_url | evidence/source_register.csv:source_link,2026-10-07T18:59:52+00:00,HTTP_OK,200,https://www.schmalriede.de/fileadmin/user_upload/Downloads_zertifikate/20240507-SR-12874-Imagebrosch%C3%BCre-Web.pdf,application/pdf,,6308e2e05aeea30457d7ca3e4e183235e4663274887b549ff98bc7f6ebbe4413,2,"Availability checked separately from holder, claims, period and operating scope. Full-body SHA-256 is also recorded in proposal_source_checks.csv; source-content review is independent of HTTP availability."
https://www.schmalriede.de/fileadmin/user_upload/Downloads_zertifikate/Whitepaper_Moderne_Galvanik.pdf,P13,S-P13-06,evidence/companies/P13_schmalriede_zink_gmbh/evidence.md | evidence/proposal_source_checks.csv:final_url | evidence/proposal_source_checks.csv:source_url | evidence/source_register.csv:final_url | evidence/source_register.csv:source_link,2026-10-07T18:59:51+00:00,HTTP_OK,200,https://www.schmalriede.de/fileadmin/user_upload/Downloads_zertifikate/Whitepaper_Moderne_Galvanik.pdf,application/pdf,Whitepaper: Moderne Galvanik – Effizienz und Nachhaltigkeit,f2ca3e248b2ea676ae2c99653ee6eb67d6cd19430946536997df1b1e7e799a13,2,"Availability checked separately from holder, claims, period and operating scope. Full-body SHA-256 is also recorded in proposal_source_checks.csv; source-content review is independent of HTTP availability."
https://www.schmalriede.de/fileadmin/user_upload/Downloads_zertifikate/Zertifikat_14001_2026-2029.pdf,P13,S-P13-09,data/company_intelligence.csv:source_urls | evidence/certificate_register.csv:direct_certificate_url | evidence/companies/P13_schmalriede_zink_gmbh/evidence.md | evidence/proposal_source_checks.csv:final_url | evidence/proposal_source_checks.csv:source_url | evidence/source_register.csv:final_url | evidence/source_register.csv:source_link,2026-10-07T18:59:56+00:00,HTTP_OK,200,https://www.schmalriede.de/fileadmin/user_upload/Downloads_zertifikate/Zertifikat_14001_2026-2029.pdf,application/pdf,Z E R T I F I K A T,78502b30595863626030e84925cbab3fe1b819f2ce88262726d2de98b3072900,2,"Availability checked separately from holder, claims, period and operating scope. Full-body SHA-256 is also recorded in proposal_source_checks.csv; source-content review is independent of HTTP availability."
https://www.schmalriede.de/impressum,P13,S-P13-01,data/company_intelligence.csv:source_urls | data/pilot_candidates.csv:company_source | data/pilot_review_sources.csv:source_url | evidence/source_register.csv:final_url | evidence/source_register.csv:source_link,2026-10-06T18:01:55+00:00,HTTP_OK,200,https://www.schmalriede.de/impressum,text/html; charset=utf-8,Impressum.,4ec7f9fc6eb8a9b1d2bfdf5436dadb4fc51cf36a35e73cdbc0836681cc3befd5,1,"GET retrieval succeeded; entity, claim, currency and certificate validity require separate review."
https://www.schmalriede.de/services/vor-der-behandlung,P13,S-P13-05,evidence/companies/P13_schmalriede_zink_gmbh/evidence.md | evidence/proposal_source_checks.csv:final_url | evidence/proposal_source_checks.csv:source_url | evidence/source_register.csv:final_url | evidence/source_register.csv:source_link,2026-10-07T18:59:51+00:00,HTTP_OK,200,https://www.schmalriede.de/services/vor-der-behandlung,text/html,Vor der Behandlung,e3fb7d3216b3c3b174b91d00323d9db58c8f8a93a91b802dead09fe0d2b7eab6,2,"Availability checked separately from holder, claims, period and operating scope. Full-body SHA-256 is also recorded in proposal_source_checks.csv; source-content review is independent of HTTP availability."
https://www.schmalriede.de/unternehmen,P13,S-P13-02,data/company_intelligence.csv:source_urls | data/pilot_candidates.csv:independent_source | data/pilot_review_sources.csv:source_url | evidence/proposal_source_checks.csv:final_url | evidence/proposal_source_checks.csv:source_url | evidence/source_register.csv:final_url | evidence/source_register.csv:source_link,2026-10-07T18:59:51+00:00,HTTP_OK,200,https://www.schmalriede.de/unternehmen,text/html,Über Schmalriede-Zink,fd58a9961c291e3e32ac42ebfe4586439e34abab9cb8d55ec3f31fb90948382b,2,"Availability checked separately from holder, claims, period and operating scope. Full-body SHA-256 is also recorded in proposal_source_checks.csv; source-content review is independent of HTTP availability."
https://www.schmalriede.de/unternehmen/downloads-/-zertifikate,P13,S-P13-08,data/company_intelligence.csv:source_urls | evidence/certificate_register.csv:certificate_index_url | evidence/companies/P13_schmalriede_zink_gmbh/evidence.md | evidence/source_register.csv:final_url | evidence/source_register.csv:source_link,2026-10-06T18:01:55+00:00,HTTP_OK,200,https://www.schmalriede.de/unternehmen/downloads-/-zertifikate,text/html; charset=utf-8,Downloads / Zertifikate,482ebf96daf59bbbfa2cb98b83bcf63a6b1a84b6abe30d0acafb71882b5f72f8,1,"GET retrieval succeeded; entity, claim, currency and certificate validity require separate review."
https://www.schmalriede.de/unternehmen/umwelt-qualitaetsmanagement,P13,S-P13-04,data/company_intelligence.csv:source_urls | evidence/companies/P13_schmalriede_zink_gmbh/evidence.md | evidence/proposal_source_checks.csv:final_url | evidence/proposal_source_checks.csv:source_url | evidence/source_register.csv:final_url | evidence/source_register.csv:source_link,2026-10-07T18:59:51+00:00,HTTP_OK,200,https://www.schmalriede.de/unternehmen/umwelt-qualitaetsmanagement,text/html,Schmalriede Umwelt- und Qualitätsmanagement,951f20ecf540e74a4881f728c444abefffc3bd3d307f8c5b24b010c0b532d21c,2,"Availability checked separately from holder, claims, period and operating scope. Full-body SHA-256 is also recorded in proposal_source_checks.csv; source-content review is independent of HTTP availability."
https://www.schweizer-galvano.de/,P85,S-P85-03,data/company_intelligence.csv:source_urls | evidence/companies/P85_die_schweizer_galvanotechnic_gmbh_co_kg/evidence.md | evidence/proposal_source_checks.csv:source_url | evidence/source_register.csv:source_link,2026-10-07T19:02:37+00:00,REDIRECT_OK,200,https://schweizer-galvano.de/,text/html,Schweizer Galvanotechnic – perfekt in Metallveredelung · Heilbronn seit 1932,3a3a3df07592b5ec9af7cac451b9407b20acc5967a59f233ac41f917247fa5e6,2,"Availability checked separately from holder, claims, period and operating scope. Full-body SHA-256 is also recorded in proposal_source_checks.csv; source-content review is independent of HTTP availability."
https://www.sembach.de/en/,P16,,data/company_intelligence.csv:website,2026-10-06T17:31:33+00:00,HTTP_OK,200,https://www.sembach.de/en/,text/html; charset=UTF-8,Home - Sembach,e6f2a0339a701a91601dc66147eeb1c8c5e8bf0883319cbc3bddd44ef5c8b0e3,1,"GET retrieval succeeded; entity, claim, currency and certificate validity require separate review."
https://www.sembach.de/en/company/,P16,S-P16-02,data/company_intelligence.csv:source_urls | data/pilot_candidates.csv:independent_source | data/pilot_review_sources.csv:source_url | evidence/proposal_source_checks.csv:final_url | evidence/proposal_source_checks.csv:source_url | evidence/source_register.csv:final_url | evidence/source_register.csv:source_link,2026-10-07T19:00:01+00:00,HTTP_OK,200,https://www.sembach.de/en/company/,text/html,Company - Sembach,3988b81d39deac544596be26012049e3857e11cb1c3366e5fd69602b7fb3deb5,2,"Availability checked separately from holder, claims, period and operating scope. Full-body SHA-256 is also recorded in proposal_source_checks.csv; source-content review is independent of HTTP availability."
https://www.sembach.de/en/downloads/,P16,,evidence/certificate_register.csv:certificate_index_url,2026-10-06T17:31:36+00:00,HTTP_OK,200,https://www.sembach.de/en/downloads/,text/html; charset=UTF-8,Downloads - Sembach,741dc1e0e55989725a8e4aba2d01bb2b590aec77f2fb32bd70b43b1d21496380,1,"GET retrieval succeeded; entity, claim, currency and certificate validity require separate review."
https://www.sembach.de/en/imprint/,P16,S-P16-01,data/company_intelligence.csv:source_urls | data/pilot_candidates.csv:company_source | data/pilot_review_sources.csv:source_url | evidence/source_register.csv:final_url | evidence/source_register.csv:source_link,2026-10-06T17:31:36+00:00,HTTP_OK,200,https://www.sembach.de/en/imprint/,text/html; charset=UTF-8,Imprint - Sembach,c482c66491959f9e669a4704e17023af01b5676ccc6e2b2a0bafe546340b610c,1,"GET retrieval succeeded; entity, claim, currency and certificate validity require separate review."
https://www.sembach.de/en/production/,P16,S-P16-03,data/company_intelligence.csv:source_urls | data/company_process_map.csv:process_evidence_url | data/pilot_review_sources.csv:source_url | evidence/proposal_source_checks.csv:final_url | evidence/proposal_source_checks.csv:source_url | evidence/source_register.csv:final_url | evidence/source_register.csv:source_link,2026-10-07T19:00:01+00:00,HTTP_OK,200,https://www.sembach.de/en/production/,text/html,Production - Sembach,1ebdd8a434560eeb500c9de86ca5f43c90942f28a7d0bec12a3f95c64dd16042,2,"Availability checked separately from holder, claims, period and operating scope. Full-body SHA-256 is also recorded in proposal_source_checks.csv; source-content review is independent of HTTP availability."
https://www.sembach.de/wp-content/uploads/ISO-14001-bis-2028-E.pdf,P16,S-P16-05,data/company_intelligence.csv:source_urls | data/pilot_review_sources.csv:source_url | evidence/certificate_register.csv:direct_certificate_url | evidence/proposal_source_checks.csv:final_url | evidence/proposal_source_checks.csv:source_url | evidence/source_register.csv:final_url | evidence/source_register.csv:source_link,2026-10-07T19:00:01+00:00,HTTP_OK,200,https://www.sembach.de/wp-content/uploads/ISO-14001-bis-2028-E.pdf,application/pdf,            C E R T I F I C A T E,c1975cd69de19f171bcabfa6e09af142e5b4f1010dfc015c97038953b69db9bc,2,"Availability checked separately from holder, claims, period and operating scope. Full-body SHA-256 is also recorded in proposal_source_checks.csv; source-content review is independent of HTTP availability."
https://www.sembach.de/wp-content/uploads/ISO-50001-bis-2028-E.pdf,P16,S-P16-04,data/company_intelligence.csv:source_urls | data/pilot_review_sources.csv:source_url | evidence/certificate_register.csv:direct_certificate_url | evidence/proposal_source_checks.csv:final_url | evidence/proposal_source_checks.csv:source_url | evidence/source_register.csv:final_url | evidence/source_register.csv:source_link,2026-10-07T19:00:01+00:00,HTTP_OK,200,https://www.sembach.de/wp-content/uploads/ISO-50001-bis-2028-E.pdf,application/pdf,            C E R T I F I C A T E,33982322cd4611f22aa41c6906cff6d0b712ffcdf5165850e8276066eb9fcf6f,2,"Availability checked separately from holder, claims, period and operating scope. Full-body SHA-256 is also recorded in proposal_source_checks.csv; source-content review is independent of HTTP availability."
https://www.sembach.de/wp-content/uploads/Imagebroschuere-2026_DE_-DIGITAL.pdf,P16,S-P16-06,evidence/proposal_source_checks.csv:final_url | evidence/proposal_source_checks.csv:source_url | evidence/source_register.csv:final_url | evidence/source_register.csv:source_link,2026-10-08T08:02:02+00:00,HTTP_OK,200,https://www.sembach.de/wp-content/uploads/Imagebroschuere-2026_DE_-DIGITAL.pdf,application/pdf,Imagebroschüre 2026,e11dbae7bbfc9873119c2968bb623d9a0c1a16d64943a8bc9860dd053bdcbf21,1,Full response body retrieved and relevant content inspected. Scope limitations are recorded in source_register.csv and field_research_20261008.csv.
https://www.skz.de/fileadmin/user_upload/Download_PDF/_Zertifizierung/Referenzliste_ISO.pdf,P33,S-P33-08,data/company_intelligence.csv:source_urls | evidence/certificate_register.csv:certificate_index_url | evidence/proposal_source_checks.csv:final_url | evidence/proposal_source_checks.csv:source_url | evidence/source_register.csv:final_url | evidence/source_register.csv:source_link,2026-10-07T19:00:46+00:00,HTTP_OK,200,https://www.skz.de/fileadmin/user_upload/Download_PDF/_Zertifizierung/Referenzliste_ISO.pdf,application/pdf,        SKZ-Cert GmbH,d8949e6916e927bc58c208c4869543bfc5f040eb3f99de0d3355e48b4bb1bdf4,2,"Availability checked separately from holder, claims, period and operating scope. Full-body SHA-256 is also recorded in proposal_source_checks.csv; source-content review is independent of HTTP availability."
https://www.spritzguss-mueller.de/,P56,S-P56-02,data/company_intelligence.csv:source_urls | data/company_intelligence.csv:website | data/company_process_map.csv:process_evidence_url | data/pilot_candidates.csv:independent_source | data/pilot_review_sources.csv:source_url | evidence/companies/P56_spritzguss_mueller_gmbh/evidence.md | evidence/source_register.csv:final_url | evidence/source_register.csv:source_link,2026-10-07T11:41:14+00:00,HTTP_OK,200,https://www.spritzguss-mueller.de/,text/html; charset=UTF-8,Spritzguss Müller GmbH - Entwicklung • Werkzeugbau • Sondermaschinen • Spritzguss • Elektronik,5bbb4bf0155aac43567281929c7459cef25098d3ebcab369f9c80ec24ae2b0c9,1,"GET retrieval succeeded; entity, claim, currency and certificate validity require separate review."
https://www.spritzguss-mueller.de/en/impressum/,P56,S-P56-01,data/company_intelligence.csv:source_urls | data/pilot_candidates.csv:company_source | data/pilot_review_sources.csv:source_url | evidence/certificate_register.csv:certificate_index_url | evidence/companies/P56_spritzguss_mueller_gmbh/evidence.md | evidence/source_register.csv:final_url | evidence/source_register.csv:source_link,2026-10-07T11:41:14+00:00,HTTP_OK,200,https://www.spritzguss-mueller.de/en/impressum/,text/html; charset=UTF-8,Impressum - Spritzguss Müller GmbH,14e98c228981cf065762396deca1288d577f0a9b3f710aa1ebae68948e761445,1,"GET retrieval succeeded; entity, claim, currency and certificate validity require separate review."
https://www.spritzguss-mueller.de/firmengeschichte/,P56,S-P56-05,data/company_intelligence.csv:source_urls | evidence/companies/P56_spritzguss_mueller_gmbh/evidence.md | evidence/proposal_source_checks.csv:final_url | evidence/proposal_source_checks.csv:source_url | evidence/source_register.csv:final_url | evidence/source_register.csv:source_link,2026-10-07T19:01:30+00:00,HTTP_OK,200,https://www.spritzguss-mueller.de/firmengeschichte/,text/html,Firmengeschichte - Spritzguss Müller GmbH,71e2b4b5a38475b93402a92d705ffedc43e5eca0c934df864d384c4eb480a129,2,"Availability checked separately from holder, claims, period and operating scope. Full-body SHA-256 is also recorded in proposal_source_checks.csv; source-content review is independent of HTTP availability."
https://www.spritzguss-mueller.de/spritzguss-mit-qualitaet-made-in-germany/,P56,S-P56-03,evidence/source_register.csv:final_url,2026-10-07T11:41:14+00:00,HTTP_OK,200,https://www.spritzguss-mueller.de/spritzguss-mit-qualitaet-made-in-germany/,text/html; charset=UTF-8,Spritzguss - Qualität in nachhaltiger Kunststoffverarbeitung,fd50a0d7d32ea315debe520984b152a4ab62951c657c4fb6775aad79564fc7a0,1,"GET retrieval succeeded; entity, claim, currency and certificate validity require separate review."
https://www.spritzguss-mueller.de/spritzguss/,P56,S-P56-03,data/company_intelligence.csv:source_urls | evidence/companies/P56_spritzguss_mueller_gmbh/evidence.md | evidence/proposal_source_checks.csv:source_url | evidence/source_register.csv:source_link,2026-10-07T19:01:30+00:00,REDIRECT_OK,200,https://www.spritzguss-mueller.de/spritzguss-mit-qualitaet-made-in-germany/,text/html,Spritzguss - Qualität in nachhaltiger Kunststoffverarbeitung,458eec57eb72c6ca4585dff8cb7fa90300ebcb24ed99e6232773ab01bfc9d760,2,"Availability checked separately from holder, claims, period and operating scope. Full-body SHA-256 is also recorded in proposal_source_checks.csv; source-content review is independent of HTTP availability."
https://www.spritzguss-mueller.de/werkzeugbau/,P56,S-P56-04,data/company_intelligence.csv:source_urls | evidence/companies/P56_spritzguss_mueller_gmbh/evidence.md | evidence/proposal_source_checks.csv:final_url | evidence/proposal_source_checks.csv:source_url | evidence/source_register.csv:final_url | evidence/source_register.csv:source_link,2026-10-07T19:01:30+00:00,HTTP_OK,200,https://www.spritzguss-mueller.de/werkzeugbau/,text/html,Werkzeugbau - Spritzguss Müller GmbH,805a5c4fe7d4c9b24459f14702b826cc033bbad5891dab649953c63f701cbf7c,2,"Availability checked separately from holder, claims, period and operating scope. Full-body SHA-256 is also recorded in proposal_source_checks.csv; source-content review is independent of HTTP availability."
https://www.stiftung-kpm.de/,P66,S-P66-02,data/company_intelligence.csv:source_urls | data/pilot_candidates.csv:independent_source | data/pilot_review_sources.csv:source_url | evidence/companies/P66_kpm_koenigliche_porzellan_manufaktur_berlin_gmbh/evidence.md | evidence/source_register.csv:final_url | evidence/source_register.csv:source_link,2026-10-07T11:41:15+00:00,HTTP_OK,200,https://www.stiftung-kpm.de/,text/html;charset=utf-8,Stiftung Königliche Porzellan-Manufaktur Berlin,6555e4801a5e1b62b77bf074f42f48ef4d5d3586b06e2a3151218593cb161735,1,"GET retrieval succeeded; entity, claim, currency and certificate validity require separate review."
https://www.stocker-kunststoff.de/,P57,S-P57-02,data/company_intelligence.csv:source_urls | data/company_intelligence.csv:website | data/company_process_map.csv:process_evidence_url | data/pilot_candidates.csv:independent_source | data/pilot_review_sources.csv:source_url | evidence/companies/P57_stocker_kunststoff_gmbh/evidence.md | evidence/source_register.csv:final_url | evidence/source_register.csv:source_link,2026-10-07T11:41:22+00:00,HTTP_OK,200,https://www.stocker-kunststoff.de/,text/html; charset=UTF-8,Kunststoff-Spritzguss Unternehmen - Stocker Kunststoff GmbH,7d8ec3391b92b2d3afb61a794fa6f4035cf86b3852317b828ab1b8d6d80e45bd,1,"GET retrieval succeeded; entity, claim, currency and certificate validity require separate review."
https://www.stocker-kunststoff.de/fertigung/,P57,S-P57-03,data/company_intelligence.csv:source_urls | evidence/companies/P57_stocker_kunststoff_gmbh/evidence.md | evidence/proposal_source_checks.csv:final_url | evidence/proposal_source_checks.csv:source_url | evidence/source_register.csv:final_url | evidence/source_register.csv:source_link,2026-10-07T19:01:31+00:00,HTTP_OK,200,https://www.stocker-kunststoff.de/fertigung/,text/html,Spritzguss Werkzeuge - Stocker Kunststoff GmbH,38b45c150df1103e14cb274b17099d54c79d19ce83f08f18c3db199772dfa85a,2,"Availability checked separately from holder, claims, period and operating scope. Full-body SHA-256 is also recorded in proposal_source_checks.csv; source-content review is independent of HTTP availability."
https://www.stocker-kunststoff.de/impressum/,P57,S-P57-01,data/company_intelligence.csv:source_urls | data/pilot_candidates.csv:company_source | data/pilot_review_sources.csv:source_url | evidence/certificate_register.csv:certificate_index_url | evidence/companies/P57_stocker_kunststoff_gmbh/evidence.md | evidence/source_register.csv:final_url | evidence/source_register.csv:source_link,2026-10-07T11:41:23+00:00,HTTP_OK,200,https://www.stocker-kunststoff.de/impressum/,text/html; charset=UTF-8,Impressum - Stocker Kunststoff GmbH,c440bb05fffd8abca282e47d2d69eeecf259446d10bdba53a4361f3b1373764c,1,"GET retrieval succeeded; entity, claim, currency and certificate validity require separate review."
https://www.stocker-kunststoff.de/qualitatsmanagement/,P57,S-P57-04,data/company_intelligence.csv:source_urls | evidence/companies/P57_stocker_kunststoff_gmbh/evidence.md | evidence/proposal_source_checks.csv:final_url | evidence/proposal_source_checks.csv:source_url | evidence/source_register.csv:final_url | evidence/source_register.csv:source_link,2026-10-07T19:01:31+00:00,HTTP_OK,200,https://www.stocker-kunststoff.de/qualitatsmanagement/,text/html,Qualitätsmanagement im Kustsoffspritzguss - Stocker Kunststoff GmbH,1c8988411f37676bfbdff345edbeea21f8e14bb6ad3a34923011156c7049c84d,2,"Availability checked separately from holder, claims, period and operating scope. Full-body SHA-256 is also recorded in proposal_source_checks.csv; source-content review is independent of HTTP availability."
https://www.surface-technology-germany.de/aussteller-produkte/aussteller/surface-technology-germany/barth-galvanik-gmbh/107846,P26,S-P26-02,data/company_intelligence.csv:source_urls | data/pilot_candidates.csv:independent_source | data/pilot_review_sources.csv:source_url | evidence/companies/P26_barth_galvanik_gmbh/evidence.md | evidence/source_register.csv:final_url | evidence/source_register.csv:source_link,2026-10-07T10:41:37+00:00,NOT_FOUND,404,https://www.surface-technology-germany.de/aussteller-produkte/aussteller/surface-technology-germany/barth-galvanik-gmbh/107846,,,,1,"HTTP 404; availability only, no deployment inference."
https://www.surface-technology-germany.de/aussteller/barth-galvanik/J224026,P26,S-P26-03,evidence/source_register.csv:final_url | evidence/source_register.csv:source_link,2026-10-07T10:41:37+00:00,HTTP_OK,200,https://www.surface-technology-germany.de/aussteller/barth-galvanik/J224026,text/html;charset=UTF-8,SurfaceTechnology GERMANY Aussteller 2026: Barth Galvanik,dbd2b52e838bebb89de4fe8e4ea7d604d40ee688c218bfa8dfdd835df24257c5,1,"GET retrieval succeeded; entity, claim, currency and certificate validity require separate review."
https://www.teigwaren-riesa.de/,P02,,evidence/certificate_register.csv:certificate_index_url | evidence/companies/P02_teigwaren_riesa_gmbh/evidence.md,2026-10-06T17:31:41+00:00,HTTP_OK,200,https://www.teigwaren-riesa.de/,text/html; charset=UTF-8,Teigwaren Riesa,a596e261dba0fe8741eba6517fd96819edf433885e7ae0bda1ab9fa28719ab97,1,"GET retrieval succeeded; entity, claim, currency and certificate validity require separate review."
https://www.teigwaren-riesa.de/impressum/,P02,S-P02-01,data/pilot_candidates.csv:company_source | evidence/source_register.csv:final_url | evidence/source_register.csv:source_link,2026-10-06T17:31:41+00:00,HTTP_OK,200,https://www.teigwaren-riesa.de/impressum/,text/html; charset=UTF-8,Impressum,6398f536c976e4ee51ccca2ea7bfdf6fd4001df5330e7fbbf956093a09a916b5,1,"GET retrieval succeeded; entity, claim, currency and certificate validity require separate review."
https://www.tkf-froemgen.de/,P89,S-P89-01 | S-P89-02,data/company_intelligence.csv:source_urls | data/company_intelligence.csv:website | data/pilot_candidates.csv:company_source | data/pilot_candidates.csv:independent_source | data/pilot_review_sources.csv:source_url | evidence/certificate_register.csv:certificate_index_url | evidence/companies/P89_technische_keramik_fromgen_gmbh/evidence.md | evidence/source_register.csv:source_link,2026-10-07T18:43:35+00:00,REDIRECT_OK,200,https://www.tkf-froemgen.de/en/,text/html; charset=utf-8,"Ceramic Technology from TKF for new, successful products and solutions - Technical Ceramics - Germany",105b74ce322c21283eb418fbf5ec2ed4b29ef17f61a5e53f3243c3f97c981c4e,1,"GET retrieval succeeded; entity, claim, currency and certificate validity require separate review."
https://www.tkf-froemgen.de/en/,P89,S-P89-01 | S-P89-02,evidence/source_register.csv:final_url,2026-10-07T18:43:41+00:00,HTTP_OK,200,https://www.tkf-froemgen.de/en/,text/html; charset=utf-8,"Ceramic Technology from TKF for new, successful products and solutions - Technical Ceramics - Germany",105b74ce322c21283eb418fbf5ec2ed4b29ef17f61a5e53f3243c3f97c981c4e,1,"GET retrieval succeeded; entity, claim, currency and certificate validity require separate review."
https://www.tkf-froemgen.de/en/range-of-services.html,P89,S-P89-04,data/company_intelligence.csv:source_urls | data/company_process_map.csv:process_evidence_url | evidence/companies/P89_technische_keramik_fromgen_gmbh/evidence.md | evidence/proposal_source_checks.csv:final_url | evidence/proposal_source_checks.csv:source_url | evidence/source_register.csv:final_url | evidence/source_register.csv:source_link,2026-10-07T19:02:37+00:00,HTTP_OK,200,https://www.tkf-froemgen.de/en/range-of-services.html,text/html,"Ceramic machinery: surface grinding, cylindrical grinding, sawing, drilling, lapping. Honing, polishing, sintering - Technical Ceramics - Germany",cb05635f17db3149009523c3683fa469653549b7b0cdd89a6608c169b87af80a,2,"Availability checked separately from holder, claims, period and operating scope. Full-body SHA-256 is also recorded in proposal_source_checks.csv; source-content review is independent of HTTP availability."
https://www.tkf-froemgen.de/en/technical-ceramics.html,P89,S-P89-03,data/company_intelligence.csv:source_urls | evidence/companies/P89_technische_keramik_fromgen_gmbh/evidence.md | evidence/source_register.csv:final_url | evidence/source_register.csv:source_link,2026-10-07T18:43:41+00:00,HTTP_OK,200,https://www.tkf-froemgen.de/en/technical-ceramics.html,text/html; charset=utf-8,"Ceramic Technology from TKF for new, successful products and solutions - Technical Ceramics - Germany",ad9aaecc22b13019e9e036b5e08279145da5a54e05524bd562e345bc992adade,1,"GET retrieval succeeded; entity, claim, currency and certificate validity require separate review."
https://www.trio-eloxal.de/,P14,,data/pilot_candidates.csv:company_source,2026-10-06T17:31:42+00:00,HTTP_OK,200,https://www.trio-eloxal.de/,text/html; charset=UTF-8,Home - Trio–Eloxal Geesthacht und Lotte,a82ca302fcd761744b76abfff81e60682786258df9a710ec926799e70e575d3d,1,"GET retrieval succeeded; entity, claim, currency and certificate validity require separate review."
https://www.triptisporzellan.de/,P110,S-P110-02,data/company_intelligence.csv:source_urls | data/company_intelligence.csv:website | data/pilot_candidates.csv:independent_source | data/pilot_review_sources.csv:source_url | evidence/certificate_register.csv:certificate_index_url | evidence/companies/P110_neue_porzellanfabrik_triptis_gmbh/evidence.md | evidence/source_register.csv:final_url | evidence/source_register.csv:source_link,2026-10-07T18:17:50+00:00,HTTP_ERROR,502,https://www.triptisporzellan.de/,,,,2,"HTTP 502; availability only, no deployment inference."
https://www.umweltpakt.bayern.de/umwelt_klimapakt/praxis_innovation/beispiele/praxis/detail.htm?id=84,P50,S-P50-05,data/company_intelligence.csv:source_urls | evidence/companies/P50_brauerei_aying_franz_inselkammer_kg/evidence.md | evidence/proposal_source_checks.csv:final_url | evidence/proposal_source_checks.csv:source_url | evidence/source_register.csv:final_url | evidence/source_register.csv:source_link,2026-10-07T19:01:15+00:00,HTTP_OK,200,https://www.umweltpakt.bayern.de/umwelt_klimapakt/praxis_innovation/beispiele/praxis/detail.htm?id=84,text/html,Praxisbeispiele betrieblicher Umweltschutz,8ea5fd000b9f5667dd14a525b8560341b93fd87ba998b97d93c77c8478fa4129,2,"Availability checked separately from holder, claims, period and operating scope. Full-body SHA-256 is also recorded in proposal_source_checks.csv; source-content review is independent of HTTP availability."
https://www.waldhaus-bier.de/,P54,,data/company_intelligence.csv:website,2026-10-07T11:15:12+00:00,HTTP_OK,200,https://www.waldhaus-bier.de/,text/html; charset=utf-8,Waldhaus – Das besondere Bier aus dem Schwarzwald,bc7824d27ef95a5c239cd172f961ba3906d2397bbf3cc8778a1b16214d76e4ab,1,"GET retrieval succeeded; entity, claim, currency and certificate validity require separate review."
https://www.waldhaus-bier.de/impressum/,P54,S-P54-01,data/company_intelligence.csv:source_urls | data/pilot_candidates.csv:company_source | data/pilot_review_sources.csv:source_url | evidence/certificate_register.csv:certificate_index_url | evidence/companies/P54_privatbrauerei_waldhaus_joh_schmid_gmbh/evidence.md | evidence/source_register.csv:final_url | evidence/source_register.csv:source_link,2026-10-07T11:15:12+00:00,HTTP_OK,200,https://www.waldhaus-bier.de/impressum/,text/html; charset=utf-8,Impressum,f55d133f70aef19f00dae960f3fc03826829f185e61fcc85b750fa2ea020fa1a,1,"GET retrieval succeeded; entity, claim, currency and certificate validity require separate review."
https://www.waldhaus-bier.de/privatbrauerei/,P54,S-P54-02,data/company_intelligence.csv:source_urls | data/company_process_map.csv:process_evidence_url | data/pilot_candidates.csv:independent_source | data/pilot_review_sources.csv:source_url | evidence/companies/P54_privatbrauerei_waldhaus_joh_schmid_gmbh/evidence.md | evidence/source_register.csv:final_url | evidence/source_register.csv:source_link,2026-10-07T11:15:12+00:00,HTTP_OK,200,https://www.waldhaus-bier.de/privatbrauerei/,text/html; charset=utf-8,Waldhaus - die Privatbrauerei,f914572b8dc20a05acec8a894d948026620ab072e2af3a3e18c8cad3c188c98c,1,"GET retrieval succeeded; entity, claim, currency and certificate validity require separate review."
https://www.waldhaus-bier.de/privatbrauerei/historie/,P54,S-P54-04,data/company_intelligence.csv:source_urls | evidence/companies/P54_privatbrauerei_waldhaus_joh_schmid_gmbh/evidence.md | evidence/source_register.csv:final_url | evidence/source_register.csv:source_link,2026-10-07T11:15:14+00:00,HTTP_OK,200,https://www.waldhaus-bier.de/privatbrauerei/historie/,text/html; charset=utf-8,Historie,c2fe5d5bf0678bd6128500b53c243a52ee901bf56e54bd6f0f8539630d407642,1,"GET retrieval succeeded; entity, claim, currency and certificate validity require separate review."
https://www.waldhaus-bier.de/privatbrauerei/umweltschutz/,P54,S-P54-03,data/company_intelligence.csv:source_urls | evidence/companies/P54_privatbrauerei_waldhaus_joh_schmid_gmbh/evidence.md | evidence/proposal_source_checks.csv:final_url | evidence/proposal_source_checks.csv:source_url | evidence/source_register.csv:final_url | evidence/source_register.csv:source_link,2026-10-07T19:01:23+00:00,HTTP_OK,200,https://www.waldhaus-bier.de/privatbrauerei/umweltschutz/,text/html,Umweltschutz,9a11bee395f21c308980621b9ee6544d397d1825ac1741e07796c2f362155fe1,2,"Availability checked separately from holder, claims, period and operating scope. Full-body SHA-256 is also recorded in proposal_source_checks.csv; source-content review is independent of HTTP availability."
https://www.wer-zu-wem.de/firma/uplaender.html,P03,S-P03-02,data/company_intelligence.csv:source_urls | data/pilot_candidates.csv:independent_source | data/pilot_review_sources.csv:source_url | evidence/source_register.csv:final_url | evidence/source_register.csv:source_link,2026-10-07T18:43:42+00:00,HTTP_OK,200,https://www.wer-zu-wem.de/firma/uplaender.html,text/html; charset=UTF-8,"Upländer | in Willingen (Upland) - Firmenprofil, Eigentümer & Mitarbeiter",b73aae01a66f854debfee788b36e6cd96bafebb04f6aa05c5922d0948fba2dce,1,"GET retrieval succeeded; entity, claim, currency and certificate validity require separate review."
https://www.wieland-oberflaeche.de/,P64,S-P64-02,data/company_intelligence.csv:source_urls | data/company_intelligence.csv:website | data/pilot_candidates.csv:independent_source | data/pilot_review_sources.csv:source_url | evidence/companies/P64_wieland_metalloberflaechentechnik_gmbh/evidence.md | evidence/proposal_source_checks.csv:final_url | evidence/proposal_source_checks.csv:source_url | evidence/source_register.csv:final_url | evidence/source_register.csv:source_link,2026-10-07T19:01:48+00:00,HTTP_OK,200,https://www.wieland-oberflaeche.de/,text/html,Wieland Metalloberflächentechnik GmbH | Galvanotechnik,b583b173d6357a52af68710aa509278ee0322fd159fefb29db415c10e4a3ca08,2,"Availability checked separately from holder, claims, period and operating scope. Full-body SHA-256 is also recorded in proposal_source_checks.csv; source-content review is independent of HTTP availability."
https://www.wieland-oberflaeche.de/impressum,P64,S-P64-01,data/company_intelligence.csv:source_urls | data/company_process_map.csv:process_evidence_url | data/pilot_candidates.csv:company_source | data/pilot_review_sources.csv:source_url | evidence/certificate_register.csv:certificate_index_url | evidence/companies/P64_wieland_metalloberflaechentechnik_gmbh/evidence.md | evidence/proposal_source_checks.csv:final_url | evidence/proposal_source_checks.csv:source_url | evidence/source_register.csv:final_url | evidence/source_register.csv:source_link,2026-10-07T19:01:48+00:00,HTTP_OK,200,https://www.wieland-oberflaeche.de/impressum,text/html,Impressum | Wieland,90a789f0e1bd0c24aff8902433f40ae0f019d84730a473304b807bc8d50ed861,2,"Availability checked separately from holder, claims, period and operating scope. Full-body SHA-256 is also recorded in proposal_source_checks.csv; source-content review is independent of HTTP availability."
https://www.wieland-oberflaeche.de/stellenangebote,P64,S-P64-03,data/company_intelligence.csv:source_urls | evidence/companies/P64_wieland_metalloberflaechentechnik_gmbh/evidence.md | evidence/proposal_source_checks.csv:final_url | evidence/proposal_source_checks.csv:source_url | evidence/source_register.csv:final_url | evidence/source_register.csv:source_link,2026-10-07T19:01:49+00:00,HTTP_OK,200,https://www.wieland-oberflaeche.de/stellenangebote,text/html,Stellenangebote | Wieland,6e723138a27161621835d7bd166e3d44b3cfc60728c29bc862b36b4fd470dec6,2,"Availability checked separately from holder, claims, period and operating scope. Full-body SHA-256 is also recorded in proposal_source_checks.csv; source-content review is independent of HTTP availability."
https://www.wigl-gmbh.de/,P103,S-P103-01 | S-P103-02,data/company_intelligence.csv:source_urls | data/company_intelligence.csv:website | data/company_process_map.csv:process_evidence_url | data/pilot_candidates.csv:company_source | data/pilot_candidates.csv:independent_source | data/pilot_review_sources.csv:source_url | evidence/certificate_register.csv:certificate_index_url | evidence/companies/P103_metallveredelung_gebruder_wigl_gmbh/evidence.md | evidence/source_register.csv:final_url | evidence/source_register.csv:source_link,2026-10-07T18:43:42+00:00,HTTP_OK,200,https://www.wigl-gmbh.de/,text/html; charset=UTF-8,Oberflächentechnik (Galvanik) für München und Umgebung,4bb7cb627928ea68e58c52c8416b9686c496f75c12f71a2348ac2e01560c6c17,1,"GET retrieval succeeded; entity, claim, currency and certificate validity require separate review."
https://www.wigl-gmbh.de/professionelle-oberflaechenveredelung/,P103,S-P103-03,data/company_intelligence.csv:source_urls | evidence/companies/P103_metallveredelung_gebruder_wigl_gmbh/evidence.md | evidence/proposal_source_checks.csv:final_url | evidence/proposal_source_checks.csv:source_url | evidence/source_register.csv:final_url | evidence/source_register.csv:source_link,2026-10-07T18:59:30+00:00,HTTP_OK,200,https://www.wigl-gmbh.de/professionelle-oberflaechenveredelung/,text/html,Professionelle Oberflächenveredelung in München und Neufahrn,0c26d97f542b572fa8afbda804fd482e826037946fc04461b1cbf16e409d2174,2,"Availability checked separately from holder, claims, period and operating scope. Full-body SHA-256 is also recorded in proposal_source_checks.csv; source-content review is independent of HTTP availability."
https://www.wigl-gmbh.de/wp-content/uploads/Wigl_GmbH_Zertifikat_Oeko_Werk_1.pdf,P103,S-P103-05,data/company_intelligence.csv:source_urls | evidence/certificate_register.csv:direct_certificate_url | evidence/companies/P103_metallveredelung_gebruder_wigl_gmbh/evidence.md | evidence/proposal_source_checks.csv:final_url | evidence/proposal_source_checks.csv:source_url | evidence/source_register.csv:final_url | evidence/source_register.csv:source_link,2026-10-07T18:59:30+00:00,HTTP_OK,200,https://www.wigl-gmbh.de/wp-content/uploads/Wigl_GmbH_Zertifikat_Oeko_Werk_1.pdf,application/pdf,   zERTlFlffi  DtN EN rSO 14001,176b31ce1c80d26746a6b81db61f8c5efc1e2c9617953bfd6f5730bf5262f8ca,2,"Availability checked separately from holder, claims, period and operating scope. Full-body SHA-256 is also recorded in proposal_source_checks.csv; source-content review is independent of HTTP availability."
https://www.wigl-gmbh.de/wp-content/uploads/Wigl_GmbH_Zertifikat_Oeko_Werk_2.pdf,P103,S-P103-06,data/company_intelligence.csv:source_urls | evidence/companies/P103_metallveredelung_gebruder_wigl_gmbh/evidence.md | evidence/proposal_source_checks.csv:final_url | evidence/proposal_source_checks.csv:source_url | evidence/source_register.csv:final_url | evidence/source_register.csv:source_link,2026-10-07T18:59:30+00:00,HTTP_OK,200,https://www.wigl-gmbh.de/wp-content/uploads/Wigl_GmbH_Zertifikat_Oeko_Werk_2.pdf,application/pdf,,ddf6a4e710d13ccff3faa9ace3ee4e4d102882a25128e69e2c4e2b3e0ce94217,2,"Availability checked separately from holder, claims, period and operating scope. Full-body SHA-256 is also recorded in proposal_source_checks.csv; source-content review is independent of HTTP availability."
https://www.wigl-gmbh.de/zertifikate/,P103,S-P103-04,data/company_intelligence.csv:source_urls | evidence/certificate_register.csv:certificate_index_url | evidence/companies/P103_metallveredelung_gebruder_wigl_gmbh/evidence.md | evidence/source_register.csv:final_url | evidence/source_register.csv:source_link,2026-10-07T18:43:50+00:00,HTTP_OK,200,https://www.wigl-gmbh.de/zertifikate/,text/html; charset=UTF-8,Downloads | Wigl Metallveredelung GmbH,5740c2d86e0608216087b4fcf5ab03c00438d402ebda8508fc4ce1bf952c0c94,1,"GET retrieval succeeded; entity, claim, currency and certificate validity require separate review."
https://www.winkler-braeu.de/,P95,S-P95-02,data/company_intelligence.csv:source_urls | data/company_intelligence.csv:website | data/company_process_map.csv:process_evidence_url | data/pilot_candidates.csv:independent_source | data/pilot_review_sources.csv:source_url | evidence/certificate_register.csv:certificate_index_url | evidence/companies/P95_winkler_brau_gmbh_co_kg/evidence.md | evidence/source_register.csv:final_url | evidence/source_register.csv:source_link,2026-10-07T18:17:50+00:00,HTTP_OK,200,https://www.winkler-braeu.de/,text/html; charset=utf-8,Privatbrauerei &amp; Gutshofhotel bei Velburg/Lengenfeld,2e0fcf00f41e71fec1db1f8108d90e0e1d207d52adfdef47533dec5c45fb0b75,1,"GET retrieval succeeded; entity, claim, currency and certificate validity require separate review."
https://www.winkler-braeu.de/fileadmin/files/PDF/2024_WinklerBraeu_Unternehmensphilosophie.pdf,P95,S-P95-05,data/company_intelligence.csv:source_urls | evidence/companies/P95_winkler_brau_gmbh_co_kg/evidence.md | evidence/source_register.csv:final_url | evidence/source_register.csv:source_link,2026-10-07T18:17:54+00:00,HTTP_OK,200,https://www.winkler-braeu.de/fileadmin/files/PDF/2024_WinklerBraeu_Unternehmensphilosophie.pdf,application/pdf,,1b30a4655f3143f766c91c2b10920ac618f4996c57c60ab362e6ca8d06a24c92,1,"GET retrieval succeeded; entity, claim, currency and certificate validity require separate review."
https://www.winkler-braeu.de/impressum,P95,S-P95-01,evidence/source_register.csv:final_url,2026-10-07T18:17:55+00:00,NOT_FOUND,404,https://www.winkler-braeu.de/impressum,,,,1,"HTTP 404; availability only, no deployment inference."
https://www.winkler-braeu.de/impressum/,P95,S-P95-01,data/company_intelligence.csv:source_urls | data/pilot_candidates.csv:company_source | data/pilot_review_sources.csv:source_url | evidence/companies/P95_winkler_brau_gmbh_co_kg/evidence.md | evidence/source_register.csv:source_link,2026-10-07T18:17:55+00:00,NOT_FOUND,404,https://www.winkler-braeu.de/impressum,,,,1,"HTTP 404; availability only, no deployment inference."
https://www.winkler-braeu.de/privatbrauerei-bayern/brauhandwerk,P95,S-P95-04,data/company_intelligence.csv:source_urls | evidence/companies/P95_winkler_brau_gmbh_co_kg/evidence.md | evidence/proposal_source_checks.csv:final_url | evidence/proposal_source_checks.csv:source_url | evidence/source_register.csv:final_url | evidence/source_register.csv:source_link,2026-10-07T19:02:50+00:00,HTTP_OK,200,https://www.winkler-braeu.de/privatbrauerei-bayern/brauhandwerk,text/html,Brauhandwerk im Winkler Bräu,e5cacd180b079aab7fa728b89de8d8a8a89b5aa5329ed5fa80dde306af5946e6,2,"Availability checked separately from holder, claims, period and operating scope. Full-body SHA-256 is also recorded in proposal_source_checks.csv; source-content review is independent of HTTP availability."
https://www.xing.com/profile/Sina_Barz,P15,S-P15-05,data/company_intelligence.csv:source_urls | evidence/proposal_source_checks.csv:final_url | evidence/proposal_source_checks.csv:source_url | evidence/source_register.csv:final_url | evidence/source_register.csv:source_link,2026-10-07T19:00:01+00:00,HTTP_OK,200,https://www.xing.com/profile/Sina_Barz,text/html,Sina Barz - Strahlenschutzbeauftragte - Eloxal Barz GmbH & Co.KG | XING,7d670b78e785f3e73634f6ed7d9fcf330c1f6de2aacd9e2f0dca1158dbf45493,2,"Availability checked separately from holder, claims, period and operating scope. Full-body SHA-256 is also recorded in proposal_source_checks.csv; source-content review is independent of HTTP availability."
https://www.zoetler.de/,P30,S-P30-02,data/company_intelligence.csv:source_urls | data/company_intelligence.csv:website | data/company_process_map.csv:process_evidence_url | data/pilot_candidates.csv:independent_source | data/pilot_review_sources.csv:source_url | evidence/certificate_register.csv:certificate_index_url | evidence/companies/P30_privat_brauerei_zoetler_gmbh/evidence.md | evidence/source_register.csv:final_url | evidence/source_register.csv:source_link,2026-10-06T17:31:49+00:00,HTTP_OK,200,https://www.zoetler.de/,text/html; charset=utf-8,Allgäuer Braukunst aus der Familien-Brauerei Zötler,6014d69b8db25ac75fe1a5da9d09ec8d0ba7a46ebad9fc5c1ddb738019d9f786,1,"GET retrieval succeeded; entity, claim, currency and certificate validity require separate review."
https://www.zoetler.de/download/zoetler-nachhaltigkeitsbericht_emas2023.pdf,P30,,evidence/companies/P30_privat_brauerei_zoetler_gmbh/evidence.md,2026-10-06T17:33:27+00:00,NOT_FOUND,404,https://www.zoetler.de/download/zoetler-nachhaltigkeitsbericht_emas2023.pdf,,,,1,"HTTP 404; availability only, no deployment inference."
https://www.zoetler.de/motivation.html,P30,S-P30-05,evidence/companies/P30_privat_brauerei_zoetler_gmbh/evidence.md | evidence/proposal_source_checks.csv:final_url | evidence/proposal_source_checks.csv:source_url | evidence/source_register.csv:final_url | evidence/source_register.csv:source_link,2026-10-07T19:00:37+00:00,HTTP_OK,200,https://www.zoetler.de/motivation.html,text/html,Unsere Motivation,5bfa5d1d103304e9824b9e49e2345c71b827d8948bd8e9b54f5cbb696962a9e0,2,"Availability checked separately from holder, claims, period and operating scope. Full-body SHA-256 is also recorded in proposal_source_checks.csv; source-content review is independent of HTTP availability."
https://www.zoetler.de/qualitaet-und-umwelt.html,P30,S-P30-03,evidence/companies/P30_privat_brauerei_zoetler_gmbh/evidence.md | evidence/proposal_source_checks.csv:final_url | evidence/proposal_source_checks.csv:source_url | evidence/source_register.csv:final_url | evidence/source_register.csv:source_link,2026-10-07T19:00:37+00:00,HTTP_OK,200,https://www.zoetler.de/qualitaet-und-umwelt.html,text/html,Qualität & Nachhaltigkeit: Anspruch der Brauerei Zötler,6b1c89a69a90c73f3fb5a4c4e3f5c3c7b95f6707666535ce2e2eecbf73bb2a6b,2,"Availability checked separately from holder, claims, period and operating scope. Full-body SHA-256 is also recorded in proposal_source_checks.csv; source-content review is independent of HTTP availability."
https://www.zoetler.de/reifekeller.html,P30,S-P30-04,evidence/companies/P30_privat_brauerei_zoetler_gmbh/evidence.md | evidence/proposal_source_checks.csv:final_url | evidence/proposal_source_checks.csv:source_url | evidence/source_register.csv:final_url | evidence/source_register.csv:source_link,2026-10-07T19:00:37+00:00,HTTP_OK,200,https://www.zoetler.de/reifekeller.html,text/html,Der neue Reifekeller der Brauerei Zötler,7127f47c2a0f16c42e9163e85d6ca52ca3893540aaae74cc8ed977f02247af48,2,"Availability checked separately from holder, claims, period and operating scope. Full-body SHA-256 is also recorded in proposal_source_checks.csv; source-content review is independent of HTTP availability."
https://www.zvo.org/verband/mitgliedsunternehmen,P62 | P63,S-P62-02 | S-P63-02,data/company_intelligence.csv:source_urls | data/pilot_candidates.csv:independent_source | data/pilot_review_sources.csv:source_url | evidence/companies/P62_galvanotechnik_kessel_gmbh_co_kg/evidence.md | evidence/companies/P63_otk_oberflaechentechnik_kaltenkirchen_gmbh/evidence.md | evidence/source_register.csv:final_url | evidence/source_register.csv:source_link,2026-10-07T18:43:50+00:00,HTTP_OK,200,https://www.zvo.org/verband/mitgliedsunternehmen,text/html; charset=utf-8,Mitgliedsunternehmen | Zentralverband Oberflächentechnik e.V.,52556a84f015967811f632126001e456c50f200e913f21d90f1b128354c37ea9,1,"GET retrieval succeeded; entity, claim, currency and certificate validity require separate review."
https://wzr-ceramic.de/,P43,,data/company_intelligence.csv:website | evidence/certificate_register.csv:certificate_index_url,2026-10-06T18:02:03+00:00,HTTP_OK,200,https://wzr-ceramic.de/,text/html; charset=UTF-8,Keramik 3D-Druck und technische Keramik,34a3b1a89c2bad9b8ff7fba6ab64d9855c5089f3fe888beb5bfd26035690118d,1,"GET retrieval succeeded; entity, claim, currency and certificate validity require separate review."
https://wzr-ceramic.de/impressum/,P43,S-P43-01,data/company_intelligence.csv:source_urls | data/pilot_candidates.csv:company_source | data/pilot_review_sources.csv:source_url | evidence/companies/P43_wzr_ceramic_solutions_gmbh/evidence.md | evidence/source_register.csv:final_url | evidence/source_register.csv:source_link,2026-10-06T18:02:03+00:00,HTTP_OK,200,https://wzr-ceramic.de/impressum/,text/html; charset=UTF-8,Impressum | WZR ceramic solutions,b0ffa4b6dfdf254c889b5fe5e945493a38638816b9d73f1c471e507cf8b26dfd,1,"GET retrieval succeeded; entity, claim, currency and certificate validity require separate review."
https://wzr-ceramic.de/kaltplastische-extrusion/,P43,S-P43-04,data/company_intelligence.csv:source_urls | data/company_process_map.csv:process_evidence_url | evidence/companies/P43_wzr_ceramic_solutions_gmbh/evidence.md | evidence/proposal_source_checks.csv:final_url | evidence/proposal_source_checks.csv:source_url | evidence/source_register.csv:final_url | evidence/source_register.csv:source_link,2026-10-07T19:01:06+00:00,HTTP_OK,200,https://wzr-ceramic.de/kaltplastische-extrusion/,text/html,Keramik 3D-Druck mit plastischen Massen | WZR ceramic solutions,4245971586f0fe20e2c324a66ec02fa47cd8994219fb99124e228e673e34e348,2,"Availability checked separately from holder, claims, period and operating scope. Full-body SHA-256 is also recorded in proposal_source_checks.csv; source-content review is independent of HTTP availability."
https://wzr-ceramic.de/keramikbeschichtung/,P43,S-P43-05,evidence/companies/P43_wzr_ceramic_solutions_gmbh/evidence.md | evidence/source_register.csv:final_url | evidence/source_register.csv:source_link,2026-10-06T18:02:03+00:00,HTTP_OK,200,https://wzr-ceramic.de/keramikbeschichtung/,text/html; charset=UTF-8,Vielseitige keramische Oberflächenbeschichtungen | WZR ceramic solutions,7c2809b21adae3985540a388292bdbe587a8d7a8575cb0fd64a88bc8da73fcd5,1,"GET retrieval succeeded; entity, claim, currency and certificate validity require separate review."
https://wzr-ceramic.de/nachhaltigkeit/,P43,S-P43-06,data/company_intelligence.csv:source_urls | evidence/companies/P43_wzr_ceramic_solutions_gmbh/evidence.md | evidence/proposal_source_checks.csv:final_url | evidence/proposal_source_checks.csv:source_url | evidence/source_register.csv:final_url | evidence/source_register.csv:source_link,2026-10-07T19:01:06+00:00,HTTP_OK,200,https://wzr-ceramic.de/nachhaltigkeit/,text/html,Nachhaltigkeit | WZR ceramic solutions,f203b8926307054c732f0999ac418b6225f4a36a16efa8a1a2b17b93b1d04311,2,"Availability checked separately from holder, claims, period and operating scope. Full-body SHA-256 is also recorded in proposal_source_checks.csv; source-content review is independent of HTTP availability."
https://wzr-ceramic.de/neue-geraete-bei-wzr/,P43,S-P43-07,evidence/companies/P43_wzr_ceramic_solutions_gmbh/evidence.md | evidence/source_register.csv:final_url | evidence/source_register.csv:source_link,2026-10-06T18:02:04+00:00,HTTP_OK,200,https://wzr-ceramic.de/neue-geraete-bei-wzr/,text/html; charset=UTF-8,Neue Geräte bei WZR | WZR ceramic solutions,7d5bcea0f9e4413a8138e463e5f794c9ad8e0ecba045db71b5363e8ae9b694d3,1,"GET retrieval succeeded; entity, claim, currency and certificate validity require separate review."
https://wzr-ceramic.de/qualitaetssicherung-wzr/,P43,S-P43-08,evidence/companies/P43_wzr_ceramic_solutions_gmbh/evidence.md | evidence/proposal_source_checks.csv:final_url | evidence/proposal_source_checks.csv:source_url | evidence/source_register.csv:final_url | evidence/source_register.csv:source_link,2026-10-07T19:01:06+00:00,HTTP_OK,200,https://wzr-ceramic.de/qualitaetssicherung-wzr/,text/html,Qualitätssicherung | WZR ceramic solutions,478ee3211e4a275a7a9991f26d5a0ab929d3e663abac1e9bc8ae8413cdd14fa7,2,"Availability checked separately from holder, claims, period and operating scope. Full-body SHA-256 is also recorded in proposal_source_checks.csv; source-content review is independent of HTTP availability."
