company_rank,coding_rank,company_id,legal_entity,workflow_action,is_next_to_code,company_work_rank,first_work_rank,ready_to_code_tasks,research_needed_tasks,awaiting_human_review_tasks,checked_tasks,open_gate_tasks,other_tasks,evidence_confidence,process_confidence,source_count,qa_result,verified_source_count,source_coverage,coverage_source_ids,unassessed_field_count,expected_information_gain,information_gain_basis,work_priority,next_action,priority_reason,priority_version
1,,P04,Neumarkter Lammsbräu Gebr. Ehrnsperger KG,RESEARCH_FIRST,NO,13,13,0,1,0,4,0,0,A,A,6,PASS,5,ENERGY_TRANSITION | MANAGEMENT | PROCESS,S-P04-05 | S-P04-06,0,HIGH,"Documentary gain proxy HIGH: 0 unassessed fields; verified coverage=ENERGY_TRANSITION,MANAGEMENT,PROCESS; process coverage requires a source-linked firm-specific mapping. Energy/management coverage uses explicit source types, not inferred facts. Historical projects may inform coding but do not prove current deployment. This is not a predicted numeric-field yield or an SME-ETOI score.",P1,"Research the unresolved score evidence before proposing an anchor: thermal_storage_flex_score: Central refrigeration and cooled beer storage do not establish an available thermal buffer for shifting electrical demand. Need a named usable heat/cold store, operating window and quality constraints.",At least one score dimension contains an explicit unresolved fact: thermal_storage_flex_score,2.0.0
2,,P19,Glasfabrik Lamberts GmbH & Co. KG,RESEARCH_FIRST,NO,14,18,0,5,0,0,0,0,A,A,6,PASS,6,ENERGY_TRANSITION | MANAGEMENT | PROCESS,S-P19-02 | S-P19-03 | S-P19-04 | S-P19-05,0,HIGH,"Documentary gain proxy HIGH: 0 unassessed fields; verified coverage=ENERGY_TRANSITION,MANAGEMENT,PROCESS; process coverage requires a source-linked firm-specific mapping. Energy/management coverage uses explicit source types, not inferred facts. Historical projects may inform coding but do not prove current deployment. This is not a predicted numeric-field yield or an SME-ETOI score.",P1,Research the unresolved score evidence before proposing an anchor: temperature_fit_score: Documented furnace temperature and evidence-backed electric-heat technology fit for the Wunsiedel process; process_electrification_score: Firm-specific process-electrification route or documented electric-heat application; fossil_heat_displacement_score: Current furnace energy carrier and material fossil-heat service that could be displaced,At least one score dimension contains an explicit unresolved fact: temperature_fit_score | process_electrification_score | fossil_heat_displacement_score; motor_drive_score | power_conversion_score | automation_control_score; scheduling_flex_score | thermal_storage_flex_score,2.0.0
3,,P12,Richard Henkel GmbH,RESEARCH_FIRST,NO,15,23,0,1,0,4,0,0,A,A,5,PASS,4,ENERGY_TRANSITION | MANAGEMENT | PROCESS,S-P12-03 | S-P12-05,0,HIGH,"Documentary gain proxy HIGH: 0 unassessed fields; verified coverage=ENERGY_TRANSITION,MANAGEMENT,PROCESS; process coverage requires a source-linked firm-specific mapping. Energy/management coverage uses explicit source types, not inferred facts. Historical projects may inform coding but do not prove current deployment. This is not a predicted numeric-field yield or an SME-ETOI score.",P1,"Research the unresolved score evidence before proposing an anchor: thermal_storage_flex_score: Company-specific thermal buffer, thermal store or evidence-backed usable thermal inertia for process-load shifting",At least one score dimension contains an explicit unresolved fact: thermal_storage_flex_score,2.0.0
4,,P16,Sembach GmbH & Co. KG,RESEARCH_FIRST,NO,16,28,0,5,0,0,0,0,A,A,5,PASS,5,MANAGEMENT | PROCESS,S-P16-03 | S-P16-04 | S-P16-05,0,MEDIUM,"Documentary gain proxy MEDIUM: 0 unassessed fields; verified coverage=MANAGEMENT,PROCESS; process coverage requires a source-linked firm-specific mapping. Energy/management coverage uses explicit source types, not inferred facts. Historical projects may inform coding but do not prove current deployment. This is not a predicted numeric-field yield or an SME-ETOI score.",P1,"Research the unresolved score evidence before proposing an anchor: process_electrification_score: Current furnace technology and firm-specific electric-heating/electrification route for debinding and sintering; fossil_heat_displacement_score: Current energy carrier(s) for debinding, sintering and high-temperature/chamber furnaces",At least one score dimension contains an explicit unresolved fact: process_electrification_score | fossil_heat_displacement_score; motor_drive_score | power_conversion_score | automation_control_score; thermal_storage_flex_score,2.0.0
5,,P05,Einbecker Brauhaus AG,RESEARCH_FIRST,NO,17,33,0,1,0,4,0,0,A,A,4,PASS,3,ENERGY_TRANSITION | MANAGEMENT | PROCESS,S-P05-03 | S-P05-04,0,HIGH,"Documentary gain proxy HIGH: 0 unassessed fields; verified coverage=ENERGY_TRANSITION,MANAGEMENT,PROCESS; process coverage requires a source-linked firm-specific mapping. Energy/management coverage uses explicit source types, not inferred facts. Historical projects may inform coding but do not prove current deployment. This is not a predicted numeric-field yield or an SME-ETOI score.",P1,Research the unresolved score evidence before proposing an anchor: thermal_storage_flex_score: Cooled lager tanks and absorption refrigeration do not by themselves establish dispatchable thermal storage. Need a named useful heat/cold buffer and admissible charging/discharging window.,At least one score dimension contains an explicit unresolved fact: thermal_storage_flex_score,2.0.0
6,,P18,Glashütte Lamberts Waldsassen GmbH,RESEARCH_FIRST,NO,18,38,0,5,0,0,0,0,A,A,4,PASS,4,ENERGY_TRANSITION | MANAGEMENT | PROCESS,S-P18-02 | S-P18-03 | S-P18-04,0,HIGH,"Documentary gain proxy HIGH: 0 unassessed fields; verified coverage=ENERGY_TRANSITION,MANAGEMENT,PROCESS; process coverage requires a source-linked firm-specific mapping. Energy/management coverage uses explicit source types, not inferred facts. Historical projects may inform coding but do not prove current deployment. This is not a predicted numeric-field yield or an SME-ETOI score.",P1,Research the unresolved score evidence before proposing an anchor: process_electrification_score: Firm-specific glass-melting/reheating electrification route or documented electric furnace concept,At least one score dimension contains an explicit unresolved fact: process_electrification_score; motor_drive_score | power_conversion_score | automation_control_score; thermal_storage_flex_score,2.0.0
7,,P22,RIEDENBURGER BRAUHAUS Michael Krieger GmbH & Co. KG,RESEARCH_FIRST,NO,19,43,0,1,0,4,0,0,A,A,3,PASS,3,ENERGY_TRANSITION | PROCESS,S-P22-02,0,HIGH,"Documentary gain proxy HIGH: 0 unassessed fields; verified coverage=ENERGY_TRANSITION,PROCESS; process coverage requires a source-linked firm-specific mapping. Energy/management coverage uses explicit source types, not inferred facts. Historical projects may inform coding but do not prove current deployment. This is not a predicted numeric-field yield or an SME-ETOI score.",P1,"Research the unresolved score evidence before proposing an anchor: fossil_heat_displacement_score: The article describes a future fossil-free new-production concept. Its 500-litre-oil comparison is an energy-equivalent illustration, not the existing plant fossil-fuel baseline. Need actual remaining fossil thermal supply and substitution scope; neither zero nor maximum displacement is established.",At least one score dimension contains an explicit unresolved fact: fossil_heat_displacement_score,2.0.0
8,,P24,H&K Müller GmbH & Co. KG,RESEARCH_FIRST,NO,20,48,0,5,0,0,0,0,A,A,3,PASS,3,MANAGEMENT | PROCESS,S-P24-02 | S-P24-03,0,MEDIUM,"Documentary gain proxy MEDIUM: 0 unassessed fields; verified coverage=MANAGEMENT,PROCESS; process coverage requires a source-linked firm-specific mapping. Energy/management coverage uses explicit source types, not inferred facts. Historical projects may inform coding but do not prove current deployment. This is not a predicted numeric-field yield or an SME-ETOI score.",P1,"Research the unresolved score evidence before proposing an anchor: temperature_fit_score: Firm-specific moulding/process temperatures and heating technology sufficient to establish electrification temperature fit; process_electrification_score: Firm-specific electric process-heat or electrification use case and machine technology; fossil_heat_displacement_score: Current process-heat energy carrier and material fossil thermal service, if any",At least one score dimension contains an explicit unresolved fact: temperature_fit_score | process_electrification_score | fossil_heat_displacement_score; motor_drive_score | power_conversion_score | automation_control_score; scheduling_flex_score | thermal_storage_flex_score,2.0.0
9,,P23,FM-Plast GmbH,RESEARCH_FIRST,NO,21,53,0,5,0,0,0,0,A,B,4,PASS,4,ENERGY_TRANSITION | MANAGEMENT | PROCESS,S-P23-02 | S-P23-04,0,HIGH,"Documentary gain proxy HIGH: 0 unassessed fields; verified coverage=ENERGY_TRANSITION,MANAGEMENT,PROCESS; process coverage requires a source-linked firm-specific mapping. Energy/management coverage uses explicit source types, not inferred facts. Historical projects may inform coding but do not prove current deployment. This is not a predicted numeric-field yield or an SME-ETOI score.",P2,"Research the unresolved score evidence before proposing an anchor: temperature_fit_score: The company documents fully electric injection-machine drives, not an actual process-heating route, operating temperature or remaining thermal substitution duty. Electric drive technology cannot establish process-heat temperature fit or thermal electrification. Need firm-specific thermal equipment/temperature/carrier evidence.; process_electrification_score: The company documents fully electric injection-machine drives, not an actual process-heating route, operating temperature or remaining thermal substitution duty. Electric drive technology cannot establish process-heat temperature fit or thermal electrification. Need firm-specific thermal equipment/temperature/carrier evidence.; fossil_heat_displacement_score: Current process-heat energy carrier and whether any material fossil thermal service remains at the Lennestadt site",At least one score dimension contains an explicit unresolved fact: temperature_fit_score | process_electrification_score | fossil_heat_displacement_score; power_conversion_score | automation_control_score; scheduling_flex_score | thermal_storage_flex_score,2.0.0
10,,P11,B+T Oberflächentechnik GmbH,RESEARCH_FIRST,NO,22,58,0,4,0,1,0,0,A,B,3,PASS,3,MANAGEMENT,S-P11-03,0,LOW,"Documentary gain proxy LOW: 0 unassessed fields; verified coverage=MANAGEMENT; process coverage requires a source-linked firm-specific mapping. Energy/management coverage uses explicit source types, not inferred facts. Historical projects may inform coding but do not prove current deployment. This is not a predicted numeric-field yield or an SME-ETOI score.",P2,"Research the unresolved score evidence before proposing an anchor: temperature_fit_score: Firm-specific bath/drying temperatures and evidence-backed electric-heat technology fit; process_electrification_score: Firm-specific process-electrification or electric-heating use case; fossil_heat_displacement_score: Current process-heat energy carrier and material fossil thermal service, if any",At least one score dimension contains an explicit unresolved fact: temperature_fit_score | process_electrification_score | fossil_heat_displacement_score; motor_drive_score | power_conversion_score; scheduling_flex_score | thermal_storage_flex_score,2.0.0
11,,P53,Brauerei Rittmayer Hallerndorf GmbH & Co. KG,RESEARCH_FIRST,NO,23,63,0,4,0,1,0,0,B,A,2,PASS,2,PROCESS,S-P53-02,0,MEDIUM,"Documentary gain proxy MEDIUM: 0 unassessed fields; verified coverage=PROCESS; process coverage requires a source-linked firm-specific mapping. Energy/management coverage uses explicit source types, not inferred facts. Historical projects may inform coding but do not prove current deployment. This is not a predicted numeric-field yield or an SME-ETOI score.",P2,"Research the unresolved score evidence before proposing an anchor: temperature_fit_score: Firm-specific process temperatures and evidence-backed electric-heat technology fit; process_electrification_score: Firm-specific process-heat electrification route or deployed electric heat application; fossil_heat_displacement_score: Current remaining process-heat energy carriers and material fossil thermal service, if any",At least one score dimension contains an explicit unresolved fact: temperature_fit_score | process_electrification_score | fossil_heat_displacement_score; motor_drive_score | automation_control_score; incremental_load_score,2.0.0
12,,P13,Schmalriede-Zink GmbH,RESEARCH_FIRST,NO,24,68,0,5,0,0,0,0,B,B,9,PASS,9,MANAGEMENT | PROCESS,S-P13-03 | S-P13-09,0,MEDIUM,"Documentary gain proxy MEDIUM: 0 unassessed fields; verified coverage=MANAGEMENT,PROCESS; process coverage requires a source-linked firm-specific mapping. Energy/management coverage uses explicit source types, not inferred facts. Historical projects may inform coding but do not prove current deployment. This is not a predicted numeric-field yield or an SME-ETOI score.",P2,"Research the unresolved score evidence before proposing an anchor: temperature_fit_score: Actual owned onsite thermal processes, temperatures and validated electric-heat fit; product temperature resistance is not process temperature.; process_electrification_score: Defined firm-specific process-heat conversion route; electrical deposition is not fossil-heat electrification and hardening may be a partner service.; fossil_heat_displacement_score: Site thermal-service ownership, fuel mix and material fossil heat that could be displaced.",At least one score dimension contains an explicit unresolved fact: temperature_fit_score | process_electrification_score | fossil_heat_displacement_score; automation_control_score; thermal_storage_flex_score,2.0.0
13,,P26,Barth Galvanik GmbH,RESEARCH_FIRST,NO,25,73,0,4,0,1,0,0,B,B,9,PASS,6,,,0,LOW,"Documentary gain proxy LOW: 0 unassessed fields; verified coverage=NONE; process coverage requires a source-linked firm-specific mapping. Energy/management coverage uses explicit source types, not inferred facts. Historical projects may inform coding but do not prove current deployment. This is not a predicted numeric-field yield or an SME-ETOI score.",P2,"Research the unresolved score evidence before proposing an anchor: temperature_fit_score: Actual hardening/annealing/bath temperatures and thermal fit; 600 HV is hardness, not degrees C.; fossil_heat_displacement_score: Actual remaining fossil process heat, belt-furnace/bath fuels and displacement materiality; electric induction does not establish the other fuel mix.",At least one score dimension contains an explicit unresolved fact: temperature_fit_score | fossil_heat_displacement_score; scheduling_flex_score | thermal_storage_flex_score; incremental_load_score | onsite_integration_score,2.0.0
14,,P76,Si-Tech Singer GmbH,RESEARCH_FIRST,NO,26,78,0,4,0,1,0,0,B,B,9,PASS,8,ENERGY_TRANSITION | PROCESS,S-P76-02 | S-P76-04,0,HIGH,"Documentary gain proxy HIGH: 0 unassessed fields; verified coverage=ENERGY_TRANSITION,PROCESS; process coverage requires a source-linked firm-specific mapping. Energy/management coverage uses explicit source types, not inferred facts. Historical projects may inform coding but do not prove current deployment. This is not a predicted numeric-field yield or an SME-ETOI score.",P2,"Research the unresolved score evidence before proposing an anchor: temperature_fit_score: Actual process-heating temperatures and supported electric-heat fit, rather than part dimensions, cold maturation, material/customer ratings or historical boiler baselines. Own PV, robots/automatic handling and current ISO14001 incl Siemens15 assembly annex; tools outsourced, PV commissioning undated;2018/2020 projects outsidewindow.; process_electrification_score: Named own actual/planned electric thermal route; electrochemical coating, generic production or customer energy applications alone do not establish electric process heat. Own PV, robots/automatic handling and current ISO14001 incl Siemens15 assembly annex; tools outsourced, PV commissioning undated;2018/2020 projects outsidewindow.; fossil_heat_displacement_score: Actual current fossil thermal carrier, centrality and displacement materiality; unspecified CHP/ovens and historic gas baselines do not establish remaining fuel mix. Own PV, robots/automatic handling and current ISO14001 incl Siemens15 assembly annex; tools outsourced, PV commissioning undated;2018/2020 projects outsidewindow.",At least one score dimension contains an explicit unresolved fact: temperature_fit_score | process_electrification_score | fossil_heat_displacement_score; scheduling_flex_score | thermal_storage_flex_score; incremental_load_score,2.0.0
15,,P28,Berg Brauerei Ulrich Zimmermann GmbH & Co. KG,RESEARCH_FIRST,NO,27,83,0,3,0,2,0,0,B,B,8,PASS,8,ENERGY_TRANSITION | PROCESS,S-P28-02 | S-P28-03 | S-P28-04 | S-P28-06 | S-P28-08,0,HIGH,"Documentary gain proxy HIGH: 0 unassessed fields; verified coverage=ENERGY_TRANSITION,PROCESS; process coverage requires a source-linked firm-specific mapping. Energy/management coverage uses explicit source types, not inferred facts. Historical projects may inform coding but do not prove current deployment. This is not a predicted numeric-field yield or an SME-ETOI score.",P2,"Research the unresolved score evidence before proposing an anchor: temperature_fit_score: Actual process-heat temperature and electric thermal-route fit; cooling/maturation temperatures do not establish this. Suspect 90-deg-C ice-water claim is unresolved, not corrected or used.; process_electrification_score: Defined owned heat-electrification route and current process-heat carrier; electric refrigeration/PV do not establish brewery heat conversion.; fossil_heat_displacement_score: Actual brewery process-steam fuel mix and material remaining fossil heat. Local heat for new buildings does not establish fossil-free brewery processing.",At least one score dimension contains an explicit unresolved fact: temperature_fit_score | process_electrification_score | fossil_heat_displacement_score; incremental_load_score; management_gap_score,2.0.0
16,,P33,Gindele GmbH,RESEARCH_FIRST,NO,28,88,0,4,0,1,0,0,B,B,8,PASS,6,ENERGY_TRANSITION | PROCESS,S-P33-03 | S-P33-06,0,HIGH,"Documentary gain proxy HIGH: 0 unassessed fields; verified coverage=ENERGY_TRANSITION,PROCESS; process coverage requires a source-linked firm-specific mapping. Energy/management coverage uses explicit source types, not inferred facts. Historical projects may inform coding but do not prove current deployment. This is not a predicted numeric-field yield or an SME-ETOI score.",P2,"Research the unresolved score evidence before proposing an anchor: temperature_fit_score: Actual barrel/mould/process-heat temperatures and fit; 25-250 tonnes is closing force, not power or temperature.; process_electrification_score: Firm-specific thermal energy carriers and defined conversion route; computer-controlled injection machines and ultrasonic assembly do not establish current/new injection-heat electrification.; fossil_heat_displacement_score: Actual remaining fossil process heat and site fuel mix; manufacturing capability and ISO 14001 do not establish this.",At least one score dimension contains an explicit unresolved fact: temperature_fit_score | process_electrification_score | fossil_heat_displacement_score; scheduling_flex_score | thermal_storage_flex_score; incremental_load_score | onsite_integration_score,2.0.0
17,,P43,WZR ceramic solutions GmbH,RESEARCH_FIRST,NO,29,93,0,5,0,0,0,0,B,B,8,PASS,7,ENERGY_TRANSITION | PROCESS,S-P43-03 | S-P43-04 | S-P43-06,0,HIGH,"Documentary gain proxy HIGH: 0 unassessed fields; verified coverage=ENERGY_TRANSITION,PROCESS; process coverage requires a source-linked firm-specific mapping. Energy/management coverage uses explicit source types, not inferred facts. Historical projects may inform coding but do not prove current deployment. This is not a predicted numeric-field yield or an SME-ETOI score.",P2,"Research the unresolved score evidence before proposing an anchor: temperature_fit_score: Full operating ranges, material/atmosphere requirements and evidence-backed electric-heat fit for actual site processes; coating lower bounds are insufficient.; process_electrification_score: Firm-specific electric heating or conversion route; an oven/sintering process does not reveal its energy carrier.; fossil_heat_displacement_score: Current process-heat fuel and material fossil thermal service eligible for displacement.",At least one score dimension contains an explicit unresolved fact: temperature_fit_score | process_electrification_score | fossil_heat_displacement_score; power_conversion_score; thermal_storage_flex_score,2.0.0
18,,P25,Scheplast GmbH,RESEARCH_FIRST,NO,30,98,0,4,0,1,0,0,B,B,7,PASS,5,ENERGY_TRANSITION | MANAGEMENT | PROCESS,S-P25-03 | S-P25-05 | S-P25-06,0,HIGH,"Documentary gain proxy HIGH: 0 unassessed fields; verified coverage=ENERGY_TRANSITION,MANAGEMENT,PROCESS; process coverage requires a source-linked firm-specific mapping. Energy/management coverage uses explicit source types, not inferred facts. Historical projects may inform coding but do not prove current deployment. This is not a predicted numeric-field yield or an SME-ETOI score.",P2,"Research the unresolved score evidence before proposing an anchor: temperature_fit_score: Actual barrel/mould/utility process temperatures and validated electric-heat fit. Machine closing force in tonnes is not temperature or electrical power.; process_electrification_score: Firm-specific current thermal energy carrier and defined conversion route; injection moulding, PV and a bioenergy vision do not establish electric process heat.; fossil_heat_displacement_score: Actual remaining fossil process heat and material displacement opportunity; renewable electricity and biobased feedstock do not establish the site fuel mix.",At least one score dimension contains an explicit unresolved fact: temperature_fit_score | process_electrification_score | fossil_heat_displacement_score; scheduling_flex_score | thermal_storage_flex_score; incremental_load_score,2.0.0
19,,P50,Brauerei Aying Franz Inselkammer KG,RESEARCH_FIRST,NO,31,103,0,4,0,1,0,0,B,B,7,PASS,7,ENERGY_TRANSITION | MANAGEMENT | PROCESS,S-P50-02 | S-P50-07,0,HIGH,"Documentary gain proxy HIGH: 0 unassessed fields; verified coverage=ENERGY_TRANSITION,MANAGEMENT,PROCESS; process coverage requires a source-linked firm-specific mapping. Energy/management coverage uses explicit source types, not inferred facts. Historical projects may inform coding but do not prove current deployment. This is not a predicted numeric-field yield or an SME-ETOI score.",P2,Research the unresolved score evidence before proposing an anchor: fossil_heat_displacement_score: Current remaining fossil heat/service mix and substitution materiality.2023 report documents2022 gas/CHP; washer heat electrification does not establish current whole-plant fuel mix.,At least one score dimension contains an explicit unresolved fact: fossil_heat_displacement_score; scheduling_flex_score | thermal_storage_flex_score; incremental_load_score,2.0.0
20,,P58,Dorn Spritzguss GmbH,RESEARCH_FIRST,NO,32,108,0,3,0,2,0,0,B,B,7,PASS,7,ENERGY_TRANSITION | PROCESS,S-P58-02 | S-P58-03,0,HIGH,"Documentary gain proxy HIGH: 0 unassessed fields; verified coverage=ENERGY_TRANSITION,PROCESS; process coverage requires a source-linked firm-specific mapping. Energy/management coverage uses explicit source types, not inferred facts. Historical projects may inform coding but do not prove current deployment. This is not a predicted numeric-field yield or an SME-ETOI score.",P2,"Research the unresolved score evidence before proposing an anchor: temperature_fit_score: Actual process-heating temperatures and supported electric-heat fit, rather than part dimensions, cold maturation, material/customer ratings or historical boiler baselines. Own2022 PV and undated950kWh ELECTRICAL battery, current ISO14001 and CNC/EDM/laser; battery not thermal storage or dated additional investment.; process_electrification_score: Named own actual/planned electric thermal route; electrochemical coating, generic production or customer energy applications alone do not establish electric process heat. Own2022 PV and undated950kWh ELECTRICAL battery, current ISO14001 and CNC/EDM/laser; battery not thermal storage or dated additional investment.; fossil_heat_displacement_score: Actual current fossil thermal carrier, centrality and displacement materiality; unspecified CHP/ovens and historic gas baselines do not establish remaining fuel mix. Own2022 PV and undated950kWh ELECTRICAL battery, current ISO14001 and CNC/EDM/laser; battery not thermal storage or dated additional investment.",At least one score dimension contains an explicit unresolved fact: temperature_fit_score | process_electrification_score | fossil_heat_displacement_score; scheduling_flex_score | thermal_storage_flex_score; incremental_load_score,2.0.0
21,,P60,HARTCHROM Beck GmbH,RESEARCH_FIRST,NO,33,113,0,4,0,1,0,0,B,B,7,PASS,5,PROCESS,S-P60-01 | S-P60-03,0,MEDIUM,"Documentary gain proxy MEDIUM: 0 unassessed fields; verified coverage=PROCESS; process coverage requires a source-linked firm-specific mapping. Energy/management coverage uses explicit source types, not inferred facts. Historical projects may inform coding but do not prove current deployment. This is not a predicted numeric-field yield or an SME-ETOI score.",P2,"Research the unresolved score evidence before proposing an anchor: temperature_fit_score: Owned process operating temperatures and actual heat/cold duties; separate product ratings and room heating.; process_electrification_score: Named owned thermal route, current heat carrier and feasible remaining substitution case; separate electric drives and room heat.; fossil_heat_displacement_score: Current company/site process heat carrier mix and attributable fossil thermal duty. No public evidence is not zero fossil heat.",At least one score dimension contains an explicit unresolved fact: temperature_fit_score | process_electrification_score | fossil_heat_displacement_score; scheduling_flex_score | thermal_storage_flex_score; incremental_load_score | onsite_integration_score,2.0.0
22,,P62,Galvanotechnik Kessel GmbH & Co. KG,RESEARCH_FIRST,NO,34,118,0,5,0,0,0,0,B,B,7,PASS,7,PROCESS,S-P62-03,0,MEDIUM,"Documentary gain proxy MEDIUM: 0 unassessed fields; verified coverage=PROCESS; process coverage requires a source-linked firm-specific mapping. Energy/management coverage uses explicit source types, not inferred facts. Historical projects may inform coding but do not prove current deployment. This is not a predicted numeric-field yield or an SME-ETOI score.",P2,"Research the unresolved score evidence before proposing an anchor: temperature_fit_score: Owned process operating temperatures and actual heat/cold duties; separate product ratings and room heating.; process_electrification_score: Named owned thermal route, current heat carrier and feasible remaining substitution case; separate electric drives and room heat.; fossil_heat_displacement_score: Current company/site process heat carrier mix and attributable fossil thermal duty. No public evidence is not zero fossil heat.",At least one score dimension contains an explicit unresolved fact: temperature_fit_score | process_electrification_score | fossil_heat_displacement_score; motor_drive_score | automation_control_score; scheduling_flex_score | thermal_storage_flex_score,2.0.0
23,,P75,Privatbrauerei J.B. Falter Regen KG,RESEARCH_FIRST,NO,35,123,0,5,0,0,0,0,B,B,7,PASS,7,PROCESS,S-P75-02,0,MEDIUM,"Documentary gain proxy MEDIUM: 0 unassessed fields; verified coverage=PROCESS; process coverage requires a source-linked firm-specific mapping. Energy/management coverage uses explicit source types, not inferred facts. Historical projects may inform coding but do not prove current deployment. This is not a predicted numeric-field yield or an SME-ETOI score.",P2,"Research the unresolved score evidence before proposing an anchor: temperature_fit_score: Actual process-heating temperatures and supported electric-heat fit, rather than part dimensions, cold maturation, material/customer ratings or historical boiler baselines. Own beer pumping, unquantified mash heating and vague resource ambition;4-6weeks maturation not flexible store;2018/2024 cellar capacity not proved energy CAPEX.; process_electrification_score: Named own actual/planned electric thermal route; electrochemical coating, generic production or customer energy applications alone do not establish electric process heat. Own beer pumping, unquantified mash heating and vague resource ambition;4-6weeks maturation not flexible store;2018/2024 cellar capacity not proved energy CAPEX.; fossil_heat_displacement_score: Actual current fossil thermal carrier, centrality and displacement materiality; unspecified CHP/ovens and historic gas baselines do not establish remaining fuel mix. Own beer pumping, unquantified mash heating and vague resource ambition;4-6weeks maturation not flexible store;2018/2024 cellar capacity not proved energy CAPEX.",At least one score dimension contains an explicit unresolved fact: temperature_fit_score | process_electrification_score | fossil_heat_displacement_score; power_conversion_score | automation_control_score; scheduling_flex_score | thermal_storage_flex_score,2.0.0
24,,P77,metak GmbH & Co. KG,RESEARCH_FIRST,NO,36,128,0,4,0,1,0,0,B,B,7,PASS,7,ENERGY_TRANSITION | PROCESS,S-P77-02 | S-P77-03,0,HIGH,"Documentary gain proxy HIGH: 0 unassessed fields; verified coverage=ENERGY_TRANSITION,PROCESS; process coverage requires a source-linked firm-specific mapping. Energy/management coverage uses explicit source types, not inferred facts. Historical projects may inform coding but do not prove current deployment. This is not a predicted numeric-field yield or an SME-ETOI score.",P2,"Research the unresolved score evidence before proposing an anchor: temperature_fit_score: Actual process-heating temperatures and supported electric-heat fit, rather than part dimensions, cold maturation, material/customer ratings or historical boiler baselines. Own CNC/EDM/robots/free-cooling/heat-recovery, current ISO50001/14001; historical energy recovery outsidewindow, IIOT network not confirmed completed.; process_electrification_score: Named own actual/planned electric thermal route; electrochemical coating, generic production or customer energy applications alone do not establish electric process heat. Own CNC/EDM/robots/free-cooling/heat-recovery, current ISO50001/14001; historical energy recovery outsidewindow, IIOT network not confirmed completed.",At least one score dimension contains an explicit unresolved fact: temperature_fit_score | process_electrification_score; scheduling_flex_score | thermal_storage_flex_score; incremental_load_score | onsite_integration_score,2.0.0
25,,P80,MKT Metall- und Kunststofftechnik GmbH,RESEARCH_FIRST,NO,37,133,0,4,0,1,0,0,B,B,7,PASS,7,PROCESS,S-P80-02,0,MEDIUM,"Documentary gain proxy MEDIUM: 0 unassessed fields; verified coverage=PROCESS; process coverage requires a source-linked firm-specific mapping. Energy/management coverage uses explicit source types, not inferred facts. Historical projects may inform coding but do not prove current deployment. This is not a predicted numeric-field yield or an SME-ETOI score.",P2,"Research the unresolved score evidence before proposing an anchor: temperature_fit_score: Actual process-heating temperatures and supported electric-heat fit, rather than part dimensions, cold maturation, material/customer ratings or historical boiler baselines. Own CNC/robots/optics and electric-machine claim plus purchased hydropower; Chinese partner tools and supplier hydro not owned generation/electric process heat.; process_electrification_score: Named own actual/planned electric thermal route; electrochemical coating, generic production or customer energy applications alone do not establish electric process heat. Own CNC/robots/optics and electric-machine claim plus purchased hydropower; Chinese partner tools and supplier hydro not owned generation/electric process heat.; fossil_heat_displacement_score: Actual current fossil thermal carrier, centrality and displacement materiality; unspecified CHP/ovens and historic gas baselines do not establish remaining fuel mix. Own CNC/robots/optics and electric-machine claim plus purchased hydropower; Chinese partner tools and supplier hydro not owned generation/electric process heat.",At least one score dimension contains an explicit unresolved fact: temperature_fit_score | process_electrification_score | fossil_heat_displacement_score; scheduling_flex_score | thermal_storage_flex_score; incremental_load_score | onsite_integration_score,2.0.0
26,,P100,Kläger Spritzguss GmbH & Co. KG,RESEARCH_FIRST,NO,38,138,0,3,0,2,0,0,B,B,7,PASS,7,PROCESS,S-P100-02 | S-P100-05,0,MEDIUM,"Documentary gain proxy MEDIUM: 0 unassessed fields; verified coverage=PROCESS; process coverage requires a source-linked firm-specific mapping. Energy/management coverage uses explicit source types, not inferred facts. Historical projects may inform coding but do not prove current deployment. This is not a predicted numeric-field yield or an SME-ETOI score.",P2,Research the unresolved score evidence before proposing an anchor: fossil_heat_displacement_score: Current company/site process heat carrier mix and attributable fossil thermal duty. No public evidence is not zero fossil heat.,At least one score dimension contains an explicit unresolved fact: fossil_heat_displacement_score; thermal_storage_flex_score; management_gap_score | investment_gap_score,2.0.0
27,,P35,MACK KUNSTSTOFFTECHNIK GMBH & CO. KG,RESEARCH_FIRST,NO,39,143,0,3,0,2,0,0,B,B,6,PASS,6,PROCESS,S-P35-03,0,MEDIUM,"Documentary gain proxy MEDIUM: 0 unassessed fields; verified coverage=PROCESS; process coverage requires a source-linked firm-specific mapping. Energy/management coverage uses explicit source types, not inferred facts. Historical projects may inform coding but do not prove current deployment. This is not a predicted numeric-field yield or an SME-ETOI score.",P2,"Research the unresolved score evidence before proposing an anchor: temperature_fit_score: Actual process-heating temperatures and supported electric-heat fit, rather than part dimensions, cold maturation, material/customer ratings or historical boiler baselines. Owned thermoforming/CNC and2023 PV; no injection-moulding assumptions.; process_electrification_score: Named own actual/planned electric thermal route; electrochemical coating, generic production or customer energy applications alone do not establish electric process heat. Owned thermoforming/CNC and2023 PV; no injection-moulding assumptions.; fossil_heat_displacement_score: Actual current fossil thermal carrier, centrality and displacement materiality; unspecified CHP/ovens and historic gas baselines do not establish remaining fuel mix. Owned thermoforming/CNC and2023 PV; no injection-moulding assumptions.",At least one score dimension contains an explicit unresolved fact: temperature_fit_score | process_electrification_score | fossil_heat_displacement_score; scheduling_flex_score | thermal_storage_flex_score; incremental_load_score,2.0.0
28,,P36,Kunststofftechnik Borgmann GmbH,RESEARCH_FIRST,NO,40,148,0,4,0,1,0,0,B,B,6,PASS,5,PROCESS,S-P36-03,0,MEDIUM,"Documentary gain proxy MEDIUM: 0 unassessed fields; verified coverage=PROCESS; process coverage requires a source-linked firm-specific mapping. Energy/management coverage uses explicit source types, not inferred facts. Historical projects may inform coding but do not prove current deployment. This is not a predicted numeric-field yield or an SME-ETOI score.",P2,"Research the unresolved score evidence before proposing an anchor: temperature_fit_score: Actual process-heating temperatures and supported electric-heat fit, rather than part dimensions, cold maturation, material/customer ratings or historical boiler baselines. Owned moulding/robots/solar and EMS claim; old2011-2017 energy investments excluded.; process_electrification_score: Named own actual/planned electric thermal route; electrochemical coating, generic production or customer energy applications alone do not establish electric process heat. Owned moulding/robots/solar and EMS claim; old2011-2017 energy investments excluded.; fossil_heat_displacement_score: Actual current fossil thermal carrier, centrality and displacement materiality; unspecified CHP/ovens and historic gas baselines do not establish remaining fuel mix. Owned moulding/robots/solar and EMS claim; old2011-2017 energy investments excluded.",At least one score dimension contains an explicit unresolved fact: temperature_fit_score | process_electrification_score | fossil_heat_displacement_score; scheduling_flex_score | thermal_storage_flex_score; incremental_load_score,2.0.0
29,,P39,Eloxal Höfler GmbH,RESEARCH_FIRST,NO,41,153,0,4,0,1,0,0,B,B,6,PASS,6,PROCESS,S-P39-02,0,MEDIUM,"Documentary gain proxy MEDIUM: 0 unassessed fields; verified coverage=PROCESS; process coverage requires a source-linked firm-specific mapping. Energy/management coverage uses explicit source types, not inferred facts. Historical projects may inform coding but do not prove current deployment. This is not a predicted numeric-field yield or an SME-ETOI score.",P2,"Research the unresolved score evidence before proposing an anchor: temperature_fit_score: Actual process-heating temperatures and supported electric-heat fit, rather than part dimensions, cold maturation, material/customer ratings or historical boiler baselines. Two automated anodising plants;2022 wastewater and2023 capacity not proven energy projects.; process_electrification_score: Named own actual/planned electric thermal route; electrochemical coating, generic production or customer energy applications alone do not establish electric process heat. Two automated anodising plants;2022 wastewater and2023 capacity not proven energy projects.; fossil_heat_displacement_score: Actual current fossil thermal carrier, centrality and displacement materiality; unspecified CHP/ovens and historic gas baselines do not establish remaining fuel mix. Two automated anodising plants;2022 wastewater and2023 capacity not proven energy projects.",At least one score dimension contains an explicit unresolved fact: temperature_fit_score | process_electrification_score | fossil_heat_displacement_score; scheduling_flex_score | thermal_storage_flex_score; incremental_load_score | onsite_integration_score,2.0.0
30,,P41,"Galvano Weis, Weis GmbH & Co., Galvanische-Werkstätte KG",RESEARCH_FIRST,NO,42,158,0,5,0,0,0,0,B,B,6,PASS,5,PROCESS,S-P41-06,0,MEDIUM,"Documentary gain proxy MEDIUM: 0 unassessed fields; verified coverage=PROCESS; process coverage requires a source-linked firm-specific mapping. Energy/management coverage uses explicit source types, not inferred facts. Historical projects may inform coding but do not prove current deployment. This is not a predicted numeric-field yield or an SME-ETOI score.",P2,"Research the unresolved score evidence before proposing an anchor: temperature_fit_score: Actual process-heating temperatures and supported electric-heat fit, rather than part dimensions, cold maturation, material/customer ratings or historical boiler baselines. 2013 pulse-plating research and future-tense heat pump not current deployment;2023 carbon offsets not plant savings.; process_electrification_score: Named own actual/planned electric thermal route; electrochemical coating, generic production or customer energy applications alone do not establish electric process heat. 2013 pulse-plating research and future-tense heat pump not current deployment;2023 carbon offsets not plant savings.; fossil_heat_displacement_score: Actual current fossil thermal carrier, centrality and displacement materiality; unspecified CHP/ovens and historic gas baselines do not establish remaining fuel mix. 2013 pulse-plating research and future-tense heat pump not current deployment;2023 carbon offsets not plant savings.",At least one score dimension contains an explicit unresolved fact: temperature_fit_score | process_electrification_score | fossil_heat_displacement_score; motor_drive_score | automation_control_score; scheduling_flex_score | thermal_storage_flex_score,2.0.0
31,,P44,OXIDKERAMIK J. Cardenas GmbH,RESEARCH_FIRST,NO,43,163,0,5,0,0,0,0,B,B,6,PASS,5,PROCESS,S-P44-03,0,MEDIUM,"Documentary gain proxy MEDIUM: 0 unassessed fields; verified coverage=PROCESS; process coverage requires a source-linked firm-specific mapping. Energy/management coverage uses explicit source types, not inferred facts. Historical projects may inform coding but do not prove current deployment. This is not a predicted numeric-field yield or an SME-ETOI score.",P2,"Research the unresolved score evidence before proposing an anchor: temperature_fit_score: Actual process-heating temperatures and supported electric-heat fit, rather than part dimensions, cold maturation, material/customer ratings or historical boiler baselines. Material ratings and customer PV/wind/hydro applications not owned kilns/generation.; process_electrification_score: Named own actual/planned electric thermal route; electrochemical coating, generic production or customer energy applications alone do not establish electric process heat. Material ratings and customer PV/wind/hydro applications not owned kilns/generation.; fossil_heat_displacement_score: Actual current fossil thermal carrier, centrality and displacement materiality; unspecified CHP/ovens and historic gas baselines do not establish remaining fuel mix. Material ratings and customer PV/wind/hydro applications not owned kilns/generation.",At least one score dimension contains an explicit unresolved fact: temperature_fit_score | process_electrification_score | fossil_heat_displacement_score; motor_drive_score | power_conversion_score; scheduling_flex_score | thermal_storage_flex_score,2.0.0
32,,P55,Merschbrock Kunststoff Spritzguss GmbH,RESEARCH_FIRST,NO,44,168,0,3,0,2,0,0,B,B,6,PASS,5,PROCESS,S-P55-02 | S-P55-06,0,MEDIUM,"Documentary gain proxy MEDIUM: 0 unassessed fields; verified coverage=PROCESS; process coverage requires a source-linked firm-specific mapping. Energy/management coverage uses explicit source types, not inferred facts. Historical projects may inform coding but do not prove current deployment. This is not a predicted numeric-field yield or an SME-ETOI score.",P2,"Research the unresolved score evidence before proposing an anchor: temperature_fit_score: Actual process-heating temperatures and supported electric-heat fit, rather than part dimensions, cold maturation, material/customer ratings or historical boiler baselines. PV2022/2025,CHP2014/2020,absorption cooling and2025/2026 EV supply; fuel/load/store/dispatch unverified.; process_electrification_score: Named own actual/planned electric thermal route; electrochemical coating, generic production or customer energy applications alone do not establish electric process heat. PV2022/2025,CHP2014/2020,absorption cooling and2025/2026 EV supply; fuel/load/store/dispatch unverified.; fossil_heat_displacement_score: Actual current fossil thermal carrier, centrality and displacement materiality; unspecified CHP/ovens and historic gas baselines do not establish remaining fuel mix. PV2022/2025,CHP2014/2020,absorption cooling and2025/2026 EV supply; fuel/load/store/dispatch unverified.",At least one score dimension contains an explicit unresolved fact: temperature_fit_score | process_electrification_score | fossil_heat_displacement_score; scheduling_flex_score | thermal_storage_flex_score; incremental_load_score,2.0.0
33,,P61,Galvanik-Horstmann GmbH,RESEARCH_FIRST,NO,45,173,0,5,0,0,0,0,B,B,6,PASS,5,ENERGY_TRANSITION | PROCESS,S-P61-03 | S-P61-05,0,HIGH,"Documentary gain proxy HIGH: 0 unassessed fields; verified coverage=ENERGY_TRANSITION,PROCESS; process coverage requires a source-linked firm-specific mapping. Energy/management coverage uses explicit source types, not inferred facts. Historical projects may inform coding but do not prove current deployment. This is not a predicted numeric-field yield or an SME-ETOI score.",P2,"Research the unresolved score evidence before proposing an anchor: temperature_fit_score: Actual process-heating temperatures and supported electric-heat fit, rather than part dimensions, cold maturation, material/customer ratings or historical boiler baselines. Own galvanic services and XRF;250C solderability TEST not bath temperature. Historical2020-upload brochure KWKK+PV50-55% combined electricity lacks2026 continuity.; process_electrification_score: Named own actual/planned electric thermal route; electrochemical coating, generic production or customer energy applications alone do not establish electric process heat. Own galvanic services and XRF;250C solderability TEST not bath temperature. Historical2020-upload brochure KWKK+PV50-55% combined electricity lacks2026 continuity.; fossil_heat_displacement_score: Actual current fossil thermal carrier, centrality and displacement materiality; unspecified CHP/ovens and historic gas baselines do not establish remaining fuel mix. Own galvanic services and XRF;250C solderability TEST not bath temperature. Historical2020-upload brochure KWKK+PV50-55% combined electricity lacks2026 continuity.",At least one score dimension contains an explicit unresolved fact: temperature_fit_score | process_electrification_score | fossil_heat_displacement_score; motor_drive_score; scheduling_flex_score | thermal_storage_flex_score,2.0.0
34,,P73,Brauerei-Gasthof Kundmüller GmbH,RESEARCH_FIRST,NO,46,178,0,5,0,0,0,0,B,B,6,PASS,5,PROCESS,S-P73-01 | S-P73-02,0,MEDIUM,"Documentary gain proxy MEDIUM: 0 unassessed fields; verified coverage=PROCESS; process coverage requires a source-linked firm-specific mapping. Energy/management coverage uses explicit source types, not inferred facts. Historical projects may inform coding but do not prove current deployment. This is not a predicted numeric-field yield or an SME-ETOI score.",P2,Research the unresolved score evidence before proposing an anchor: fossil_heat_displacement_score: Current company/site process heat carrier mix and attributable fossil thermal duty. No public evidence is not zero fossil heat.,At least one score dimension contains an explicit unresolved fact: fossil_heat_displacement_score; power_conversion_score; thermal_storage_flex_score,2.0.0
35,,P79,Langer GmbH & Co. KG,RESEARCH_FIRST,NO,47,183,0,3,0,2,0,0,B,B,6,PASS,6,ENERGY_TRANSITION | PROCESS,S-P79-02 | S-P79-03,0,HIGH,"Documentary gain proxy HIGH: 0 unassessed fields; verified coverage=ENERGY_TRANSITION,PROCESS; process coverage requires a source-linked firm-specific mapping. Energy/management coverage uses explicit source types, not inferred facts. Historical projects may inform coding but do not prove current deployment. This is not a predicted numeric-field yield or an SME-ETOI score.",P2,"Research the unresolved score evidence before proposing an anchor: temperature_fit_score: Actual process-heating temperatures and supported electric-heat fit, rather than part dimensions, cold maturation, material/customer ratings or historical boiler baselines. Actual base PV301.76kWp/2024converter/mill/control; September2026 PV675kWp/battery400kWh still EXPECTED;2030targets distinct from achieved inventory.; process_electrification_score: Named own actual/planned electric thermal route; electrochemical coating, generic production or customer energy applications alone do not establish electric process heat. Actual base PV301.76kWp/2024converter/mill/control; September2026 PV675kWp/battery400kWh still EXPECTED;2030targets distinct from achieved inventory.; fossil_heat_displacement_score: Actual current fossil thermal carrier, centrality and displacement materiality; unspecified CHP/ovens and historic gas baselines do not establish remaining fuel mix. Actual base PV301.76kWp/2024converter/mill/control; September2026 PV675kWp/battery400kWh still EXPECTED;2030targets distinct from achieved inventory.",At least one score dimension contains an explicit unresolved fact: temperature_fit_score | process_electrification_score | fossil_heat_displacement_score; scheduling_flex_score | thermal_storage_flex_score; incremental_load_score,2.0.0
36,,P92,Familienbrauerei M. Ketterer GmbH & Co. KG,RESEARCH_FIRST,NO,48,188,0,4,0,1,0,0,B,B,6,PASS,6,ENERGY_TRANSITION | PROCESS,S-P92-02 | S-P92-03,0,HIGH,"Documentary gain proxy HIGH: 0 unassessed fields; verified coverage=ENERGY_TRANSITION,PROCESS; process coverage requires a source-linked firm-specific mapping. Energy/management coverage uses explicit source types, not inferred facts. Historical projects may inform coding but do not prove current deployment. This is not a predicted numeric-field yield or an SME-ETOI score.",P2,"Research the unresolved score evidence before proposing an anchor: temperature_fit_score: Actual process-heating temperatures and supported electric-heat fit, rather than part dimensions, cold maturation, material/customer ratings or historical boiler baselines. Own woodchip operating-heat claim, PV2021monthunknown; nitrogen dates2021/2023 conflict; biomass not electric heat, cold tanks not dispatch buffers.; process_electrification_score: Named own actual/planned electric thermal route; electrochemical coating, generic production or customer energy applications alone do not establish electric process heat. Own woodchip operating-heat claim, PV2021monthunknown; nitrogen dates2021/2023 conflict; biomass not electric heat, cold tanks not dispatch buffers.",At least one score dimension contains an explicit unresolved fact: temperature_fit_score | process_electrification_score; scheduling_flex_score | thermal_storage_flex_score; incremental_load_score,2.0.0
37,,P93,Brauerei Schimpfle GmbH & Co. KG,RESEARCH_FIRST,NO,49,193,0,4,0,1,0,0,B,B,6,PASS,5,PROCESS,S-P93-02,0,MEDIUM,"Documentary gain proxy MEDIUM: 0 unassessed fields; verified coverage=PROCESS; process coverage requires a source-linked firm-specific mapping. Energy/management coverage uses explicit source types, not inferred facts. Historical projects may inform coding but do not prove current deployment. This is not a predicted numeric-field yield or an SME-ETOI score.",P2,"Research the unresolved score evidence before proposing an anchor: temperature_fit_score: Actual process-heating temperatures and supported electric-heat fit, rather than part dimensions, cold maturation, material/customer ratings or historical boiler baselines. Actual compressors/heat recovery/metering, primary2024PV908modules/1500m2 and2023transformer;0C maturation not heating fit/storage, transformer not measured harmonic issue.; process_electrification_score: Named own actual/planned electric thermal route; electrochemical coating, generic production or customer energy applications alone do not establish electric process heat. Actual compressors/heat recovery/metering, primary2024PV908modules/1500m2 and2023transformer;0C maturation not heating fit/storage, transformer not measured harmonic issue.; fossil_heat_displacement_score: Actual current fossil thermal carrier, centrality and displacement materiality; unspecified CHP/ovens and historic gas baselines do not establish remaining fuel mix. Actual compressors/heat recovery/metering, primary2024PV908modules/1500m2 and2023transformer;0C maturation not heating fit/storage, transformer not measured harmonic issue.",At least one score dimension contains an explicit unresolved fact: temperature_fit_score | process_electrification_score | fossil_heat_displacement_score; scheduling_flex_score | thermal_storage_flex_score; incremental_load_score,2.0.0
38,,P101,Metoba Metalloberflächenbearbeitung GmbH,RESEARCH_FIRST,NO,50,198,0,4,0,1,0,0,B,B,6,PASS,6,PROCESS,S-P101-02,0,MEDIUM,"Documentary gain proxy MEDIUM: 0 unassessed fields; verified coverage=PROCESS; process coverage requires a source-linked firm-specific mapping. Energy/management coverage uses explicit source types, not inferred facts. Historical projects may inform coding but do not prove current deployment. This is not a predicted numeric-field yield or an SME-ETOI score.",P2,"Research the unresolved score evidence before proposing an anchor: temperature_fit_score: Owned process operating temperatures and actual heat/cold duties; separate product ratings and room heating.; process_electrification_score: Named owned thermal route, current heat carrier and feasible remaining substitution case; separate electric drives and room heat.; fossil_heat_displacement_score: Current company/site process heat carrier mix and attributable fossil thermal duty. No public evidence is not zero fossil heat.",At least one score dimension contains an explicit unresolved fact: temperature_fit_score | process_electrification_score | fossil_heat_displacement_score; thermal_storage_flex_score; incremental_load_score,2.0.0
39,,P103,Metallveredelung Gebrüder Wigl GmbH,RESEARCH_FIRST,NO,51,203,0,5,0,0,0,0,B,B,6,PASS,5,PROCESS,S-P103-01 | S-P103-02,0,MEDIUM,"Documentary gain proxy MEDIUM: 0 unassessed fields; verified coverage=PROCESS; process coverage requires a source-linked firm-specific mapping. Energy/management coverage uses explicit source types, not inferred facts. Historical projects may inform coding but do not prove current deployment. This is not a predicted numeric-field yield or an SME-ETOI score.",P2,"Research the unresolved score evidence before proposing an anchor: temperature_fit_score: Owned process operating temperatures and actual heat/cold duties; separate product ratings and room heating.; process_electrification_score: Named owned thermal route, current heat carrier and feasible remaining substitution case; separate electric drives and room heat.; fossil_heat_displacement_score: Current company/site process heat carrier mix and attributable fossil thermal duty. No public evidence is not zero fossil heat.",At least one score dimension contains an explicit unresolved fact: temperature_fit_score | process_electrification_score | fossil_heat_displacement_score; motor_drive_score | automation_control_score; scheduling_flex_score | thermal_storage_flex_score,2.0.0
40,,P15,ELOXAL BARZ GmbH & Co KG,RESEARCH_FIRST,NO,52,208,0,5,0,0,0,0,B,B,5,PASS,4,ENERGY_TRANSITION | PROCESS,S-P15-01 | S-P15-03 | S-P15-04,0,HIGH,"Documentary gain proxy HIGH: 0 unassessed fields; verified coverage=ENERGY_TRANSITION,PROCESS; process coverage requires a source-linked firm-specific mapping. Energy/management coverage uses explicit source types, not inferred facts. Historical projects may inform coding but do not prove current deployment. This is not a predicted numeric-field yield or an SME-ETOI score.",P2,"Research the unresolved score evidence before proposing an anchor: temperature_fit_score: Actual current bath/sealing/heating temperatures and electric-heat fit. Historical minus-5-deg-C coolant and generic PVC/ABS limits are not actual process-heat temperatures.; process_electrification_score: Owned current thermal services, energy carriers and a firm-specific heat-conversion route; electrochemical anodising is not thermal electrification.; fossil_heat_displacement_score: Actual fossil thermal demand, current fuel mix and material displacement potential.",At least one score dimension contains an explicit unresolved fact: temperature_fit_score | process_electrification_score | fossil_heat_displacement_score; motor_drive_score | automation_control_score; scheduling_flex_score | thermal_storage_flex_score,2.0.0
41,,P30,Privat-Brauerei Zötler GmbH,RESEARCH_FIRST,NO,53,213,0,4,0,1,0,0,B,B,5,PASS,5,ENERGY_TRANSITION | PROCESS,S-P30-02 | S-P30-03 | S-P30-04,0,HIGH,"Documentary gain proxy HIGH: 0 unassessed fields; verified coverage=ENERGY_TRANSITION,PROCESS; process coverage requires a source-linked firm-specific mapping. Energy/management coverage uses explicit source types, not inferred facts. Historical projects may inform coding but do not prove current deployment. This is not a predicted numeric-field yield or an SME-ETOI score.",P2,"Research the unresolved score evidence before proposing an anchor: temperature_fit_score: A company-specific electric-heat technology/temperature fit; cold maturation temperatures alone do not establish process-heat electrification fit.; process_electrification_score: A firm-specific industrial electric-heat route; efficient cooling, biomass heat and electric logistics do not prove such a route.; fossil_heat_displacement_score: Fuel and materiality of remaining fossil process heat; an unspecified CHP fuel cannot be assumed fossil.",At least one score dimension contains an explicit unresolved fact: temperature_fit_score | process_electrification_score | fossil_heat_displacement_score; motor_drive_score | power_conversion_score; thermal_storage_flex_score,2.0.0
42,,P37,atka Kunststoffverarbeitung GmbH,RESEARCH_FIRST,NO,54,218,0,4,0,1,0,0,B,B,5,PASS,5,ENERGY_TRANSITION | PROCESS,S-P37-01 | S-P37-02,0,HIGH,"Documentary gain proxy HIGH: 0 unassessed fields; verified coverage=ENERGY_TRANSITION,PROCESS; process coverage requires a source-linked firm-specific mapping. Energy/management coverage uses explicit source types, not inferred facts. Historical projects may inform coding but do not prove current deployment. This is not a predicted numeric-field yield or an SME-ETOI score.",P2,"Research the unresolved score evidence before proposing an anchor: temperature_fit_score: Owned process operating temperatures and actual heat/cold duties; separate product ratings and room heating.; process_electrification_score: Named owned thermal route, current heat carrier and feasible remaining substitution case; separate electric drives and room heat.; fossil_heat_displacement_score: Current company/site process heat carrier mix and attributable fossil thermal duty. No public evidence is not zero fossil heat.",At least one score dimension contains an explicit unresolved fact: temperature_fit_score | process_electrification_score | fossil_heat_displacement_score; scheduling_flex_score | thermal_storage_flex_score; incremental_load_score,2.0.0
43,,P45,Glasmanufaktur HARZKRISTALL GmbH,RESEARCH_FIRST,NO,55,223,0,4,0,1,0,0,B,B,5,PASS,4,ENERGY_TRANSITION | PROCESS,S-P45-02 | S-P45-05,0,HIGH,"Documentary gain proxy HIGH: 0 unassessed fields; verified coverage=ENERGY_TRANSITION,PROCESS; process coverage requires a source-linked firm-specific mapping. Energy/management coverage uses explicit source types, not inferred facts. Historical projects may inform coding but do not prove current deployment. This is not a predicted numeric-field yield or an SME-ETOI score.",P2,"Research the unresolved score evidence before proposing an anchor: temperature_fit_score: Actual process-heating temperatures and supported electric-heat fit, rather than part dimensions, cold maturation, material/customer ratings or historical boiler baselines. Owned electric melting/reheat and programmable cooling;130 kg is glass mass, not electrical load/storage.; fossil_heat_displacement_score: Actual current fossil thermal carrier, centrality and displacement materiality; unspecified CHP/ovens and historic gas baselines do not establish remaining fuel mix. Owned electric melting/reheat and programmable cooling;130 kg is glass mass, not electrical load/storage.",At least one score dimension contains an explicit unresolved fact: temperature_fit_score | fossil_heat_displacement_score; scheduling_flex_score | thermal_storage_flex_score; incremental_load_score,2.0.0
44,,P56,Spritzguß Müller GmbH,RESEARCH_FIRST,NO,56,228,0,4,0,1,0,0,B,B,5,PASS,5,PROCESS,S-P56-02,0,MEDIUM,"Documentary gain proxy MEDIUM: 0 unassessed fields; verified coverage=PROCESS; process coverage requires a source-linked firm-specific mapping. Energy/management coverage uses explicit source types, not inferred facts. Historical projects may inform coding but do not prove current deployment. This is not a predicted numeric-field yield or an SME-ETOI score.",P2,"Research the unresolved score evidence before proposing an anchor: temperature_fit_score: Actual process-heating temperatures and supported electric-heat fit, rather than part dimensions, cold maturation, material/customer ratings or historical boiler baselines. Actual own CNC/EDM/TIG/SPS/assembly, not unreported injection heater/drive mix or current energy project.; process_electrification_score: Named own actual/planned electric thermal route; electrochemical coating, generic production or customer energy applications alone do not establish electric process heat. Actual own CNC/EDM/TIG/SPS/assembly, not unreported injection heater/drive mix or current energy project.; fossil_heat_displacement_score: Actual current fossil thermal carrier, centrality and displacement materiality; unspecified CHP/ovens and historic gas baselines do not establish remaining fuel mix. Actual own CNC/EDM/TIG/SPS/assembly, not unreported injection heater/drive mix or current energy project.",At least one score dimension contains an explicit unresolved fact: temperature_fit_score | process_electrification_score | fossil_heat_displacement_score; scheduling_flex_score | thermal_storage_flex_score; incremental_load_score | onsite_integration_score,2.0.0
45,,P66,KPM Königliche Porzellan-Manufaktur Berlin GmbH,RESEARCH_FIRST,NO,57,233,0,5,0,0,0,0,B,B,5,PASS,5,PROCESS,S-P66-01,0,MEDIUM,"Documentary gain proxy MEDIUM: 0 unassessed fields; verified coverage=PROCESS; process coverage requires a source-linked firm-specific mapping. Energy/management coverage uses explicit source types, not inferred facts. Historical projects may inform coding but do not prove current deployment. This is not a predicted numeric-field yield or an SME-ETOI score.",P2,"Research the unresolved score evidence before proposing an anchor: process_electrification_score: Named own actual/planned electric thermal route; electrochemical coating, generic production or customer energy applications alone do not establish electric process heat. Own980/1420C firing;2017 heat export described by provider2023,110C recovered water not kiln temperature. Adjacent Siemens heat-pump project not KPM.; fossil_heat_displacement_score: Actual current fossil thermal carrier, centrality and displacement materiality; unspecified CHP/ovens and historic gas baselines do not establish remaining fuel mix. Own980/1420C firing;2017 heat export described by provider2023,110C recovered water not kiln temperature. Adjacent Siemens heat-pump project not KPM.",At least one score dimension contains an explicit unresolved fact: process_electrification_score | fossil_heat_displacement_score; motor_drive_score | power_conversion_score | automation_control_score; scheduling_flex_score | thermal_storage_flex_score,2.0.0
46,,P68,TechnoKer GmbH,RESEARCH_FIRST,NO,58,238,0,5,0,0,0,0,B,B,5,PASS,5,PROCESS,S-P68-02,0,MEDIUM,"Documentary gain proxy MEDIUM: 0 unassessed fields; verified coverage=PROCESS; process coverage requires a source-linked firm-specific mapping. Energy/management coverage uses explicit source types, not inferred facts. Historical projects may inform coding but do not prove current deployment. This is not a predicted numeric-field yield or an SME-ETOI score.",P2,"Research the unresolved score evidence before proposing an anchor: temperature_fit_score: Actual process-heating temperatures and supported electric-heat fit, rather than part dimensions, cold maturation, material/customer ratings or historical boiler baselines. Own2022 PV205kWp; regional-biogas claim distinct from2023 BIO-LPG delivery4436litres. Customer electric heaters not own electric kilns;2023 planned digitalisation unconfirmed;2021 kiln month unknown at window boundary.; process_electrification_score: Named own actual/planned electric thermal route; electrochemical coating, generic production or customer energy applications alone do not establish electric process heat. Own2022 PV205kWp; regional-biogas claim distinct from2023 BIO-LPG delivery4436litres. Customer electric heaters not own electric kilns;2023 planned digitalisation unconfirmed;2021 kiln month unknown at window boundary.; fossil_heat_displacement_score: Actual current fossil thermal carrier, centrality and displacement materiality; unspecified CHP/ovens and historic gas baselines do not establish remaining fuel mix. Own2022 PV205kWp; regional-biogas claim distinct from2023 BIO-LPG delivery4436litres. Customer electric heaters not own electric kilns;2023 planned digitalisation unconfirmed;2021 kiln month unknown at window boundary.",At least one score dimension contains an explicit unresolved fact: temperature_fit_score | process_electrification_score | fossil_heat_displacement_score; motor_drive_score | automation_control_score; scheduling_flex_score | thermal_storage_flex_score,2.0.0
47,,P87,Ceramany GmbH,RESEARCH_FIRST,NO,59,243,0,5,0,0,0,0,B,B,5,PASS,4,,,0,LOW,"Documentary gain proxy LOW: 0 unassessed fields; verified coverage=NONE; process coverage requires a source-linked firm-specific mapping. Energy/management coverage uses explicit source types, not inferred facts. Historical projects may inform coding but do not prove current deployment. This is not a predicted numeric-field yield or an SME-ETOI score.",P2,"Research the unresolved score evidence before proposing an anchor: temperature_fit_score: Actual process-heating temperatures and supported electric-heat fit, rather than part dimensions, cold maturation, material/customer ratings or historical boiler baselines. German Menden entity versus foreign Yixing holders/sites: production/assets/staff/energy attribution unresolved. ISO9001 body2026-2029 despite old filename, not German energy certification.; process_electrification_score: Named own actual/planned electric thermal route; electrochemical coating, generic production or customer energy applications alone do not establish electric process heat. German Menden entity versus foreign Yixing holders/sites: production/assets/staff/energy attribution unresolved. ISO9001 body2026-2029 despite old filename, not German energy certification.; fossil_heat_displacement_score: Actual current fossil thermal carrier, centrality and displacement materiality; unspecified CHP/ovens and historic gas baselines do not establish remaining fuel mix. German Menden entity versus foreign Yixing holders/sites: production/assets/staff/energy attribution unresolved. ISO9001 body2026-2029 despite old filename, not German energy certification.",At least one score dimension contains an explicit unresolved fact: temperature_fit_score | process_electrification_score | fossil_heat_displacement_score; motor_drive_score | power_conversion_score | automation_control_score; scheduling_flex_score | thermal_storage_flex_score,2.0.0
48,,P91,Brauerei S. Riegele Inh. Riegele KG,RESEARCH_FIRST,NO,60,248,0,3,0,2,0,0,B,B,5,PASS,5,ENERGY_TRANSITION | MANAGEMENT | PROCESS,S-P91-02 | S-P91-03 | S-P91-04,0,HIGH,"Documentary gain proxy HIGH: 0 unassessed fields; verified coverage=ENERGY_TRANSITION,MANAGEMENT,PROCESS; process coverage requires a source-linked firm-specific mapping. Energy/management coverage uses explicit source types, not inferred facts. Historical projects may inform coding but do not prove current deployment. This is not a predicted numeric-field yield or an SME-ETOI score.",P2,"Research the unresolved score evidence before proposing an anchor: temperature_fit_score: Actual process-heating temperatures and supported electric-heat fit, rather than part dimensions, cold maturation, material/customer ratings or historical boiler baselines. Statement2025/data2024 signed2025-12-17 plus current EMASlist; actual2023forklift/2025PV, plans2026/2027not done;4.3MWh boiler Leistung unit inconsistent, not MW repaired.; process_electrification_score: Named own actual/planned electric thermal route; electrochemical coating, generic production or customer energy applications alone do not establish electric process heat. Statement2025/data2024 signed2025-12-17 plus current EMASlist; actual2023forklift/2025PV, plans2026/2027not done;4.3MWh boiler Leistung unit inconsistent, not MW repaired.",At least one score dimension contains an explicit unresolved fact: temperature_fit_score | process_electrification_score; scheduling_flex_score | thermal_storage_flex_score; incremental_load_score,2.0.0
49,,P95,Winkler-Bräu GmbH & Co. KG,RESEARCH_FIRST,NO,61,253,0,5,0,0,0,0,B,B,5,PASS,4,PROCESS,S-P95-02,0,MEDIUM,"Documentary gain proxy MEDIUM: 0 unassessed fields; verified coverage=PROCESS; process coverage requires a source-linked firm-specific mapping. Energy/management coverage uses explicit source types, not inferred facts. Historical projects may inform coding but do not prove current deployment. This is not a predicted numeric-field yield or an SME-ETOI score.",P2,"Research the unresolved score evidence before proposing an anchor: temperature_fit_score: Owned process operating temperatures and actual heat/cold duties; separate product ratings and room heating.; process_electrification_score: Named owned thermal route, current heat carrier and feasible remaining substitution case; separate electric drives and room heat.; fossil_heat_displacement_score: Current company/site process heat carrier mix and attributable fossil thermal duty. No public evidence is not zero fossil heat.",At least one score dimension contains an explicit unresolved fact: temperature_fit_score | process_electrification_score | fossil_heat_displacement_score; motor_drive_score | power_conversion_score | automation_control_score; thermal_storage_flex_score,2.0.0
50,,P105,Dresdner Silber und Metallveredlung GmbH,RESEARCH_FIRST,NO,62,258,0,4,0,1,0,0,B,B,5,PASS,5,PROCESS,S-P105-02,0,MEDIUM,"Documentary gain proxy MEDIUM: 0 unassessed fields; verified coverage=PROCESS; process coverage requires a source-linked firm-specific mapping. Energy/management coverage uses explicit source types, not inferred facts. Historical projects may inform coding but do not prove current deployment. This is not a predicted numeric-field yield or an SME-ETOI score.",P2,"Research the unresolved score evidence before proposing an anchor: temperature_fit_score: Owned process operating temperatures and actual heat/cold duties; separate product ratings and room heating.; process_electrification_score: Named owned thermal route, current heat carrier and feasible remaining substitution case; separate electric drives and room heat.; fossil_heat_displacement_score: Current company/site process heat carrier mix and attributable fossil thermal duty. No public evidence is not zero fossil heat.",At least one score dimension contains an explicit unresolved fact: temperature_fit_score | process_electrification_score | fossil_heat_displacement_score; scheduling_flex_score | thermal_storage_flex_score; incremental_load_score | onsite_integration_score,2.0.0
51,,P109,Porzellan Manufaktur Nymphenburg GmbH & Co. KG,RESEARCH_FIRST,NO,63,263,0,5,0,0,0,0,B,B,5,PASS,5,ENERGY_TRANSITION | PROCESS,S-P109-02 | S-P109-04,0,HIGH,"Documentary gain proxy HIGH: 0 unassessed fields; verified coverage=ENERGY_TRANSITION,PROCESS; process coverage requires a source-linked firm-specific mapping. Energy/management coverage uses explicit source types, not inferred facts. Historical projects may inform coding but do not prove current deployment. This is not a predicted numeric-field yield or an SME-ETOI score.",P2,Research the unresolved score evidence before proposing an anchor: fossil_heat_displacement_score: Current company/site process heat carrier mix and attributable fossil thermal duty. No public evidence is not zero fossil heat.,At least one score dimension contains an explicit unresolved fact: fossil_heat_displacement_score; motor_drive_score | automation_control_score; thermal_storage_flex_score,2.0.0
52,,P20,DERIX Glasstudios GmbH & Co. KG,RESEARCH_FIRST,NO,64,268,0,5,0,0,0,0,B,B,4,PASS,4,PROCESS,S-P20-04,0,MEDIUM,"Documentary gain proxy MEDIUM: 0 unassessed fields; verified coverage=PROCESS; process coverage requires a source-linked firm-specific mapping. Energy/management coverage uses explicit source types, not inferred facts. Historical projects may inform coding but do not prove current deployment. This is not a predicted numeric-field yield or an SME-ETOI score.",P2,Research the unresolved score evidence before proposing an anchor: fossil_heat_displacement_score: Current energy carrier for the approximately 800 °C hot-forming/firing process,At least one score dimension contains an explicit unresolved fact: fossil_heat_displacement_score; motor_drive_score | power_conversion_score | automation_control_score; thermal_storage_flex_score,2.0.0
53,,P21,Privatbrauerei MORITZ FIEGE GmbH & Co. KG,RESEARCH_FIRST,NO,65,273,0,5,0,0,0,0,B,B,4,PASS,4,ENERGY_TRANSITION | PROCESS,S-P21-02 | S-P21-04,0,HIGH,"Documentary gain proxy HIGH: 0 unassessed fields; verified coverage=ENERGY_TRANSITION,PROCESS; process coverage requires a source-linked firm-specific mapping. Energy/management coverage uses explicit source types, not inferred facts. Historical projects may inform coding but do not prove current deployment. This is not a predicted numeric-field yield or an SME-ETOI score.",P2,Research the unresolved score evidence before proposing an anchor: temperature_fit_score: Source-linked operating temperatures and a firm-specific technology/temperature fit.; process_electrification_score: Firm-specific electric-heat route beyond general process-steam transition intent.; fossil_heat_displacement_score: Current fossil energy carrier and significance of fossil process heat at this site.,At least one score dimension contains an explicit unresolved fact: temperature_fit_score | process_electrification_score | fossil_heat_displacement_score; power_conversion_score | automation_control_score; scheduling_flex_score | thermal_storage_flex_score,2.0.0
54,,P27,BCE Special Ceramics GmbH,RESEARCH_FIRST,NO,66,278,0,5,0,0,0,0,B,B,4,PASS,2,ENERGY_TRANSITION | PROCESS,S-P27-02 | S-P27-03,0,HIGH,"Documentary gain proxy HIGH: 0 unassessed fields; verified coverage=ENERGY_TRANSITION,PROCESS; process coverage requires a source-linked firm-specific mapping. Energy/management coverage uses explicit source types, not inferred facts. Historical projects may inform coding but do not prove current deployment. This is not a predicted numeric-field yield or an SME-ETOI score.",P2,Research the unresolved score evidence before proposing an anchor: temperature_fit_score: Source-linked operating temperatures and a firm-specific technology/temperature fit.; fossil_heat_displacement_score: Current fossil energy carrier and significance of fossil process heat at this site.,At least one score dimension contains an explicit unresolved fact: temperature_fit_score | fossil_heat_displacement_score; power_conversion_score; scheduling_flex_score | thermal_storage_flex_score,2.0.0
55,,P29,Meckatzer Löwenbräu Benedikt Weiß KG,RESEARCH_FIRST,NO,67,283,0,3,0,2,0,0,B,B,4,PASS,4,ENERGY_TRANSITION | MANAGEMENT | PROCESS,S-P29-02 | S-P29-03 | S-P29-04,0,HIGH,"Documentary gain proxy HIGH: 0 unassessed fields; verified coverage=ENERGY_TRANSITION,MANAGEMENT,PROCESS; process coverage requires a source-linked firm-specific mapping. Energy/management coverage uses explicit source types, not inferred facts. Historical projects may inform coding but do not prove current deployment. This is not a predicted numeric-field yield or an SME-ETOI score.",P2,"Research the unresolved score evidence before proposing an anchor: temperature_fit_score: Actual process-heat temperatures and validated electric-heat fit; 0-deg-C maturation and cold-system ratings do not establish brewing/steam temperature.; process_electrification_score: Currently operating defined thermal electrification route. Legacy vapour compressor is reported defective and replaced by gas steam; current repair/continuity is unverified. Completed ammonia replacement is refrigeration, not proof of process-heat electrification.",At least one score dimension contains an explicit unresolved fact: temperature_fit_score | process_electrification_score; thermal_storage_flex_score; incremental_load_score,2.0.0
56,,P31,Brauerei Clemens Härle KG,RESEARCH_FIRST,NO,68,288,0,4,0,1,0,0,B,B,4,PASS,4,ENERGY_TRANSITION | PROCESS,S-P31-02 | S-P31-03,0,HIGH,"Documentary gain proxy HIGH: 0 unassessed fields; verified coverage=ENERGY_TRANSITION,PROCESS; process coverage requires a source-linked firm-specific mapping. Energy/management coverage uses explicit source types, not inferred facts. Historical projects may inform coding but do not prove current deployment. This is not a predicted numeric-field yield or an SME-ETOI score.",P2,"Research the unresolved score evidence before proposing an anchor: temperature_fit_score: A company-specific electric-heat technology/temperature fit; cold maturation temperatures alone do not establish process-heat electrification fit.; process_electrification_score: A firm-specific industrial electric-heat route; efficient cooling, biomass heat and electric logistics do not prove such a route.",At least one score dimension contains an explicit unresolved fact: temperature_fit_score | process_electrification_score; motor_drive_score | power_conversion_score | automation_control_score; thermal_storage_flex_score,2.0.0
57,,P51,Distelhäuser Brauerei Ernst Bauer GmbH & Co. KG,RESEARCH_FIRST,NO,69,293,0,5,0,0,0,0,B,B,4,PASS,4,PROCESS,S-P51-02,0,MEDIUM,"Documentary gain proxy MEDIUM: 0 unassessed fields; verified coverage=PROCESS; process coverage requires a source-linked firm-specific mapping. Energy/management coverage uses explicit source types, not inferred facts. Historical projects may inform coding but do not prove current deployment. This is not a predicted numeric-field yield or an SME-ETOI score.",P2,"Research the unresolved score evidence before proposing an anchor: temperature_fit_score: Actual process-heating temperatures and supported electric-heat fit, rather than part dimensions, cold maturation, material/customer ratings or historical boiler baselines. Owned0 C maturation/heat recovery;2022 certification claim has no verified current validity.; process_electrification_score: Named own actual/planned electric thermal route; electrochemical coating, generic production or customer energy applications alone do not establish electric process heat. Owned0 C maturation/heat recovery;2022 certification claim has no verified current validity.; fossil_heat_displacement_score: Actual current fossil thermal carrier, centrality and displacement materiality; unspecified CHP/ovens and historic gas baselines do not establish remaining fuel mix. Owned0 C maturation/heat recovery;2022 certification claim has no verified current validity.",At least one score dimension contains an explicit unresolved fact: temperature_fit_score | process_electrification_score | fossil_heat_displacement_score; motor_drive_score | power_conversion_score; scheduling_flex_score | thermal_storage_flex_score,2.0.0
58,,P52,Glauner GmbH,RESEARCH_FIRST,NO,70,298,0,5,0,0,0,0,B,B,4,PASS,3,PROCESS,S-P52-03,0,MEDIUM,"Documentary gain proxy MEDIUM: 0 unassessed fields; verified coverage=PROCESS; process coverage requires a source-linked firm-specific mapping. Energy/management coverage uses explicit source types, not inferred facts. Historical projects may inform coding but do not prove current deployment. This is not a predicted numeric-field yield or an SME-ETOI score.",P2,"Research the unresolved score evidence before proposing an anchor: temperature_fit_score: Actual process-heating temperatures and supported electric-heat fit, rather than part dimensions, cold maturation, material/customer ratings or historical boiler baselines. Recovered raw-material page and historical1893/1895/1925 machines do not replace broken environmental page or current assets.; process_electrification_score: Named own actual/planned electric thermal route; electrochemical coating, generic production or customer energy applications alone do not establish electric process heat. Recovered raw-material page and historical1893/1895/1925 machines do not replace broken environmental page or current assets.; fossil_heat_displacement_score: Actual current fossil thermal carrier, centrality and displacement materiality; unspecified CHP/ovens and historic gas baselines do not establish remaining fuel mix. Recovered raw-material page and historical1893/1895/1925 machines do not replace broken environmental page or current assets.",At least one score dimension contains an explicit unresolved fact: temperature_fit_score | process_electrification_score | fossil_heat_displacement_score; motor_drive_score | power_conversion_score | automation_control_score; scheduling_flex_score | thermal_storage_flex_score,2.0.0
59,,P54,Privatbrauerei Waldhaus Joh. Schmid GmbH,RESEARCH_FIRST,NO,71,303,0,5,0,0,0,0,B,B,4,PASS,4,PROCESS,S-P54-02,0,MEDIUM,"Documentary gain proxy MEDIUM: 0 unassessed fields; verified coverage=PROCESS; process coverage requires a source-linked firm-specific mapping. Energy/management coverage uses explicit source types, not inferred facts. Historical projects may inform coding but do not prove current deployment. This is not a predicted numeric-field yield or an SME-ETOI score.",P2,"Research the unresolved score evidence before proposing an anchor: temperature_fit_score: Actual process-heating temperatures and supported electric-heat fit, rather than part dimensions, cold maturation, material/customer ratings or historical boiler baselines. 2017 PV458.4 kWp,75% of PV generation self-used, not75% site demand; outside investment lookback.; process_electrification_score: Named own actual/planned electric thermal route; electrochemical coating, generic production or customer energy applications alone do not establish electric process heat. 2017 PV458.4 kWp,75% of PV generation self-used, not75% site demand; outside investment lookback.; fossil_heat_displacement_score: Actual current fossil thermal carrier, centrality and displacement materiality; unspecified CHP/ovens and historic gas baselines do not establish remaining fuel mix. 2017 PV458.4 kWp,75% of PV generation self-used, not75% site demand; outside investment lookback.",At least one score dimension contains an explicit unresolved fact: temperature_fit_score | process_electrification_score | fossil_heat_displacement_score; motor_drive_score | automation_control_score; scheduling_flex_score | thermal_storage_flex_score,2.0.0
60,,P57,Stocker Kunststoff GmbH,RESEARCH_FIRST,NO,72,308,0,5,0,0,0,0,B,B,4,PASS,4,PROCESS,S-P57-02,0,MEDIUM,"Documentary gain proxy MEDIUM: 0 unassessed fields; verified coverage=PROCESS; process coverage requires a source-linked firm-specific mapping. Energy/management coverage uses explicit source types, not inferred facts. Historical projects may inform coding but do not prove current deployment. This is not a predicted numeric-field yield or an SME-ETOI score.",P2,"Research the unresolved score evidence before proposing an anchor: temperature_fit_score: Actual process-heating temperatures and supported electric-heat fit, rather than part dimensions, cold maturation, material/customer ratings or historical boiler baselines. Nine own injection machines; mould manufacture outsourced, stock photos and theoretical SPC not owned machines/control.; process_electrification_score: Named own actual/planned electric thermal route; electrochemical coating, generic production or customer energy applications alone do not establish electric process heat. Nine own injection machines; mould manufacture outsourced, stock photos and theoretical SPC not owned machines/control.; fossil_heat_displacement_score: Actual current fossil thermal carrier, centrality and displacement materiality; unspecified CHP/ovens and historic gas baselines do not establish remaining fuel mix. Nine own injection machines; mould manufacture outsourced, stock photos and theoretical SPC not owned machines/control.",At least one score dimension contains an explicit unresolved fact: temperature_fit_score | process_electrification_score | fossil_heat_displacement_score; motor_drive_score | power_conversion_score | automation_control_score; scheduling_flex_score | thermal_storage_flex_score,2.0.0
61,,P59,AK Kunststoffspritzguss GmbH & Co. KG,RESEARCH_FIRST,NO,73,313,0,5,0,0,0,0,B,B,4,PASS,4,PROCESS,S-P59-02,0,MEDIUM,"Documentary gain proxy MEDIUM: 0 unassessed fields; verified coverage=PROCESS; process coverage requires a source-linked firm-specific mapping. Energy/management coverage uses explicit source types, not inferred facts. Historical projects may inform coding but do not prove current deployment. This is not a predicted numeric-field yield or an SME-ETOI score.",P2,"Research the unresolved score evidence before proposing an anchor: temperature_fit_score: Actual process-heating temperatures and supported electric-heat fit, rather than part dimensions, cold maturation, material/customer ratings or historical boiler baselines. Own picker/robot/QS/ERP and cooling/exhaust recovery for underfloor building heat; external toolshops not own CNC; slab not validated thermal store.; process_electrification_score: Named own actual/planned electric thermal route; electrochemical coating, generic production or customer energy applications alone do not establish electric process heat. Own picker/robot/QS/ERP and cooling/exhaust recovery for underfloor building heat; external toolshops not own CNC; slab not validated thermal store.; fossil_heat_displacement_score: Actual current fossil thermal carrier, centrality and displacement materiality; unspecified CHP/ovens and historic gas baselines do not establish remaining fuel mix. Own picker/robot/QS/ERP and cooling/exhaust recovery for underfloor building heat; external toolshops not own CNC; slab not validated thermal store.",At least one score dimension contains an explicit unresolved fact: temperature_fit_score | process_electrification_score | fossil_heat_displacement_score; power_conversion_score; scheduling_flex_score | thermal_storage_flex_score,2.0.0
62,,P70,ceram GmbH,RESEARCH_FIRST,NO,74,318,0,5,0,0,0,0,B,B,4,PASS,3,PROCESS,S-P70-02,0,MEDIUM,"Documentary gain proxy MEDIUM: 0 unassessed fields; verified coverage=PROCESS; process coverage requires a source-linked firm-specific mapping. Energy/management coverage uses explicit source types, not inferred facts. Historical projects may inform coding but do not prove current deployment. This is not a predicted numeric-field yield or an SME-ETOI score.",P2,"Research the unresolved score evidence before proposing an anchor: temperature_fit_score: Actual process-heating temperatures and supported electric-heat fit, rather than part dimensions, cold maturation, material/customer ratings or historical boiler baselines. Own milling/air classification/XRF/sinter/melt; current ISO14001CLAIM_ONLY, oldPDF404, no current direct body. Customer material ratings not own heat carrier/temperature.; process_electrification_score: Named own actual/planned electric thermal route; electrochemical coating, generic production or customer energy applications alone do not establish electric process heat. Own milling/air classification/XRF/sinter/melt; current ISO14001CLAIM_ONLY, oldPDF404, no current direct body. Customer material ratings not own heat carrier/temperature.; fossil_heat_displacement_score: Actual current fossil thermal carrier, centrality and displacement materiality; unspecified CHP/ovens and historic gas baselines do not establish remaining fuel mix. Own milling/air classification/XRF/sinter/melt; current ISO14001CLAIM_ONLY, oldPDF404, no current direct body. Customer material ratings not own heat carrier/temperature.",At least one score dimension contains an explicit unresolved fact: temperature_fit_score | process_electrification_score | fossil_heat_displacement_score; power_conversion_score; scheduling_flex_score | thermal_storage_flex_score,2.0.0
63,,P81,Eloxalwerk Ludwigsburg Helmut Zerrer GmbH,RESEARCH_FIRST,NO,75,323,0,5,0,0,0,0,B,B,4,PASS,4,ENERGY_TRANSITION | PROCESS,S-P81-02 | S-P81-03,0,HIGH,"Documentary gain proxy HIGH: 0 unassessed fields; verified coverage=ENERGY_TRANSITION,PROCESS; process coverage requires a source-linked firm-specific mapping. Energy/management coverage uses explicit source types, not inferred facts. Historical projects may inform coding but do not prove current deployment. This is not a predicted numeric-field yield or an SME-ETOI score.",P2,"Research the unresolved score evidence before proposing an anchor: temperature_fit_score: Actual process-heating temperatures and supported electric-heat fit, rather than part dimensions, cold maturation, material/customer ratings or historical boiler baselines. Own PEO/anodising/automated ultrasonic clean/geothermal;2000C coating resistance not process heating, no electric HP topology inferred.; process_electrification_score: Named own actual/planned electric thermal route; electrochemical coating, generic production or customer energy applications alone do not establish electric process heat. Own PEO/anodising/automated ultrasonic clean/geothermal;2000C coating resistance not process heating, no electric HP topology inferred.; fossil_heat_displacement_score: Actual current fossil thermal carrier, centrality and displacement materiality; unspecified CHP/ovens and historic gas baselines do not establish remaining fuel mix. Own PEO/anodising/automated ultrasonic clean/geothermal;2000C coating resistance not process heating, no electric HP topology inferred.",At least one score dimension contains an explicit unresolved fact: temperature_fit_score | process_electrification_score | fossil_heat_displacement_score; motor_drive_score; scheduling_flex_score | thermal_storage_flex_score,2.0.0
64,,P84,Sauer Oberflächentechnik GmbH,RESEARCH_FIRST,NO,76,328,0,5,0,0,0,0,B,B,4,PASS,4,PROCESS,S-P84-02,0,MEDIUM,"Documentary gain proxy MEDIUM: 0 unassessed fields; verified coverage=PROCESS; process coverage requires a source-linked firm-specific mapping. Energy/management coverage uses explicit source types, not inferred facts. Historical projects may inform coding but do not prove current deployment. This is not a predicted numeric-field yield or an SME-ETOI score.",P2,"Research the unresolved score evidence before proposing an anchor: temperature_fit_score: Actual process-heating temperatures and supported electric-heat fit, rather than part dimensions, cold maturation, material/customer ratings or historical boiler baselines. Own Durst powder line2019/2020; part dimensions/traverse masses/shift/customer flexibility not heat, drive or dispatch evidence.; process_electrification_score: Named own actual/planned electric thermal route; electrochemical coating, generic production or customer energy applications alone do not establish electric process heat. Own Durst powder line2019/2020; part dimensions/traverse masses/shift/customer flexibility not heat, drive or dispatch evidence.; fossil_heat_displacement_score: Actual current fossil thermal carrier, centrality and displacement materiality; unspecified CHP/ovens and historic gas baselines do not establish remaining fuel mix. Own Durst powder line2019/2020; part dimensions/traverse masses/shift/customer flexibility not heat, drive or dispatch evidence.",At least one score dimension contains an explicit unresolved fact: temperature_fit_score | process_electrification_score | fossil_heat_displacement_score; motor_drive_score | power_conversion_score | automation_control_score; scheduling_flex_score | thermal_storage_flex_score,2.0.0
65,,P89,TECHNISCHE KERAMIK FRÖMGEN GMBH,RESEARCH_FIRST,NO,77,333,0,4,0,1,0,0,B,B,4,PASS,3,PROCESS,S-P89-04,0,MEDIUM,"Documentary gain proxy MEDIUM: 0 unassessed fields; verified coverage=PROCESS; process coverage requires a source-linked firm-specific mapping. Energy/management coverage uses explicit source types, not inferred facts. Historical projects may inform coding but do not prove current deployment. This is not a predicted numeric-field yield or an SME-ETOI score.",P2,Research the unresolved score evidence before proposing an anchor: temperature_fit_score: Owned process operating temperatures and actual heat/cold duties; separate product ratings and room heating.; fossil_heat_displacement_score: Current company/site process heat carrier mix and attributable fossil thermal duty. No public evidence is not zero fossil heat.,At least one score dimension contains an explicit unresolved fact: temperature_fit_score | fossil_heat_displacement_score; thermal_storage_flex_score; onsite_integration_score,2.0.0
66,,P90,InnoKeramik & Technik GmbH,RESEARCH_FIRST,NO,78,338,0,5,0,0,0,0,B,B,4,PASS,4,PROCESS,S-P90-03,0,MEDIUM,"Documentary gain proxy MEDIUM: 0 unassessed fields; verified coverage=PROCESS; process coverage requires a source-linked firm-specific mapping. Energy/management coverage uses explicit source types, not inferred facts. Historical projects may inform coding but do not prove current deployment. This is not a predicted numeric-field yield or an SME-ETOI score.",P2,"Research the unresolved score evidence before proposing an anchor: temperature_fit_score: Actual process-heating temperatures and supported electric-heat fit, rather than part dimensions, cold maturation, material/customer ratings or historical boiler baselines. Own cold finishing centre for purchased plates; supplier KITO firing>1200C/15000t pressing and customer machine sales not own kiln/control.; process_electrification_score: Named own actual/planned electric thermal route; electrochemical coating, generic production or customer energy applications alone do not establish electric process heat. Own cold finishing centre for purchased plates; supplier KITO firing>1200C/15000t pressing and customer machine sales not own kiln/control.; fossil_heat_displacement_score: Actual current fossil thermal carrier, centrality and displacement materiality; unspecified CHP/ovens and historic gas baselines do not establish remaining fuel mix. Own cold finishing centre for purchased plates; supplier KITO firing>1200C/15000t pressing and customer machine sales not own kiln/control.",At least one score dimension contains an explicit unresolved fact: temperature_fit_score | process_electrification_score | fossil_heat_displacement_score; power_conversion_score | automation_control_score; scheduling_flex_score | thermal_storage_flex_score,2.0.0
67,,P94,Brauerei zum Kuchlbauer GmbH & Co. KG,RESEARCH_FIRST,NO,79,343,0,5,0,0,0,0,B,B,4,PASS,4,ENERGY_TRANSITION | PROCESS,S-P94-02 | S-P94-03,0,HIGH,"Documentary gain proxy HIGH: 0 unassessed fields; verified coverage=ENERGY_TRANSITION,PROCESS; process coverage requires a source-linked firm-specific mapping. Energy/management coverage uses explicit source types, not inferred facts. Historical projects may inform coding but do not prove current deployment. This is not a predicted numeric-field yield or an SME-ETOI score.",P2,"Research the unresolved score evidence before proposing an anchor: temperature_fit_score: Actual process-heating temperatures and supported electric-heat fit, rather than part dimensions, cold maturation, material/customer ratings or historical boiler baselines. Actual logistics PV/battery/room HP/charging; builder2024-09-21opening. Room heat not brewery process heat; electrical battery not thermal store; centre climate-positive not whole-company neutrality.; process_electrification_score: Named own actual/planned electric thermal route; electrochemical coating, generic production or customer energy applications alone do not establish electric process heat. Actual logistics PV/battery/room HP/charging; builder2024-09-21opening. Room heat not brewery process heat; electrical battery not thermal store; centre climate-positive not whole-company neutrality.; fossil_heat_displacement_score: Actual current fossil thermal carrier, centrality and displacement materiality; unspecified CHP/ovens and historic gas baselines do not establish remaining fuel mix. Actual logistics PV/battery/room HP/charging; builder2024-09-21opening. Room heat not brewery process heat; electrical battery not thermal store; centre climate-positive not whole-company neutrality.",At least one score dimension contains an explicit unresolved fact: temperature_fit_score | process_electrification_score | fossil_heat_displacement_score; automation_control_score; scheduling_flex_score | thermal_storage_flex_score,2.0.0
68,,P96,PEKA Spritzguss GmbH,RESEARCH_FIRST,NO,80,348,0,5,0,0,0,0,B,B,4,PASS,3,PROCESS,S-P96-01 | S-P96-02,0,MEDIUM,"Documentary gain proxy MEDIUM: 0 unassessed fields; verified coverage=PROCESS; process coverage requires a source-linked firm-specific mapping. Energy/management coverage uses explicit source types, not inferred facts. Historical projects may inform coding but do not prove current deployment. This is not a predicted numeric-field yield or an SME-ETOI score.",P2,"Research the unresolved score evidence before proposing an anchor: temperature_fit_score: Owned process operating temperatures and actual heat/cold duties; separate product ratings and room heating.; process_electrification_score: Named owned thermal route, current heat carrier and feasible remaining substitution case; separate electric drives and room heat.; fossil_heat_displacement_score: Current company/site process heat carrier mix and attributable fossil thermal duty. No public evidence is not zero fossil heat.",At least one score dimension contains an explicit unresolved fact: temperature_fit_score | process_electrification_score | fossil_heat_displacement_score; power_conversion_score; scheduling_flex_score | thermal_storage_flex_score,2.0.0
69,,P98,Robert Frank GmbH & Co. KG,RESEARCH_FIRST,NO,81,353,0,4,0,1,0,0,B,B,4,PASS,4,PROCESS,S-P98-02,0,MEDIUM,"Documentary gain proxy MEDIUM: 0 unassessed fields; verified coverage=PROCESS; process coverage requires a source-linked firm-specific mapping. Energy/management coverage uses explicit source types, not inferred facts. Historical projects may inform coding but do not prove current deployment. This is not a predicted numeric-field yield or an SME-ETOI score.",P2,"Research the unresolved score evidence before proposing an anchor: temperature_fit_score: Owned process operating temperatures and actual heat/cold duties; separate product ratings and room heating.; process_electrification_score: Named owned thermal route, current heat carrier and feasible remaining substitution case; separate electric drives and room heat.; fossil_heat_displacement_score: Current company/site process heat carrier mix and attributable fossil thermal duty. No public evidence is not zero fossil heat.",At least one score dimension contains an explicit unresolved fact: temperature_fit_score | process_electrification_score | fossil_heat_displacement_score; scheduling_flex_score | thermal_storage_flex_score; incremental_load_score | onsite_integration_score,2.0.0
70,,P99,Kunststofftechnik Breitungen GmbH & Co. KG,RESEARCH_FIRST,NO,82,358,0,5,0,0,0,0,B,B,4,PASS,3,PROCESS,S-P99-01 | S-P99-02,0,MEDIUM,"Documentary gain proxy MEDIUM: 0 unassessed fields; verified coverage=PROCESS; process coverage requires a source-linked firm-specific mapping. Energy/management coverage uses explicit source types, not inferred facts. Historical projects may inform coding but do not prove current deployment. This is not a predicted numeric-field yield or an SME-ETOI score.",P2,"Research the unresolved score evidence before proposing an anchor: temperature_fit_score: Owned process operating temperatures and actual heat/cold duties; separate product ratings and room heating.; process_electrification_score: Named owned thermal route, current heat carrier and feasible remaining substitution case; separate electric drives and room heat.; fossil_heat_displacement_score: Current company/site process heat carrier mix and attributable fossil thermal duty. No public evidence is not zero fossil heat.",At least one score dimension contains an explicit unresolved fact: temperature_fit_score | process_electrification_score | fossil_heat_displacement_score; power_conversion_score | automation_control_score; scheduling_flex_score | thermal_storage_flex_score,2.0.0
71,,P106,Felix Vuckovic - Technische Keramik GmbH,RESEARCH_FIRST,NO,83,363,0,4,0,1,0,0,B,B,4,PASS,4,PROCESS,S-P106-03,0,MEDIUM,"Documentary gain proxy MEDIUM: 0 unassessed fields; verified coverage=PROCESS; process coverage requires a source-linked firm-specific mapping. Energy/management coverage uses explicit source types, not inferred facts. Historical projects may inform coding but do not prove current deployment. This is not a predicted numeric-field yield or an SME-ETOI score.",P2,"Research the unresolved score evidence before proposing an anchor: temperature_fit_score: Owned process operating temperatures and actual heat/cold duties; separate product ratings and room heating.; process_electrification_score: Named owned thermal route, current heat carrier and feasible remaining substitution case; separate electric drives and room heat.; fossil_heat_displacement_score: Current company/site process heat carrier mix and attributable fossil thermal duty. No public evidence is not zero fossil heat.",At least one score dimension contains an explicit unresolved fact: temperature_fit_score | process_electrification_score | fossil_heat_displacement_score; scheduling_flex_score | thermal_storage_flex_score; incremental_load_score | onsite_integration_score,2.0.0
72,,P107,Dibbern Porzellanmanufaktur GmbH,RESEARCH_FIRST,NO,84,368,0,5,0,0,0,0,B,B,4,PASS,1,PROCESS,S-P107-03,0,MEDIUM,"Documentary gain proxy MEDIUM: 0 unassessed fields; verified coverage=PROCESS; process coverage requires a source-linked firm-specific mapping. Energy/management coverage uses explicit source types, not inferred facts. Historical projects may inform coding but do not prove current deployment. This is not a predicted numeric-field yield or an SME-ETOI score.",P2,Research the unresolved score evidence before proposing an anchor: temperature_fit_score: Owned process operating temperatures and actual heat/cold duties; separate product ratings and room heating.; fossil_heat_displacement_score: Current company/site process heat carrier mix and attributable fossil thermal duty. No public evidence is not zero fossil heat.,At least one score dimension contains an explicit unresolved fact: temperature_fit_score | fossil_heat_displacement_score; motor_drive_score | power_conversion_score | automation_control_score; scheduling_flex_score | thermal_storage_flex_score,2.0.0
73,,P108,Porzellanmanufaktur Reichenbach GmbH,RESEARCH_FIRST,NO,85,373,0,5,0,0,0,0,B,B,4,PASS,4,ENERGY_TRANSITION | PROCESS,S-P108-02 | S-P108-04,0,HIGH,"Documentary gain proxy HIGH: 0 unassessed fields; verified coverage=ENERGY_TRANSITION,PROCESS; process coverage requires a source-linked firm-specific mapping. Energy/management coverage uses explicit source types, not inferred facts. Historical projects may inform coding but do not prove current deployment. This is not a predicted numeric-field yield or an SME-ETOI score.",P2,Research the unresolved score evidence before proposing an anchor: fossil_heat_displacement_score: Current company/site process heat carrier mix and attributable fossil thermal duty. No public evidence is not zero fossil heat.,At least one score dimension contains an explicit unresolved fact: fossil_heat_displacement_score; motor_drive_score | automation_control_score; thermal_storage_flex_score,2.0.0
74,,P38,Krämer + Eckert GmbH & Co. KG,RESEARCH_FIRST,NO,86,378,0,5,0,0,0,0,B,B,3,PASS,1,PROCESS,S-P38-03,0,MEDIUM,"Documentary gain proxy MEDIUM: 0 unassessed fields; verified coverage=PROCESS; process coverage requires a source-linked firm-specific mapping. Energy/management coverage uses explicit source types, not inferred facts. Historical projects may inform coding but do not prove current deployment. This is not a predicted numeric-field yield or an SME-ETOI score.",P2,"Research the unresolved score evidence before proposing an anchor: temperature_fit_score: Actual process-heating temperatures and supported electric-heat fit, rather than part dimensions, cold maturation, material/customer ratings or historical boiler baselines. Own website is marked TEST-SYSTEM; association covers entity/anodising only; group280 staff and heat treatment not inherited.; process_electrification_score: Named own actual/planned electric thermal route; electrochemical coating, generic production or customer energy applications alone do not establish electric process heat. Own website is marked TEST-SYSTEM; association covers entity/anodising only; group280 staff and heat treatment not inherited.; fossil_heat_displacement_score: Actual current fossil thermal carrier, centrality and displacement materiality; unspecified CHP/ovens and historic gas baselines do not establish remaining fuel mix. Own website is marked TEST-SYSTEM; association covers entity/anodising only; group280 staff and heat treatment not inherited.",At least one score dimension contains an explicit unresolved fact: temperature_fit_score | process_electrification_score | fossil_heat_displacement_score; motor_drive_score | automation_control_score; scheduling_flex_score | thermal_storage_flex_score,2.0.0
75,,P63,OTK Oberflächentechnik Kaltenkirchen GmbH,RESEARCH_FIRST,NO,87,383,0,5,0,0,0,0,B,B,3,PASS,2,PROCESS,S-P63-01,0,MEDIUM,"Documentary gain proxy MEDIUM: 0 unassessed fields; verified coverage=PROCESS; process coverage requires a source-linked firm-specific mapping. Energy/management coverage uses explicit source types, not inferred facts. Historical projects may inform coding but do not prove current deployment. This is not a predicted numeric-field yield or an SME-ETOI score.",P2,"Research the unresolved score evidence before proposing an anchor: temperature_fit_score: Actual process-heating temperatures and supported electric-heat fit, rather than part dimensions, cold maturation, material/customer ratings or historical boiler baselines. Exact Kaltenkirchen production automaton; other OTK firms and adviser contact hours not owned certificate or production window.; process_electrification_score: Named own actual/planned electric thermal route; electrochemical coating, generic production or customer energy applications alone do not establish electric process heat. Exact Kaltenkirchen production automaton; other OTK firms and adviser contact hours not owned certificate or production window.; fossil_heat_displacement_score: Actual current fossil thermal carrier, centrality and displacement materiality; unspecified CHP/ovens and historic gas baselines do not establish remaining fuel mix. Exact Kaltenkirchen production automaton; other OTK firms and adviser contact hours not owned certificate or production window.",At least one score dimension contains an explicit unresolved fact: temperature_fit_score | process_electrification_score | fossil_heat_displacement_score; motor_drive_score; scheduling_flex_score | thermal_storage_flex_score,2.0.0
76,,P64,Wieland Metalloberflächentechnik GmbH,RESEARCH_FIRST,NO,88,388,0,4,0,1,0,0,B,B,3,PASS,3,PROCESS,S-P64-01,0,MEDIUM,"Documentary gain proxy MEDIUM: 0 unassessed fields; verified coverage=PROCESS; process coverage requires a source-linked firm-specific mapping. Energy/management coverage uses explicit source types, not inferred facts. Historical projects may inform coding but do not prove current deployment. This is not a predicted numeric-field yield or an SME-ETOI score.",P2,"Research the unresolved score evidence before proposing an anchor: temperature_fit_score: Actual process-heating temperatures and supported electric-heat fit, rather than part dimensions, cold maturation, material/customer ratings or historical boiler baselines. Exact Schwetzingen own rack/drum/manual plating; PV/wind CUSTOMER applications and Wieland Group facts not own energy portfolio.; process_electrification_score: Named own actual/planned electric thermal route; electrochemical coating, generic production or customer energy applications alone do not establish electric process heat. Exact Schwetzingen own rack/drum/manual plating; PV/wind CUSTOMER applications and Wieland Group facts not own energy portfolio.; fossil_heat_displacement_score: Actual current fossil thermal carrier, centrality and displacement materiality; unspecified CHP/ovens and historic gas baselines do not establish remaining fuel mix. Exact Schwetzingen own rack/drum/manual plating; PV/wind CUSTOMER applications and Wieland Group facts not own energy portfolio.",At least one score dimension contains an explicit unresolved fact: temperature_fit_score | process_electrification_score | fossil_heat_displacement_score; scheduling_flex_score | thermal_storage_flex_score; incremental_load_score | onsite_integration_score,2.0.0
77,,P71,Flötzinger Brauerei Franz Steegmüller GmbH & Co. KG,RESEARCH_FIRST,NO,89,393,0,5,0,0,0,0,B,B,3,PASS,2,PROCESS,S-P71-01,0,MEDIUM,"Documentary gain proxy MEDIUM: 0 unassessed fields; verified coverage=PROCESS; process coverage requires a source-linked firm-specific mapping. Energy/management coverage uses explicit source types, not inferred facts. Historical projects may inform coding but do not prove current deployment. This is not a predicted numeric-field yield or an SME-ETOI score.",P2,"Research the unresolved score evidence before proposing an anchor: temperature_fit_score: Owned process operating temperatures and actual heat/cold duties; separate product ratings and room heating.; process_electrification_score: Named owned thermal route, current heat carrier and feasible remaining substitution case; separate electric drives and room heat.; fossil_heat_displacement_score: Current company/site process heat carrier mix and attributable fossil thermal duty. No public evidence is not zero fossil heat.",At least one score dimension contains an explicit unresolved fact: temperature_fit_score | process_electrification_score | fossil_heat_displacement_score; automation_control_score; scheduling_flex_score | thermal_storage_flex_score,2.0.0
78,,P72,Hofbräuhaus Traunstein Josef Sailer GmbH & Co. KG,RESEARCH_FIRST,NO,90,398,0,5,0,0,0,0,B,B,3,PASS,2,PROCESS,S-P72-01 | S-P72-02,0,MEDIUM,"Documentary gain proxy MEDIUM: 0 unassessed fields; verified coverage=PROCESS; process coverage requires a source-linked firm-specific mapping. Energy/management coverage uses explicit source types, not inferred facts. Historical projects may inform coding but do not prove current deployment. This is not a predicted numeric-field yield or an SME-ETOI score.",P2,"Research the unresolved score evidence before proposing an anchor: temperature_fit_score: Owned process operating temperatures and actual heat/cold duties; separate product ratings and room heating.; process_electrification_score: Named owned thermal route, current heat carrier and feasible remaining substitution case; separate electric drives and room heat.; fossil_heat_displacement_score: Current company/site process heat carrier mix and attributable fossil thermal duty. No public evidence is not zero fossil heat.",At least one score dimension contains an explicit unresolved fact: temperature_fit_score | process_electrification_score | fossil_heat_displacement_score; motor_drive_score | power_conversion_score | automation_control_score; scheduling_flex_score | thermal_storage_flex_score,2.0.0
79,,P74,Brauerei Gebr. Maisel GmbH & Co. KG,RESEARCH_FIRST,NO,91,403,0,5,0,0,0,0,B,B,3,PASS,2,PROCESS,S-P74-01 | S-P74-02,0,MEDIUM,"Documentary gain proxy MEDIUM: 0 unassessed fields; verified coverage=PROCESS; process coverage requires a source-linked firm-specific mapping. Energy/management coverage uses explicit source types, not inferred facts. Historical projects may inform coding but do not prove current deployment. This is not a predicted numeric-field yield or an SME-ETOI score.",P2,"Research the unresolved score evidence before proposing an anchor: temperature_fit_score: Owned process operating temperatures and actual heat/cold duties; separate product ratings and room heating.; process_electrification_score: Named owned thermal route, current heat carrier and feasible remaining substitution case; separate electric drives and room heat.; fossil_heat_displacement_score: Current company/site process heat carrier mix and attributable fossil thermal duty. No public evidence is not zero fossil heat.",At least one score dimension contains an explicit unresolved fact: temperature_fit_score | process_electrification_score | fossil_heat_displacement_score; motor_drive_score | power_conversion_score | automation_control_score; scheduling_flex_score | thermal_storage_flex_score,2.0.0
80,,P78,Erlemann & Huckenbeck GmbH & Co. KG,RESEARCH_FIRST,NO,92,408,0,5,0,0,0,0,B,B,3,PASS,1,PROCESS,S-P78-03,0,MEDIUM,"Documentary gain proxy MEDIUM: 0 unassessed fields; verified coverage=PROCESS; process coverage requires a source-linked firm-specific mapping. Energy/management coverage uses explicit source types, not inferred facts. Historical projects may inform coding but do not prove current deployment. This is not a predicted numeric-field yield or an SME-ETOI score.",P2,"Research the unresolved score evidence before proposing an anchor: temperature_fit_score: Owned process operating temperatures and actual heat/cold duties; separate product ratings and room heating.; process_electrification_score: Named owned thermal route, current heat carrier and feasible remaining substitution case; separate electric drives and room heat.; fossil_heat_displacement_score: Current company/site process heat carrier mix and attributable fossil thermal duty. No public evidence is not zero fossil heat.",At least one score dimension contains an explicit unresolved fact: temperature_fit_score | process_electrification_score | fossil_heat_displacement_score; power_conversion_score | automation_control_score; scheduling_flex_score | thermal_storage_flex_score,2.0.0
81,,P82,Galvanotec-Hagen GmbH & Co. KG,RESEARCH_FIRST,NO,93,413,0,5,0,0,0,0,B,B,3,PASS,2,PROCESS,S-P82-01 | S-P82-02,0,MEDIUM,"Documentary gain proxy MEDIUM: 0 unassessed fields; verified coverage=PROCESS; process coverage requires a source-linked firm-specific mapping. Energy/management coverage uses explicit source types, not inferred facts. Historical projects may inform coding but do not prove current deployment. This is not a predicted numeric-field yield or an SME-ETOI score.",P2,"Research the unresolved score evidence before proposing an anchor: temperature_fit_score: Owned process operating temperatures and actual heat/cold duties; separate product ratings and room heating.; process_electrification_score: Named owned thermal route, current heat carrier and feasible remaining substitution case; separate electric drives and room heat.; fossil_heat_displacement_score: Current company/site process heat carrier mix and attributable fossil thermal duty. No public evidence is not zero fossil heat.",At least one score dimension contains an explicit unresolved fact: temperature_fit_score | process_electrification_score | fossil_heat_displacement_score; motor_drive_score | automation_control_score; scheduling_flex_score | thermal_storage_flex_score,2.0.0
82,,P83,Gerbracht & Mönch Galvanotechnik GmbH,RESEARCH_FIRST,NO,94,418,0,4,0,1,0,0,B,B,3,PASS,3,PROCESS,S-P83-02,0,MEDIUM,"Documentary gain proxy MEDIUM: 0 unassessed fields; verified coverage=PROCESS; process coverage requires a source-linked firm-specific mapping. Energy/management coverage uses explicit source types, not inferred facts. Historical projects may inform coding but do not prove current deployment. This is not a predicted numeric-field yield or an SME-ETOI score.",P2,"Research the unresolved score evidence before proposing an anchor: temperature_fit_score: Actual process-heating temperatures and supported electric-heat fit, rather than part dimensions, cold maturation, material/customer ratings or historical boiler baselines. Own automated rack/drum galvanics;555000EUR ministry capacity GRW grant not actual completed energy investment.; process_electrification_score: Named own actual/planned electric thermal route; electrochemical coating, generic production or customer energy applications alone do not establish electric process heat. Own automated rack/drum galvanics;555000EUR ministry capacity GRW grant not actual completed energy investment.; fossil_heat_displacement_score: Actual current fossil thermal carrier, centrality and displacement materiality; unspecified CHP/ovens and historic gas baselines do not establish remaining fuel mix. Own automated rack/drum galvanics;555000EUR ministry capacity GRW grant not actual completed energy investment.",At least one score dimension contains an explicit unresolved fact: temperature_fit_score | process_electrification_score | fossil_heat_displacement_score; scheduling_flex_score | thermal_storage_flex_score; incremental_load_score | onsite_integration_score,2.0.0
83,,P85,Die Schweizer Galvanotechnic GmbH & Co. KG,RESEARCH_FIRST,NO,95,423,0,4,0,1,0,0,B,B,3,PASS,2,PROCESS,S-P85-01,0,MEDIUM,"Documentary gain proxy MEDIUM: 0 unassessed fields; verified coverage=PROCESS; process coverage requires a source-linked firm-specific mapping. Energy/management coverage uses explicit source types, not inferred facts. Historical projects may inform coding but do not prove current deployment. This is not a predicted numeric-field yield or an SME-ETOI score.",P2,"Research the unresolved score evidence before proposing an anchor: temperature_fit_score: Owned process operating temperatures and actual heat/cold duties; separate product ratings and room heating.; process_electrification_score: Named owned thermal route, current heat carrier and feasible remaining substitution case; separate electric drives and room heat.; fossil_heat_displacement_score: Current company/site process heat carrier mix and attributable fossil thermal duty. No public evidence is not zero fossil heat.",At least one score dimension contains an explicit unresolved fact: temperature_fit_score | process_electrification_score | fossil_heat_displacement_score; scheduling_flex_score | thermal_storage_flex_score; incremental_load_score,2.0.0
84,,P86,GIESS- TECHNISCHE- SONDERKERAMIK GmbH & Co. KG,RESEARCH_FIRST,NO,96,428,0,5,0,0,0,0,B,B,3,PASS,2,PROCESS,S-P86-01 | S-P86-02,0,MEDIUM,"Documentary gain proxy MEDIUM: 0 unassessed fields; verified coverage=PROCESS; process coverage requires a source-linked firm-specific mapping. Energy/management coverage uses explicit source types, not inferred facts. Historical projects may inform coding but do not prove current deployment. This is not a predicted numeric-field yield or an SME-ETOI score.",P2,Research the unresolved score evidence before proposing an anchor: temperature_fit_score: Owned process operating temperatures and actual heat/cold duties; separate product ratings and room heating.; fossil_heat_displacement_score: Current company/site process heat carrier mix and attributable fossil thermal duty. No public evidence is not zero fossil heat.,At least one score dimension contains an explicit unresolved fact: temperature_fit_score | fossil_heat_displacement_score; automation_control_score; thermal_storage_flex_score,2.0.0
85,,P97,Peltzer & Co. GmbH,RESEARCH_FIRST,NO,97,433,0,4,0,1,0,0,B,B,3,PASS,3,PROCESS,S-P97-02,0,MEDIUM,"Documentary gain proxy MEDIUM: 0 unassessed fields; verified coverage=PROCESS; process coverage requires a source-linked firm-specific mapping. Energy/management coverage uses explicit source types, not inferred facts. Historical projects may inform coding but do not prove current deployment. This is not a predicted numeric-field yield or an SME-ETOI score.",P2,"Research the unresolved score evidence before proposing an anchor: temperature_fit_score: Owned process operating temperatures and actual heat/cold duties; separate product ratings and room heating.; process_electrification_score: Named owned thermal route, current heat carrier and feasible remaining substitution case; separate electric drives and room heat.; fossil_heat_displacement_score: Current company/site process heat carrier mix and attributable fossil thermal duty. No public evidence is not zero fossil heat.",At least one score dimension contains an explicit unresolved fact: temperature_fit_score | process_electrification_score | fossil_heat_displacement_score; scheduling_flex_score | thermal_storage_flex_score; incremental_load_score | onsite_integration_score,2.0.0
86,,P102,Rudolf Clauss GmbH & Co. KG,RESEARCH_FIRST,NO,98,438,0,5,0,0,0,0,B,B,3,PASS,2,PROCESS,S-P102-01 | S-P102-02,0,MEDIUM,"Documentary gain proxy MEDIUM: 0 unassessed fields; verified coverage=PROCESS; process coverage requires a source-linked firm-specific mapping. Energy/management coverage uses explicit source types, not inferred facts. Historical projects may inform coding but do not prove current deployment. This is not a predicted numeric-field yield or an SME-ETOI score.",P2,"Research the unresolved score evidence before proposing an anchor: temperature_fit_score: Owned process operating temperatures and actual heat/cold duties; separate product ratings and room heating.; process_electrification_score: Named owned thermal route, current heat carrier and feasible remaining substitution case; separate electric drives and room heat.; fossil_heat_displacement_score: Current company/site process heat carrier mix and attributable fossil thermal duty. No public evidence is not zero fossil heat.",At least one score dimension contains an explicit unresolved fact: temperature_fit_score | process_electrification_score | fossil_heat_displacement_score; motor_drive_score | automation_control_score; scheduling_flex_score | thermal_storage_flex_score,2.0.0
87,,P03,Upländer Bauernmolkerei GmbH,RESEARCH_FIRST,NO,99,443,0,5,0,0,0,0,B,C,4,PASS,4,ENERGY_TRANSITION | PROCESS,S-P03-03 | S-P03-04,0,HIGH,"Documentary gain proxy HIGH: 0 unassessed fields; verified coverage=ENERGY_TRANSITION,PROCESS; process coverage requires a source-linked firm-specific mapping. Energy/management coverage uses explicit source types, not inferred facts. Historical projects may inform coding but do not prove current deployment. This is not a predicted numeric-field yield or an SME-ETOI score.",P3,Research the unresolved score evidence before proposing an anchor: fossil_heat_displacement_score: Current company/site process heat carrier mix and attributable fossil thermal duty. No public evidence is not zero fossil heat.,At least one score dimension contains an explicit unresolved fact: fossil_heat_displacement_score; power_conversion_score; thermal_storage_flex_score,2.0.0
88,,P110,Neue Porzellanfabrik Triptis GmbH,RESEARCH_FIRST,NO,100,448,0,5,0,0,0,0,B,C,4,PASS,1,,,0,LOW,"Documentary gain proxy LOW: 0 unassessed fields; verified coverage=NONE; process coverage requires a source-linked firm-specific mapping. Energy/management coverage uses explicit source types, not inferred facts. Historical projects may inform coding but do not prove current deployment. This is not a predicted numeric-field yield or an SME-ETOI score.",P3,"Research the unresolved score evidence before proposing an anchor: temperature_fit_score: Current legal continuity and owned production of Neue Porzellanfabrik Triptis GmbH must be established; current imprint is Eschenbach Porzellan GmbH. Owned process operating temperatures and actual heat/cold duties; separate product ratings and room heating.; process_electrification_score: Current legal continuity and owned production of Neue Porzellanfabrik Triptis GmbH must be established; current imprint is Eschenbach Porzellan GmbH. Named owned thermal route, current heat carrier and feasible remaining substitution case; separate electric drives and room heat.; fossil_heat_displacement_score: Current legal continuity and owned production of Neue Porzellanfabrik Triptis GmbH must be established; current imprint is Eschenbach Porzellan GmbH. Current company/site process heat carrier mix and attributable fossil thermal duty. No public evidence is not zero fossil heat.",At least one score dimension contains an explicit unresolved fact: temperature_fit_score | process_electrification_score | fossil_heat_displacement_score; motor_drive_score | power_conversion_score | automation_control_score; scheduling_flex_score | thermal_storage_flex_score,2.0.0
89,,P07,VARIOPLAST Konrad Däbritz GmbH,ELIGIBILITY_FIRST,NO,1,1,0,0,0,0,1,0,B,B,9,PASS,7,ENERGY_TRANSITION | PROCESS,S-P07-02 | S-P07-04 | S-P07-06,0,HIGH,"Documentary gain proxy HIGH: 0 unassessed fields; verified coverage=ENERGY_TRANSITION,PROCESS; process coverage requires a source-linked firm-specific mapping. Energy/management coverage uses explicit source types, not inferred facts. Historical projects may inform coding but do not prove current deployment. This is not a predicted numeric-field yield or an SME-ETOI score.",GATE,"Resolve ownership, linked-enterprise aggregation and EU SME eligibility before treating any ETOI score as valid.",SME/group eligibility is an upstream validity gate and blocks numeric scoring.,2.0.0
90,,P10,Oskar Lehmann GmbH & Co. KG,ELIGIBILITY_FIRST,NO,2,2,0,0,0,0,1,0,B,B,9,PASS,9,ENERGY_TRANSITION | PROCESS,S-P10-03 | S-P10-08,0,HIGH,"Documentary gain proxy HIGH: 0 unassessed fields; verified coverage=ENERGY_TRANSITION,PROCESS; process coverage requires a source-linked firm-specific mapping. Energy/management coverage uses explicit source types, not inferred facts. Historical projects may inform coding but do not prove current deployment. This is not a predicted numeric-field yield or an SME-ETOI score.",GATE,"Resolve ownership, linked-enterprise aggregation and EU SME eligibility before treating any ETOI score as valid.",SME/group eligibility is an upstream validity gate and blocks numeric scoring.,2.0.0
91,,P104,Holder GmbH Oberflächentechnik,ELIGIBILITY_FIRST,NO,3,3,0,0,0,0,1,0,B,B,7,PASS,7,PROCESS,S-P104-02,0,MEDIUM,"Documentary gain proxy MEDIUM: 0 unassessed fields; verified coverage=PROCESS; process coverage requires a source-linked firm-specific mapping. Energy/management coverage uses explicit source types, not inferred facts. Historical projects may inform coding but do not prove current deployment. This is not a predicted numeric-field yield or an SME-ETOI score.",GATE,"Resolve ownership, linked-enterprise aggregation and EU SME eligibility before treating any ETOI score as valid.",SME/group eligibility is an upstream validity gate and blocks numeric scoring.,2.0.0
92,,P32,Kronenbrauerei Otto Haizmann KG,ELIGIBILITY_FIRST,NO,4,4,0,0,0,0,1,0,C,C,2,PASS,2,PROCESS,S-P32-01,0,MEDIUM,"Documentary gain proxy MEDIUM: 0 unassessed fields; verified coverage=PROCESS; process coverage requires a source-linked firm-specific mapping. Energy/management coverage uses explicit source types, not inferred facts. Historical projects may inform coding but do not prove current deployment. This is not a predicted numeric-field yield or an SME-ETOI score.",GATE,"Resolve ownership, linked-enterprise aggregation and EU SME eligibility before treating any ETOI score as valid.",SME/group eligibility is an upstream validity gate and blocks numeric scoring.,2.0.0
93,,P34,KTS Kunststoff Technik Schmölln GmbH,ELIGIBILITY_FIRST,NO,5,5,0,0,0,0,1,0,B,B,4,PASS,4,PROCESS,S-P34-02,0,MEDIUM,"Documentary gain proxy MEDIUM: 0 unassessed fields; verified coverage=PROCESS; process coverage requires a source-linked firm-specific mapping. Energy/management coverage uses explicit source types, not inferred facts. Historical projects may inform coding but do not prove current deployment. This is not a predicted numeric-field yield or an SME-ETOI score.",GATE,"Resolve ownership, linked-enterprise aggregation and EU SME eligibility before treating any ETOI score as valid.",SME/group eligibility is an upstream validity gate and blocks numeric scoring.,2.0.0
94,,P40,OFTECH Oberflächentechnik GmbH & Co. KG,ELIGIBILITY_FIRST,NO,6,6,0,0,0,0,1,0,C,C,3,PASS,3,PROCESS,S-P40-01,0,MEDIUM,"Documentary gain proxy MEDIUM: 0 unassessed fields; verified coverage=PROCESS; process coverage requires a source-linked firm-specific mapping. Energy/management coverage uses explicit source types, not inferred facts. Historical projects may inform coding but do not prove current deployment. This is not a predicted numeric-field yield or an SME-ETOI score.",GATE,"Resolve ownership, linked-enterprise aggregation and EU SME eligibility before treating any ETOI score as valid.",SME/group eligibility is an upstream validity gate and blocks numeric scoring.,2.0.0
95,,P42,OT Oberflächentechnik GmbH & Co. KG,ELIGIBILITY_FIRST,NO,7,7,0,0,0,0,1,0,C,C,3,PASS,2,PROCESS,S-P42-01,0,MEDIUM,"Documentary gain proxy MEDIUM: 0 unassessed fields; verified coverage=PROCESS; process coverage requires a source-linked firm-specific mapping. Energy/management coverage uses explicit source types, not inferred facts. Historical projects may inform coding but do not prove current deployment. This is not a predicted numeric-field yield or an SME-ETOI score.",GATE,"Resolve ownership, linked-enterprise aggregation and EU SME eligibility before treating any ETOI score as valid.",SME/group eligibility is an upstream validity gate and blocks numeric scoring.,2.0.0
96,,P46,Porzellanfabrik Hermsdorf GmbH,ELIGIBILITY_FIRST,NO,8,8,0,0,0,0,1,0,B,B,5,PASS,5,PROCESS,S-P46-02,0,MEDIUM,"Documentary gain proxy MEDIUM: 0 unassessed fields; verified coverage=PROCESS; process coverage requires a source-linked firm-specific mapping. Energy/management coverage uses explicit source types, not inferred facts. Historical projects may inform coding but do not prove current deployment. This is not a predicted numeric-field yield or an SME-ETOI score.",GATE,"Resolve ownership, linked-enterprise aggregation and EU SME eligibility before treating any ETOI score as valid.",SME/group eligibility is an upstream validity gate and blocks numeric scoring.,2.0.0
97,,P47,hofmann CERAMiC GmbH,ELIGIBILITY_FIRST,NO,9,9,0,0,0,0,1,0,B,B,5,PASS,5,PROCESS,S-P47-02,0,MEDIUM,"Documentary gain proxy MEDIUM: 0 unassessed fields; verified coverage=PROCESS; process coverage requires a source-linked firm-specific mapping. Energy/management coverage uses explicit source types, not inferred facts. Historical projects may inform coding but do not prove current deployment. This is not a predicted numeric-field yield or an SME-ETOI score.",GATE,"Resolve ownership, linked-enterprise aggregation and EU SME eligibility before treating any ETOI score as valid.",SME/group eligibility is an upstream validity gate and blocks numeric scoring.,2.0.0
98,,P65,Porzellanmanufaktur FÜRSTENBERG GmbH,ELIGIBILITY_FIRST,NO,10,10,0,0,0,0,1,0,B,B,3,PASS,3,PROCESS,S-P65-01,0,MEDIUM,"Documentary gain proxy MEDIUM: 0 unassessed fields; verified coverage=PROCESS; process coverage requires a source-linked firm-specific mapping. Energy/management coverage uses explicit source types, not inferred facts. Historical projects may inform coding but do not prove current deployment. This is not a predicted numeric-field yield or an SME-ETOI score.",GATE,"Resolve ownership, linked-enterprise aggregation and EU SME eligibility before treating any ETOI score as valid.",SME/group eligibility is an upstream validity gate and blocks numeric scoring.,2.0.0
99,,P67,DOCERAM GmbH,ELIGIBILITY_FIRST,NO,11,11,0,0,0,0,1,0,B,B,4,PASS,4,PROCESS,S-P67-01,0,MEDIUM,"Documentary gain proxy MEDIUM: 0 unassessed fields; verified coverage=PROCESS; process coverage requires a source-linked firm-specific mapping. Energy/management coverage uses explicit source types, not inferred facts. Historical projects may inform coding but do not prove current deployment. This is not a predicted numeric-field yield or an SME-ETOI score.",GATE,"Resolve ownership, linked-enterprise aggregation and EU SME eligibility before treating any ETOI score as valid.",SME/group eligibility is an upstream validity gate and blocks numeric scoring.,2.0.0
100,,P88,Ceramaret Meissen GmbH,ELIGIBILITY_FIRST,NO,12,12,0,0,0,0,1,0,B,B,5,PASS,5,PROCESS,S-P88-02,0,MEDIUM,"Documentary gain proxy MEDIUM: 0 unassessed fields; verified coverage=PROCESS; process coverage requires a source-linked firm-specific mapping. Energy/management coverage uses explicit source types, not inferred facts. Historical projects may inform coding but do not prove current deployment. This is not a predicted numeric-field yield or an SME-ETOI score.",GATE,"Resolve ownership, linked-enterprise aggregation and EU SME eligibility before treating any ETOI score as valid.",SME/group eligibility is an upstream validity gate and blocks numeric scoring.,2.0.0
