company_id,legal_entity,rule_id,opportunity_type,opportunity_level,technical_status,commercial_status,priority,why_now,next_action,confidence,process_id,process_name,reason,company_signal,process_signal,deployment_field,deployment_value,engine_version
P03,Upländer Bauernmolkerei GmbH,R008,flexibility,MEDIUM,TECHNICALLY_RELEVANT,RESEARCH_REQUIRED,RESEARCH,"multi-shift or batch production, public transition target","Verify whether flexibility is already deployed using company reports, project references, vendor cases and recent press releases.",C,PR004,refrigeration,Schedulable process evidence supports a provisional flexibility opportunity,multi_shift_or_batch_signal,MEDIUM_schedulability,flexibility_solution_deployed,UNKNOWN,0.3.0
P03,Upländer Bauernmolkerei GmbH,R005,thermal_storage,MEDIUM,TECHNICALLY_RELEVANT,RESEARCH_REQUIRED,RESEARCH,"multi-shift or batch production, public transition target","Verify whether thermal storage is already deployed using company reports, project references, vendor cases and recent press releases.",C,PR004,refrigeration,Thermal inertia or cold/heat buffering supports flexibility through thermal storage,batch_or_refrigeration_signal,HIGH_thermal_inertia_storage,thermal_storage_deployed,UNKNOWN,0.3.0
P04,Neumarkter Lammsbräu Gebr. Ehrnsperger KG,R007,battery_storage,RESEARCH_REQUIRED,TECHNICALLY_RELEVANT,RESEARCH_REQUIRED,RESEARCH,"multi-shift or batch production, public transition target","Verify whether battery storage is already deployed using company reports, project references, vendor cases and recent press releases.",C,PR003,brewing_boiling,PV alone is insufficient for a strong battery-storage recommendation without load and tariff context,pv_present,,battery_storage_deployed,UNKNOWN,0.3.0
P04,Neumarkter Lammsbräu Gebr. Ehrnsperger KG,R007,battery_storage,RESEARCH_REQUIRED,TECHNICALLY_RELEVANT,RESEARCH_REQUIRED,RESEARCH,"multi-shift or batch production, public transition target","Verify whether battery storage is already deployed using company reports, project references, vendor cases and recent press releases.",C,PR004,refrigeration,PV alone is insufficient for a strong battery-storage recommendation without load and tariff context,pv_present,,battery_storage_deployed,UNKNOWN,0.3.0
P04,Neumarkter Lammsbräu Gebr. Ehrnsperger KG,R008,flexibility,MEDIUM,TECHNICALLY_RELEVANT,RESEARCH_REQUIRED,RESEARCH,"multi-shift or batch production, public transition target","Verify whether flexibility is already deployed using company reports, project references, vendor cases and recent press releases.",B,PR003,brewing_boiling,Schedulable process evidence supports a provisional flexibility opportunity,multi_shift_or_batch_signal,MEDIUM_schedulability,flexibility_solution_deployed,UNKNOWN,0.3.0
P04,Neumarkter Lammsbräu Gebr. Ehrnsperger KG,R008,flexibility,MEDIUM,TECHNICALLY_RELEVANT,RESEARCH_REQUIRED,RESEARCH,"multi-shift or batch production, public transition target","Verify whether flexibility is already deployed using company reports, project references, vendor cases and recent press releases.",B,PR004,refrigeration,Schedulable process evidence supports a provisional flexibility opportunity,multi_shift_or_batch_signal,MEDIUM_schedulability,flexibility_solution_deployed,UNKNOWN,0.3.0
P04,Neumarkter Lammsbräu Gebr. Ehrnsperger KG,R004,heat_recovery,HIGH,TECHNICALLY_RELEVANT,RESEARCH_REQUIRED,RESEARCH,"multi-shift or batch production, public transition target","Verify whether heat recovery is already deployed using company reports, project references, vendor cases and recent press releases.",B,PR004,refrigeration,Cooling/compression evidence supports recoverable-heat relevance,refrigeration_or_compressor_signal,HIGH_cooling_relevance,heat_recovery_deployed,UNKNOWN,0.3.0
P04,Neumarkter Lammsbräu Gebr. Ehrnsperger KG,R003,industrial_heat,HIGH,TECHNICALLY_RELEVANT,RESEARCH_REQUIRED,RESEARCH,"multi-shift or batch production, public transition target","Verify whether industrial heat is already deployed using company reports, project references, vendor cases and recent press releases.",B,PR003,brewing_boiling,High process-heat relevance and public fossil-heat evidence support an industrial-heat electrification opportunity,public_fossil_heat_signal,HIGH_process_heat_relevance,industrial_heat_electrification_deployed,UNKNOWN,0.3.0
P04,Neumarkter Lammsbräu Gebr. Ehrnsperger KG,R005,thermal_storage,MEDIUM,TECHNICALLY_RELEVANT,RESEARCH_REQUIRED,RESEARCH,"multi-shift or batch production, public transition target","Verify whether thermal storage is already deployed using company reports, project references, vendor cases and recent press releases.",B,PR003,brewing_boiling,Thermal inertia or cold/heat buffering supports flexibility through thermal storage,batch_or_refrigeration_signal,HIGH_thermal_inertia_storage,thermal_storage_deployed,UNKNOWN,0.3.0
P04,Neumarkter Lammsbräu Gebr. Ehrnsperger KG,R005,thermal_storage,MEDIUM,TECHNICALLY_RELEVANT,RESEARCH_REQUIRED,RESEARCH,"multi-shift or batch production, public transition target","Verify whether thermal storage is already deployed using company reports, project references, vendor cases and recent press releases.",B,PR004,refrigeration,Thermal inertia or cold/heat buffering supports flexibility through thermal storage,batch_or_refrigeration_signal,HIGH_thermal_inertia_storage,thermal_storage_deployed,UNKNOWN,0.3.0
P05,Einbecker Brauhaus AG,R004,heat_recovery,HIGH,TECHNICALLY_RELEVANT,ALREADY_DEPLOYED,LOW,Relevant technology is already publicly documented as deployed.,"Monitor for expansion, replacement or optimisation signals rather than treating this as greenfield white-space.",B,PR004,refrigeration,Cooling/compression evidence supports recoverable-heat relevance,refrigeration_or_compressor_signal,HIGH_cooling_relevance,heat_recovery_deployed,YES,0.3.0
P05,Einbecker Brauhaus AG,R009,heat_recovery,HIGH,TECHNICALLY_RELEVANT,ALREADY_DEPLOYED,LOW,Relevant technology is already publicly documented as deployed.,"Monitor for expansion, replacement or optimisation signals rather than treating this as greenfield white-space.",B,PR004,refrigeration,"Publicly documented heat recovery remains relevant for optimisation, expansion, replacement and integration rather than greenfield white-space",heat_recovery_deployed,HIGH_cooling_relevance,heat_recovery_deployed,YES,0.3.0
P05,Einbecker Brauhaus AG,R007,battery_storage,RESEARCH_REQUIRED,TECHNICALLY_RELEVANT,RESEARCH_REQUIRED,RESEARCH,"multi-shift or batch production, public transition target","Verify whether battery storage is already deployed using company reports, project references, vendor cases and recent press releases.",C,PR003,brewing_boiling,PV alone is insufficient for a strong battery-storage recommendation without load and tariff context,pv_present,,battery_storage_deployed,UNKNOWN,0.3.0
P05,Einbecker Brauhaus AG,R007,battery_storage,RESEARCH_REQUIRED,TECHNICALLY_RELEVANT,RESEARCH_REQUIRED,RESEARCH,"multi-shift or batch production, public transition target","Verify whether battery storage is already deployed using company reports, project references, vendor cases and recent press releases.",C,PR004,refrigeration,PV alone is insufficient for a strong battery-storage recommendation without load and tariff context,pv_present,,battery_storage_deployed,UNKNOWN,0.3.0
P05,Einbecker Brauhaus AG,R008,flexibility,MEDIUM,TECHNICALLY_RELEVANT,RESEARCH_REQUIRED,RESEARCH,"multi-shift or batch production, public transition target","Verify whether flexibility is already deployed using company reports, project references, vendor cases and recent press releases.",B,PR003,brewing_boiling,Schedulable process evidence supports a provisional flexibility opportunity,multi_shift_or_batch_signal,MEDIUM_schedulability,flexibility_solution_deployed,UNKNOWN,0.3.0
P05,Einbecker Brauhaus AG,R008,flexibility,MEDIUM,TECHNICALLY_RELEVANT,RESEARCH_REQUIRED,RESEARCH,"multi-shift or batch production, public transition target","Verify whether flexibility is already deployed using company reports, project references, vendor cases and recent press releases.",B,PR004,refrigeration,Schedulable process evidence supports a provisional flexibility opportunity,multi_shift_or_batch_signal,MEDIUM_schedulability,flexibility_solution_deployed,UNKNOWN,0.3.0
P05,Einbecker Brauhaus AG,R003,industrial_heat,HIGH,TECHNICALLY_RELEVANT,RESEARCH_REQUIRED,RESEARCH,"multi-shift or batch production, public transition target","Verify whether industrial heat is already deployed using company reports, project references, vendor cases and recent press releases.",B,PR003,brewing_boiling,High process-heat relevance and public fossil-heat evidence support an industrial-heat electrification opportunity,public_fossil_heat_signal,HIGH_process_heat_relevance,industrial_heat_electrification_deployed,UNKNOWN,0.3.0
P05,Einbecker Brauhaus AG,R005,thermal_storage,MEDIUM,TECHNICALLY_RELEVANT,RESEARCH_REQUIRED,RESEARCH,"multi-shift or batch production, public transition target","Verify whether thermal storage is already deployed using company reports, project references, vendor cases and recent press releases.",B,PR003,brewing_boiling,Thermal inertia or cold/heat buffering supports flexibility through thermal storage,batch_or_refrigeration_signal,HIGH_thermal_inertia_storage,thermal_storage_deployed,UNKNOWN,0.3.0
P05,Einbecker Brauhaus AG,R005,thermal_storage,MEDIUM,TECHNICALLY_RELEVANT,RESEARCH_REQUIRED,RESEARCH,"multi-shift or batch production, public transition target","Verify whether thermal storage is already deployed using company reports, project references, vendor cases and recent press releases.",B,PR004,refrigeration,Thermal inertia or cold/heat buffering supports flexibility through thermal storage,batch_or_refrigeration_signal,HIGH_thermal_inertia_storage,thermal_storage_deployed,UNKNOWN,0.3.0
P07,VARIOPLAST Konrad Däbritz GmbH,R004,heat_recovery,HIGH,TECHNICALLY_RELEVANT,ALREADY_DEPLOYED,LOW,Relevant technology is already publicly documented as deployed.,"Monitor for expansion, replacement or optimisation signals rather than treating this as greenfield white-space.",B,PR001,injection_moulding,Cooling/compression evidence supports recoverable-heat relevance,refrigeration_or_compressor_signal,HIGH_cooling_relevance,heat_recovery_deployed,YES,0.3.0
P07,VARIOPLAST Konrad Däbritz GmbH,R009,heat_recovery,HIGH,TECHNICALLY_RELEVANT,ALREADY_DEPLOYED,LOW,Relevant technology is already publicly documented as deployed.,"Monitor for expansion, replacement or optimisation signals rather than treating this as greenfield white-space.",B,PR001,injection_moulding,"Publicly documented heat recovery remains relevant for optimisation, expansion, replacement and integration rather than greenfield white-space",heat_recovery_deployed,HIGH_cooling_relevance,heat_recovery_deployed,YES,0.3.0
P07,VARIOPLAST Konrad Däbritz GmbH,R007,battery_storage,RESEARCH_REQUIRED,TECHNICALLY_RELEVANT,RESEARCH_REQUIRED,RESEARCH,"Technical relevance is visible, but deployment evidence is incomplete.","Verify whether battery storage is already deployed using company reports, project references, vendor cases and recent press releases.",C,PR001,injection_moulding,PV alone is insufficient for a strong battery-storage recommendation without load and tariff context,pv_present,,battery_storage_deployed,UNKNOWN,0.3.0
P10,Oskar Lehmann GmbH & Co. KG,R001,energy_management,HIGH,TECHNICALLY_RELEVANT,RESEARCH_REQUIRED,RESEARCH,"three-shift operation, multi-shift or batch production, public transition target","Verify whether energy management is already deployed using company reports, project references, vendor cases and recent press releases.",B,PR001,injection_moulding,High drive relevance combined with multi-shift production supports energy-management relevance,three_shift_operation,HIGH_drive_relevance,energy_management_deployed,UNKNOWN,0.3.0
P10,Oskar Lehmann GmbH & Co. KG,R008,flexibility,MEDIUM,TECHNICALLY_RELEVANT,RESEARCH_REQUIRED,RESEARCH,"three-shift operation, multi-shift or batch production, public transition target","Verify whether flexibility is already deployed using company reports, project references, vendor cases and recent press releases.",B,PR001,injection_moulding,Schedulable process evidence supports a provisional flexibility opportunity,multi_shift_or_batch_signal,MEDIUM_schedulability,flexibility_solution_deployed,UNKNOWN,0.3.0
P11,B+T Oberflächentechnik GmbH,R008,flexibility,MEDIUM,TECHNICALLY_RELEVANT,RESEARCH_REQUIRED,RESEARCH,"multi-shift or batch production, public transition target","Verify whether flexibility is already deployed using company reports, project references, vendor cases and recent press releases.",B,PR005,electroplating,Schedulable process evidence supports a provisional flexibility opportunity,multi_shift_or_batch_signal,MEDIUM_schedulability,flexibility_solution_deployed,UNKNOWN,0.3.0
P11,B+T Oberflächentechnik GmbH,R006,power_quality,HIGH,TECHNICALLY_RELEVANT,RESEARCH_REQUIRED,RESEARCH,"multi-shift or batch production, public transition target","Verify whether power quality is already deployed using company reports, project references, vendor cases and recent press releases.",C,PR005,electroplating,Nonlinear or high-power conversion equipment supports power-quality relevance,rectifier_converter_furnace_signal,HIGH_power_quality_relevance,power_quality_solution_deployed,UNKNOWN,0.3.0
P12,Richard Henkel GmbH,R008,flexibility,MEDIUM,TECHNICALLY_RELEVANT,RESEARCH_REQUIRED,RESEARCH,"multi-shift or batch production, public transition target","Verify whether flexibility is already deployed using company reports, project references, vendor cases and recent press releases.",B,PR009,powder_coating,Schedulable process evidence supports a provisional flexibility opportunity,multi_shift_or_batch_signal,MEDIUM_schedulability,flexibility_solution_deployed,UNKNOWN,0.3.0
P12,Richard Henkel GmbH,R003,industrial_heat,HIGH,TECHNICALLY_RELEVANT,RESEARCH_REQUIRED,RESEARCH,"multi-shift or batch production, public transition target","Verify whether industrial heat is already deployed using company reports, project references, vendor cases and recent press releases.",B,PR009,powder_coating,High process-heat relevance and public fossil-heat evidence support an industrial-heat electrification opportunity,public_fossil_heat_signal,HIGH_process_heat_relevance,industrial_heat_electrification_deployed,UNKNOWN,0.3.0
P13,Schmalriede-Zink GmbH,R008,flexibility,MEDIUM,TECHNICALLY_RELEVANT,RESEARCH_REQUIRED,RESEARCH,"three-shift operation, multi-shift or batch production, public transition target","Verify whether flexibility is already deployed using company reports, project references, vendor cases and recent press releases.",B,PR005,electroplating,Schedulable process evidence supports a provisional flexibility opportunity,multi_shift_or_batch_signal,MEDIUM_schedulability,flexibility_solution_deployed,UNKNOWN,0.3.0
P13,Schmalriede-Zink GmbH,R006,power_quality,HIGH,TECHNICALLY_RELEVANT,RESEARCH_REQUIRED,RESEARCH,"three-shift operation, multi-shift or batch production, public transition target","Verify whether power quality is already deployed using company reports, project references, vendor cases and recent press releases.",C,PR005,electroplating,Nonlinear or high-power conversion equipment supports power-quality relevance,rectifier_converter_furnace_signal,HIGH_power_quality_relevance,power_quality_solution_deployed,UNKNOWN,0.3.0
P15,ELOXAL BARZ GmbH & Co KG,R008,flexibility,MEDIUM,TECHNICALLY_RELEVANT,RESEARCH_REQUIRED,RESEARCH,"multi-shift or batch production, public transition target","Verify whether flexibility is already deployed using company reports, project references, vendor cases and recent press releases.",B,PR006,anodising,Schedulable process evidence supports a provisional flexibility opportunity,multi_shift_or_batch_signal,MEDIUM_schedulability,flexibility_solution_deployed,UNKNOWN,0.3.0
P15,ELOXAL BARZ GmbH & Co KG,R006,power_quality,HIGH,TECHNICALLY_RELEVANT,RESEARCH_REQUIRED,RESEARCH,"multi-shift or batch production, public transition target","Verify whether power quality is already deployed using company reports, project references, vendor cases and recent press releases.",C,PR006,anodising,Nonlinear or high-power conversion equipment supports power-quality relevance,rectifier_converter_furnace_signal,HIGH_power_quality_relevance,power_quality_solution_deployed,UNKNOWN,0.3.0
P16,Sembach GmbH & Co. KG,R008,flexibility,MEDIUM,TECHNICALLY_RELEVANT,RESEARCH_REQUIRED,RESEARCH,"multi-shift or batch production, public transition target","Verify whether flexibility is already deployed using company reports, project references, vendor cases and recent press releases.",B,PR007,ceramic_firing,Schedulable process evidence supports a provisional flexibility opportunity,multi_shift_or_batch_signal,MEDIUM_schedulability,flexibility_solution_deployed,UNKNOWN,0.3.0
P16,Sembach GmbH & Co. KG,R005,thermal_storage,MEDIUM,TECHNICALLY_RELEVANT,RESEARCH_REQUIRED,RESEARCH,"multi-shift or batch production, public transition target","Verify whether thermal storage is already deployed using company reports, project references, vendor cases and recent press releases.",B,PR007,ceramic_firing,Thermal inertia or cold/heat buffering supports flexibility through thermal storage,batch_or_refrigeration_signal,HIGH_thermal_inertia_storage,thermal_storage_deployed,UNKNOWN,0.3.0
P18,Glashütte Lamberts Waldsassen GmbH,R003,industrial_heat,HIGH,TECHNICALLY_RELEVANT,RESEARCH_REQUIRED,RESEARCH,"multi-shift or batch production, public transition target","Verify whether industrial heat is already deployed using company reports, project references, vendor cases and recent press releases.",B,PR008,glass_melting,High process-heat relevance and public fossil-heat evidence support an industrial-heat electrification opportunity,public_fossil_heat_signal,HIGH_process_heat_relevance,industrial_heat_electrification_deployed,UNKNOWN,0.3.0
P18,Glashütte Lamberts Waldsassen GmbH,R006,power_quality,HIGH,TECHNICALLY_RELEVANT,RESEARCH_REQUIRED,RESEARCH,"multi-shift or batch production, public transition target","Verify whether power quality is already deployed using company reports, project references, vendor cases and recent press releases.",C,PR008,glass_melting,Nonlinear or high-power conversion equipment supports power-quality relevance,rectifier_converter_furnace_signal,HIGH_power_quality_relevance,power_quality_solution_deployed,UNKNOWN,0.3.0
P18,Glashütte Lamberts Waldsassen GmbH,R005,thermal_storage,MEDIUM,TECHNICALLY_RELEVANT,RESEARCH_REQUIRED,RESEARCH,"multi-shift or batch production, public transition target","Verify whether thermal storage is already deployed using company reports, project references, vendor cases and recent press releases.",B,PR008,glass_melting,Thermal inertia or cold/heat buffering supports flexibility through thermal storage,batch_or_refrigeration_signal,HIGH_thermal_inertia_storage,thermal_storage_deployed,UNKNOWN,0.3.0
P19,Glasfabrik Lamberts GmbH & Co. KG,R006,power_quality,HIGH,TECHNICALLY_RELEVANT,RESEARCH_REQUIRED,RESEARCH,"multi-shift or batch production, public transition target","Verify whether power quality is already deployed using company reports, project references, vendor cases and recent press releases.",C,PR008,glass_melting,Nonlinear or high-power conversion equipment supports power-quality relevance,rectifier_converter_furnace_signal,HIGH_power_quality_relevance,power_quality_solution_deployed,UNKNOWN,0.3.0
P20,DERIX Glasstudios GmbH & Co. KG,R008,flexibility,MEDIUM,TECHNICALLY_RELEVANT,RESEARCH_REQUIRED,RESEARCH,"multi-shift or batch production, public transition target","Verify whether flexibility is already deployed using company reports, project references, vendor cases and recent press releases.",B,PR007,ceramic_firing,Schedulable process evidence supports a provisional flexibility opportunity,multi_shift_or_batch_signal,MEDIUM_schedulability,flexibility_solution_deployed,UNKNOWN,0.3.0
P20,DERIX Glasstudios GmbH & Co. KG,R005,thermal_storage,MEDIUM,TECHNICALLY_RELEVANT,RESEARCH_REQUIRED,RESEARCH,"multi-shift or batch production, public transition target","Verify whether thermal storage is already deployed using company reports, project references, vendor cases and recent press releases.",B,PR007,ceramic_firing,Thermal inertia or cold/heat buffering supports flexibility through thermal storage,batch_or_refrigeration_signal,HIGH_thermal_inertia_storage,thermal_storage_deployed,UNKNOWN,0.3.0
P21,Privatbrauerei MORITZ FIEGE GmbH & Co. KG,R008,flexibility,MEDIUM,TECHNICALLY_RELEVANT,RESEARCH_REQUIRED,RESEARCH,"multi-shift or batch production, public transition target","Verify whether flexibility is already deployed using company reports, project references, vendor cases and recent press releases.",B,PR003,brewing_boiling,Schedulable process evidence supports a provisional flexibility opportunity,multi_shift_or_batch_signal,MEDIUM_schedulability,flexibility_solution_deployed,UNKNOWN,0.3.0
P21,Privatbrauerei MORITZ FIEGE GmbH & Co. KG,R005,thermal_storage,MEDIUM,TECHNICALLY_RELEVANT,RESEARCH_REQUIRED,RESEARCH,"multi-shift or batch production, public transition target","Verify whether thermal storage is already deployed using company reports, project references, vendor cases and recent press releases.",B,PR003,brewing_boiling,Thermal inertia or cold/heat buffering supports flexibility through thermal storage,batch_or_refrigeration_signal,HIGH_thermal_inertia_storage,thermal_storage_deployed,UNKNOWN,0.3.0
P22,RIEDENBURGER BRAUHAUS Michael Krieger GmbH & Co. KG,R008,flexibility,MEDIUM,TECHNICALLY_RELEVANT,ALREADY_DEPLOYED,LOW,Relevant technology is already publicly documented as deployed.,"Monitor for expansion, replacement or optimisation signals rather than treating this as greenfield white-space.",B,PR003,brewing_boiling,Schedulable process evidence supports a provisional flexibility opportunity,multi_shift_or_batch_signal,MEDIUM_schedulability,flexibility_solution_deployed,YES,0.3.0
P22,RIEDENBURGER BRAUHAUS Michael Krieger GmbH & Co. KG,R003,industrial_heat,HIGH,TECHNICALLY_RELEVANT,ALREADY_DEPLOYED,LOW,Relevant technology is already publicly documented as deployed.,"Monitor for expansion, replacement or optimisation signals rather than treating this as greenfield white-space.",B,PR003,brewing_boiling,High process-heat relevance and public fossil-heat evidence support an industrial-heat electrification opportunity,public_fossil_heat_signal,HIGH_process_heat_relevance,industrial_heat_electrification_deployed,YES,0.3.0
P22,RIEDENBURGER BRAUHAUS Michael Krieger GmbH & Co. KG,R005,thermal_storage,MEDIUM,TECHNICALLY_RELEVANT,ALREADY_DEPLOYED,LOW,Relevant technology is already publicly documented as deployed.,"Monitor for expansion, replacement or optimisation signals rather than treating this as greenfield white-space.",B,PR003,brewing_boiling,Thermal inertia or cold/heat buffering supports flexibility through thermal storage,batch_or_refrigeration_signal,HIGH_thermal_inertia_storage,thermal_storage_deployed,YES,0.3.0
P22,RIEDENBURGER BRAUHAUS Michael Krieger GmbH & Co. KG,R007,battery_storage,RESEARCH_REQUIRED,TECHNICALLY_RELEVANT,RESEARCH_REQUIRED,RESEARCH,"multi-shift or batch production, public transition target","Verify whether battery storage is already deployed using company reports, project references, vendor cases and recent press releases.",C,PR003,brewing_boiling,PV alone is insufficient for a strong battery-storage recommendation without load and tariff context,pv_present,,battery_storage_deployed,UNKNOWN,0.3.0
P23,FM-Plast GmbH,R002,energy_management,HIGH,TECHNICALLY_RELEVANT,ALREADY_DEPLOYED,LOW,Relevant technology is already publicly documented as deployed.,"Monitor for expansion, replacement or optimisation signals rather than treating this as greenfield white-space.",B,PR001,injection_moulding,High drive relevance plus verified ISO 50001 indicates mature energy-management relevance,iso_50001_valid,HIGH_drive_relevance,energy_management_deployed,YES,0.3.0
P23,FM-Plast GmbH,R009,heat_recovery,HIGH,TECHNICALLY_RELEVANT,ALREADY_DEPLOYED,LOW,Relevant technology is already publicly documented as deployed.,"Monitor for expansion, replacement or optimisation signals rather than treating this as greenfield white-space.",B,PR001,injection_moulding,"Publicly documented heat recovery remains relevant for optimisation, expansion, replacement and integration rather than greenfield white-space",heat_recovery_deployed,HIGH_cooling_relevance,heat_recovery_deployed,YES,0.3.0
P24,H&K Müller GmbH & Co. KG,R002,energy_management,HIGH,TECHNICALLY_RELEVANT,ALREADY_DEPLOYED,LOW,Relevant technology is already publicly documented as deployed.,"Monitor for expansion, replacement or optimisation signals rather than treating this as greenfield white-space.",A,PR001,injection_moulding,High drive relevance plus verified ISO 50001 indicates mature energy-management relevance,iso_50001_valid,HIGH_drive_relevance,energy_management_deployed,YES,0.3.0
P25,Scheplast GmbH,R007,battery_storage,RESEARCH_REQUIRED,TECHNICALLY_RELEVANT,RESEARCH_REQUIRED,RESEARCH,public transition target,"Verify whether battery storage is already deployed using company reports, project references, vendor cases and recent press releases.",C,PR001,injection_moulding,PV alone is insufficient for a strong battery-storage recommendation without load and tariff context,pv_present,,battery_storage_deployed,UNKNOWN,0.3.0
P26,Barth Galvanik GmbH,R008,flexibility,MEDIUM,TECHNICALLY_RELEVANT,RESEARCH_REQUIRED,RESEARCH,"multi-shift or batch production, public transition target","Verify whether flexibility is already deployed using company reports, project references, vendor cases and recent press releases.",B,PR005,electroplating,Schedulable process evidence supports a provisional flexibility opportunity,multi_shift_or_batch_signal,MEDIUM_schedulability,flexibility_solution_deployed,UNKNOWN,0.3.0
P26,Barth Galvanik GmbH,R006,power_quality,HIGH,TECHNICALLY_RELEVANT,RESEARCH_REQUIRED,RESEARCH,"multi-shift or batch production, public transition target","Verify whether power quality is already deployed using company reports, project references, vendor cases and recent press releases.",C,PR005,electroplating,Nonlinear or high-power conversion equipment supports power-quality relevance,rectifier_converter_furnace_signal,HIGH_power_quality_relevance,power_quality_solution_deployed,UNKNOWN,0.3.0
P27,BCE Special Ceramics GmbH,R008,flexibility,MEDIUM,TECHNICALLY_RELEVANT,RESEARCH_REQUIRED,RESEARCH,"multi-shift or batch production, public transition target","Verify whether flexibility is already deployed using company reports, project references, vendor cases and recent press releases.",B,PR007,ceramic_firing,Schedulable process evidence supports a provisional flexibility opportunity,multi_shift_or_batch_signal,MEDIUM_schedulability,flexibility_solution_deployed,UNKNOWN,0.3.0
P27,BCE Special Ceramics GmbH,R005,thermal_storage,MEDIUM,TECHNICALLY_RELEVANT,RESEARCH_REQUIRED,RESEARCH,"multi-shift or batch production, public transition target","Verify whether thermal storage is already deployed using company reports, project references, vendor cases and recent press releases.",B,PR007,ceramic_firing,Thermal inertia or cold/heat buffering supports flexibility through thermal storage,batch_or_refrigeration_signal,HIGH_thermal_inertia_storage,thermal_storage_deployed,UNKNOWN,0.3.0
P28,Berg Brauerei Ulrich Zimmermann GmbH & Co. KG,R008,flexibility,MEDIUM,TECHNICALLY_RELEVANT,RESEARCH_REQUIRED,RESEARCH,"multi-shift or batch production, public transition target","Verify whether flexibility is already deployed using company reports, project references, vendor cases and recent press releases.",B,PR003,brewing_boiling,Schedulable process evidence supports a provisional flexibility opportunity,multi_shift_or_batch_signal,MEDIUM_schedulability,flexibility_solution_deployed,UNKNOWN,0.3.0
P28,Berg Brauerei Ulrich Zimmermann GmbH & Co. KG,R005,thermal_storage,MEDIUM,TECHNICALLY_RELEVANT,RESEARCH_REQUIRED,RESEARCH,"multi-shift or batch production, public transition target","Verify whether thermal storage is already deployed using company reports, project references, vendor cases and recent press releases.",B,PR003,brewing_boiling,Thermal inertia or cold/heat buffering supports flexibility through thermal storage,batch_or_refrigeration_signal,HIGH_thermal_inertia_storage,thermal_storage_deployed,UNKNOWN,0.3.0
P29,Meckatzer Löwenbräu Benedikt Weiß KG,R008,flexibility,MEDIUM,TECHNICALLY_RELEVANT,RESEARCH_REQUIRED,RESEARCH,"multi-shift or batch production, public transition target","Verify whether flexibility is already deployed using company reports, project references, vendor cases and recent press releases.",B,PR003,brewing_boiling,Schedulable process evidence supports a provisional flexibility opportunity,multi_shift_or_batch_signal,MEDIUM_schedulability,flexibility_solution_deployed,UNKNOWN,0.3.0
P29,Meckatzer Löwenbräu Benedikt Weiß KG,R005,thermal_storage,MEDIUM,TECHNICALLY_RELEVANT,RESEARCH_REQUIRED,RESEARCH,"multi-shift or batch production, public transition target","Verify whether thermal storage is already deployed using company reports, project references, vendor cases and recent press releases.",B,PR003,brewing_boiling,Thermal inertia or cold/heat buffering supports flexibility through thermal storage,batch_or_refrigeration_signal,HIGH_thermal_inertia_storage,thermal_storage_deployed,UNKNOWN,0.3.0
P30,Privat-Brauerei Zötler GmbH,R008,flexibility,MEDIUM,TECHNICALLY_RELEVANT,RESEARCH_REQUIRED,RESEARCH,"multi-shift or batch production, public transition target","Verify whether flexibility is already deployed using company reports, project references, vendor cases and recent press releases.",B,PR003,brewing_boiling,Schedulable process evidence supports a provisional flexibility opportunity,multi_shift_or_batch_signal,MEDIUM_schedulability,flexibility_solution_deployed,UNKNOWN,0.3.0
P30,Privat-Brauerei Zötler GmbH,R005,thermal_storage,MEDIUM,TECHNICALLY_RELEVANT,RESEARCH_REQUIRED,RESEARCH,"multi-shift or batch production, public transition target","Verify whether thermal storage is already deployed using company reports, project references, vendor cases and recent press releases.",B,PR003,brewing_boiling,Thermal inertia or cold/heat buffering supports flexibility through thermal storage,batch_or_refrigeration_signal,HIGH_thermal_inertia_storage,thermal_storage_deployed,UNKNOWN,0.3.0
P31,Brauerei Clemens Härle KG,R008,flexibility,MEDIUM,TECHNICALLY_RELEVANT,RESEARCH_REQUIRED,RESEARCH,"multi-shift or batch production, public transition target","Verify whether flexibility is already deployed using company reports, project references, vendor cases and recent press releases.",B,PR003,brewing_boiling,Schedulable process evidence supports a provisional flexibility opportunity,multi_shift_or_batch_signal,MEDIUM_schedulability,flexibility_solution_deployed,UNKNOWN,0.3.0
P31,Brauerei Clemens Härle KG,R005,thermal_storage,MEDIUM,TECHNICALLY_RELEVANT,RESEARCH_REQUIRED,RESEARCH,"multi-shift or batch production, public transition target","Verify whether thermal storage is already deployed using company reports, project references, vendor cases and recent press releases.",B,PR003,brewing_boiling,Thermal inertia or cold/heat buffering supports flexibility through thermal storage,batch_or_refrigeration_signal,HIGH_thermal_inertia_storage,thermal_storage_deployed,UNKNOWN,0.3.0
P32,Kronenbrauerei Otto Haizmann KG,R008,flexibility,MEDIUM,TECHNICALLY_RELEVANT,RESEARCH_REQUIRED,RESEARCH,"multi-shift or batch production, public transition target","Verify whether flexibility is already deployed using company reports, project references, vendor cases and recent press releases.",C,PR003,brewing_boiling,Schedulable process evidence supports a provisional flexibility opportunity,multi_shift_or_batch_signal,MEDIUM_schedulability,flexibility_solution_deployed,UNKNOWN,0.3.0
P32,Kronenbrauerei Otto Haizmann KG,R005,thermal_storage,MEDIUM,TECHNICALLY_RELEVANT,RESEARCH_REQUIRED,RESEARCH,"multi-shift or batch production, public transition target","Verify whether thermal storage is already deployed using company reports, project references, vendor cases and recent press releases.",C,PR003,brewing_boiling,Thermal inertia or cold/heat buffering supports flexibility through thermal storage,batch_or_refrigeration_signal,HIGH_thermal_inertia_storage,thermal_storage_deployed,UNKNOWN,0.3.0
P33,Gindele GmbH,R008,flexibility,MEDIUM,TECHNICALLY_RELEVANT,RESEARCH_REQUIRED,RESEARCH,"multi-shift or batch production, public transition target","Verify whether flexibility is already deployed using company reports, project references, vendor cases and recent press releases.",B,PR001,injection_moulding,Schedulable process evidence supports a provisional flexibility opportunity,multi_shift_or_batch_signal,MEDIUM_schedulability,flexibility_solution_deployed,UNKNOWN,0.3.0
P34,KTS Kunststoff Technik Schmölln GmbH,R008,flexibility,MEDIUM,TECHNICALLY_RELEVANT,RESEARCH_REQUIRED,RESEARCH,"multi-shift or batch production, public transition target","Verify whether flexibility is already deployed using company reports, project references, vendor cases and recent press releases.",B,PR001,injection_moulding,Schedulable process evidence supports a provisional flexibility opportunity,multi_shift_or_batch_signal,MEDIUM_schedulability,flexibility_solution_deployed,UNKNOWN,0.3.0
P35,MACK KUNSTSTOFFTECHNIK GMBH & CO. KG,R008,flexibility,MEDIUM,TECHNICALLY_RELEVANT,RESEARCH_REQUIRED,RESEARCH,"multi-shift or batch production, public transition target","Verify whether flexibility is already deployed using company reports, project references, vendor cases and recent press releases.",B,PR001,injection_moulding,Schedulable process evidence supports a provisional flexibility opportunity,multi_shift_or_batch_signal,MEDIUM_schedulability,flexibility_solution_deployed,UNKNOWN,0.3.0
P36,Kunststofftechnik Borgmann GmbH,R008,flexibility,MEDIUM,TECHNICALLY_RELEVANT,RESEARCH_REQUIRED,RESEARCH,"multi-shift or batch production, public transition target","Verify whether flexibility is already deployed using company reports, project references, vendor cases and recent press releases.",B,PR001,injection_moulding,Schedulable process evidence supports a provisional flexibility opportunity,multi_shift_or_batch_signal,MEDIUM_schedulability,flexibility_solution_deployed,UNKNOWN,0.3.0
P37,atka Kunststoffverarbeitung GmbH,R008,flexibility,MEDIUM,TECHNICALLY_RELEVANT,RESEARCH_REQUIRED,RESEARCH,"multi-shift or batch production, public transition target","Verify whether flexibility is already deployed using company reports, project references, vendor cases and recent press releases.",B,PR001,injection_moulding,Schedulable process evidence supports a provisional flexibility opportunity,multi_shift_or_batch_signal,MEDIUM_schedulability,flexibility_solution_deployed,UNKNOWN,0.3.0
P38,Krämer + Eckert GmbH & Co. KG,R008,flexibility,MEDIUM,TECHNICALLY_RELEVANT,RESEARCH_REQUIRED,RESEARCH,"multi-shift or batch production, public transition target","Verify whether flexibility is already deployed using company reports, project references, vendor cases and recent press releases.",B,PR006,anodising,Schedulable process evidence supports a provisional flexibility opportunity,multi_shift_or_batch_signal,MEDIUM_schedulability,flexibility_solution_deployed,UNKNOWN,0.3.0
P38,Krämer + Eckert GmbH & Co. KG,R006,power_quality,HIGH,TECHNICALLY_RELEVANT,RESEARCH_REQUIRED,RESEARCH,"multi-shift or batch production, public transition target","Verify whether power quality is already deployed using company reports, project references, vendor cases and recent press releases.",C,PR006,anodising,Nonlinear or high-power conversion equipment supports power-quality relevance,rectifier_converter_furnace_signal,HIGH_power_quality_relevance,power_quality_solution_deployed,UNKNOWN,0.3.0
P39,Eloxal Höfler GmbH,R008,flexibility,MEDIUM,TECHNICALLY_RELEVANT,RESEARCH_REQUIRED,RESEARCH,"multi-shift or batch production, public transition target","Verify whether flexibility is already deployed using company reports, project references, vendor cases and recent press releases.",B,PR006,anodising,Schedulable process evidence supports a provisional flexibility opportunity,multi_shift_or_batch_signal,MEDIUM_schedulability,flexibility_solution_deployed,UNKNOWN,0.3.0
P39,Eloxal Höfler GmbH,R006,power_quality,HIGH,TECHNICALLY_RELEVANT,RESEARCH_REQUIRED,RESEARCH,"multi-shift or batch production, public transition target","Verify whether power quality is already deployed using company reports, project references, vendor cases and recent press releases.",C,PR006,anodising,Nonlinear or high-power conversion equipment supports power-quality relevance,rectifier_converter_furnace_signal,HIGH_power_quality_relevance,power_quality_solution_deployed,UNKNOWN,0.3.0
P40,OFTECH Oberflächentechnik GmbH & Co. KG,R008,flexibility,MEDIUM,TECHNICALLY_RELEVANT,RESEARCH_REQUIRED,RESEARCH,"multi-shift or batch production, public transition target","Verify whether flexibility is already deployed using company reports, project references, vendor cases and recent press releases.",C,PR005,electroplating,Schedulable process evidence supports a provisional flexibility opportunity,multi_shift_or_batch_signal,MEDIUM_schedulability,flexibility_solution_deployed,UNKNOWN,0.3.0
P40,OFTECH Oberflächentechnik GmbH & Co. KG,R006,power_quality,HIGH,TECHNICALLY_RELEVANT,RESEARCH_REQUIRED,RESEARCH,"multi-shift or batch production, public transition target","Verify whether power quality is already deployed using company reports, project references, vendor cases and recent press releases.",C,PR005,electroplating,Nonlinear or high-power conversion equipment supports power-quality relevance,rectifier_converter_furnace_signal,HIGH_power_quality_relevance,power_quality_solution_deployed,UNKNOWN,0.3.0
P41,"Galvano Weis, Weis GmbH & Co., Galvanische-Werkstätte KG",R008,flexibility,MEDIUM,TECHNICALLY_RELEVANT,RESEARCH_REQUIRED,RESEARCH,"multi-shift or batch production, public transition target","Verify whether flexibility is already deployed using company reports, project references, vendor cases and recent press releases.",B,PR005,electroplating,Schedulable process evidence supports a provisional flexibility opportunity,multi_shift_or_batch_signal,MEDIUM_schedulability,flexibility_solution_deployed,UNKNOWN,0.3.0
P41,"Galvano Weis, Weis GmbH & Co., Galvanische-Werkstätte KG",R006,power_quality,HIGH,TECHNICALLY_RELEVANT,RESEARCH_REQUIRED,RESEARCH,"multi-shift or batch production, public transition target","Verify whether power quality is already deployed using company reports, project references, vendor cases and recent press releases.",C,PR005,electroplating,Nonlinear or high-power conversion equipment supports power-quality relevance,rectifier_converter_furnace_signal,HIGH_power_quality_relevance,power_quality_solution_deployed,UNKNOWN,0.3.0
P42,OT Oberflächentechnik GmbH & Co. KG,R008,flexibility,MEDIUM,TECHNICALLY_RELEVANT,RESEARCH_REQUIRED,RESEARCH,"multi-shift or batch production, public transition target","Verify whether flexibility is already deployed using company reports, project references, vendor cases and recent press releases.",C,PR009,powder_coating,Schedulable process evidence supports a provisional flexibility opportunity,multi_shift_or_batch_signal,MEDIUM_schedulability,flexibility_solution_deployed,UNKNOWN,0.3.0
P43,WZR ceramic solutions GmbH,R008,flexibility,MEDIUM,TECHNICALLY_RELEVANT,RESEARCH_REQUIRED,RESEARCH,"multi-shift or batch production, public transition target","Verify whether flexibility is already deployed using company reports, project references, vendor cases and recent press releases.",B,PR007,ceramic_firing,Schedulable process evidence supports a provisional flexibility opportunity,multi_shift_or_batch_signal,MEDIUM_schedulability,flexibility_solution_deployed,UNKNOWN,0.3.0
P43,WZR ceramic solutions GmbH,R005,thermal_storage,MEDIUM,TECHNICALLY_RELEVANT,RESEARCH_REQUIRED,RESEARCH,"multi-shift or batch production, public transition target","Verify whether thermal storage is already deployed using company reports, project references, vendor cases and recent press releases.",B,PR007,ceramic_firing,Thermal inertia or cold/heat buffering supports flexibility through thermal storage,batch_or_refrigeration_signal,HIGH_thermal_inertia_storage,thermal_storage_deployed,UNKNOWN,0.3.0
P44,OXIDKERAMIK J. Cardenas GmbH,R008,flexibility,MEDIUM,TECHNICALLY_RELEVANT,RESEARCH_REQUIRED,RESEARCH,"multi-shift or batch production, public transition target","Verify whether flexibility is already deployed using company reports, project references, vendor cases and recent press releases.",B,PR007,ceramic_firing,Schedulable process evidence supports a provisional flexibility opportunity,multi_shift_or_batch_signal,MEDIUM_schedulability,flexibility_solution_deployed,UNKNOWN,0.3.0
P44,OXIDKERAMIK J. Cardenas GmbH,R005,thermal_storage,MEDIUM,TECHNICALLY_RELEVANT,RESEARCH_REQUIRED,RESEARCH,"multi-shift or batch production, public transition target","Verify whether thermal storage is already deployed using company reports, project references, vendor cases and recent press releases.",B,PR007,ceramic_firing,Thermal inertia or cold/heat buffering supports flexibility through thermal storage,batch_or_refrigeration_signal,HIGH_thermal_inertia_storage,thermal_storage_deployed,UNKNOWN,0.3.0
P45,Glasmanufaktur HARZKRISTALL GmbH,R006,power_quality,HIGH,TECHNICALLY_RELEVANT,RESEARCH_REQUIRED,RESEARCH,public transition target,"Verify whether power quality is already deployed using company reports, project references, vendor cases and recent press releases.",C,PR008,glass_melting,Nonlinear or high-power conversion equipment supports power-quality relevance,rectifier_converter_furnace_signal,HIGH_power_quality_relevance,power_quality_solution_deployed,UNKNOWN,0.3.0
P46,Porzellanfabrik Hermsdorf GmbH,R008,flexibility,MEDIUM,TECHNICALLY_RELEVANT,RESEARCH_REQUIRED,RESEARCH,"multi-shift or batch production, public transition target","Verify whether flexibility is already deployed using company reports, project references, vendor cases and recent press releases.",B,PR007,ceramic_firing,Schedulable process evidence supports a provisional flexibility opportunity,multi_shift_or_batch_signal,MEDIUM_schedulability,flexibility_solution_deployed,UNKNOWN,0.3.0
P46,Porzellanfabrik Hermsdorf GmbH,R005,thermal_storage,MEDIUM,TECHNICALLY_RELEVANT,RESEARCH_REQUIRED,RESEARCH,"multi-shift or batch production, public transition target","Verify whether thermal storage is already deployed using company reports, project references, vendor cases and recent press releases.",B,PR007,ceramic_firing,Thermal inertia or cold/heat buffering supports flexibility through thermal storage,batch_or_refrigeration_signal,HIGH_thermal_inertia_storage,thermal_storage_deployed,UNKNOWN,0.3.0
P47,hofmann CERAMiC GmbH,R008,flexibility,MEDIUM,TECHNICALLY_RELEVANT,RESEARCH_REQUIRED,RESEARCH,"multi-shift or batch production, public transition target","Verify whether flexibility is already deployed using company reports, project references, vendor cases and recent press releases.",B,PR007,ceramic_firing,Schedulable process evidence supports a provisional flexibility opportunity,multi_shift_or_batch_signal,MEDIUM_schedulability,flexibility_solution_deployed,UNKNOWN,0.3.0
P47,hofmann CERAMiC GmbH,R005,thermal_storage,MEDIUM,TECHNICALLY_RELEVANT,RESEARCH_REQUIRED,RESEARCH,"multi-shift or batch production, public transition target","Verify whether thermal storage is already deployed using company reports, project references, vendor cases and recent press releases.",B,PR007,ceramic_firing,Thermal inertia or cold/heat buffering supports flexibility through thermal storage,batch_or_refrigeration_signal,HIGH_thermal_inertia_storage,thermal_storage_deployed,UNKNOWN,0.3.0
P50,Brauerei Aying Franz Inselkammer KG,R008,flexibility,MEDIUM,TECHNICALLY_RELEVANT,RESEARCH_REQUIRED,RESEARCH,"multi-shift or batch production, public transition target","Verify whether flexibility is already deployed using company reports, project references, vendor cases and recent press releases.",B,PR003,brewing_boiling,Schedulable process evidence supports a provisional flexibility opportunity,multi_shift_or_batch_signal,MEDIUM_schedulability,flexibility_solution_deployed,UNKNOWN,0.3.0
P50,Brauerei Aying Franz Inselkammer KG,R005,thermal_storage,MEDIUM,TECHNICALLY_RELEVANT,RESEARCH_REQUIRED,RESEARCH,"multi-shift or batch production, public transition target","Verify whether thermal storage is already deployed using company reports, project references, vendor cases and recent press releases.",B,PR003,brewing_boiling,Thermal inertia or cold/heat buffering supports flexibility through thermal storage,batch_or_refrigeration_signal,HIGH_thermal_inertia_storage,thermal_storage_deployed,UNKNOWN,0.3.0
P51,Distelhäuser Brauerei Ernst Bauer GmbH & Co. KG,R008,flexibility,MEDIUM,TECHNICALLY_RELEVANT,RESEARCH_REQUIRED,RESEARCH,"multi-shift or batch production, public transition target","Verify whether flexibility is already deployed using company reports, project references, vendor cases and recent press releases.",B,PR003,brewing_boiling,Schedulable process evidence supports a provisional flexibility opportunity,multi_shift_or_batch_signal,MEDIUM_schedulability,flexibility_solution_deployed,UNKNOWN,0.3.0
P51,Distelhäuser Brauerei Ernst Bauer GmbH & Co. KG,R005,thermal_storage,MEDIUM,TECHNICALLY_RELEVANT,RESEARCH_REQUIRED,RESEARCH,"multi-shift or batch production, public transition target","Verify whether thermal storage is already deployed using company reports, project references, vendor cases and recent press releases.",B,PR003,brewing_boiling,Thermal inertia or cold/heat buffering supports flexibility through thermal storage,batch_or_refrigeration_signal,HIGH_thermal_inertia_storage,thermal_storage_deployed,UNKNOWN,0.3.0
P52,Glauner GmbH,R008,flexibility,MEDIUM,TECHNICALLY_RELEVANT,RESEARCH_REQUIRED,RESEARCH,"multi-shift or batch production, public transition target","Verify whether flexibility is already deployed using company reports, project references, vendor cases and recent press releases.",B,PR003,brewing_boiling,Schedulable process evidence supports a provisional flexibility opportunity,multi_shift_or_batch_signal,MEDIUM_schedulability,flexibility_solution_deployed,UNKNOWN,0.3.0
P52,Glauner GmbH,R005,thermal_storage,MEDIUM,TECHNICALLY_RELEVANT,RESEARCH_REQUIRED,RESEARCH,"multi-shift or batch production, public transition target","Verify whether thermal storage is already deployed using company reports, project references, vendor cases and recent press releases.",B,PR003,brewing_boiling,Thermal inertia or cold/heat buffering supports flexibility through thermal storage,batch_or_refrigeration_signal,HIGH_thermal_inertia_storage,thermal_storage_deployed,UNKNOWN,0.3.0
P53,Brauerei Rittmayer Hallerndorf GmbH & Co. KG,R005,thermal_storage,MEDIUM,TECHNICALLY_RELEVANT,ALREADY_DEPLOYED,LOW,Relevant technology is already publicly documented as deployed.,"Monitor for expansion, replacement or optimisation signals rather than treating this as greenfield white-space.",B,PR003,brewing_boiling,Thermal inertia or cold/heat buffering supports flexibility through thermal storage,batch_or_refrigeration_signal,HIGH_thermal_inertia_storage,thermal_storage_deployed,YES,0.3.0
P53,Brauerei Rittmayer Hallerndorf GmbH & Co. KG,R007,battery_storage,RESEARCH_REQUIRED,TECHNICALLY_RELEVANT,RESEARCH_REQUIRED,RESEARCH,"multi-shift or batch production, public transition target","Verify whether battery storage is already deployed using company reports, project references, vendor cases and recent press releases.",C,PR003,brewing_boiling,PV alone is insufficient for a strong battery-storage recommendation without load and tariff context,pv_present,,battery_storage_deployed,UNKNOWN,0.3.0
P53,Brauerei Rittmayer Hallerndorf GmbH & Co. KG,R008,flexibility,MEDIUM,TECHNICALLY_RELEVANT,RESEARCH_REQUIRED,RESEARCH,"multi-shift or batch production, public transition target","Verify whether flexibility is already deployed using company reports, project references, vendor cases and recent press releases.",B,PR003,brewing_boiling,Schedulable process evidence supports a provisional flexibility opportunity,multi_shift_or_batch_signal,MEDIUM_schedulability,flexibility_solution_deployed,UNKNOWN,0.3.0
P54,Privatbrauerei Waldhaus Joh. Schmid GmbH,R007,battery_storage,RESEARCH_REQUIRED,TECHNICALLY_RELEVANT,RESEARCH_REQUIRED,RESEARCH,"multi-shift or batch production, public transition target","Verify whether battery storage is already deployed using company reports, project references, vendor cases and recent press releases.",C,PR003,brewing_boiling,PV alone is insufficient for a strong battery-storage recommendation without load and tariff context,pv_present,,battery_storage_deployed,UNKNOWN,0.3.0
P54,Privatbrauerei Waldhaus Joh. Schmid GmbH,R008,flexibility,MEDIUM,TECHNICALLY_RELEVANT,RESEARCH_REQUIRED,RESEARCH,"multi-shift or batch production, public transition target","Verify whether flexibility is already deployed using company reports, project references, vendor cases and recent press releases.",B,PR003,brewing_boiling,Schedulable process evidence supports a provisional flexibility opportunity,multi_shift_or_batch_signal,MEDIUM_schedulability,flexibility_solution_deployed,UNKNOWN,0.3.0
P54,Privatbrauerei Waldhaus Joh. Schmid GmbH,R005,thermal_storage,MEDIUM,TECHNICALLY_RELEVANT,RESEARCH_REQUIRED,RESEARCH,"multi-shift or batch production, public transition target","Verify whether thermal storage is already deployed using company reports, project references, vendor cases and recent press releases.",B,PR003,brewing_boiling,Thermal inertia or cold/heat buffering supports flexibility through thermal storage,batch_or_refrigeration_signal,HIGH_thermal_inertia_storage,thermal_storage_deployed,UNKNOWN,0.3.0
P55,Merschbrock Kunststoff Spritzguss GmbH,R008,flexibility,MEDIUM,TECHNICALLY_RELEVANT,RESEARCH_REQUIRED,RESEARCH,"multi-shift or batch production, public transition target","Verify whether flexibility is already deployed using company reports, project references, vendor cases and recent press releases.",B,PR001,injection_moulding,Schedulable process evidence supports a provisional flexibility opportunity,multi_shift_or_batch_signal,MEDIUM_schedulability,flexibility_solution_deployed,UNKNOWN,0.3.0
P56,Spritzguß Müller GmbH,R008,flexibility,MEDIUM,TECHNICALLY_RELEVANT,RESEARCH_REQUIRED,RESEARCH,"multi-shift or batch production, public transition target","Verify whether flexibility is already deployed using company reports, project references, vendor cases and recent press releases.",B,PR001,injection_moulding,Schedulable process evidence supports a provisional flexibility opportunity,multi_shift_or_batch_signal,MEDIUM_schedulability,flexibility_solution_deployed,UNKNOWN,0.3.0
P57,Stocker Kunststoff GmbH,R008,flexibility,MEDIUM,TECHNICALLY_RELEVANT,RESEARCH_REQUIRED,RESEARCH,"multi-shift or batch production, public transition target","Verify whether flexibility is already deployed using company reports, project references, vendor cases and recent press releases.",B,PR001,injection_moulding,Schedulable process evidence supports a provisional flexibility opportunity,multi_shift_or_batch_signal,MEDIUM_schedulability,flexibility_solution_deployed,UNKNOWN,0.3.0
P58,Dorn Spritzguss GmbH,R008,flexibility,MEDIUM,TECHNICALLY_RELEVANT,RESEARCH_REQUIRED,RESEARCH,"multi-shift or batch production, public transition target","Verify whether flexibility is already deployed using company reports, project references, vendor cases and recent press releases.",B,PR001,injection_moulding,Schedulable process evidence supports a provisional flexibility opportunity,multi_shift_or_batch_signal,MEDIUM_schedulability,flexibility_solution_deployed,UNKNOWN,0.3.0
P59,AK Kunststoffspritzguss GmbH & Co. KG,R008,flexibility,MEDIUM,TECHNICALLY_RELEVANT,RESEARCH_REQUIRED,RESEARCH,"multi-shift or batch production, public transition target","Verify whether flexibility is already deployed using company reports, project references, vendor cases and recent press releases.",B,PR001,injection_moulding,Schedulable process evidence supports a provisional flexibility opportunity,multi_shift_or_batch_signal,MEDIUM_schedulability,flexibility_solution_deployed,UNKNOWN,0.3.0
P60,HARTCHROM Beck GmbH,R008,flexibility,MEDIUM,TECHNICALLY_RELEVANT,RESEARCH_REQUIRED,RESEARCH,"multi-shift or batch production, public transition target","Verify whether flexibility is already deployed using company reports, project references, vendor cases and recent press releases.",B,PR005,electroplating,Schedulable process evidence supports a provisional flexibility opportunity,multi_shift_or_batch_signal,MEDIUM_schedulability,flexibility_solution_deployed,UNKNOWN,0.3.0
P60,HARTCHROM Beck GmbH,R006,power_quality,HIGH,TECHNICALLY_RELEVANT,RESEARCH_REQUIRED,RESEARCH,"multi-shift or batch production, public transition target","Verify whether power quality is already deployed using company reports, project references, vendor cases and recent press releases.",C,PR005,electroplating,Nonlinear or high-power conversion equipment supports power-quality relevance,rectifier_converter_furnace_signal,HIGH_power_quality_relevance,power_quality_solution_deployed,UNKNOWN,0.3.0
P61,Galvanik-Horstmann GmbH,R008,flexibility,MEDIUM,TECHNICALLY_RELEVANT,RESEARCH_REQUIRED,RESEARCH,"multi-shift or batch production, public transition target","Verify whether flexibility is already deployed using company reports, project references, vendor cases and recent press releases.",B,PR005,electroplating,Schedulable process evidence supports a provisional flexibility opportunity,multi_shift_or_batch_signal,MEDIUM_schedulability,flexibility_solution_deployed,UNKNOWN,0.3.0
P61,Galvanik-Horstmann GmbH,R006,power_quality,HIGH,TECHNICALLY_RELEVANT,RESEARCH_REQUIRED,RESEARCH,"multi-shift or batch production, public transition target","Verify whether power quality is already deployed using company reports, project references, vendor cases and recent press releases.",C,PR005,electroplating,Nonlinear or high-power conversion equipment supports power-quality relevance,rectifier_converter_furnace_signal,HIGH_power_quality_relevance,power_quality_solution_deployed,UNKNOWN,0.3.0
P62,Galvanotechnik Kessel GmbH & Co. KG,R008,flexibility,MEDIUM,TECHNICALLY_RELEVANT,RESEARCH_REQUIRED,RESEARCH,"multi-shift or batch production, public transition target","Verify whether flexibility is already deployed using company reports, project references, vendor cases and recent press releases.",B,PR005,electroplating,Schedulable process evidence supports a provisional flexibility opportunity,multi_shift_or_batch_signal,MEDIUM_schedulability,flexibility_solution_deployed,UNKNOWN,0.3.0
P62,Galvanotechnik Kessel GmbH & Co. KG,R006,power_quality,HIGH,TECHNICALLY_RELEVANT,RESEARCH_REQUIRED,RESEARCH,"multi-shift or batch production, public transition target","Verify whether power quality is already deployed using company reports, project references, vendor cases and recent press releases.",C,PR005,electroplating,Nonlinear or high-power conversion equipment supports power-quality relevance,rectifier_converter_furnace_signal,HIGH_power_quality_relevance,power_quality_solution_deployed,UNKNOWN,0.3.0
P63,OTK Oberflächentechnik Kaltenkirchen GmbH,R008,flexibility,MEDIUM,TECHNICALLY_RELEVANT,RESEARCH_REQUIRED,RESEARCH,"multi-shift or batch production, public transition target","Verify whether flexibility is already deployed using company reports, project references, vendor cases and recent press releases.",B,PR005,electroplating,Schedulable process evidence supports a provisional flexibility opportunity,multi_shift_or_batch_signal,MEDIUM_schedulability,flexibility_solution_deployed,UNKNOWN,0.3.0
P63,OTK Oberflächentechnik Kaltenkirchen GmbH,R006,power_quality,HIGH,TECHNICALLY_RELEVANT,RESEARCH_REQUIRED,RESEARCH,"multi-shift or batch production, public transition target","Verify whether power quality is already deployed using company reports, project references, vendor cases and recent press releases.",C,PR005,electroplating,Nonlinear or high-power conversion equipment supports power-quality relevance,rectifier_converter_furnace_signal,HIGH_power_quality_relevance,power_quality_solution_deployed,UNKNOWN,0.3.0
P64,Wieland Metalloberflächentechnik GmbH,R008,flexibility,MEDIUM,TECHNICALLY_RELEVANT,RESEARCH_REQUIRED,RESEARCH,"multi-shift or batch production, public transition target","Verify whether flexibility is already deployed using company reports, project references, vendor cases and recent press releases.",B,PR005,electroplating,Schedulable process evidence supports a provisional flexibility opportunity,multi_shift_or_batch_signal,MEDIUM_schedulability,flexibility_solution_deployed,UNKNOWN,0.3.0
P64,Wieland Metalloberflächentechnik GmbH,R006,power_quality,HIGH,TECHNICALLY_RELEVANT,RESEARCH_REQUIRED,RESEARCH,"multi-shift or batch production, public transition target","Verify whether power quality is already deployed using company reports, project references, vendor cases and recent press releases.",C,PR005,electroplating,Nonlinear or high-power conversion equipment supports power-quality relevance,rectifier_converter_furnace_signal,HIGH_power_quality_relevance,power_quality_solution_deployed,UNKNOWN,0.3.0
P65,Porzellanmanufaktur FÜRSTENBERG GmbH,R008,flexibility,MEDIUM,TECHNICALLY_RELEVANT,RESEARCH_REQUIRED,RESEARCH,"multi-shift or batch production, public transition target","Verify whether flexibility is already deployed using company reports, project references, vendor cases and recent press releases.",B,PR007,ceramic_firing,Schedulable process evidence supports a provisional flexibility opportunity,multi_shift_or_batch_signal,MEDIUM_schedulability,flexibility_solution_deployed,UNKNOWN,0.3.0
P65,Porzellanmanufaktur FÜRSTENBERG GmbH,R005,thermal_storage,MEDIUM,TECHNICALLY_RELEVANT,RESEARCH_REQUIRED,RESEARCH,"multi-shift or batch production, public transition target","Verify whether thermal storage is already deployed using company reports, project references, vendor cases and recent press releases.",B,PR007,ceramic_firing,Thermal inertia or cold/heat buffering supports flexibility through thermal storage,batch_or_refrigeration_signal,HIGH_thermal_inertia_storage,thermal_storage_deployed,UNKNOWN,0.3.0
P66,KPM Königliche Porzellan-Manufaktur Berlin GmbH,R008,flexibility,MEDIUM,TECHNICALLY_RELEVANT,RESEARCH_REQUIRED,RESEARCH,"multi-shift or batch production, public transition target","Verify whether flexibility is already deployed using company reports, project references, vendor cases and recent press releases.",B,PR007,ceramic_firing,Schedulable process evidence supports a provisional flexibility opportunity,multi_shift_or_batch_signal,MEDIUM_schedulability,flexibility_solution_deployed,UNKNOWN,0.3.0
P66,KPM Königliche Porzellan-Manufaktur Berlin GmbH,R005,thermal_storage,MEDIUM,TECHNICALLY_RELEVANT,RESEARCH_REQUIRED,RESEARCH,"multi-shift or batch production, public transition target","Verify whether thermal storage is already deployed using company reports, project references, vendor cases and recent press releases.",B,PR007,ceramic_firing,Thermal inertia or cold/heat buffering supports flexibility through thermal storage,batch_or_refrigeration_signal,HIGH_thermal_inertia_storage,thermal_storage_deployed,UNKNOWN,0.3.0
P67,DOCERAM GmbH,R008,flexibility,MEDIUM,TECHNICALLY_RELEVANT,RESEARCH_REQUIRED,RESEARCH,"multi-shift or batch production, public transition target","Verify whether flexibility is already deployed using company reports, project references, vendor cases and recent press releases.",B,PR007,ceramic_firing,Schedulable process evidence supports a provisional flexibility opportunity,multi_shift_or_batch_signal,MEDIUM_schedulability,flexibility_solution_deployed,UNKNOWN,0.3.0
P67,DOCERAM GmbH,R005,thermal_storage,MEDIUM,TECHNICALLY_RELEVANT,RESEARCH_REQUIRED,RESEARCH,"multi-shift or batch production, public transition target","Verify whether thermal storage is already deployed using company reports, project references, vendor cases and recent press releases.",B,PR007,ceramic_firing,Thermal inertia or cold/heat buffering supports flexibility through thermal storage,batch_or_refrigeration_signal,HIGH_thermal_inertia_storage,thermal_storage_deployed,UNKNOWN,0.3.0
P68,TechnoKer GmbH,R008,flexibility,MEDIUM,TECHNICALLY_RELEVANT,RESEARCH_REQUIRED,RESEARCH,"multi-shift or batch production, public transition target","Verify whether flexibility is already deployed using company reports, project references, vendor cases and recent press releases.",B,PR007,ceramic_firing,Schedulable process evidence supports a provisional flexibility opportunity,multi_shift_or_batch_signal,MEDIUM_schedulability,flexibility_solution_deployed,UNKNOWN,0.3.0
P68,TechnoKer GmbH,R005,thermal_storage,MEDIUM,TECHNICALLY_RELEVANT,RESEARCH_REQUIRED,RESEARCH,"multi-shift or batch production, public transition target","Verify whether thermal storage is already deployed using company reports, project references, vendor cases and recent press releases.",B,PR007,ceramic_firing,Thermal inertia or cold/heat buffering supports flexibility through thermal storage,batch_or_refrigeration_signal,HIGH_thermal_inertia_storage,thermal_storage_deployed,UNKNOWN,0.3.0
P70,ceram GmbH,R008,flexibility,MEDIUM,TECHNICALLY_RELEVANT,RESEARCH_REQUIRED,RESEARCH,"multi-shift or batch production, public transition target","Verify whether flexibility is already deployed using company reports, project references, vendor cases and recent press releases.",B,PR007,ceramic_firing,Schedulable process evidence supports a provisional flexibility opportunity,multi_shift_or_batch_signal,MEDIUM_schedulability,flexibility_solution_deployed,UNKNOWN,0.3.0
P70,ceram GmbH,R005,thermal_storage,MEDIUM,TECHNICALLY_RELEVANT,RESEARCH_REQUIRED,RESEARCH,"multi-shift or batch production, public transition target","Verify whether thermal storage is already deployed using company reports, project references, vendor cases and recent press releases.",B,PR007,ceramic_firing,Thermal inertia or cold/heat buffering supports flexibility through thermal storage,batch_or_refrigeration_signal,HIGH_thermal_inertia_storage,thermal_storage_deployed,UNKNOWN,0.3.0
P71,Flötzinger Brauerei Franz Steegmüller GmbH & Co. KG,R008,flexibility,MEDIUM,TECHNICALLY_RELEVANT,RESEARCH_REQUIRED,RESEARCH,"multi-shift or batch production, public transition target","Verify whether flexibility is already deployed using company reports, project references, vendor cases and recent press releases.",B,PR003,brewing_boiling,Schedulable process evidence supports a provisional flexibility opportunity,multi_shift_or_batch_signal,MEDIUM_schedulability,flexibility_solution_deployed,UNKNOWN,0.3.0
P71,Flötzinger Brauerei Franz Steegmüller GmbH & Co. KG,R005,thermal_storage,MEDIUM,TECHNICALLY_RELEVANT,RESEARCH_REQUIRED,RESEARCH,"multi-shift or batch production, public transition target","Verify whether thermal storage is already deployed using company reports, project references, vendor cases and recent press releases.",B,PR003,brewing_boiling,Thermal inertia or cold/heat buffering supports flexibility through thermal storage,batch_or_refrigeration_signal,HIGH_thermal_inertia_storage,thermal_storage_deployed,UNKNOWN,0.3.0
P72,Hofbräuhaus Traunstein Josef Sailer GmbH & Co. KG,R008,flexibility,MEDIUM,TECHNICALLY_RELEVANT,RESEARCH_REQUIRED,RESEARCH,"multi-shift or batch production, public transition target","Verify whether flexibility is already deployed using company reports, project references, vendor cases and recent press releases.",B,PR003,brewing_boiling,Schedulable process evidence supports a provisional flexibility opportunity,multi_shift_or_batch_signal,MEDIUM_schedulability,flexibility_solution_deployed,UNKNOWN,0.3.0
P72,Hofbräuhaus Traunstein Josef Sailer GmbH & Co. KG,R005,thermal_storage,MEDIUM,TECHNICALLY_RELEVANT,RESEARCH_REQUIRED,RESEARCH,"multi-shift or batch production, public transition target","Verify whether thermal storage is already deployed using company reports, project references, vendor cases and recent press releases.",B,PR003,brewing_boiling,Thermal inertia or cold/heat buffering supports flexibility through thermal storage,batch_or_refrigeration_signal,HIGH_thermal_inertia_storage,thermal_storage_deployed,UNKNOWN,0.3.0
P73,Brauerei-Gasthof Kundmüller GmbH,R008,flexibility,MEDIUM,TECHNICALLY_RELEVANT,RESEARCH_REQUIRED,RESEARCH,"multi-shift or batch production, public transition target","Verify whether flexibility is already deployed using company reports, project references, vendor cases and recent press releases.",B,PR003,brewing_boiling,Schedulable process evidence supports a provisional flexibility opportunity,multi_shift_or_batch_signal,MEDIUM_schedulability,flexibility_solution_deployed,UNKNOWN,0.3.0
P73,Brauerei-Gasthof Kundmüller GmbH,R005,thermal_storage,MEDIUM,TECHNICALLY_RELEVANT,RESEARCH_REQUIRED,RESEARCH,"multi-shift or batch production, public transition target","Verify whether thermal storage is already deployed using company reports, project references, vendor cases and recent press releases.",B,PR003,brewing_boiling,Thermal inertia or cold/heat buffering supports flexibility through thermal storage,batch_or_refrigeration_signal,HIGH_thermal_inertia_storage,thermal_storage_deployed,UNKNOWN,0.3.0
P74,Brauerei Gebr. Maisel GmbH & Co. KG,R008,flexibility,MEDIUM,TECHNICALLY_RELEVANT,RESEARCH_REQUIRED,RESEARCH,"multi-shift or batch production, public transition target","Verify whether flexibility is already deployed using company reports, project references, vendor cases and recent press releases.",B,PR003,brewing_boiling,Schedulable process evidence supports a provisional flexibility opportunity,multi_shift_or_batch_signal,MEDIUM_schedulability,flexibility_solution_deployed,UNKNOWN,0.3.0
P74,Brauerei Gebr. Maisel GmbH & Co. KG,R005,thermal_storage,MEDIUM,TECHNICALLY_RELEVANT,RESEARCH_REQUIRED,RESEARCH,"multi-shift or batch production, public transition target","Verify whether thermal storage is already deployed using company reports, project references, vendor cases and recent press releases.",B,PR003,brewing_boiling,Thermal inertia or cold/heat buffering supports flexibility through thermal storage,batch_or_refrigeration_signal,HIGH_thermal_inertia_storage,thermal_storage_deployed,UNKNOWN,0.3.0
P75,Privatbrauerei J.B. Falter Regen KG,R008,flexibility,MEDIUM,TECHNICALLY_RELEVANT,RESEARCH_REQUIRED,RESEARCH,"multi-shift or batch production, public transition target","Verify whether flexibility is already deployed using company reports, project references, vendor cases and recent press releases.",B,PR003,brewing_boiling,Schedulable process evidence supports a provisional flexibility opportunity,multi_shift_or_batch_signal,MEDIUM_schedulability,flexibility_solution_deployed,UNKNOWN,0.3.0
P75,Privatbrauerei J.B. Falter Regen KG,R005,thermal_storage,MEDIUM,TECHNICALLY_RELEVANT,RESEARCH_REQUIRED,RESEARCH,"multi-shift or batch production, public transition target","Verify whether thermal storage is already deployed using company reports, project references, vendor cases and recent press releases.",B,PR003,brewing_boiling,Thermal inertia or cold/heat buffering supports flexibility through thermal storage,batch_or_refrigeration_signal,HIGH_thermal_inertia_storage,thermal_storage_deployed,UNKNOWN,0.3.0
P76,Si-Tech Singer GmbH,R008,flexibility,MEDIUM,TECHNICALLY_RELEVANT,RESEARCH_REQUIRED,RESEARCH,"multi-shift or batch production, public transition target","Verify whether flexibility is already deployed using company reports, project references, vendor cases and recent press releases.",B,PR001,injection_moulding,Schedulable process evidence supports a provisional flexibility opportunity,multi_shift_or_batch_signal,MEDIUM_schedulability,flexibility_solution_deployed,UNKNOWN,0.3.0
P76,Si-Tech Singer GmbH,R004,heat_recovery,HIGH,TECHNICALLY_RELEVANT,RESEARCH_REQUIRED,RESEARCH,"multi-shift or batch production, public transition target","Verify whether heat recovery is already deployed using company reports, project references, vendor cases and recent press releases.",B,PR001,injection_moulding,Cooling/compression evidence supports recoverable-heat relevance,refrigeration_or_compressor_signal,HIGH_cooling_relevance,heat_recovery_deployed,UNKNOWN,0.3.0
P77,metak GmbH & Co. KG,R008,flexibility,MEDIUM,TECHNICALLY_RELEVANT,RESEARCH_REQUIRED,RESEARCH,"multi-shift or batch production, public transition target","Verify whether flexibility is already deployed using company reports, project references, vendor cases and recent press releases.",B,PR001,injection_moulding,Schedulable process evidence supports a provisional flexibility opportunity,multi_shift_or_batch_signal,MEDIUM_schedulability,flexibility_solution_deployed,UNKNOWN,0.3.0
P77,metak GmbH & Co. KG,R004,heat_recovery,HIGH,TECHNICALLY_RELEVANT,RESEARCH_REQUIRED,RESEARCH,"multi-shift or batch production, public transition target","Verify whether heat recovery is already deployed using company reports, project references, vendor cases and recent press releases.",B,PR001,injection_moulding,Cooling/compression evidence supports recoverable-heat relevance,refrigeration_or_compressor_signal,HIGH_cooling_relevance,heat_recovery_deployed,UNKNOWN,0.3.0
P78,Erlemann & Huckenbeck GmbH & Co. KG,R008,flexibility,MEDIUM,TECHNICALLY_RELEVANT,RESEARCH_REQUIRED,RESEARCH,"multi-shift or batch production, public transition target","Verify whether flexibility is already deployed using company reports, project references, vendor cases and recent press releases.",B,PR001,injection_moulding,Schedulable process evidence supports a provisional flexibility opportunity,multi_shift_or_batch_signal,MEDIUM_schedulability,flexibility_solution_deployed,UNKNOWN,0.3.0
P78,Erlemann & Huckenbeck GmbH & Co. KG,R004,heat_recovery,HIGH,TECHNICALLY_RELEVANT,RESEARCH_REQUIRED,RESEARCH,"multi-shift or batch production, public transition target","Verify whether heat recovery is already deployed using company reports, project references, vendor cases and recent press releases.",B,PR001,injection_moulding,Cooling/compression evidence supports recoverable-heat relevance,refrigeration_or_compressor_signal,HIGH_cooling_relevance,heat_recovery_deployed,UNKNOWN,0.3.0
P79,Langer GmbH & Co. KG,R008,flexibility,MEDIUM,TECHNICALLY_RELEVANT,RESEARCH_REQUIRED,RESEARCH,"multi-shift or batch production, public transition target","Verify whether flexibility is already deployed using company reports, project references, vendor cases and recent press releases.",B,PR001,injection_moulding,Schedulable process evidence supports a provisional flexibility opportunity,multi_shift_or_batch_signal,MEDIUM_schedulability,flexibility_solution_deployed,UNKNOWN,0.3.0
P79,Langer GmbH & Co. KG,R004,heat_recovery,HIGH,TECHNICALLY_RELEVANT,RESEARCH_REQUIRED,RESEARCH,"multi-shift or batch production, public transition target","Verify whether heat recovery is already deployed using company reports, project references, vendor cases and recent press releases.",B,PR001,injection_moulding,Cooling/compression evidence supports recoverable-heat relevance,refrigeration_or_compressor_signal,HIGH_cooling_relevance,heat_recovery_deployed,UNKNOWN,0.3.0
P80,MKT Metall- und Kunststofftechnik GmbH,R008,flexibility,MEDIUM,TECHNICALLY_RELEVANT,RESEARCH_REQUIRED,RESEARCH,"multi-shift or batch production, public transition target","Verify whether flexibility is already deployed using company reports, project references, vendor cases and recent press releases.",B,PR001,injection_moulding,Schedulable process evidence supports a provisional flexibility opportunity,multi_shift_or_batch_signal,MEDIUM_schedulability,flexibility_solution_deployed,UNKNOWN,0.3.0
P80,MKT Metall- und Kunststofftechnik GmbH,R004,heat_recovery,HIGH,TECHNICALLY_RELEVANT,RESEARCH_REQUIRED,RESEARCH,"multi-shift or batch production, public transition target","Verify whether heat recovery is already deployed using company reports, project references, vendor cases and recent press releases.",B,PR001,injection_moulding,Cooling/compression evidence supports recoverable-heat relevance,refrigeration_or_compressor_signal,HIGH_cooling_relevance,heat_recovery_deployed,UNKNOWN,0.3.0
P81,Eloxalwerk Ludwigsburg Helmut Zerrer GmbH,R008,flexibility,MEDIUM,TECHNICALLY_RELEVANT,RESEARCH_REQUIRED,RESEARCH,"multi-shift or batch production, public transition target","Verify whether flexibility is already deployed using company reports, project references, vendor cases and recent press releases.",B,PR006,anodising,Schedulable process evidence supports a provisional flexibility opportunity,multi_shift_or_batch_signal,MEDIUM_schedulability,flexibility_solution_deployed,UNKNOWN,0.3.0
P81,Eloxalwerk Ludwigsburg Helmut Zerrer GmbH,R006,power_quality,HIGH,TECHNICALLY_RELEVANT,RESEARCH_REQUIRED,RESEARCH,"multi-shift or batch production, public transition target","Verify whether power quality is already deployed using company reports, project references, vendor cases and recent press releases.",C,PR006,anodising,Nonlinear or high-power conversion equipment supports power-quality relevance,rectifier_converter_furnace_signal,HIGH_power_quality_relevance,power_quality_solution_deployed,UNKNOWN,0.3.0
P82,Galvanotec-Hagen GmbH & Co. KG,R008,flexibility,MEDIUM,TECHNICALLY_RELEVANT,RESEARCH_REQUIRED,RESEARCH,"multi-shift or batch production, public transition target","Verify whether flexibility is already deployed using company reports, project references, vendor cases and recent press releases.",B,PR005,electroplating,Schedulable process evidence supports a provisional flexibility opportunity,multi_shift_or_batch_signal,MEDIUM_schedulability,flexibility_solution_deployed,UNKNOWN,0.3.0
P82,Galvanotec-Hagen GmbH & Co. KG,R006,power_quality,HIGH,TECHNICALLY_RELEVANT,RESEARCH_REQUIRED,RESEARCH,"multi-shift or batch production, public transition target","Verify whether power quality is already deployed using company reports, project references, vendor cases and recent press releases.",C,PR005,electroplating,Nonlinear or high-power conversion equipment supports power-quality relevance,rectifier_converter_furnace_signal,HIGH_power_quality_relevance,power_quality_solution_deployed,UNKNOWN,0.3.0
P83,Gerbracht & Mönch Galvanotechnik GmbH,R008,flexibility,MEDIUM,TECHNICALLY_RELEVANT,RESEARCH_REQUIRED,RESEARCH,"multi-shift or batch production, public transition target","Verify whether flexibility is already deployed using company reports, project references, vendor cases and recent press releases.",B,PR005,electroplating,Schedulable process evidence supports a provisional flexibility opportunity,multi_shift_or_batch_signal,MEDIUM_schedulability,flexibility_solution_deployed,UNKNOWN,0.3.0
P83,Gerbracht & Mönch Galvanotechnik GmbH,R006,power_quality,HIGH,TECHNICALLY_RELEVANT,RESEARCH_REQUIRED,RESEARCH,"multi-shift or batch production, public transition target","Verify whether power quality is already deployed using company reports, project references, vendor cases and recent press releases.",C,PR005,electroplating,Nonlinear or high-power conversion equipment supports power-quality relevance,rectifier_converter_furnace_signal,HIGH_power_quality_relevance,power_quality_solution_deployed,UNKNOWN,0.3.0
P84,Sauer Oberflächentechnik GmbH,R008,flexibility,MEDIUM,TECHNICALLY_RELEVANT,RESEARCH_REQUIRED,RESEARCH,"multi-shift or batch production, public transition target","Verify whether flexibility is already deployed using company reports, project references, vendor cases and recent press releases.",B,PR009,powder_coating,Schedulable process evidence supports a provisional flexibility opportunity,multi_shift_or_batch_signal,MEDIUM_schedulability,flexibility_solution_deployed,UNKNOWN,0.3.0
P85,Die Schweizer Galvanotechnic GmbH & Co. KG,R008,flexibility,MEDIUM,TECHNICALLY_RELEVANT,RESEARCH_REQUIRED,RESEARCH,"multi-shift or batch production, public transition target","Verify whether flexibility is already deployed using company reports, project references, vendor cases and recent press releases.",B,PR005,electroplating,Schedulable process evidence supports a provisional flexibility opportunity,multi_shift_or_batch_signal,MEDIUM_schedulability,flexibility_solution_deployed,UNKNOWN,0.3.0
P85,Die Schweizer Galvanotechnic GmbH & Co. KG,R006,power_quality,HIGH,TECHNICALLY_RELEVANT,RESEARCH_REQUIRED,RESEARCH,"multi-shift or batch production, public transition target","Verify whether power quality is already deployed using company reports, project references, vendor cases and recent press releases.",C,PR005,electroplating,Nonlinear or high-power conversion equipment supports power-quality relevance,rectifier_converter_furnace_signal,HIGH_power_quality_relevance,power_quality_solution_deployed,UNKNOWN,0.3.0
P86,GIESS- TECHNISCHE- SONDERKERAMIK GmbH & Co. KG,R008,flexibility,MEDIUM,TECHNICALLY_RELEVANT,RESEARCH_REQUIRED,RESEARCH,"multi-shift or batch production, public transition target","Verify whether flexibility is already deployed using company reports, project references, vendor cases and recent press releases.",B,PR007,ceramic_firing,Schedulable process evidence supports a provisional flexibility opportunity,multi_shift_or_batch_signal,MEDIUM_schedulability,flexibility_solution_deployed,UNKNOWN,0.3.0
P86,GIESS- TECHNISCHE- SONDERKERAMIK GmbH & Co. KG,R005,thermal_storage,MEDIUM,TECHNICALLY_RELEVANT,RESEARCH_REQUIRED,RESEARCH,"multi-shift or batch production, public transition target","Verify whether thermal storage is already deployed using company reports, project references, vendor cases and recent press releases.",B,PR007,ceramic_firing,Thermal inertia or cold/heat buffering supports flexibility through thermal storage,batch_or_refrigeration_signal,HIGH_thermal_inertia_storage,thermal_storage_deployed,UNKNOWN,0.3.0
P87,Ceramany GmbH,R008,flexibility,MEDIUM,TECHNICALLY_RELEVANT,RESEARCH_REQUIRED,RESEARCH,"multi-shift or batch production, public transition target","Verify whether flexibility is already deployed using company reports, project references, vendor cases and recent press releases.",B,PR007,ceramic_firing,Schedulable process evidence supports a provisional flexibility opportunity,multi_shift_or_batch_signal,MEDIUM_schedulability,flexibility_solution_deployed,UNKNOWN,0.3.0
P87,Ceramany GmbH,R005,thermal_storage,MEDIUM,TECHNICALLY_RELEVANT,RESEARCH_REQUIRED,RESEARCH,"multi-shift or batch production, public transition target","Verify whether thermal storage is already deployed using company reports, project references, vendor cases and recent press releases.",B,PR007,ceramic_firing,Thermal inertia or cold/heat buffering supports flexibility through thermal storage,batch_or_refrigeration_signal,HIGH_thermal_inertia_storage,thermal_storage_deployed,UNKNOWN,0.3.0
P88,Ceramaret Meissen GmbH,R008,flexibility,MEDIUM,TECHNICALLY_RELEVANT,RESEARCH_REQUIRED,RESEARCH,"multi-shift or batch production, public transition target","Verify whether flexibility is already deployed using company reports, project references, vendor cases and recent press releases.",B,PR007,ceramic_firing,Schedulable process evidence supports a provisional flexibility opportunity,multi_shift_or_batch_signal,MEDIUM_schedulability,flexibility_solution_deployed,UNKNOWN,0.3.0
P88,Ceramaret Meissen GmbH,R005,thermal_storage,MEDIUM,TECHNICALLY_RELEVANT,RESEARCH_REQUIRED,RESEARCH,"multi-shift or batch production, public transition target","Verify whether thermal storage is already deployed using company reports, project references, vendor cases and recent press releases.",B,PR007,ceramic_firing,Thermal inertia or cold/heat buffering supports flexibility through thermal storage,batch_or_refrigeration_signal,HIGH_thermal_inertia_storage,thermal_storage_deployed,UNKNOWN,0.3.0
P89,TECHNISCHE KERAMIK FRÖMGEN GMBH,R008,flexibility,MEDIUM,TECHNICALLY_RELEVANT,RESEARCH_REQUIRED,RESEARCH,"multi-shift or batch production, public transition target","Verify whether flexibility is already deployed using company reports, project references, vendor cases and recent press releases.",B,PR007,ceramic_firing,Schedulable process evidence supports a provisional flexibility opportunity,multi_shift_or_batch_signal,MEDIUM_schedulability,flexibility_solution_deployed,UNKNOWN,0.3.0
P89,TECHNISCHE KERAMIK FRÖMGEN GMBH,R005,thermal_storage,MEDIUM,TECHNICALLY_RELEVANT,RESEARCH_REQUIRED,RESEARCH,"multi-shift or batch production, public transition target","Verify whether thermal storage is already deployed using company reports, project references, vendor cases and recent press releases.",B,PR007,ceramic_firing,Thermal inertia or cold/heat buffering supports flexibility through thermal storage,batch_or_refrigeration_signal,HIGH_thermal_inertia_storage,thermal_storage_deployed,UNKNOWN,0.3.0
P90,InnoKeramik & Technik GmbH,R008,flexibility,MEDIUM,TECHNICALLY_RELEVANT,RESEARCH_REQUIRED,RESEARCH,"multi-shift or batch production, public transition target","Verify whether flexibility is already deployed using company reports, project references, vendor cases and recent press releases.",B,PR007,ceramic_firing,Schedulable process evidence supports a provisional flexibility opportunity,multi_shift_or_batch_signal,MEDIUM_schedulability,flexibility_solution_deployed,UNKNOWN,0.3.0
P90,InnoKeramik & Technik GmbH,R005,thermal_storage,MEDIUM,TECHNICALLY_RELEVANT,RESEARCH_REQUIRED,RESEARCH,"multi-shift or batch production, public transition target","Verify whether thermal storage is already deployed using company reports, project references, vendor cases and recent press releases.",B,PR007,ceramic_firing,Thermal inertia or cold/heat buffering supports flexibility through thermal storage,batch_or_refrigeration_signal,HIGH_thermal_inertia_storage,thermal_storage_deployed,UNKNOWN,0.3.0
P91,Brauerei S. Riegele Inh. Riegele KG,R008,flexibility,MEDIUM,TECHNICALLY_RELEVANT,RESEARCH_REQUIRED,RESEARCH,"multi-shift or batch production, public transition target","Verify whether flexibility is already deployed using company reports, project references, vendor cases and recent press releases.",B,PR003,brewing_boiling,Schedulable process evidence supports a provisional flexibility opportunity,multi_shift_or_batch_signal,MEDIUM_schedulability,flexibility_solution_deployed,UNKNOWN,0.3.0
P91,Brauerei S. Riegele Inh. Riegele KG,R005,thermal_storage,MEDIUM,TECHNICALLY_RELEVANT,RESEARCH_REQUIRED,RESEARCH,"multi-shift or batch production, public transition target","Verify whether thermal storage is already deployed using company reports, project references, vendor cases and recent press releases.",B,PR003,brewing_boiling,Thermal inertia or cold/heat buffering supports flexibility through thermal storage,batch_or_refrigeration_signal,HIGH_thermal_inertia_storage,thermal_storage_deployed,UNKNOWN,0.3.0
P92,Familienbrauerei M. Ketterer GmbH & Co. KG,R008,flexibility,MEDIUM,TECHNICALLY_RELEVANT,RESEARCH_REQUIRED,RESEARCH,"multi-shift or batch production, public transition target","Verify whether flexibility is already deployed using company reports, project references, vendor cases and recent press releases.",B,PR003,brewing_boiling,Schedulable process evidence supports a provisional flexibility opportunity,multi_shift_or_batch_signal,MEDIUM_schedulability,flexibility_solution_deployed,UNKNOWN,0.3.0
P92,Familienbrauerei M. Ketterer GmbH & Co. KG,R005,thermal_storage,MEDIUM,TECHNICALLY_RELEVANT,RESEARCH_REQUIRED,RESEARCH,"multi-shift or batch production, public transition target","Verify whether thermal storage is already deployed using company reports, project references, vendor cases and recent press releases.",B,PR003,brewing_boiling,Thermal inertia or cold/heat buffering supports flexibility through thermal storage,batch_or_refrigeration_signal,HIGH_thermal_inertia_storage,thermal_storage_deployed,UNKNOWN,0.3.0
P93,Brauerei Schimpfle GmbH & Co. KG,R008,flexibility,MEDIUM,TECHNICALLY_RELEVANT,RESEARCH_REQUIRED,RESEARCH,"multi-shift or batch production, public transition target","Verify whether flexibility is already deployed using company reports, project references, vendor cases and recent press releases.",B,PR003,brewing_boiling,Schedulable process evidence supports a provisional flexibility opportunity,multi_shift_or_batch_signal,MEDIUM_schedulability,flexibility_solution_deployed,UNKNOWN,0.3.0
P93,Brauerei Schimpfle GmbH & Co. KG,R005,thermal_storage,MEDIUM,TECHNICALLY_RELEVANT,RESEARCH_REQUIRED,RESEARCH,"multi-shift or batch production, public transition target","Verify whether thermal storage is already deployed using company reports, project references, vendor cases and recent press releases.",B,PR003,brewing_boiling,Thermal inertia or cold/heat buffering supports flexibility through thermal storage,batch_or_refrigeration_signal,HIGH_thermal_inertia_storage,thermal_storage_deployed,UNKNOWN,0.3.0
P94,Brauerei zum Kuchlbauer GmbH & Co. KG,R008,flexibility,MEDIUM,TECHNICALLY_RELEVANT,RESEARCH_REQUIRED,RESEARCH,"multi-shift or batch production, public transition target","Verify whether flexibility is already deployed using company reports, project references, vendor cases and recent press releases.",B,PR003,brewing_boiling,Schedulable process evidence supports a provisional flexibility opportunity,multi_shift_or_batch_signal,MEDIUM_schedulability,flexibility_solution_deployed,UNKNOWN,0.3.0
P94,Brauerei zum Kuchlbauer GmbH & Co. KG,R005,thermal_storage,MEDIUM,TECHNICALLY_RELEVANT,RESEARCH_REQUIRED,RESEARCH,"multi-shift or batch production, public transition target","Verify whether thermal storage is already deployed using company reports, project references, vendor cases and recent press releases.",B,PR003,brewing_boiling,Thermal inertia or cold/heat buffering supports flexibility through thermal storage,batch_or_refrigeration_signal,HIGH_thermal_inertia_storage,thermal_storage_deployed,UNKNOWN,0.3.0
P95,Winkler-Bräu GmbH & Co. KG,R008,flexibility,MEDIUM,TECHNICALLY_RELEVANT,RESEARCH_REQUIRED,RESEARCH,"multi-shift or batch production, public transition target","Verify whether flexibility is already deployed using company reports, project references, vendor cases and recent press releases.",B,PR003,brewing_boiling,Schedulable process evidence supports a provisional flexibility opportunity,multi_shift_or_batch_signal,MEDIUM_schedulability,flexibility_solution_deployed,UNKNOWN,0.3.0
P95,Winkler-Bräu GmbH & Co. KG,R005,thermal_storage,MEDIUM,TECHNICALLY_RELEVANT,RESEARCH_REQUIRED,RESEARCH,"multi-shift or batch production, public transition target","Verify whether thermal storage is already deployed using company reports, project references, vendor cases and recent press releases.",B,PR003,brewing_boiling,Thermal inertia or cold/heat buffering supports flexibility through thermal storage,batch_or_refrigeration_signal,HIGH_thermal_inertia_storage,thermal_storage_deployed,UNKNOWN,0.3.0
P96,PEKA Spritzguss GmbH,R008,flexibility,MEDIUM,TECHNICALLY_RELEVANT,RESEARCH_REQUIRED,RESEARCH,"multi-shift or batch production, public transition target","Verify whether flexibility is already deployed using company reports, project references, vendor cases and recent press releases.",B,PR001,injection_moulding,Schedulable process evidence supports a provisional flexibility opportunity,multi_shift_or_batch_signal,MEDIUM_schedulability,flexibility_solution_deployed,UNKNOWN,0.3.0
P96,PEKA Spritzguss GmbH,R004,heat_recovery,HIGH,TECHNICALLY_RELEVANT,RESEARCH_REQUIRED,RESEARCH,"multi-shift or batch production, public transition target","Verify whether heat recovery is already deployed using company reports, project references, vendor cases and recent press releases.",B,PR001,injection_moulding,Cooling/compression evidence supports recoverable-heat relevance,refrigeration_or_compressor_signal,HIGH_cooling_relevance,heat_recovery_deployed,UNKNOWN,0.3.0
P97,Peltzer & Co. GmbH,R008,flexibility,MEDIUM,TECHNICALLY_RELEVANT,RESEARCH_REQUIRED,RESEARCH,"multi-shift or batch production, public transition target","Verify whether flexibility is already deployed using company reports, project references, vendor cases and recent press releases.",B,PR001,injection_moulding,Schedulable process evidence supports a provisional flexibility opportunity,multi_shift_or_batch_signal,MEDIUM_schedulability,flexibility_solution_deployed,UNKNOWN,0.3.0
P97,Peltzer & Co. GmbH,R004,heat_recovery,HIGH,TECHNICALLY_RELEVANT,RESEARCH_REQUIRED,RESEARCH,"multi-shift or batch production, public transition target","Verify whether heat recovery is already deployed using company reports, project references, vendor cases and recent press releases.",B,PR001,injection_moulding,Cooling/compression evidence supports recoverable-heat relevance,refrigeration_or_compressor_signal,HIGH_cooling_relevance,heat_recovery_deployed,UNKNOWN,0.3.0
P98,Robert Frank GmbH & Co. KG,R008,flexibility,MEDIUM,TECHNICALLY_RELEVANT,RESEARCH_REQUIRED,RESEARCH,"multi-shift or batch production, public transition target","Verify whether flexibility is already deployed using company reports, project references, vendor cases and recent press releases.",B,PR001,injection_moulding,Schedulable process evidence supports a provisional flexibility opportunity,multi_shift_or_batch_signal,MEDIUM_schedulability,flexibility_solution_deployed,UNKNOWN,0.3.0
P98,Robert Frank GmbH & Co. KG,R004,heat_recovery,HIGH,TECHNICALLY_RELEVANT,RESEARCH_REQUIRED,RESEARCH,"multi-shift or batch production, public transition target","Verify whether heat recovery is already deployed using company reports, project references, vendor cases and recent press releases.",B,PR001,injection_moulding,Cooling/compression evidence supports recoverable-heat relevance,refrigeration_or_compressor_signal,HIGH_cooling_relevance,heat_recovery_deployed,UNKNOWN,0.3.0
P99,Kunststofftechnik Breitungen GmbH & Co. KG,R008,flexibility,MEDIUM,TECHNICALLY_RELEVANT,RESEARCH_REQUIRED,RESEARCH,"multi-shift or batch production, public transition target","Verify whether flexibility is already deployed using company reports, project references, vendor cases and recent press releases.",B,PR001,injection_moulding,Schedulable process evidence supports a provisional flexibility opportunity,multi_shift_or_batch_signal,MEDIUM_schedulability,flexibility_solution_deployed,UNKNOWN,0.3.0
P99,Kunststofftechnik Breitungen GmbH & Co. KG,R004,heat_recovery,HIGH,TECHNICALLY_RELEVANT,RESEARCH_REQUIRED,RESEARCH,"multi-shift or batch production, public transition target","Verify whether heat recovery is already deployed using company reports, project references, vendor cases and recent press releases.",B,PR001,injection_moulding,Cooling/compression evidence supports recoverable-heat relevance,refrigeration_or_compressor_signal,HIGH_cooling_relevance,heat_recovery_deployed,UNKNOWN,0.3.0
P100,Kläger Spritzguss GmbH & Co. KG,R008,flexibility,MEDIUM,TECHNICALLY_RELEVANT,RESEARCH_REQUIRED,RESEARCH,"multi-shift or batch production, public transition target","Verify whether flexibility is already deployed using company reports, project references, vendor cases and recent press releases.",B,PR001,injection_moulding,Schedulable process evidence supports a provisional flexibility opportunity,multi_shift_or_batch_signal,MEDIUM_schedulability,flexibility_solution_deployed,UNKNOWN,0.3.0
P100,Kläger Spritzguss GmbH & Co. KG,R004,heat_recovery,HIGH,TECHNICALLY_RELEVANT,RESEARCH_REQUIRED,RESEARCH,"multi-shift or batch production, public transition target","Verify whether heat recovery is already deployed using company reports, project references, vendor cases and recent press releases.",B,PR001,injection_moulding,Cooling/compression evidence supports recoverable-heat relevance,refrigeration_or_compressor_signal,HIGH_cooling_relevance,heat_recovery_deployed,UNKNOWN,0.3.0
P101,Metoba Metalloberflächenbearbeitung GmbH,R008,flexibility,MEDIUM,TECHNICALLY_RELEVANT,RESEARCH_REQUIRED,RESEARCH,"multi-shift or batch production, public transition target","Verify whether flexibility is already deployed using company reports, project references, vendor cases and recent press releases.",B,PR005,electroplating,Schedulable process evidence supports a provisional flexibility opportunity,multi_shift_or_batch_signal,MEDIUM_schedulability,flexibility_solution_deployed,UNKNOWN,0.3.0
P101,Metoba Metalloberflächenbearbeitung GmbH,R006,power_quality,HIGH,TECHNICALLY_RELEVANT,RESEARCH_REQUIRED,RESEARCH,"multi-shift or batch production, public transition target","Verify whether power quality is already deployed using company reports, project references, vendor cases and recent press releases.",C,PR005,electroplating,Nonlinear or high-power conversion equipment supports power-quality relevance,rectifier_converter_furnace_signal,HIGH_power_quality_relevance,power_quality_solution_deployed,UNKNOWN,0.3.0
P102,Rudolf Clauss GmbH & Co. KG,R008,flexibility,MEDIUM,TECHNICALLY_RELEVANT,RESEARCH_REQUIRED,RESEARCH,"multi-shift or batch production, public transition target","Verify whether flexibility is already deployed using company reports, project references, vendor cases and recent press releases.",B,PR005,electroplating,Schedulable process evidence supports a provisional flexibility opportunity,multi_shift_or_batch_signal,MEDIUM_schedulability,flexibility_solution_deployed,UNKNOWN,0.3.0
P102,Rudolf Clauss GmbH & Co. KG,R006,power_quality,HIGH,TECHNICALLY_RELEVANT,RESEARCH_REQUIRED,RESEARCH,"multi-shift or batch production, public transition target","Verify whether power quality is already deployed using company reports, project references, vendor cases and recent press releases.",C,PR005,electroplating,Nonlinear or high-power conversion equipment supports power-quality relevance,rectifier_converter_furnace_signal,HIGH_power_quality_relevance,power_quality_solution_deployed,UNKNOWN,0.3.0
P103,Metallveredelung Gebrüder Wigl GmbH,R008,flexibility,MEDIUM,TECHNICALLY_RELEVANT,RESEARCH_REQUIRED,RESEARCH,"multi-shift or batch production, public transition target","Verify whether flexibility is already deployed using company reports, project references, vendor cases and recent press releases.",B,PR006,anodising,Schedulable process evidence supports a provisional flexibility opportunity,multi_shift_or_batch_signal,MEDIUM_schedulability,flexibility_solution_deployed,UNKNOWN,0.3.0
P103,Metallveredelung Gebrüder Wigl GmbH,R006,power_quality,HIGH,TECHNICALLY_RELEVANT,RESEARCH_REQUIRED,RESEARCH,"multi-shift or batch production, public transition target","Verify whether power quality is already deployed using company reports, project references, vendor cases and recent press releases.",C,PR006,anodising,Nonlinear or high-power conversion equipment supports power-quality relevance,rectifier_converter_furnace_signal,HIGH_power_quality_relevance,power_quality_solution_deployed,UNKNOWN,0.3.0
P104,Holder GmbH Oberflächentechnik,R008,flexibility,MEDIUM,TECHNICALLY_RELEVANT,RESEARCH_REQUIRED,RESEARCH,"multi-shift or batch production, public transition target","Verify whether flexibility is already deployed using company reports, project references, vendor cases and recent press releases.",B,PR005,electroplating,Schedulable process evidence supports a provisional flexibility opportunity,multi_shift_or_batch_signal,MEDIUM_schedulability,flexibility_solution_deployed,UNKNOWN,0.3.0
P104,Holder GmbH Oberflächentechnik,R006,power_quality,HIGH,TECHNICALLY_RELEVANT,RESEARCH_REQUIRED,RESEARCH,"multi-shift or batch production, public transition target","Verify whether power quality is already deployed using company reports, project references, vendor cases and recent press releases.",C,PR005,electroplating,Nonlinear or high-power conversion equipment supports power-quality relevance,rectifier_converter_furnace_signal,HIGH_power_quality_relevance,power_quality_solution_deployed,UNKNOWN,0.3.0
P105,Dresdner Silber und Metallveredlung GmbH,R008,flexibility,MEDIUM,TECHNICALLY_RELEVANT,RESEARCH_REQUIRED,RESEARCH,"multi-shift or batch production, public transition target","Verify whether flexibility is already deployed using company reports, project references, vendor cases and recent press releases.",B,PR005,electroplating,Schedulable process evidence supports a provisional flexibility opportunity,multi_shift_or_batch_signal,MEDIUM_schedulability,flexibility_solution_deployed,UNKNOWN,0.3.0
P105,Dresdner Silber und Metallveredlung GmbH,R006,power_quality,HIGH,TECHNICALLY_RELEVANT,RESEARCH_REQUIRED,RESEARCH,"multi-shift or batch production, public transition target","Verify whether power quality is already deployed using company reports, project references, vendor cases and recent press releases.",C,PR005,electroplating,Nonlinear or high-power conversion equipment supports power-quality relevance,rectifier_converter_furnace_signal,HIGH_power_quality_relevance,power_quality_solution_deployed,UNKNOWN,0.3.0
P106,Felix Vuckovic - Technische Keramik GmbH,R008,flexibility,MEDIUM,TECHNICALLY_RELEVANT,RESEARCH_REQUIRED,RESEARCH,"multi-shift or batch production, public transition target","Verify whether flexibility is already deployed using company reports, project references, vendor cases and recent press releases.",B,PR007,ceramic_firing,Schedulable process evidence supports a provisional flexibility opportunity,multi_shift_or_batch_signal,MEDIUM_schedulability,flexibility_solution_deployed,UNKNOWN,0.3.0
P106,Felix Vuckovic - Technische Keramik GmbH,R005,thermal_storage,MEDIUM,TECHNICALLY_RELEVANT,RESEARCH_REQUIRED,RESEARCH,"multi-shift or batch production, public transition target","Verify whether thermal storage is already deployed using company reports, project references, vendor cases and recent press releases.",B,PR007,ceramic_firing,Thermal inertia or cold/heat buffering supports flexibility through thermal storage,batch_or_refrigeration_signal,HIGH_thermal_inertia_storage,thermal_storage_deployed,UNKNOWN,0.3.0
P107,Dibbern Porzellanmanufaktur GmbH,R008,flexibility,MEDIUM,TECHNICALLY_RELEVANT,RESEARCH_REQUIRED,RESEARCH,"multi-shift or batch production, public transition target","Verify whether flexibility is already deployed using company reports, project references, vendor cases and recent press releases.",B,PR007,ceramic_firing,Schedulable process evidence supports a provisional flexibility opportunity,multi_shift_or_batch_signal,MEDIUM_schedulability,flexibility_solution_deployed,UNKNOWN,0.3.0
P107,Dibbern Porzellanmanufaktur GmbH,R005,thermal_storage,MEDIUM,TECHNICALLY_RELEVANT,RESEARCH_REQUIRED,RESEARCH,"multi-shift or batch production, public transition target","Verify whether thermal storage is already deployed using company reports, project references, vendor cases and recent press releases.",B,PR007,ceramic_firing,Thermal inertia or cold/heat buffering supports flexibility through thermal storage,batch_or_refrigeration_signal,HIGH_thermal_inertia_storage,thermal_storage_deployed,UNKNOWN,0.3.0
P108,Porzellanmanufaktur Reichenbach GmbH,R008,flexibility,MEDIUM,TECHNICALLY_RELEVANT,RESEARCH_REQUIRED,RESEARCH,"multi-shift or batch production, public transition target","Verify whether flexibility is already deployed using company reports, project references, vendor cases and recent press releases.",B,PR007,ceramic_firing,Schedulable process evidence supports a provisional flexibility opportunity,multi_shift_or_batch_signal,MEDIUM_schedulability,flexibility_solution_deployed,UNKNOWN,0.3.0
P108,Porzellanmanufaktur Reichenbach GmbH,R005,thermal_storage,MEDIUM,TECHNICALLY_RELEVANT,RESEARCH_REQUIRED,RESEARCH,"multi-shift or batch production, public transition target","Verify whether thermal storage is already deployed using company reports, project references, vendor cases and recent press releases.",B,PR007,ceramic_firing,Thermal inertia or cold/heat buffering supports flexibility through thermal storage,batch_or_refrigeration_signal,HIGH_thermal_inertia_storage,thermal_storage_deployed,UNKNOWN,0.3.0
P109,Porzellan Manufaktur Nymphenburg GmbH & Co. KG,R008,flexibility,MEDIUM,TECHNICALLY_RELEVANT,RESEARCH_REQUIRED,RESEARCH,"multi-shift or batch production, public transition target","Verify whether flexibility is already deployed using company reports, project references, vendor cases and recent press releases.",B,PR007,ceramic_firing,Schedulable process evidence supports a provisional flexibility opportunity,multi_shift_or_batch_signal,MEDIUM_schedulability,flexibility_solution_deployed,UNKNOWN,0.3.0
P109,Porzellan Manufaktur Nymphenburg GmbH & Co. KG,R005,thermal_storage,MEDIUM,TECHNICALLY_RELEVANT,RESEARCH_REQUIRED,RESEARCH,"multi-shift or batch production, public transition target","Verify whether thermal storage is already deployed using company reports, project references, vendor cases and recent press releases.",B,PR007,ceramic_firing,Thermal inertia or cold/heat buffering supports flexibility through thermal storage,batch_or_refrigeration_signal,HIGH_thermal_inertia_storage,thermal_storage_deployed,UNKNOWN,0.3.0
P110,Neue Porzellanfabrik Triptis GmbH,R008,flexibility,MEDIUM,TECHNICALLY_RELEVANT,RESEARCH_REQUIRED,RESEARCH,"multi-shift or batch production, public transition target","Verify whether flexibility is already deployed using company reports, project references, vendor cases and recent press releases.",B,PR007,ceramic_firing,Schedulable process evidence supports a provisional flexibility opportunity,multi_shift_or_batch_signal,MEDIUM_schedulability,flexibility_solution_deployed,UNKNOWN,0.3.0
P110,Neue Porzellanfabrik Triptis GmbH,R005,thermal_storage,MEDIUM,TECHNICALLY_RELEVANT,RESEARCH_REQUIRED,RESEARCH,"multi-shift or batch production, public transition target","Verify whether thermal storage is already deployed using company reports, project references, vendor cases and recent press releases.",B,PR007,ceramic_firing,Thermal inertia or cold/heat buffering supports flexibility through thermal storage,batch_or_refrigeration_signal,HIGH_thermal_inertia_storage,thermal_storage_deployed,UNKNOWN,0.3.0
