work_rank,company_work_rank,task_key,company_id,legal_entity,workstream,task_type,dimension,required_fields,missing_fields,missing_field_count,proposal_covered_fields,research_gap_fields,proposal_status_summary,task_status,work_priority,evidence_confidence,process_confidence,source_count,qa_result,independent_human_review_status,score_status,research_rank,queue_reason,next_action,work_queue_version
1,1,P07|ELIGIBILITY_GATE,P07,VARIOPLAST Konrad Däbritz GmbH,ELIGIBILITY,ELIGIBILITY_GATE,,sme_status | group_check,group_check,1,,,,OPEN_GATE,GATE,B,B,10,PASS,PENDING,NOT_SCOREABLE_ELIGIBILITY,1,SME/group eligibility is an upstream validity gate. Documentary field assessment does not resolve this gate; canonical scoring remains blocked until eligibility is resolved.,"Resolve ownership, linked-enterprise aggregation and EU SME eligibility before treating any ETOI score as valid.",1.1.0
2,2,P10|ELIGIBILITY_GATE,P10,Oskar Lehmann GmbH & Co. KG,ELIGIBILITY,ELIGIBILITY_GATE,,sme_status | group_check,group_check,1,,,,OPEN_GATE,GATE,B,B,10,PASS,PENDING,NOT_SCOREABLE_ELIGIBILITY,2,SME/group eligibility is an upstream validity gate. Documentary field assessment does not resolve this gate; canonical scoring remains blocked until eligibility is resolved.,"Resolve ownership, linked-enterprise aggregation and EU SME eligibility before treating any ETOI score as valid.",1.1.0
3,3,P104|ELIGIBILITY_GATE,P104,Holder GmbH Oberflächentechnik,ELIGIBILITY,ELIGIBILITY_GATE,,sme_status | group_check,group_check,1,,,,OPEN_GATE,GATE,B,B,8,PASS,PENDING,NOT_SCOREABLE_ELIGIBILITY,3,SME/group eligibility is an upstream validity gate. Documentary field assessment does not resolve this gate; canonical scoring remains blocked until eligibility is resolved.,"Resolve ownership, linked-enterprise aggregation and EU SME eligibility before treating any ETOI score as valid.",1.1.0
4,4,P32|ELIGIBILITY_GATE,P32,Kronenbrauerei Otto Haizmann KG,ELIGIBILITY,ELIGIBILITY_GATE,,sme_status | group_check,group_check,1,,,,OPEN_GATE,GATE,C,C,2,PASS,PENDING,NOT_SCOREABLE_ELIGIBILITY,4,SME/group eligibility is an upstream validity gate. Documentary field assessment does not resolve this gate; canonical scoring remains blocked until eligibility is resolved.,"Resolve ownership, linked-enterprise aggregation and EU SME eligibility before treating any ETOI score as valid.",1.1.0
5,5,P34|ELIGIBILITY_GATE,P34,KTS Kunststoff Technik Schmölln GmbH,ELIGIBILITY,ELIGIBILITY_GATE,,sme_status | group_check,group_check,1,,,,OPEN_GATE,GATE,B,B,6,PASS,PENDING,NOT_SCOREABLE_ELIGIBILITY,5,SME/group eligibility is an upstream validity gate. Documentary field assessment does not resolve this gate; canonical scoring remains blocked until eligibility is resolved.,"Resolve ownership, linked-enterprise aggregation and EU SME eligibility before treating any ETOI score as valid.",1.1.0
6,6,P40|ELIGIBILITY_GATE,P40,OFTECH Oberflächentechnik GmbH & Co. KG,ELIGIBILITY,ELIGIBILITY_GATE,,sme_status | group_check,group_check,1,,,,OPEN_GATE,GATE,C,C,3,PASS,PENDING,NOT_SCOREABLE_ELIGIBILITY,6,SME/group eligibility is an upstream validity gate. Documentary field assessment does not resolve this gate; canonical scoring remains blocked until eligibility is resolved.,"Resolve ownership, linked-enterprise aggregation and EU SME eligibility before treating any ETOI score as valid.",1.1.0
7,7,P42|ELIGIBILITY_GATE,P42,OT Oberflächentechnik GmbH & Co. KG,ELIGIBILITY,ELIGIBILITY_GATE,,sme_status | group_check,group_check,1,,,,OPEN_GATE,GATE,C,C,4,PASS,PENDING,NOT_SCOREABLE_ELIGIBILITY,7,SME/group eligibility is an upstream validity gate. Documentary field assessment does not resolve this gate; canonical scoring remains blocked until eligibility is resolved.,"Resolve ownership, linked-enterprise aggregation and EU SME eligibility before treating any ETOI score as valid.",1.1.0
8,8,P46|ELIGIBILITY_GATE,P46,Porzellanfabrik Hermsdorf GmbH,ELIGIBILITY,ELIGIBILITY_GATE,,sme_status | group_check,group_check,1,,,,OPEN_GATE,GATE,B,B,5,PASS,PENDING,NOT_SCOREABLE_ELIGIBILITY,8,SME/group eligibility is an upstream validity gate. Documentary field assessment does not resolve this gate; canonical scoring remains blocked until eligibility is resolved.,"Resolve ownership, linked-enterprise aggregation and EU SME eligibility before treating any ETOI score as valid.",1.1.0
9,9,P47|ELIGIBILITY_GATE,P47,hofmann CERAMiC GmbH,ELIGIBILITY,ELIGIBILITY_GATE,,sme_status | group_check,group_check,1,,,,OPEN_GATE,GATE,B,B,9,PASS,PENDING,NOT_SCOREABLE_ELIGIBILITY,9,SME/group eligibility is an upstream validity gate. Documentary field assessment does not resolve this gate; canonical scoring remains blocked until eligibility is resolved.,"Resolve ownership, linked-enterprise aggregation and EU SME eligibility before treating any ETOI score as valid.",1.1.0
10,10,P65|ELIGIBILITY_GATE,P65,Porzellanmanufaktur FÜRSTENBERG GmbH,ELIGIBILITY,ELIGIBILITY_GATE,,sme_status | group_check,group_check,1,,,,OPEN_GATE,GATE,B,B,4,PASS,PENDING,NOT_SCOREABLE_ELIGIBILITY,10,SME/group eligibility is an upstream validity gate. Documentary field assessment does not resolve this gate; canonical scoring remains blocked until eligibility is resolved.,"Resolve ownership, linked-enterprise aggregation and EU SME eligibility before treating any ETOI score as valid.",1.1.0
11,11,P67|ELIGIBILITY_GATE,P67,DOCERAM GmbH,ELIGIBILITY,ELIGIBILITY_GATE,,sme_status | group_check,group_check,1,,,,OPEN_GATE,GATE,B,B,4,PASS,PENDING,NOT_SCOREABLE_ELIGIBILITY,11,SME/group eligibility is an upstream validity gate. Documentary field assessment does not resolve this gate; canonical scoring remains blocked until eligibility is resolved.,"Resolve ownership, linked-enterprise aggregation and EU SME eligibility before treating any ETOI score as valid.",1.1.0
12,12,P88|ELIGIBILITY_GATE,P88,Ceramaret Meissen GmbH,ELIGIBILITY,ELIGIBILITY_GATE,,sme_status | group_check,group_check,1,,,,OPEN_GATE,GATE,B,B,7,PASS,PENDING,NOT_SCOREABLE_ELIGIBILITY,12,SME/group eligibility is an upstream validity gate. Documentary field assessment does not resolve this gate; canonical scoring remains blocked until eligibility is resolved.,"Resolve ownership, linked-enterprise aggregation and EU SME eligibility before treating any ETOI score as valid.",1.1.0
13,13,P04|process_electrification_potential,P04,Neumarkter Lammsbräu Gebr. Ehrnsperger KG,NUMERIC_CODING,CODE_DIMENSION,process_electrification_potential,temperature_fit_score | process_electrification_score | fossil_heat_displacement_score,temperature_fit_score | process_electrification_score | fossil_heat_displacement_score,3,temperature_fit_score | process_electrification_score | fossil_heat_displacement_score,,CHECKED=3,CHECKED,P1,A,A,6,PASS,PENDING,NEEDS_NUMERIC_CODING,,"Eligibility, process mapping and certificate gates pass. Canonical numeric anchors remain uncoded; proposal state is tracked separately and never mutates canonical values.",Source and anchor checks are complete. Preserve the checked proposals; final-score approval and canonical scoring remain separate gates.,1.1.0
14,13,P04|power_electronics_relevance,P04,Neumarkter Lammsbräu Gebr. Ehrnsperger KG,NUMERIC_CODING,CODE_DIMENSION,power_electronics_relevance,motor_drive_score | power_conversion_score | automation_control_score,motor_drive_score | power_conversion_score | automation_control_score,3,motor_drive_score | power_conversion_score | automation_control_score,,CHECKED=3,CHECKED,P1,A,A,6,PASS,PENDING,NEEDS_NUMERIC_CODING,,"Eligibility, process mapping and certificate gates pass. Canonical numeric anchors remain uncoded; proposal state is tracked separately and never mutates canonical values.",Source and anchor checks are complete. Preserve the checked proposals; final-score approval and canonical scoring remain separate gates.,1.1.0
15,13,P04|load_flexibility_potential,P04,Neumarkter Lammsbräu Gebr. Ehrnsperger KG,NUMERIC_CODING,CODE_DIMENSION,load_flexibility_potential,scheduling_flex_score | thermal_storage_flex_score,scheduling_flex_score | thermal_storage_flex_score,2,scheduling_flex_score | thermal_storage_flex_score,thermal_storage_flex_score,CHECKED=1 | NEEDS_RESEARCH=1,RESEARCH_NEEDED,P1,A,A,6,PASS,PENDING,NEEDS_NUMERIC_CODING,,"Eligibility, process mapping and certificate gates pass. Canonical numeric anchors remain uncoded; proposal state is tracked separately and never mutates canonical values.","Research the unresolved score evidence before proposing an anchor: thermal_storage_flex_score: Central refrigeration and cooled beer storage do not establish an available thermal buffer for shifting electrical demand. Need a named usable heat/cold store, operating window and quality constraints. Continuation2026-10-08: New network/heat-pump storage statements describe planning; a planned105degreesCnetwork buffer is not confirmed operating thermal storage. Vertiefung 2026-10-08: Aktuellen Inbetriebnahmenachweis für Wärmeprojekt und Speicher mit nutzbarem Temperatur-/Ladefenster beschaffen.",1.1.0
16,13,P04|grid_power_quality_relevance,P04,Neumarkter Lammsbräu Gebr. Ehrnsperger KG,NUMERIC_CODING,CODE_DIMENSION,grid_power_quality_relevance,incremental_load_score | power_quality_score | onsite_integration_score,incremental_load_score | power_quality_score | onsite_integration_score,3,incremental_load_score | power_quality_score | onsite_integration_score,,CHECKED=3,CHECKED,P1,A,A,6,PASS,PENDING,NEEDS_NUMERIC_CODING,,"Eligibility, process mapping and certificate gates pass. Canonical numeric anchors remain uncoded; proposal state is tracked separately and never mutates canonical values.",Source and anchor checks are complete. Preserve the checked proposals; final-score approval and canonical scoring remain separate gates.,1.1.0
17,13,P04|observed_transition_gap,P04,Neumarkter Lammsbräu Gebr. Ehrnsperger KG,NUMERIC_CODING,CODE_DIMENSION,observed_transition_gap,measures_gap_score | management_gap_score | targets_gap_score | investment_gap_score,measures_gap_score | management_gap_score | targets_gap_score | investment_gap_score,4,measures_gap_score | management_gap_score | targets_gap_score | investment_gap_score,,CHECKED=4,CHECKED,P1,A,A,6,PASS,PENDING,NEEDS_NUMERIC_CODING,,"Eligibility, process mapping and certificate gates pass. Canonical numeric anchors remain uncoded; proposal state is tracked separately and never mutates canonical values.",Source and anchor checks are complete. Preserve the checked proposals; final-score approval and canonical scoring remain separate gates.,1.1.0
18,14,P16|process_electrification_potential,P16,Sembach GmbH & Co. KG,NUMERIC_CODING,CODE_DIMENSION,process_electrification_potential,temperature_fit_score | process_electrification_score | fossil_heat_displacement_score,temperature_fit_score | process_electrification_score | fossil_heat_displacement_score,3,temperature_fit_score | process_electrification_score | fossil_heat_displacement_score,process_electrification_score | fossil_heat_displacement_score,CHECKED=1 | NEEDS_RESEARCH=2,RESEARCH_NEEDED,P1,A,A,6,PASS,PENDING,NEEDS_NUMERIC_CODING,,"Eligibility, process mapping and certificate gates pass. Canonical numeric anchors remain uncoded; proposal state is tracked separately and never mutates canonical values.","Research the unresolved score evidence before proposing an anchor: process_electrification_score: Current furnace technology and firm-specific electric-heating/electrification route for debinding and sintering Continuation2026-10-08: Own CNC, monitoring and furnace room-heat recovery are documented. Customer energy-technology products are not own generation; fuel, converter topology and thermal storage remain unspecified.; fossil_heat_displacement_score: Current energy carrier(s) for debinding, sintering and high-temperature/chamber furnaces Continuation2026-10-08: Own CNC, monitoring and furnace room-heat recovery are documented. Customer energy-technology products are not own generation; fuel, converter topology and thermal storage remain unspecified.",1.1.0
19,14,P16|power_electronics_relevance,P16,Sembach GmbH & Co. KG,NUMERIC_CODING,CODE_DIMENSION,power_electronics_relevance,motor_drive_score | power_conversion_score | automation_control_score,motor_drive_score | power_conversion_score | automation_control_score,3,motor_drive_score | power_conversion_score | automation_control_score,power_conversion_score,CHECKED=2 | NEEDS_RESEARCH=1,RESEARCH_NEEDED,P1,A,A,6,PASS,PENDING,NEEDS_NUMERIC_CODING,,"Eligibility, process mapping and certificate gates pass. Canonical numeric anchors remain uncoded; proposal state is tracked separately and never mutates canonical values.","Research the unresolved score evidence before proposing an anchor: power_conversion_score: Furnace electrical topology and any converter/rectifier/controlled-electric-heat applications Continuation2026-10-08: Own CNC, monitoring and furnace room-heat recovery are documented. Customer energy-technology products are not own generation; fuel, converter topology and thermal storage remain unspecified.",1.1.0
20,14,P16|load_flexibility_potential,P16,Sembach GmbH & Co. KG,NUMERIC_CODING,CODE_DIMENSION,load_flexibility_potential,scheduling_flex_score | thermal_storage_flex_score,scheduling_flex_score | thermal_storage_flex_score,2,scheduling_flex_score | thermal_storage_flex_score,thermal_storage_flex_score,CHECKED=1 | NEEDS_RESEARCH=1,RESEARCH_NEEDED,P1,A,A,6,PASS,PENDING,NEEDS_NUMERIC_CODING,,"Eligibility, process mapping and certificate gates pass. Canonical numeric anchors remain uncoded; proposal state is tracked separately and never mutates canonical values.","Research the unresolved score evidence before proposing an anchor: thermal_storage_flex_score: Company-specific thermal buffer/storage or evidence-backed usable thermal inertia Continuation2026-10-08: Own CNC, monitoring and furnace room-heat recovery are documented. Customer energy-technology products are not own generation; fuel, converter topology and thermal storage remain unspecified.",1.1.0
21,14,P16|grid_power_quality_relevance,P16,Sembach GmbH & Co. KG,NUMERIC_CODING,CODE_DIMENSION,grid_power_quality_relevance,incremental_load_score | power_quality_score | onsite_integration_score,incremental_load_score | power_quality_score | onsite_integration_score,3,incremental_load_score | power_quality_score | onsite_integration_score,incremental_load_score | power_quality_score | onsite_integration_score,NEEDS_RESEARCH=3,RESEARCH_NEEDED,P1,A,A,6,PASS,PENDING,NEEDS_NUMERIC_CODING,,"Eligibility, process mapping and certificate gates pass. Canonical numeric anchors remain uncoded; proposal state is tracked separately and never mutates canonical values.","Research the unresolved score evidence before proposing an anchor: incremental_load_score: Current furnace energy carrier and defined electrification pathway sufficient for ordinal incremental-load coding Continuation2026-10-08: Own CNC, monitoring and furnace room-heat recovery are documented. Customer energy-technology products are not own generation; fuel, converter topology and thermal storage remain unspecified.; power_quality_score: Firm-specific power-quality, converter-topology or electrical peak-load evidence Continuation2026-10-08: Own CNC, monitoring and furnace room-heat recovery are documented. Customer energy-technology products are not own generation; fuel, converter topology and thermal storage remain unspecified.; onsite_integration_score: Onsite generation, battery, microgrid or coordinated load-management evidence Continuation2026-10-08: Own CNC, monitoring and furnace room-heat recovery are documented. Customer energy-technology products are not own generation; fuel, converter topology and thermal storage remain unspecified.",1.1.0
22,14,P16|observed_transition_gap,P16,Sembach GmbH & Co. KG,NUMERIC_CODING,CODE_DIMENSION,observed_transition_gap,measures_gap_score | management_gap_score | targets_gap_score | investment_gap_score,measures_gap_score | management_gap_score | targets_gap_score | investment_gap_score,4,measures_gap_score | management_gap_score | targets_gap_score | investment_gap_score,investment_gap_score,CHECKED=3 | NEEDS_RESEARCH=1,RESEARCH_NEEDED,P1,A,A,6,PASS,PENDING,NEEDS_NUMERIC_CODING,,"Eligibility, process mapping and certificate gates pass. Canonical numeric anchors remain uncoded; proposal state is tracked separately and never mutates canonical values.","Research the unresolved score evidence before proposing an anchor: investment_gap_score: Recent energy-transition investments or a defined negative investment search over the methodology lookback period Continuation2026-10-08: Own CNC, monitoring and furnace room-heat recovery are documented. Customer energy-technology products are not own generation; fuel, converter topology and thermal storage remain unspecified.",1.1.0
23,15,P18|process_electrification_potential,P18,Glashütte Lamberts Waldsassen GmbH,NUMERIC_CODING,CODE_DIMENSION,process_electrification_potential,temperature_fit_score | process_electrification_score | fossil_heat_displacement_score,temperature_fit_score | process_electrification_score | fossil_heat_displacement_score,3,temperature_fit_score | process_electrification_score | fossil_heat_displacement_score,process_electrification_score,CHECKED=2 | NEEDS_RESEARCH=1,RESEARCH_NEEDED,P1,A,A,6,PASS,PENDING,NEEDS_NUMERIC_CODING,,"Eligibility, process mapping and certificate gates pass. Canonical numeric anchors remain uncoded; proposal state is tracked separately and never mutates canonical values.","Research the unresolved score evidence before proposing an anchor: process_electrification_score: Firm-specific glass-melting/reheating electrification route or documented electric furnace concept Continuation2026-10-08: Own glassmaking context is separated from Glasfabrik Lamberts. No new converter, useful thermal store, owned PV or safe dispatch evidence located. Vertiefung 2026-10-08: Elektrische Zusatzheizung/Schmelzroute, Netzanschluss sowie Schmelz-/Kühlfahrplan und aktuelle Investitionsabschlüsse prüfen.",1.1.0
24,15,P18|power_electronics_relevance,P18,Glashütte Lamberts Waldsassen GmbH,NUMERIC_CODING,CODE_DIMENSION,power_electronics_relevance,motor_drive_score | power_conversion_score | automation_control_score,motor_drive_score | power_conversion_score | automation_control_score,3,motor_drive_score | power_conversion_score | automation_control_score,power_conversion_score,CHECKED=2 | NEEDS_RESEARCH=1,RESEARCH_NEEDED,P1,A,A,6,PASS,PENDING,NEEDS_NUMERIC_CODING,,"Eligibility, process mapping and certificate gates pass. Canonical numeric anchors remain uncoded; proposal state is tracked separately and never mutates canonical values.","Research the unresolved score evidence before proposing an anchor: power_conversion_score: Any firm-specific converter/rectifier/electric-furnace or controlled-electric-heat application Continuation2026-10-08: Own glassmaking context is separated from Glasfabrik Lamberts. No new converter, useful thermal store, owned PV or safe dispatch evidence located. Vertiefung 2026-10-08: Elektrische Zusatzheizung/Schmelzroute, Netzanschluss sowie Schmelz-/Kühlfahrplan und aktuelle Investitionsabschlüsse prüfen.",1.1.0
25,15,P18|load_flexibility_potential,P18,Glashütte Lamberts Waldsassen GmbH,NUMERIC_CODING,CODE_DIMENSION,load_flexibility_potential,scheduling_flex_score | thermal_storage_flex_score,scheduling_flex_score | thermal_storage_flex_score,2,scheduling_flex_score | thermal_storage_flex_score,thermal_storage_flex_score,CHECKED=1 | NEEDS_RESEARCH=1,RESEARCH_NEEDED,P1,A,A,6,PASS,PENDING,NEEDS_NUMERIC_CODING,,"Eligibility, process mapping and certificate gates pass. Canonical numeric anchors remain uncoded; proposal state is tracked separately and never mutates canonical values.","Research the unresolved score evidence before proposing an anchor: thermal_storage_flex_score: Company-specific thermal buffer/storage or evidence-backed usable thermal inertia Continuation2026-10-08: Own glassmaking context is separated from Glasfabrik Lamberts. No new converter, useful thermal store, owned PV or safe dispatch evidence located. Vertiefung 2026-10-08: Elektrische Zusatzheizung/Schmelzroute, Netzanschluss sowie Schmelz-/Kühlfahrplan und aktuelle Investitionsabschlüsse prüfen.",1.1.0
26,15,P18|grid_power_quality_relevance,P18,Glashütte Lamberts Waldsassen GmbH,NUMERIC_CODING,CODE_DIMENSION,grid_power_quality_relevance,incremental_load_score | power_quality_score | onsite_integration_score,incremental_load_score | power_quality_score | onsite_integration_score,3,incremental_load_score | power_quality_score | onsite_integration_score,power_quality_score | onsite_integration_score,CHECKED=1 | NEEDS_RESEARCH=2,RESEARCH_NEEDED,P1,A,A,6,PASS,PENDING,NEEDS_NUMERIC_CODING,,"Eligibility, process mapping and certificate gates pass. Canonical numeric anchors remain uncoded; proposal state is tracked separately and never mutates canonical values.","Research the unresolved score evidence before proposing an anchor: power_quality_score: Firm-specific power-quality, converter-load or electrical peak evidence Continuation2026-10-08: Own glassmaking context is separated from Glasfabrik Lamberts. No new converter, useful thermal store, owned PV or safe dispatch evidence located. Vertiefung 2026-10-08: Elektrische Zusatzheizung/Schmelzroute, Netzanschluss sowie Schmelz-/Kühlfahrplan und aktuelle Investitionsabschlüsse prüfen.; onsite_integration_score: Onsite generation, battery, microgrid or coordinated load-management evidence Continuation2026-10-08: Own glassmaking context is separated from Glasfabrik Lamberts. No new converter, useful thermal store, owned PV or safe dispatch evidence located. Vertiefung 2026-10-08: Elektrische Zusatzheizung/Schmelzroute, Netzanschluss sowie Schmelz-/Kühlfahrplan und aktuelle Investitionsabschlüsse prüfen.",1.1.0
27,15,P18|observed_transition_gap,P18,Glashütte Lamberts Waldsassen GmbH,NUMERIC_CODING,CODE_DIMENSION,observed_transition_gap,measures_gap_score | management_gap_score | targets_gap_score | investment_gap_score,measures_gap_score | management_gap_score | targets_gap_score | investment_gap_score,4,measures_gap_score | management_gap_score | targets_gap_score | investment_gap_score,investment_gap_score,CHECKED=3 | NEEDS_RESEARCH=1,RESEARCH_NEEDED,P1,A,A,6,PASS,PENDING,NEEDS_NUMERIC_CODING,,"Eligibility, process mapping and certificate gates pass. Canonical numeric anchors remain uncoded; proposal state is tracked separately and never mutates canonical values.","Research the unresolved score evidence before proposing an anchor: investment_gap_score: Recent energy-transition investments or a defined negative investment search over the lookback period Continuation2026-10-08: Own glassmaking context is separated from Glasfabrik Lamberts. No new converter, useful thermal store, owned PV or safe dispatch evidence located. Vertiefung 2026-10-08: Elektrische Zusatzheizung/Schmelzroute, Netzanschluss sowie Schmelz-/Kühlfahrplan und aktuelle Investitionsabschlüsse prüfen.",1.1.0
28,16,P19|process_electrification_potential,P19,Glasfabrik Lamberts GmbH & Co. KG,NUMERIC_CODING,CODE_DIMENSION,process_electrification_potential,temperature_fit_score | process_electrification_score | fossil_heat_displacement_score,temperature_fit_score | process_electrification_score | fossil_heat_displacement_score,3,temperature_fit_score | process_electrification_score | fossil_heat_displacement_score,temperature_fit_score | process_electrification_score | fossil_heat_displacement_score,NEEDS_RESEARCH=3,RESEARCH_NEEDED,P1,A,A,6,PASS,PENDING,NEEDS_NUMERIC_CODING,,"Eligibility, process mapping and certificate gates pass. Canonical numeric anchors remain uncoded; proposal state is tracked separately and never mutates canonical values.",Research the unresolved score evidence before proposing an anchor: temperature_fit_score: Documented furnace temperature and evidence-backed electric-heat technology fit for the Wunsiedel process Continuation2026-10-08: Exact-holder2022EPD uses2021production data and generic LCA energy datasets. Background natural-gas factors are not a current furnace-fuel inventory. Solar-glass/customer-building applications are not owned PV or heat pumps.; process_electrification_score: Firm-specific process-electrification route or documented electric-heat application Continuation2026-10-08: Exact-holder2022EPD uses2021production data and generic LCA energy datasets. Background natural-gas factors are not a current furnace-fuel inventory. Solar-glass/customer-building applications are not owned PV or heat pumps.; fossil_heat_displacement_score: Current furnace energy carrier and material fossil-heat service that could be displaced Continuation2026-10-08: Exact-holder2022EPD uses2021production data and generic LCA energy datasets. Background natural-gas factors are not a current furnace-fuel inventory. Solar-glass/customer-building applications are not owned PV or heat pumps.,1.1.0
29,16,P19|power_electronics_relevance,P19,Glasfabrik Lamberts GmbH & Co. KG,NUMERIC_CODING,CODE_DIMENSION,power_electronics_relevance,motor_drive_score | power_conversion_score | automation_control_score,motor_drive_score | power_conversion_score | automation_control_score,3,motor_drive_score | power_conversion_score | automation_control_score,motor_drive_score | power_conversion_score | automation_control_score,NEEDS_RESEARCH=3,RESEARCH_NEEDED,P1,A,A,6,PASS,PENDING,NEEDS_NUMERIC_CODING,,"Eligibility, process mapping and certificate gates pass. Canonical numeric anchors remain uncoded; proposal state is tracked separately and never mutates canonical values.","Research the unresolved score evidence before proposing an anchor: motor_drive_score: Firm-specific motor/drive applications and their materiality Continuation2026-10-08: Exact-holder2022EPD uses2021production data and generic LCA energy datasets. Background natural-gas factors are not a current furnace-fuel inventory. Solar-glass/customer-building applications are not owned PV or heat pumps.; power_conversion_score: Electrical furnace/converter/rectifier topology or another firm-specific power-conversion use case Continuation2026-10-08: Exact-holder2022EPD uses2021production data and generic LCA energy datasets. Background natural-gas factors are not a current furnace-fuel inventory. Solar-glass/customer-building applications are not owned PV or heat pumps.; automation_control_score: Firm-specific automation, sensing or coordinated-control evidence Continuation2026-10-08: Exact-holder2022EPD uses2021production data and generic LCA energy datasets. Background natural-gas factors are not a current furnace-fuel inventory. Solar-glass/customer-building applications are not owned PV or heat pumps.",1.1.0
30,16,P19|load_flexibility_potential,P19,Glasfabrik Lamberts GmbH & Co. KG,NUMERIC_CODING,CODE_DIMENSION,load_flexibility_potential,scheduling_flex_score | thermal_storage_flex_score,scheduling_flex_score | thermal_storage_flex_score,2,scheduling_flex_score | thermal_storage_flex_score,scheduling_flex_score | thermal_storage_flex_score,NEEDS_RESEARCH=2,RESEARCH_NEEDED,P1,A,A,6,PASS,PENDING,NEEDS_NUMERIC_CODING,,"Eligibility, process mapping and certificate gates pass. Canonical numeric anchors remain uncoded; proposal state is tracked separately and never mutates canonical values.",Research the unresolved score evidence before proposing an anchor: scheduling_flex_score: Operating pattern and evidence of schedulable or shiftable production stages Continuation2026-10-08: Exact-holder2022EPD uses2021production data and generic LCA energy datasets. Background natural-gas factors are not a current furnace-fuel inventory. Solar-glass/customer-building applications are not owned PV or heat pumps.; thermal_storage_flex_score: Company-specific thermal buffer/storage or evidence-backed usable thermal inertia Continuation2026-10-08: Exact-holder2022EPD uses2021production data and generic LCA energy datasets. Background natural-gas factors are not a current furnace-fuel inventory. Solar-glass/customer-building applications are not owned PV or heat pumps.,1.1.0
31,16,P19|grid_power_quality_relevance,P19,Glasfabrik Lamberts GmbH & Co. KG,NUMERIC_CODING,CODE_DIMENSION,grid_power_quality_relevance,incremental_load_score | power_quality_score | onsite_integration_score,incremental_load_score | power_quality_score | onsite_integration_score,3,incremental_load_score | power_quality_score | onsite_integration_score,incremental_load_score | power_quality_score | onsite_integration_score,NEEDS_RESEARCH=3,RESEARCH_NEEDED,P1,A,A,6,PASS,PENDING,NEEDS_NUMERIC_CODING,,"Eligibility, process mapping and certificate gates pass. Canonical numeric anchors remain uncoded; proposal state is tracked separately and never mutates canonical values.","Research the unresolved score evidence before proposing an anchor: incremental_load_score: Defined electrification pathway sufficient for ordinal incremental-load relevance Continuation2026-10-08: Exact-holder2022EPD uses2021production data and generic LCA energy datasets. Background natural-gas factors are not a current furnace-fuel inventory. Solar-glass/customer-building applications are not owned PV or heat pumps.; power_quality_score: Firm-specific power-quality or electrical-conversion evidence Continuation2026-10-08: Exact-holder2022EPD uses2021production data and generic LCA energy datasets. Background natural-gas factors are not a current furnace-fuel inventory. Solar-glass/customer-building applications are not owned PV or heat pumps.; onsite_integration_score: Onsite generation, storage, microgrid or load-management evidence Continuation2026-10-08: Exact-holder2022EPD uses2021production data and generic LCA energy datasets. Background natural-gas factors are not a current furnace-fuel inventory. Solar-glass/customer-building applications are not owned PV or heat pumps.",1.1.0
32,16,P19|observed_transition_gap,P19,Glasfabrik Lamberts GmbH & Co. KG,NUMERIC_CODING,CODE_DIMENSION,observed_transition_gap,measures_gap_score | management_gap_score | targets_gap_score | investment_gap_score,measures_gap_score | management_gap_score | targets_gap_score | investment_gap_score,4,measures_gap_score | management_gap_score | targets_gap_score | investment_gap_score,investment_gap_score,CHECKED=3 | NEEDS_RESEARCH=1,RESEARCH_NEEDED,P1,A,A,6,PASS,PENDING,NEEDS_NUMERIC_CODING,,"Eligibility, process mapping and certificate gates pass. Canonical numeric anchors remain uncoded; proposal state is tracked separately and never mutates canonical values.",Research the unresolved score evidence before proposing an anchor: investment_gap_score: Whether the reported EUR 30 million site investment contains relevant energy-transition investment and direct-company corroboration Continuation2026-10-08: Exact-holder2022EPD uses2021production data and generic LCA energy datasets. Background natural-gas factors are not a current furnace-fuel inventory. Solar-glass/customer-building applications are not owned PV or heat pumps.,1.1.0
33,17,P24|process_electrification_potential,P24,H&K Müller GmbH & Co. KG,NUMERIC_CODING,CODE_DIMENSION,process_electrification_potential,temperature_fit_score | process_electrification_score | fossil_heat_displacement_score,temperature_fit_score | process_electrification_score | fossil_heat_displacement_score,3,temperature_fit_score | process_electrification_score | fossil_heat_displacement_score,temperature_fit_score | process_electrification_score | fossil_heat_displacement_score,NEEDS_RESEARCH=3,RESEARCH_NEEDED,P1,A,A,6,PASS,PENDING,NEEDS_NUMERIC_CODING,,"Eligibility, process mapping and certificate gates pass. Canonical numeric anchors remain uncoded; proposal state is tracked separately and never mutates canonical values.","Research the unresolved score evidence before proposing an anchor: temperature_fit_score: Firm-specific moulding/process temperatures and heating technology sufficient to establish electrification temperature fit Continuation2026-10-08: Electric drives and room-heat recovery do not establish thermal temperatures, heat carrier or dispatchable buffers. Announced PV expansion lacks completion proof; conflicting machine totals are not reconciled.; process_electrification_score: Firm-specific electric process-heat or electrification use case and machine technology Continuation2026-10-08: Electric drives and room-heat recovery do not establish thermal temperatures, heat carrier or dispatchable buffers. Announced PV expansion lacks completion proof; conflicting machine totals are not reconciled.; fossil_heat_displacement_score: Current process-heat energy carrier and material fossil thermal service, if any Continuation2026-10-08: Electric drives and room-heat recovery do not establish thermal temperatures, heat carrier or dispatchable buffers. Announced PV expansion lacks completion proof; conflicting machine totals are not reconciled.",1.1.0
34,17,P24|power_electronics_relevance,P24,H&K Müller GmbH & Co. KG,NUMERIC_CODING,CODE_DIMENSION,power_electronics_relevance,motor_drive_score | power_conversion_score | automation_control_score,motor_drive_score | power_conversion_score | automation_control_score,3,motor_drive_score | power_conversion_score | automation_control_score,,CHECKED=3,CHECKED,P1,A,A,6,PASS,PENDING,NEEDS_NUMERIC_CODING,,"Eligibility, process mapping and certificate gates pass. Canonical numeric anchors remain uncoded; proposal state is tracked separately and never mutates canonical values.",Source and anchor checks are complete. Preserve the checked proposals; final-score approval and canonical scoring remain separate gates.,1.1.0
35,17,P24|load_flexibility_potential,P24,H&K Müller GmbH & Co. KG,NUMERIC_CODING,CODE_DIMENSION,load_flexibility_potential,scheduling_flex_score | thermal_storage_flex_score,scheduling_flex_score | thermal_storage_flex_score,2,scheduling_flex_score | thermal_storage_flex_score,scheduling_flex_score | thermal_storage_flex_score,NEEDS_RESEARCH=2,RESEARCH_NEEDED,P1,A,A,6,PASS,PENDING,NEEDS_NUMERIC_CODING,,"Eligibility, process mapping and certificate gates pass. Canonical numeric anchors remain uncoded; proposal state is tracked separately and never mutates canonical values.","Research the unresolved score evidence before proposing an anchor: scheduling_flex_score: Operating schedule, shift pattern and evidence of schedulable or bufferable production Continuation2026-10-08: Electric drives and room-heat recovery do not establish thermal temperatures, heat carrier or dispatchable buffers. Announced PV expansion lacks completion proof; conflicting machine totals are not reconciled.; thermal_storage_flex_score: Company-specific thermal/cold storage, process buffer or evidence-backed usable thermal inertia Continuation2026-10-08: Electric drives and room-heat recovery do not establish thermal temperatures, heat carrier or dispatchable buffers. Announced PV expansion lacks completion proof; conflicting machine totals are not reconciled.",1.1.0
36,17,P24|grid_power_quality_relevance,P24,H&K Müller GmbH & Co. KG,NUMERIC_CODING,CODE_DIMENSION,grid_power_quality_relevance,incremental_load_score | power_quality_score | onsite_integration_score,incremental_load_score | power_quality_score | onsite_integration_score,3,incremental_load_score | power_quality_score | onsite_integration_score,incremental_load_score,CHECKED=2 | NEEDS_RESEARCH=1,RESEARCH_NEEDED,P1,A,A,6,PASS,PENDING,NEEDS_NUMERIC_CODING,,"Eligibility, process mapping and certificate gates pass. Canonical numeric anchors remain uncoded; proposal state is tracked separately and never mutates canonical values.","Research the unresolved score evidence before proposing an anchor: incremental_load_score: Defined firm-specific electrification pathway sufficient for ordinal incremental-load relevance Continuation2026-10-08: Electric drives and room-heat recovery do not establish thermal temperatures, heat carrier or dispatchable buffers. Announced PV expansion lacks completion proof; conflicting machine totals are not reconciled.",1.1.0
37,17,P24|observed_transition_gap,P24,H&K Müller GmbH & Co. KG,NUMERIC_CODING,CODE_DIMENSION,observed_transition_gap,measures_gap_score | management_gap_score | targets_gap_score | investment_gap_score,measures_gap_score | management_gap_score | targets_gap_score | investment_gap_score,4,measures_gap_score | management_gap_score | targets_gap_score | investment_gap_score,,CHECKED=4,CHECKED,P1,A,A,6,PASS,PENDING,NEEDS_NUMERIC_CODING,,"Eligibility, process mapping and certificate gates pass. Canonical numeric anchors remain uncoded; proposal state is tracked separately and never mutates canonical values.",Source and anchor checks are complete. Preserve the checked proposals; final-score approval and canonical scoring remain separate gates.,1.1.0
38,18,P12|process_electrification_potential,P12,Richard Henkel GmbH,NUMERIC_CODING,CODE_DIMENSION,process_electrification_potential,temperature_fit_score | process_electrification_score | fossil_heat_displacement_score,temperature_fit_score | process_electrification_score | fossil_heat_displacement_score,3,temperature_fit_score | process_electrification_score | fossil_heat_displacement_score,,CHECKED=3,CHECKED,P1,A,A,5,PASS,PENDING,NEEDS_NUMERIC_CODING,,"Eligibility, process mapping and certificate gates pass. Canonical numeric anchors remain uncoded; proposal state is tracked separately and never mutates canonical values.",Source and anchor checks are complete. Preserve the checked proposals; final-score approval and canonical scoring remain separate gates.,1.1.0
39,18,P12|power_electronics_relevance,P12,Richard Henkel GmbH,NUMERIC_CODING,CODE_DIMENSION,power_electronics_relevance,motor_drive_score | power_conversion_score | automation_control_score,motor_drive_score | power_conversion_score | automation_control_score,3,motor_drive_score | power_conversion_score | automation_control_score,,CHECKED=3,CHECKED,P1,A,A,5,PASS,PENDING,NEEDS_NUMERIC_CODING,,"Eligibility, process mapping and certificate gates pass. Canonical numeric anchors remain uncoded; proposal state is tracked separately and never mutates canonical values.",Source and anchor checks are complete. Preserve the checked proposals; final-score approval and canonical scoring remain separate gates.,1.1.0
40,18,P12|load_flexibility_potential,P12,Richard Henkel GmbH,NUMERIC_CODING,CODE_DIMENSION,load_flexibility_potential,scheduling_flex_score | thermal_storage_flex_score,scheduling_flex_score | thermal_storage_flex_score,2,scheduling_flex_score | thermal_storage_flex_score,thermal_storage_flex_score,CHECKED=1 | NEEDS_RESEARCH=1,RESEARCH_NEEDED,P1,A,A,5,PASS,PENDING,NEEDS_NUMERIC_CODING,,"Eligibility, process mapping and certificate gates pass. Canonical numeric anchors remain uncoded; proposal state is tracked separately and never mutates canonical values.","Research the unresolved score evidence before proposing an anchor: thermal_storage_flex_score: Company-specific thermal buffer, thermal store or evidence-backed usable thermal inertia for process-load shifting Continuation2026-10-08: Published storage planning concerns electricity; no useful thermal buffer established. Existing certificate expiry and LPG assessment remain unchanged. Vertiefung 2026-10-08: Aktuelle Wärmeversorgung und nutzbare Heiß-/Kaltwasserpuffer mit Betriebsfenstern klären; EMAS-Nachfolge prüfen.",1.1.0
41,18,P12|grid_power_quality_relevance,P12,Richard Henkel GmbH,NUMERIC_CODING,CODE_DIMENSION,grid_power_quality_relevance,incremental_load_score | power_quality_score | onsite_integration_score,incremental_load_score | power_quality_score | onsite_integration_score,3,incremental_load_score | power_quality_score | onsite_integration_score,,CHECKED=3,CHECKED,P1,A,A,5,PASS,PENDING,NEEDS_NUMERIC_CODING,,"Eligibility, process mapping and certificate gates pass. Canonical numeric anchors remain uncoded; proposal state is tracked separately and never mutates canonical values.",Source and anchor checks are complete. Preserve the checked proposals; final-score approval and canonical scoring remain separate gates.,1.1.0
42,18,P12|observed_transition_gap,P12,Richard Henkel GmbH,NUMERIC_CODING,CODE_DIMENSION,observed_transition_gap,measures_gap_score | management_gap_score | targets_gap_score | investment_gap_score,measures_gap_score | management_gap_score | targets_gap_score | investment_gap_score,4,measures_gap_score | management_gap_score | targets_gap_score | investment_gap_score,,CHECKED=4,CHECKED,P1,A,A,5,PASS,PENDING,NEEDS_NUMERIC_CODING,,"Eligibility, process mapping and certificate gates pass. Canonical numeric anchors remain uncoded; proposal state is tracked separately and never mutates canonical values.",Source and anchor checks are complete. Preserve the checked proposals; final-score approval and canonical scoring remain separate gates.,1.1.0
43,19,P05|process_electrification_potential,P05,Einbecker Brauhaus AG,NUMERIC_CODING,CODE_DIMENSION,process_electrification_potential,temperature_fit_score | process_electrification_score | fossil_heat_displacement_score,temperature_fit_score | process_electrification_score | fossil_heat_displacement_score,3,temperature_fit_score | process_electrification_score | fossil_heat_displacement_score,,CHECKED=3,CHECKED,P1,A,A,4,PASS,PENDING,NEEDS_NUMERIC_CODING,,"Eligibility, process mapping and certificate gates pass. Canonical numeric anchors remain uncoded; proposal state is tracked separately and never mutates canonical values.",Source and anchor checks are complete. Preserve the checked proposals; final-score approval and canonical scoring remain separate gates.,1.1.0
44,19,P05|power_electronics_relevance,P05,Einbecker Brauhaus AG,NUMERIC_CODING,CODE_DIMENSION,power_electronics_relevance,motor_drive_score | power_conversion_score | automation_control_score,motor_drive_score | power_conversion_score | automation_control_score,3,motor_drive_score | power_conversion_score | automation_control_score,,CHECKED=3,CHECKED,P1,A,A,4,PASS,PENDING,NEEDS_NUMERIC_CODING,,"Eligibility, process mapping and certificate gates pass. Canonical numeric anchors remain uncoded; proposal state is tracked separately and never mutates canonical values.",Source and anchor checks are complete. Preserve the checked proposals; final-score approval and canonical scoring remain separate gates.,1.1.0
45,19,P05|load_flexibility_potential,P05,Einbecker Brauhaus AG,NUMERIC_CODING,CODE_DIMENSION,load_flexibility_potential,scheduling_flex_score | thermal_storage_flex_score,scheduling_flex_score | thermal_storage_flex_score,2,scheduling_flex_score | thermal_storage_flex_score,thermal_storage_flex_score,CHECKED=1 | NEEDS_RESEARCH=1,RESEARCH_NEEDED,P1,A,A,4,PASS,PENDING,NEEDS_NUMERIC_CODING,,"Eligibility, process mapping and certificate gates pass. Canonical numeric anchors remain uncoded; proposal state is tracked separately and never mutates canonical values.",Research the unresolved score evidence before proposing an anchor: thermal_storage_flex_score: Cooled lager tanks and absorption refrigeration do not by themselves establish dispatchable thermal storage. Need a named useful heat/cold buffer and admissible charging/discharging window. Continuation2026-10-08: EMAS programme contains future2027heat-water projects; no current usable thermal store established. Future heat recovery is not present dispatchability. Vertiefung 2026-10-08: Betriebsnachweis der geplanten elektrischen Dampf-/Wärmeroute und konkreten thermischen Puffer prüfen.,1.1.0
46,19,P05|grid_power_quality_relevance,P05,Einbecker Brauhaus AG,NUMERIC_CODING,CODE_DIMENSION,grid_power_quality_relevance,incremental_load_score | power_quality_score | onsite_integration_score,incremental_load_score | power_quality_score | onsite_integration_score,3,incremental_load_score | power_quality_score | onsite_integration_score,,CHECKED=3,CHECKED,P1,A,A,4,PASS,PENDING,NEEDS_NUMERIC_CODING,,"Eligibility, process mapping and certificate gates pass. Canonical numeric anchors remain uncoded; proposal state is tracked separately and never mutates canonical values.",Source and anchor checks are complete. Preserve the checked proposals; final-score approval and canonical scoring remain separate gates.,1.1.0
47,19,P05|observed_transition_gap,P05,Einbecker Brauhaus AG,NUMERIC_CODING,CODE_DIMENSION,observed_transition_gap,measures_gap_score | management_gap_score | targets_gap_score | investment_gap_score,measures_gap_score | management_gap_score | targets_gap_score | investment_gap_score,4,measures_gap_score | management_gap_score | targets_gap_score | investment_gap_score,,CHECKED=4,CHECKED,P1,A,A,4,PASS,PENDING,NEEDS_NUMERIC_CODING,,"Eligibility, process mapping and certificate gates pass. Canonical numeric anchors remain uncoded; proposal state is tracked separately and never mutates canonical values.",Source and anchor checks are complete. Preserve the checked proposals; final-score approval and canonical scoring remain separate gates.,1.1.0
48,20,P22|process_electrification_potential,P22,RIEDENBURGER BRAUHAUS Michael Krieger GmbH & Co. KG,NUMERIC_CODING,CODE_DIMENSION,process_electrification_potential,temperature_fit_score | process_electrification_score | fossil_heat_displacement_score,temperature_fit_score | process_electrification_score | fossil_heat_displacement_score,3,temperature_fit_score | process_electrification_score | fossil_heat_displacement_score,fossil_heat_displacement_score,CHECKED=2 | NEEDS_RESEARCH=1,RESEARCH_NEEDED,P1,A,A,3,PASS,PENDING,NEEDS_NUMERIC_CODING,,"Eligibility, process mapping and certificate gates pass. Canonical numeric anchors remain uncoded; proposal state is tracked separately and never mutates canonical values.","Research the unresolved score evidence before proposing an anchor: fossil_heat_displacement_score: The article describes a future fossil-free new-production concept. Its 500-litre-oil comparison is an energy-equivalent illustration, not the existing plant fossil-fuel baseline. Need actual remaining fossil thermal supply and substitution scope; neither zero nor maximum displacement is established. Continuation2026-10-08: 2026energy concept remains under construction. Future renewable operation does not establish current fossil-free brewery heat; no thermal-fuel remainder is quantified.",1.1.0
49,20,P22|power_electronics_relevance,P22,RIEDENBURGER BRAUHAUS Michael Krieger GmbH & Co. KG,NUMERIC_CODING,CODE_DIMENSION,power_electronics_relevance,motor_drive_score | power_conversion_score | automation_control_score,motor_drive_score | power_conversion_score | automation_control_score,3,motor_drive_score | power_conversion_score | automation_control_score,,CHECKED=3,CHECKED,P1,A,A,3,PASS,PENDING,NEEDS_NUMERIC_CODING,,"Eligibility, process mapping and certificate gates pass. Canonical numeric anchors remain uncoded; proposal state is tracked separately and never mutates canonical values.",Source and anchor checks are complete. Preserve the checked proposals; final-score approval and canonical scoring remain separate gates.,1.1.0
50,20,P22|load_flexibility_potential,P22,RIEDENBURGER BRAUHAUS Michael Krieger GmbH & Co. KG,NUMERIC_CODING,CODE_DIMENSION,load_flexibility_potential,scheduling_flex_score | thermal_storage_flex_score,scheduling_flex_score | thermal_storage_flex_score,2,scheduling_flex_score | thermal_storage_flex_score,,CHECKED=2,CHECKED,P1,A,A,3,PASS,PENDING,NEEDS_NUMERIC_CODING,,"Eligibility, process mapping and certificate gates pass. Canonical numeric anchors remain uncoded; proposal state is tracked separately and never mutates canonical values.",Source and anchor checks are complete. Preserve the checked proposals; final-score approval and canonical scoring remain separate gates.,1.1.0
51,20,P22|grid_power_quality_relevance,P22,RIEDENBURGER BRAUHAUS Michael Krieger GmbH & Co. KG,NUMERIC_CODING,CODE_DIMENSION,grid_power_quality_relevance,incremental_load_score | power_quality_score | onsite_integration_score,incremental_load_score | power_quality_score | onsite_integration_score,3,incremental_load_score | power_quality_score | onsite_integration_score,,CHECKED=3,CHECKED,P1,A,A,3,PASS,PENDING,NEEDS_NUMERIC_CODING,,"Eligibility, process mapping and certificate gates pass. Canonical numeric anchors remain uncoded; proposal state is tracked separately and never mutates canonical values.",Source and anchor checks are complete. Preserve the checked proposals; final-score approval and canonical scoring remain separate gates.,1.1.0
52,20,P22|observed_transition_gap,P22,RIEDENBURGER BRAUHAUS Michael Krieger GmbH & Co. KG,NUMERIC_CODING,CODE_DIMENSION,observed_transition_gap,measures_gap_score | management_gap_score | targets_gap_score | investment_gap_score,measures_gap_score | management_gap_score | targets_gap_score | investment_gap_score,4,measures_gap_score | management_gap_score | targets_gap_score | investment_gap_score,,CHECKED=4,CHECKED,P1,A,A,3,PASS,PENDING,NEEDS_NUMERIC_CODING,,"Eligibility, process mapping and certificate gates pass. Canonical numeric anchors remain uncoded; proposal state is tracked separately and never mutates canonical values.",Source and anchor checks are complete. Preserve the checked proposals; final-score approval and canonical scoring remain separate gates.,1.1.0
53,21,P23|process_electrification_potential,P23,FM-Plast GmbH,NUMERIC_CODING,CODE_DIMENSION,process_electrification_potential,temperature_fit_score | process_electrification_score | fossil_heat_displacement_score,temperature_fit_score | process_electrification_score | fossil_heat_displacement_score,3,temperature_fit_score | process_electrification_score | fossil_heat_displacement_score,temperature_fit_score | process_electrification_score | fossil_heat_displacement_score,NEEDS_RESEARCH=3,RESEARCH_NEEDED,P2,A,B,4,PASS,PENDING,NEEDS_NUMERIC_CODING,,"Eligibility, process mapping and certificate gates pass. Canonical numeric anchors remain uncoded; proposal state is tracked separately and never mutates canonical values.","Research the unresolved score evidence before proposing an anchor: temperature_fit_score: The company documents fully electric injection-machine drives, not an actual process-heating route, operating temperature or remaining thermal substitution duty. Electric drive technology cannot establish process-heat temperature fit or thermal electrification. Need firm-specific thermal equipment/temperature/carrier evidence. Continuation2026-10-08: Own electric injection drives are evidenced. Drives, cooled mould water and hall heat recovery do not establish operating heat temperatures or a usable thermal store; withdrawn heat proposals stay UNKNOWN.; process_electrification_score: The company documents fully electric injection-machine drives, not an actual process-heating route, operating temperature or remaining thermal substitution duty. Electric drive technology cannot establish process-heat temperature fit or thermal electrification. Need firm-specific thermal equipment/temperature/carrier evidence. Continuation2026-10-08: Own electric injection drives are evidenced. Drives, cooled mould water and hall heat recovery do not establish operating heat temperatures or a usable thermal store; withdrawn heat proposals stay UNKNOWN.; fossil_heat_displacement_score: Current process-heat energy carrier and whether any material fossil thermal service remains at the Lennestadt site Continuation2026-10-08: Own electric injection drives are evidenced. Drives, cooled mould water and hall heat recovery do not establish operating heat temperatures or a usable thermal store; withdrawn heat proposals stay UNKNOWN.",1.1.0
54,21,P23|power_electronics_relevance,P23,FM-Plast GmbH,NUMERIC_CODING,CODE_DIMENSION,power_electronics_relevance,motor_drive_score | power_conversion_score | automation_control_score,motor_drive_score | power_conversion_score | automation_control_score,3,motor_drive_score | power_conversion_score | automation_control_score,automation_control_score,CHECKED=2 | NEEDS_RESEARCH=1,RESEARCH_NEEDED,P2,A,B,4,PASS,PENDING,NEEDS_NUMERIC_CODING,,"Eligibility, process mapping and certificate gates pass. Canonical numeric anchors remain uncoded; proposal state is tracked separately and never mutates canonical values.","Research the unresolved score evidence before proposing an anchor: automation_control_score: Firm-specific automation, sensing and coordinated machine/energy-control evidence Continuation2026-10-08: Own electric injection drives are evidenced. Drives, cooled mould water and hall heat recovery do not establish operating heat temperatures or a usable thermal store; withdrawn heat proposals stay UNKNOWN.",1.1.0
55,21,P23|load_flexibility_potential,P23,FM-Plast GmbH,NUMERIC_CODING,CODE_DIMENSION,load_flexibility_potential,scheduling_flex_score | thermal_storage_flex_score,scheduling_flex_score | thermal_storage_flex_score,2,scheduling_flex_score | thermal_storage_flex_score,scheduling_flex_score | thermal_storage_flex_score,NEEDS_RESEARCH=2,RESEARCH_NEEDED,P2,A,B,4,PASS,PENDING,NEEDS_NUMERIC_CODING,,"Eligibility, process mapping and certificate gates pass. Canonical numeric anchors remain uncoded; proposal state is tracked separately and never mutates canonical values.","Research the unresolved score evidence before proposing an anchor: scheduling_flex_score: Operating schedule, shift pattern and evidence of schedulable injection-moulding production Continuation2026-10-08: Own electric injection drives are evidenced. Drives, cooled mould water and hall heat recovery do not establish operating heat temperatures or a usable thermal store; withdrawn heat proposals stay UNKNOWN.; thermal_storage_flex_score: Dedicated thermal/cold storage, buffer capacity or evidence-backed usable thermal inertia Continuation2026-10-08: Own electric injection drives are evidenced. Drives, cooled mould water and hall heat recovery do not establish operating heat temperatures or a usable thermal store; withdrawn heat proposals stay UNKNOWN.",1.1.0
56,21,P23|grid_power_quality_relevance,P23,FM-Plast GmbH,NUMERIC_CODING,CODE_DIMENSION,grid_power_quality_relevance,incremental_load_score | power_quality_score | onsite_integration_score,incremental_load_score | power_quality_score | onsite_integration_score,3,incremental_load_score | power_quality_score | onsite_integration_score,incremental_load_score | onsite_integration_score,CHECKED=1 | NEEDS_RESEARCH=2,RESEARCH_NEEDED,P2,A,B,4,PASS,PENDING,NEEDS_NUMERIC_CODING,,"Eligibility, process mapping and certificate gates pass. Canonical numeric anchors remain uncoded; proposal state is tracked separately and never mutates canonical values.","Research the unresolved score evidence before proposing an anchor: incremental_load_score: Defined new electrification pathway or expansion sufficient for ordinal incremental-load relevance Continuation2026-10-08: Own electric injection drives are evidenced. Drives, cooled mould water and hall heat recovery do not establish operating heat temperatures or a usable thermal store; withdrawn heat proposals stay UNKNOWN.; onsite_integration_score: Onsite generation, battery storage, microgrid or coordinated load-management evidence Continuation2026-10-08: Own electric injection drives are evidenced. Drives, cooled mould water and hall heat recovery do not establish operating heat temperatures or a usable thermal store; withdrawn heat proposals stay UNKNOWN.",1.1.0
57,21,P23|observed_transition_gap,P23,FM-Plast GmbH,NUMERIC_CODING,CODE_DIMENSION,observed_transition_gap,measures_gap_score | management_gap_score | targets_gap_score | investment_gap_score,measures_gap_score | management_gap_score | targets_gap_score | investment_gap_score,4,measures_gap_score | management_gap_score | targets_gap_score | investment_gap_score,investment_gap_score,CHECKED=3 | NEEDS_RESEARCH=1,RESEARCH_NEEDED,P2,A,B,4,PASS,PENDING,NEEDS_NUMERIC_CODING,,"Eligibility, process mapping and certificate gates pass. Canonical numeric anchors remain uncoded; proposal state is tracked separately and never mutates canonical values.","Research the unresolved score evidence before proposing an anchor: investment_gap_score: Dates and scope of recent energy-transition investments or a defined negative investment search over the lookback period Continuation2026-10-08: Own electric injection drives are evidenced. Drives, cooled mould water and hall heat recovery do not establish operating heat temperatures or a usable thermal store; withdrawn heat proposals stay UNKNOWN.",1.1.0
58,22,P11|process_electrification_potential,P11,B+T Oberflächentechnik GmbH,NUMERIC_CODING,CODE_DIMENSION,process_electrification_potential,temperature_fit_score | process_electrification_score | fossil_heat_displacement_score,temperature_fit_score | process_electrification_score | fossil_heat_displacement_score,3,temperature_fit_score | process_electrification_score | fossil_heat_displacement_score,temperature_fit_score | process_electrification_score | fossil_heat_displacement_score,NEEDS_RESEARCH=3,RESEARCH_NEEDED,P2,A,B,3,PASS,PENDING,NEEDS_NUMERIC_CODING,,"Eligibility, process mapping and certificate gates pass. Canonical numeric anchors remain uncoded; proposal state is tracked separately and never mutates canonical values.","Research the unresolved score evidence before proposing an anchor: temperature_fit_score: Firm-specific bath/drying temperatures and evidence-backed electric-heat technology fit Continuation2026-10-08: Group hardening/galvanising references do not establish exact entity/site heat duties, fuel or current equipment. Group assets and production claims are not inherited automatically.; process_electrification_score: Firm-specific process-electrification or electric-heating use case Continuation2026-10-08: Group hardening/galvanising references do not establish exact entity/site heat duties, fuel or current equipment. Group assets and production claims are not inherited automatically.; fossil_heat_displacement_score: Current process-heat energy carrier and material fossil thermal service, if any Continuation2026-10-08: Group hardening/galvanising references do not establish exact entity/site heat duties, fuel or current equipment. Group assets and production claims are not inherited automatically.",1.1.0
59,22,P11|power_electronics_relevance,P11,B+T Oberflächentechnik GmbH,NUMERIC_CODING,CODE_DIMENSION,power_electronics_relevance,motor_drive_score | power_conversion_score | automation_control_score,motor_drive_score | power_conversion_score | automation_control_score,3,motor_drive_score | power_conversion_score | automation_control_score,motor_drive_score | power_conversion_score,CHECKED=1 | NEEDS_RESEARCH=2,RESEARCH_NEEDED,P2,A,B,3,PASS,PENDING,NEEDS_NUMERIC_CODING,,"Eligibility, process mapping and certificate gates pass. Canonical numeric anchors remain uncoded; proposal state is tracked separately and never mutates canonical values.","Research the unresolved score evidence before proposing an anchor: motor_drive_score: Firm-specific motor/drive applications and their materiality Continuation2026-10-08: Group hardening/galvanising references do not establish exact entity/site heat duties, fuel or current equipment. Group assets and production claims are not inherited automatically.; power_conversion_score: Firm-specific rectifier/converter or controlled-electric-heat equipment evidence Continuation2026-10-08: Group hardening/galvanising references do not establish exact entity/site heat duties, fuel or current equipment. Group assets and production claims are not inherited automatically.",1.1.0
60,22,P11|load_flexibility_potential,P11,B+T Oberflächentechnik GmbH,NUMERIC_CODING,CODE_DIMENSION,load_flexibility_potential,scheduling_flex_score | thermal_storage_flex_score,scheduling_flex_score | thermal_storage_flex_score,2,scheduling_flex_score | thermal_storage_flex_score,scheduling_flex_score | thermal_storage_flex_score,NEEDS_RESEARCH=2,RESEARCH_NEEDED,P2,A,B,3,PASS,PENDING,NEEDS_NUMERIC_CODING,,"Eligibility, process mapping and certificate gates pass. Canonical numeric anchors remain uncoded; proposal state is tracked separately and never mutates canonical values.","Research the unresolved score evidence before proposing an anchor: scheduling_flex_score: Operating schedule, batch pattern and evidence of schedulable or shiftable production Continuation2026-10-08: Group hardening/galvanising references do not establish exact entity/site heat duties, fuel or current equipment. Group assets and production claims are not inherited automatically.; thermal_storage_flex_score: Company-specific thermal buffer/storage or evidence-backed usable thermal inertia Continuation2026-10-08: Group hardening/galvanising references do not establish exact entity/site heat duties, fuel or current equipment. Group assets and production claims are not inherited automatically.",1.1.0
61,22,P11|grid_power_quality_relevance,P11,B+T Oberflächentechnik GmbH,NUMERIC_CODING,CODE_DIMENSION,grid_power_quality_relevance,incremental_load_score | power_quality_score | onsite_integration_score,incremental_load_score | power_quality_score | onsite_integration_score,3,incremental_load_score | power_quality_score | onsite_integration_score,incremental_load_score | power_quality_score | onsite_integration_score,NEEDS_RESEARCH=3,RESEARCH_NEEDED,P2,A,B,3,PASS,PENDING,NEEDS_NUMERIC_CODING,,"Eligibility, process mapping and certificate gates pass. Canonical numeric anchors remain uncoded; proposal state is tracked separately and never mutates canonical values.","Research the unresolved score evidence before proposing an anchor: incremental_load_score: Defined firm-specific electrification pathway sufficient for ordinal incremental-load relevance Continuation2026-10-08: Group hardening/galvanising references do not establish exact entity/site heat duties, fuel or current equipment. Group assets and production claims are not inherited automatically.; power_quality_score: Firm-specific power-quality, harmonic, reactive-power or rectifier-load evidence Continuation2026-10-08: Group hardening/galvanising references do not establish exact entity/site heat duties, fuel or current equipment. Group assets and production claims are not inherited automatically.; onsite_integration_score: Onsite generation, storage, microgrid or coordinated load-management evidence Continuation2026-10-08: Group hardening/galvanising references do not establish exact entity/site heat duties, fuel or current equipment. Group assets and production claims are not inherited automatically.",1.1.0
62,22,P11|observed_transition_gap,P11,B+T Oberflächentechnik GmbH,NUMERIC_CODING,CODE_DIMENSION,observed_transition_gap,measures_gap_score | management_gap_score | targets_gap_score | investment_gap_score,measures_gap_score | management_gap_score | targets_gap_score | investment_gap_score,4,measures_gap_score | management_gap_score | targets_gap_score | investment_gap_score,,CHECKED=4,CHECKED,P2,A,B,3,PASS,PENDING,NEEDS_NUMERIC_CODING,,"Eligibility, process mapping and certificate gates pass. Canonical numeric anchors remain uncoded; proposal state is tracked separately and never mutates canonical values.",Source and anchor checks are complete. Preserve the checked proposals; final-score approval and canonical scoring remain separate gates.,1.1.0
63,23,P53|process_electrification_potential,P53,Brauerei Rittmayer Hallerndorf GmbH & Co. KG,NUMERIC_CODING,CODE_DIMENSION,process_electrification_potential,temperature_fit_score | process_electrification_score | fossil_heat_displacement_score,temperature_fit_score | process_electrification_score | fossil_heat_displacement_score,3,temperature_fit_score | process_electrification_score | fossil_heat_displacement_score,temperature_fit_score | process_electrification_score,CHECKED=1 | NEEDS_RESEARCH=2,RESEARCH_NEEDED,P2,B,A,2,PASS,PENDING,NEEDS_NUMERIC_CODING,,"Eligibility, process mapping and certificate gates pass. Canonical numeric anchors remain uncoded; proposal state is tracked separately and never mutates canonical values.",Research the unresolved score evidence before proposing an anchor: temperature_fit_score: Firm-specific process temperatures and evidence-backed electric-heat technology fit Continuation2026-10-08: Owner explicitly states wood-chip brewery heat supply.2023PV planning/building is not dated commissioned PV; Gastwirtschaft and brewery heat scopes remain separate.; process_electrification_score: Firm-specific process-heat electrification route or deployed electric heat application Continuation2026-10-08: Owner explicitly states wood-chip brewery heat supply.2023PV planning/building is not dated commissioned PV; Gastwirtschaft and brewery heat scopes remain separate.,1.1.0
64,23,P53|power_electronics_relevance,P53,Brauerei Rittmayer Hallerndorf GmbH & Co. KG,NUMERIC_CODING,CODE_DIMENSION,power_electronics_relevance,motor_drive_score | power_conversion_score | automation_control_score,motor_drive_score | power_conversion_score | automation_control_score,3,motor_drive_score | power_conversion_score | automation_control_score,motor_drive_score | automation_control_score,CHECKED=1 | NEEDS_RESEARCH=2,RESEARCH_NEEDED,P2,B,A,2,PASS,PENDING,NEEDS_NUMERIC_CODING,,"Eligibility, process mapping and certificate gates pass. Canonical numeric anchors remain uncoded; proposal state is tracked separately and never mutates canonical values.","Research the unresolved score evidence before proposing an anchor: motor_drive_score: Firm-specific motor/drive applications and their materiality Continuation2026-10-08: Owner explicitly states wood-chip brewery heat supply.2023PV planning/building is not dated commissioned PV; Gastwirtschaft and brewery heat scopes remain separate.; automation_control_score: Firm-specific automation, sensing and coordinated process/energy-control evidence Continuation2026-10-08: Owner explicitly states wood-chip brewery heat supply.2023PV planning/building is not dated commissioned PV; Gastwirtschaft and brewery heat scopes remain separate.",1.1.0
65,23,P53|load_flexibility_potential,P53,Brauerei Rittmayer Hallerndorf GmbH & Co. KG,NUMERIC_CODING,CODE_DIMENSION,load_flexibility_potential,scheduling_flex_score | thermal_storage_flex_score,scheduling_flex_score | thermal_storage_flex_score,2,scheduling_flex_score | thermal_storage_flex_score,,CHECKED=2,CHECKED,P2,B,A,2,PASS,PENDING,NEEDS_NUMERIC_CODING,,"Eligibility, process mapping and certificate gates pass. Canonical numeric anchors remain uncoded; proposal state is tracked separately and never mutates canonical values.",Source and anchor checks are complete. Preserve the checked proposals; final-score approval and canonical scoring remain separate gates.,1.1.0
66,23,P53|grid_power_quality_relevance,P53,Brauerei Rittmayer Hallerndorf GmbH & Co. KG,NUMERIC_CODING,CODE_DIMENSION,grid_power_quality_relevance,incremental_load_score | power_quality_score | onsite_integration_score,incremental_load_score | power_quality_score | onsite_integration_score,3,incremental_load_score | power_quality_score | onsite_integration_score,incremental_load_score,CHECKED=2 | NEEDS_RESEARCH=1,RESEARCH_NEEDED,P2,B,A,2,PASS,PENDING,NEEDS_NUMERIC_CODING,,"Eligibility, process mapping and certificate gates pass. Canonical numeric anchors remain uncoded; proposal state is tracked separately and never mutates canonical values.",Research the unresolved score evidence before proposing an anchor: incremental_load_score: Defined firm-specific electrification pathway sufficient for ordinal incremental-load relevance Continuation2026-10-08: Owner explicitly states wood-chip brewery heat supply.2023PV planning/building is not dated commissioned PV; Gastwirtschaft and brewery heat scopes remain separate.,1.1.0
67,23,P53|observed_transition_gap,P53,Brauerei Rittmayer Hallerndorf GmbH & Co. KG,NUMERIC_CODING,CODE_DIMENSION,observed_transition_gap,measures_gap_score | management_gap_score | targets_gap_score | investment_gap_score,measures_gap_score | management_gap_score | targets_gap_score | investment_gap_score,4,measures_gap_score | management_gap_score | targets_gap_score | investment_gap_score,investment_gap_score,CHECKED=3 | NEEDS_RESEARCH=1,RESEARCH_NEEDED,P2,B,A,2,PASS,PENDING,NEEDS_NUMERIC_CODING,,"Eligibility, process mapping and certificate gates pass. Canonical numeric anchors remain uncoded; proposal state is tracked separately and never mutates canonical values.","Research the unresolved score evidence before proposing an anchor: investment_gap_score: Implementation dates for biomass heat, PV, heat recovery and heat storage sufficient to code recent investment activity Continuation2026-10-08: Owner explicitly states wood-chip brewery heat supply.2023PV planning/building is not dated commissioned PV; Gastwirtschaft and brewery heat scopes remain separate.",1.1.0
68,24,P26|process_electrification_potential,P26,Barth Galvanik GmbH,NUMERIC_CODING,CODE_DIMENSION,process_electrification_potential,temperature_fit_score | process_electrification_score | fossil_heat_displacement_score,temperature_fit_score | process_electrification_score | fossil_heat_displacement_score,3,temperature_fit_score | process_electrification_score | fossil_heat_displacement_score,fossil_heat_displacement_score,CHECKED=2 | NEEDS_RESEARCH=1,RESEARCH_NEEDED,P2,B,B,10,PASS,PENDING,NEEDS_NUMERIC_CODING,,"Eligibility, process mapping and certificate gates pass. Canonical numeric anchors remain uncoded; proposal state is tracked separately and never mutates canonical values.","Research the unresolved score evidence before proposing an anchor: fossil_heat_displacement_score: Actual remaining fossil process heat, belt-furnace/bath fuels and displacement materiality; electric induction does not establish the other fuel mix. Continuation2026-10-08: Owner gives actual annealing temperature windows on three conveyor furnaces. Coating-service resistance is excluded; conveyor operation does not prove safe scheduling flexibility, furnace fuel or thermal storage.",1.1.0
69,24,P26|power_electronics_relevance,P26,Barth Galvanik GmbH,NUMERIC_CODING,CODE_DIMENSION,power_electronics_relevance,motor_drive_score | power_conversion_score | automation_control_score,motor_drive_score | power_conversion_score | automation_control_score,3,motor_drive_score | power_conversion_score | automation_control_score,,CHECKED=3,CHECKED,P2,B,B,10,PASS,PENDING,NEEDS_NUMERIC_CODING,,"Eligibility, process mapping and certificate gates pass. Canonical numeric anchors remain uncoded; proposal state is tracked separately and never mutates canonical values.",Source and anchor checks are complete. Preserve the checked proposals; final-score approval and canonical scoring remain separate gates.,1.1.0
70,24,P26|load_flexibility_potential,P26,Barth Galvanik GmbH,NUMERIC_CODING,CODE_DIMENSION,load_flexibility_potential,scheduling_flex_score | thermal_storage_flex_score,scheduling_flex_score | thermal_storage_flex_score,2,scheduling_flex_score | thermal_storage_flex_score,scheduling_flex_score | thermal_storage_flex_score,NEEDS_RESEARCH=2,RESEARCH_NEEDED,P2,B,B,10,PASS,PENDING,NEEDS_NUMERIC_CODING,,"Eligibility, process mapping and certificate gates pass. Canonical numeric anchors remain uncoded; proposal state is tracked separately and never mutates canonical values.","Research the unresolved score evidence before proposing an anchor: scheduling_flex_score: Actual admissible production-start/interruption windows and buffers; continuous belts and a subsecond individual hardening cycle are not a load-shifting window. Continuation2026-10-08: Owner gives actual annealing temperature windows on three conveyor furnaces. Coating-service resistance is excluded; conveyor operation does not prove safe scheduling flexibility, furnace fuel or thermal storage.; thermal_storage_flex_score: Named thermal buffer, store or validated usable inertia and its operating window; furnaces alone do not establish storage. Continuation2026-10-08: Owner gives actual annealing temperature windows on three conveyor furnaces. Coating-service resistance is excluded; conveyor operation does not prove safe scheduling flexibility, furnace fuel or thermal storage.",1.1.0
71,24,P26|grid_power_quality_relevance,P26,Barth Galvanik GmbH,NUMERIC_CODING,CODE_DIMENSION,grid_power_quality_relevance,incremental_load_score | power_quality_score | onsite_integration_score,incremental_load_score | power_quality_score | onsite_integration_score,3,incremental_load_score | power_quality_score | onsite_integration_score,onsite_integration_score,CHECKED=2 | NEEDS_RESEARCH=1,RESEARCH_NEEDED,P2,B,B,10,PASS,PENDING,NEEDS_NUMERIC_CODING,,"Eligibility, process mapping and certificate gates pass. Canonical numeric anchors remain uncoded; proposal state is tracked separately and never mutates canonical values.","Research the unresolved score evidence before proposing an anchor: onsite_integration_score: Own PV, battery, microgrid or load-management integration; a certified EnMS does not establish these technologies. Continuation2026-10-08: Owner gives actual annealing temperature windows on three conveyor furnaces. Coating-service resistance is excluded; conveyor operation does not prove safe scheduling flexibility, furnace fuel or thermal storage.",1.1.0
72,24,P26|observed_transition_gap,P26,Barth Galvanik GmbH,NUMERIC_CODING,CODE_DIMENSION,observed_transition_gap,measures_gap_score | management_gap_score | targets_gap_score | investment_gap_score,measures_gap_score | management_gap_score | targets_gap_score | investment_gap_score,4,measures_gap_score | management_gap_score | targets_gap_score | investment_gap_score,investment_gap_score,CHECKED=3 | NEEDS_RESEARCH=1,RESEARCH_NEEDED,P2,B,B,10,PASS,PENDING,NEEDS_NUMERIC_CODING,,"Eligibility, process mapping and certificate gates pass. Canonical numeric anchors remain uncoded; proposal state is tracked separately and never mutates canonical values.","Research the unresolved score evidence before proposing an anchor: investment_gap_score: Energy-investment commissioning dates within 2021-10-07 to 2026-10-07; undated installations and certificate renewals are not dated transition investments. Continuation2026-10-08: Owner gives actual annealing temperature windows on three conveyor furnaces. Coating-service resistance is excluded; conveyor operation does not prove safe scheduling flexibility, furnace fuel or thermal storage.",1.1.0
73,25,P13|process_electrification_potential,P13,Schmalriede-Zink GmbH,NUMERIC_CODING,CODE_DIMENSION,process_electrification_potential,temperature_fit_score | process_electrification_score | fossil_heat_displacement_score,temperature_fit_score | process_electrification_score | fossil_heat_displacement_score,3,temperature_fit_score | process_electrification_score | fossil_heat_displacement_score,temperature_fit_score | process_electrification_score | fossil_heat_displacement_score,NEEDS_RESEARCH=3,RESEARCH_NEEDED,P2,B,B,9,PASS,PENDING,NEEDS_NUMERIC_CODING,,"Eligibility, process mapping and certificate gates pass. Canonical numeric anchors remain uncoded; proposal state is tracked separately and never mutates canonical values.","Research the unresolved score evidence before proposing an anchor: temperature_fit_score: Actual owned onsite thermal processes, temperatures and validated electric-heat fit; product temperature resistance is not process temperature. Continuation2026-10-08: Registered substantive website retrievals timed out. This is an access limitation; no missing deployment, fuel or temperature is inferred from failures.; process_electrification_score: Defined firm-specific process-heat conversion route; electrical deposition is not fossil-heat electrification and hardening may be a partner service. Continuation2026-10-08: Registered substantive website retrievals timed out. This is an access limitation; no missing deployment, fuel or temperature is inferred from failures.; fossil_heat_displacement_score: Site thermal-service ownership, fuel mix and material fossil heat that could be displaced. Continuation2026-10-08: Registered substantive website retrievals timed out. This is an access limitation; no missing deployment, fuel or temperature is inferred from failures.",1.1.0
74,25,P13|power_electronics_relevance,P13,Schmalriede-Zink GmbH,NUMERIC_CODING,CODE_DIMENSION,power_electronics_relevance,motor_drive_score | power_conversion_score | automation_control_score,motor_drive_score | power_conversion_score | automation_control_score,3,motor_drive_score | power_conversion_score | automation_control_score,automation_control_score,CHECKED=2 | NEEDS_RESEARCH=1,RESEARCH_NEEDED,P2,B,B,9,PASS,PENDING,NEEDS_NUMERIC_CODING,,"Eligibility, process mapping and certificate gates pass. Canonical numeric anchors remain uncoded; proposal state is tracked separately and never mutates canonical values.","Research the unresolved score evidence before proposing an anchor: automation_control_score: Actual plant control architecture or coordinated production/energy control; generic whitepaper AI/IoT statements and logistics software are insufficient. Continuation2026-10-08: Registered substantive website retrievals timed out. This is an access limitation; no missing deployment, fuel or temperature is inferred from failures.",1.1.0
75,25,P13|load_flexibility_potential,P13,Schmalriede-Zink GmbH,NUMERIC_CODING,CODE_DIMENSION,load_flexibility_potential,scheduling_flex_score | thermal_storage_flex_score,scheduling_flex_score | thermal_storage_flex_score,2,scheduling_flex_score | thermal_storage_flex_score,thermal_storage_flex_score,CHECKED=1 | NEEDS_RESEARCH=1,RESEARCH_NEEDED,P2,B,B,9,PASS,PENDING,NEEDS_NUMERIC_CODING,,"Eligibility, process mapping and certificate gates pass. Canonical numeric anchors remain uncoded; proposal state is tracked separately and never mutates canonical values.","Research the unresolved score evidence before proposing an anchor: thermal_storage_flex_score: Thermal storage, usable bath/heat buffer or validated thermal inertia; racks and warehouses do not establish this. Continuation2026-10-08: Registered substantive website retrievals timed out. This is an access limitation; no missing deployment, fuel or temperature is inferred from failures.",1.1.0
76,25,P13|grid_power_quality_relevance,P13,Schmalriede-Zink GmbH,NUMERIC_CODING,CODE_DIMENSION,grid_power_quality_relevance,incremental_load_score | power_quality_score | onsite_integration_score,incremental_load_score | power_quality_score | onsite_integration_score,3,incremental_load_score | power_quality_score | onsite_integration_score,incremental_load_score | onsite_integration_score,CHECKED=1 | NEEDS_RESEARCH=2,RESEARCH_NEEDED,P2,B,B,9,PASS,PENDING,NEEDS_NUMERIC_CODING,,"Eligibility, process mapping and certificate gates pass. Canonical numeric anchors remain uncoded; proposal state is tracked separately and never mutates canonical values.","Research the unresolved score evidence before proposing an anchor: incremental_load_score: Defined incremental thermal electrification route and qualitative new-load relevance; existing DC plating does not prove load growth. Continuation2026-10-08: Registered substantive website retrievals timed out. This is an access limitation; no missing deployment, fuel or temperature is inferred from failures.; onsite_integration_score: Own-site PV, battery, microgrid or coordinated load-management evidence. Continuation2026-10-08: Registered substantive website retrievals timed out. This is an access limitation; no missing deployment, fuel or temperature is inferred from failures.",1.1.0
77,25,P13|observed_transition_gap,P13,Schmalriede-Zink GmbH,NUMERIC_CODING,CODE_DIMENSION,observed_transition_gap,measures_gap_score | management_gap_score | targets_gap_score | investment_gap_score,measures_gap_score | management_gap_score | targets_gap_score | investment_gap_score,4,measures_gap_score | management_gap_score | targets_gap_score | investment_gap_score,measures_gap_score | investment_gap_score,CHECKED=2 | NEEDS_RESEARCH=2,RESEARCH_NEEDED,P2,B,B,9,PASS,PENDING,NEEDS_NUMERIC_CODING,,"Eligibility, process mapping and certificate gates pass. Canonical numeric anchors remain uncoded; proposal state is tracked separately and never mutates canonical values.","Research the unresolved score evidence before proposing an anchor: measures_gap_score: Concrete site energy measures or a sufficient energy-measure search; generic industry recommendations and wastewater chemical savings are not deployed energy technologies. Continuation2026-10-08: Registered substantive website retrievals timed out. This is an access limitation; no missing deployment, fuel or temperature is inferred from failures.; investment_gap_score: Dated energy-transition investment within 2021-10-06 to 2026-10-06; 2024 capacity and chemical-saving wastewater changes do not establish an energy investment. Continuation2026-10-08: Registered substantive website retrievals timed out. This is an access limitation; no missing deployment, fuel or temperature is inferred from failures.",1.1.0
78,26,P76|process_electrification_potential,P76,Si-Tech Singer GmbH,NUMERIC_CODING,CODE_DIMENSION,process_electrification_potential,temperature_fit_score | process_electrification_score | fossil_heat_displacement_score,temperature_fit_score | process_electrification_score | fossil_heat_displacement_score,3,temperature_fit_score | process_electrification_score | fossil_heat_displacement_score,temperature_fit_score | process_electrification_score | fossil_heat_displacement_score,NEEDS_RESEARCH=3,RESEARCH_NEEDED,P2,B,B,9,PASS,PENDING,NEEDS_NUMERIC_CODING,,"Eligibility, process mapping and certificate gates pass. Canonical numeric anchors remain uncoded; proposal state is tracked separately and never mutates canonical values.","Research the unresolved score evidence before proposing an anchor: temperature_fit_score: Actual process-heating temperatures and supported electric-heat fit, rather than part dimensions, cold maturation, material/customer ratings or historical boiler baselines. Own PV, robots/automatic handling and current ISO14001 incl Siemens15 assembly annex; tools outsourced, PV commissioning undated;2018/2020 projects outsidewindow. Continuation2026-10-08: Three-shift production and machine count do not establish safe interruption/shift windows or dated energy-asset commissioning. Vertiefung 2026-10-08: Kühl- und Druckluftsysteme mit Rückgewinnung, Wärmeverbrauchern und datierten Anlagenprojekten prüfen.; process_electrification_score: Named own actual/planned electric thermal route; electrochemical coating, generic production or customer energy applications alone do not establish electric process heat. Own PV, robots/automatic handling and current ISO14001 incl Siemens15 assembly annex; tools outsourced, PV commissioning undated;2018/2020 projects outsidewindow. Continuation2026-10-08: Three-shift production and machine count do not establish safe interruption/shift windows or dated energy-asset commissioning. Vertiefung 2026-10-08: Kühl- und Druckluftsysteme mit Rückgewinnung, Wärmeverbrauchern und datierten Anlagenprojekten prüfen.; fossil_heat_displacement_score: Actual current fossil thermal carrier, centrality and displacement materiality; unspecified CHP/ovens and historic gas baselines do not establish remaining fuel mix. Own PV, robots/automatic handling and current ISO14001 incl Siemens15 assembly annex; tools outsourced, PV commissioning undated;2018/2020 projects outsidewindow. Continuation2026-10-08: Three-shift production and machine count do not establish safe interruption/shift windows or dated energy-asset commissioning. Vertiefung 2026-10-08: Kühl- und Druckluftsysteme mit Rückgewinnung, Wärmeverbrauchern und datierten Anlagenprojekten prüfen.",1.1.0
79,26,P76|power_electronics_relevance,P76,Si-Tech Singer GmbH,NUMERIC_CODING,CODE_DIMENSION,power_electronics_relevance,motor_drive_score | power_conversion_score | automation_control_score,motor_drive_score | power_conversion_score | automation_control_score,3,motor_drive_score | power_conversion_score | automation_control_score,,CHECKED=3,CHECKED,P2,B,B,9,PASS,PENDING,NEEDS_NUMERIC_CODING,,"Eligibility, process mapping and certificate gates pass. Canonical numeric anchors remain uncoded; proposal state is tracked separately and never mutates canonical values.",Source and anchor checks are complete. Preserve the checked proposals; final-score approval and canonical scoring remain separate gates.,1.1.0
80,26,P76|load_flexibility_potential,P76,Si-Tech Singer GmbH,NUMERIC_CODING,CODE_DIMENSION,load_flexibility_potential,scheduling_flex_score | thermal_storage_flex_score,scheduling_flex_score | thermal_storage_flex_score,2,scheduling_flex_score | thermal_storage_flex_score,scheduling_flex_score | thermal_storage_flex_score,NEEDS_RESEARCH=2,RESEARCH_NEEDED,P2,B,B,9,PASS,PENDING,NEEDS_NUMERIC_CODING,,"Eligibility, process mapping and certificate gates pass. Canonical numeric anchors remain uncoded; proposal state is tracked separately and never mutates canonical values.","Research the unresolved score evidence before proposing an anchor: scheduling_flex_score: Admissible operating/start/interruption windows and actual buffers; product maturation, process cycles or programmable furnace recipes are not dispatch permission. Own PV, robots/automatic handling and current ISO14001 incl Siemens15 assembly annex; tools outsourced, PV commissioning undated;2018/2020 projects outsidewindow. Continuation2026-10-08: Three-shift production and machine count do not establish safe interruption/shift windows or dated energy-asset commissioning. Vertiefung 2026-10-08: Kühl- und Druckluftsysteme mit Rückgewinnung, Wärmeverbrauchern und datierten Anlagenprojekten prüfen.; thermal_storage_flex_score: Named own usable heat/cold store or validated thermal inertia with operating window; cooling, absorption chilling, production tanks and glass melt mass alone do not establish storage. Own PV, robots/automatic handling and current ISO14001 incl Siemens15 assembly annex; tools outsourced, PV commissioning undated;2018/2020 projects outsidewindow. Continuation2026-10-08: Three-shift production and machine count do not establish safe interruption/shift windows or dated energy-asset commissioning. Vertiefung 2026-10-08: Kühl- und Druckluftsysteme mit Rückgewinnung, Wärmeverbrauchern und datierten Anlagenprojekten prüfen.",1.1.0
81,26,P76|grid_power_quality_relevance,P76,Si-Tech Singer GmbH,NUMERIC_CODING,CODE_DIMENSION,grid_power_quality_relevance,incremental_load_score | power_quality_score | onsite_integration_score,incremental_load_score | power_quality_score | onsite_integration_score,3,incremental_load_score | power_quality_score | onsite_integration_score,incremental_load_score,CHECKED=2 | NEEDS_RESEARCH=1,RESEARCH_NEEDED,P2,B,B,9,PASS,PENDING,NEEDS_NUMERIC_CODING,,"Eligibility, process mapping and certificate gates pass. Canonical numeric anchors remain uncoded; proposal state is tracked separately and never mutates canonical values.","Research the unresolved score evidence before proposing an anchor: incremental_load_score: Defined additional thermal electrification route and ordinal new-load materiality; existing electric assets, PV expansion and EV charging are not an additional heat-route load. Own PV, robots/automatic handling and current ISO14001 incl Siemens15 assembly annex; tools outsourced, PV commissioning undated;2018/2020 projects outsidewindow. Continuation2026-10-08: Three-shift production and machine count do not establish safe interruption/shift windows or dated energy-asset commissioning. Vertiefung 2026-10-08: Kühl- und Druckluftsysteme mit Rückgewinnung, Wärmeverbrauchern und datierten Anlagenprojekten prüfen.",1.1.0
82,26,P76|observed_transition_gap,P76,Si-Tech Singer GmbH,NUMERIC_CODING,CODE_DIMENSION,observed_transition_gap,measures_gap_score | management_gap_score | targets_gap_score | investment_gap_score,measures_gap_score | management_gap_score | targets_gap_score | investment_gap_score,4,measures_gap_score | management_gap_score | targets_gap_score | investment_gap_score,investment_gap_score,CHECKED=3 | NEEDS_RESEARCH=1,RESEARCH_NEEDED,P2,B,B,9,PASS,PENDING,NEEDS_NUMERIC_CODING,,"Eligibility, process mapping and certificate gates pass. Canonical numeric anchors remain uncoded; proposal state is tracked separately and never mutates canonical values.","Research the unresolved score evidence before proposing an anchor: investment_gap_score: Dated completed energy-transition investment within2021-10-07 to2026-10-07; old projects, certificate renewal, crawl dates and undifferentiated capacity/wastewater expansion are insufficient. Own PV, robots/automatic handling and current ISO14001 incl Siemens15 assembly annex; tools outsourced, PV commissioning undated;2018/2020 projects outsidewindow. Continuation2026-10-08: Three-shift production and machine count do not establish safe interruption/shift windows or dated energy-asset commissioning. Vertiefung 2026-10-08: Kühl- und Druckluftsysteme mit Rückgewinnung, Wärmeverbrauchern und datierten Anlagenprojekten prüfen.",1.1.0
83,27,P28|process_electrification_potential,P28,Berg Brauerei Ulrich Zimmermann GmbH & Co. KG,NUMERIC_CODING,CODE_DIMENSION,process_electrification_potential,temperature_fit_score | process_electrification_score | fossil_heat_displacement_score,temperature_fit_score | process_electrification_score | fossil_heat_displacement_score,3,temperature_fit_score | process_electrification_score | fossil_heat_displacement_score,temperature_fit_score | process_electrification_score | fossil_heat_displacement_score,NEEDS_RESEARCH=3,RESEARCH_NEEDED,P2,B,B,8,PASS,PENDING,NEEDS_NUMERIC_CODING,,"Eligibility, process mapping and certificate gates pass. Canonical numeric anchors remain uncoded; proposal state is tracked separately and never mutates canonical values.","Research the unresolved score evidence before proposing an anchor: temperature_fit_score: Actual process-heat temperature and electric thermal-route fit; cooling/maturation temperatures do not establish this. Suspect 90-deg-C ice-water claim is unresolved, not corrected or used. Continuation2026-10-08: Cold-store investment is not a hot-process temperature or documented useful dispatch buffer. Process heat carrier, current management maturity and additional electrical heat duties remain unknown.; process_electrification_score: Defined owned heat-electrification route and current process-heat carrier; electric refrigeration/PV do not establish brewery heat conversion. Continuation2026-10-08: Cold-store investment is not a hot-process temperature or documented useful dispatch buffer. Process heat carrier, current management maturity and additional electrical heat duties remain unknown.; fossil_heat_displacement_score: Actual brewery process-steam fuel mix and material remaining fossil heat. Local heat for new buildings does not establish fossil-free brewery processing. Continuation2026-10-08: Cold-store investment is not a hot-process temperature or documented useful dispatch buffer. Process heat carrier, current management maturity and additional electrical heat duties remain unknown.",1.1.0
84,27,P28|power_electronics_relevance,P28,Berg Brauerei Ulrich Zimmermann GmbH & Co. KG,NUMERIC_CODING,CODE_DIMENSION,power_electronics_relevance,motor_drive_score | power_conversion_score | automation_control_score,motor_drive_score | power_conversion_score | automation_control_score,3,motor_drive_score | power_conversion_score | automation_control_score,,CHECKED=3,CHECKED,P2,B,B,8,PASS,PENDING,NEEDS_NUMERIC_CODING,,"Eligibility, process mapping and certificate gates pass. Canonical numeric anchors remain uncoded; proposal state is tracked separately and never mutates canonical values.",Source and anchor checks are complete. Preserve the checked proposals; final-score approval and canonical scoring remain separate gates.,1.1.0
85,27,P28|load_flexibility_potential,P28,Berg Brauerei Ulrich Zimmermann GmbH & Co. KG,NUMERIC_CODING,CODE_DIMENSION,load_flexibility_potential,scheduling_flex_score | thermal_storage_flex_score,scheduling_flex_score | thermal_storage_flex_score,2,scheduling_flex_score | thermal_storage_flex_score,,CHECKED=2,CHECKED,P2,B,B,8,PASS,PENDING,NEEDS_NUMERIC_CODING,,"Eligibility, process mapping and certificate gates pass. Canonical numeric anchors remain uncoded; proposal state is tracked separately and never mutates canonical values.",Source and anchor checks are complete. Preserve the checked proposals; final-score approval and canonical scoring remain separate gates.,1.1.0
86,27,P28|grid_power_quality_relevance,P28,Berg Brauerei Ulrich Zimmermann GmbH & Co. KG,NUMERIC_CODING,CODE_DIMENSION,grid_power_quality_relevance,incremental_load_score | power_quality_score | onsite_integration_score,incremental_load_score | power_quality_score | onsite_integration_score,3,incremental_load_score | power_quality_score | onsite_integration_score,incremental_load_score,CHECKED=2 | NEEDS_RESEARCH=1,RESEARCH_NEEDED,P2,B,B,8,PASS,PENDING,NEEDS_NUMERIC_CODING,,"Eligibility, process mapping and certificate gates pass. Canonical numeric anchors remain uncoded; proposal state is tracked separately and never mutates canonical values.","Research the unresolved score evidence before proposing an anchor: incremental_load_score: Defined additional heat-electrification route and ordinal new-load materiality; existing cooling/PV do not establish incremental load. Continuation2026-10-08: Cold-store investment is not a hot-process temperature or documented useful dispatch buffer. Process heat carrier, current management maturity and additional electrical heat duties remain unknown.",1.1.0
87,27,P28|observed_transition_gap,P28,Berg Brauerei Ulrich Zimmermann GmbH & Co. KG,NUMERIC_CODING,CODE_DIMENSION,observed_transition_gap,measures_gap_score | management_gap_score | targets_gap_score | investment_gap_score,measures_gap_score | management_gap_score | targets_gap_score | investment_gap_score,4,measures_gap_score | management_gap_score | targets_gap_score | investment_gap_score,management_gap_score,CHECKED=3 | NEEDS_RESEARCH=1,RESEARCH_NEEDED,P2,B,B,8,PASS,PENDING,NEEDS_NUMERIC_CODING,,"Eligibility, process mapping and certificate gates pass. Canonical numeric anchors remain uncoded; proposal state is tracked separately and never mutates canonical values.","Research the unresolved score evidence before proposing an anchor: management_gap_score: Current manufacturing-site energy/environmental management system and maturity. DEHOGA award concerns hospitality BrauereiWirtschaft and cannot substitute for factory EnMS; missing public certificate is not system absence. Continuation2026-10-08: Cold-store investment is not a hot-process temperature or documented useful dispatch buffer. Process heat carrier, current management maturity and additional electrical heat duties remain unknown.",1.1.0
88,28,P33|process_electrification_potential,P33,Gindele GmbH,NUMERIC_CODING,CODE_DIMENSION,process_electrification_potential,temperature_fit_score | process_electrification_score | fossil_heat_displacement_score,temperature_fit_score | process_electrification_score | fossil_heat_displacement_score,3,temperature_fit_score | process_electrification_score | fossil_heat_displacement_score,temperature_fit_score | process_electrification_score | fossil_heat_displacement_score,NEEDS_RESEARCH=3,RESEARCH_NEEDED,P2,B,B,8,PASS,PENDING,NEEDS_NUMERIC_CODING,,"Eligibility, process mapping and certificate gates pass. Canonical numeric anchors remain uncoded; proposal state is tracked separately and never mutates canonical values.","Research the unresolved score evidence before proposing an anchor: temperature_fit_score: Actual barrel/mould/process-heat temperatures and fit; 25-250 tonnes is closing force, not power or temperature. Continuation2026-10-08: Supplied automation/customer equipment and technical glossary entries are not evidence of owned heating, installed converters or energy projects.; process_electrification_score: Firm-specific thermal energy carriers and defined conversion route; computer-controlled injection machines and ultrasonic assembly do not establish current/new injection-heat electrification. Continuation2026-10-08: Supplied automation/customer equipment and technical glossary entries are not evidence of owned heating, installed converters or energy projects.; fossil_heat_displacement_score: Actual remaining fossil process heat and site fuel mix; manufacturing capability and ISO 14001 do not establish this. Continuation2026-10-08: Supplied automation/customer equipment and technical glossary entries are not evidence of owned heating, installed converters or energy projects.",1.1.0
89,28,P33|power_electronics_relevance,P33,Gindele GmbH,NUMERIC_CODING,CODE_DIMENSION,power_electronics_relevance,motor_drive_score | power_conversion_score | automation_control_score,motor_drive_score | power_conversion_score | automation_control_score,3,motor_drive_score | power_conversion_score | automation_control_score,,CHECKED=3,CHECKED,P2,B,B,8,PASS,PENDING,NEEDS_NUMERIC_CODING,,"Eligibility, process mapping and certificate gates pass. Canonical numeric anchors remain uncoded; proposal state is tracked separately and never mutates canonical values.",Source and anchor checks are complete. Preserve the checked proposals; final-score approval and canonical scoring remain separate gates.,1.1.0
90,28,P33|load_flexibility_potential,P33,Gindele GmbH,NUMERIC_CODING,CODE_DIMENSION,load_flexibility_potential,scheduling_flex_score | thermal_storage_flex_score,scheduling_flex_score | thermal_storage_flex_score,2,scheduling_flex_score | thermal_storage_flex_score,scheduling_flex_score | thermal_storage_flex_score,NEEDS_RESEARCH=2,RESEARCH_NEEDED,P2,B,B,8,PASS,PENDING,NEEDS_NUMERIC_CODING,,"Eligibility, process mapping and certificate gates pass. Canonical numeric anchors remain uncoded; proposal state is tracked separately and never mutates canonical values.","Research the unresolved score evidence before proposing an anchor: scheduling_flex_score: Actual production hours, restart/interruption tolerance and buffers; capability labels, sequence steps and animated zero counters do not establish load-shifting windows. Continuation2026-10-08: Supplied automation/customer equipment and technical glossary entries are not evidence of owned heating, installed converters or energy projects.; thermal_storage_flex_score: Named thermal store or validated usable thermal inertia and dispatch window; moulding process itself is not storage. Continuation2026-10-08: Supplied automation/customer equipment and technical glossary entries are not evidence of owned heating, installed converters or energy projects.",1.1.0
91,28,P33|grid_power_quality_relevance,P33,Gindele GmbH,NUMERIC_CODING,CODE_DIMENSION,grid_power_quality_relevance,incremental_load_score | power_quality_score | onsite_integration_score,incremental_load_score | power_quality_score | onsite_integration_score,3,incremental_load_score | power_quality_score | onsite_integration_score,incremental_load_score | onsite_integration_score,CHECKED=1 | NEEDS_RESEARCH=2,RESEARCH_NEEDED,P2,B,B,8,PASS,PENDING,NEEDS_NUMERIC_CODING,,"Eligibility, process mapping and certificate gates pass. Canonical numeric anchors remain uncoded; proposal state is tracked separately and never mutates canonical values.","Research the unresolved score evidence before proposing an anchor: incremental_load_score: Defined additional thermal electrification route and ordinal new-load materiality; existing automation does not establish incremental energy demand. Continuation2026-10-08: Supplied automation/customer equipment and technical glossary entries are not evidence of owned heating, installed converters or energy projects.; onsite_integration_score: Own PV/battery/microgrid/load-management integration evidence; resource policy and environmental certification are not deployed technology. Continuation2026-10-08: Supplied automation/customer equipment and technical glossary entries are not evidence of owned heating, installed converters or energy projects.",1.1.0
92,28,P33|observed_transition_gap,P33,Gindele GmbH,NUMERIC_CODING,CODE_DIMENSION,observed_transition_gap,measures_gap_score | management_gap_score | targets_gap_score | investment_gap_score,measures_gap_score | management_gap_score | targets_gap_score | investment_gap_score,4,measures_gap_score | management_gap_score | targets_gap_score | investment_gap_score,measures_gap_score | investment_gap_score,CHECKED=2 | NEEDS_RESEARCH=2,RESEARCH_NEEDED,P2,B,B,8,PASS,PENDING,NEEDS_NUMERIC_CODING,,"Eligibility, process mapping and certificate gates pass. Canonical numeric anchors remain uncoded; proposal state is tracked separately and never mutates canonical values.","Research the unresolved score evidence before proposing an anchor: measures_gap_score: Named concrete energy-transition technologies or verified savings of actual energy measures. Waste reduction, certification and generic automation are not such an inventory; no no-measures anchor is assigned. Continuation2026-10-08: Supplied automation/customer equipment and technical glossary entries are not evidence of owned heating, installed converters or energy projects.; investment_gap_score: Dated energy-transition investment within 2021-10-07 to 2026-10-07; homepage 2017 automation is outside the window and undated capability/certificate renewal is not a recent energy investment. Continuation2026-10-08: Supplied automation/customer equipment and technical glossary entries are not evidence of owned heating, installed converters or energy projects.",1.1.0
93,29,P43|process_electrification_potential,P43,WZR ceramic solutions GmbH,NUMERIC_CODING,CODE_DIMENSION,process_electrification_potential,temperature_fit_score | process_electrification_score | fossil_heat_displacement_score,temperature_fit_score | process_electrification_score | fossil_heat_displacement_score,3,temperature_fit_score | process_electrification_score | fossil_heat_displacement_score,temperature_fit_score | process_electrification_score | fossil_heat_displacement_score,NEEDS_RESEARCH=3,RESEARCH_NEEDED,P2,B,B,8,PASS,PENDING,NEEDS_NUMERIC_CODING,,"Eligibility, process mapping and certificate gates pass. Canonical numeric anchors remain uncoded; proposal state is tracked separately and never mutates canonical values.","Research the unresolved score evidence before proposing an anchor: temperature_fit_score: Full operating ranges, material/atmosphere requirements and evidence-backed electric-heat fit for actual site processes; coating lower bounds are insufficient. Continuation2026-10-08: Project heated printing platform/control work is separated from own current plant operation. No attributable heat-carrier/temperature or completed energy investment found.; process_electrification_score: Firm-specific electric heating or conversion route; an oven/sintering process does not reveal its energy carrier. Continuation2026-10-08: Project heated printing platform/control work is separated from own current plant operation. No attributable heat-carrier/temperature or completed energy investment found.; fossil_heat_displacement_score: Current process-heat fuel and material fossil thermal service eligible for displacement. Continuation2026-10-08: Project heated printing platform/control work is separated from own current plant operation. No attributable heat-carrier/temperature or completed energy investment found.",1.1.0
94,29,P43|power_electronics_relevance,P43,WZR ceramic solutions GmbH,NUMERIC_CODING,CODE_DIMENSION,power_electronics_relevance,motor_drive_score | power_conversion_score | automation_control_score,motor_drive_score | power_conversion_score | automation_control_score,3,motor_drive_score | power_conversion_score | automation_control_score,power_conversion_score,CHECKED=2 | NEEDS_RESEARCH=1,RESEARCH_NEEDED,P2,B,B,8,PASS,PENDING,NEEDS_NUMERIC_CODING,,"Eligibility, process mapping and certificate gates pass. Canonical numeric anchors remain uncoded; proposal state is tracked separately and never mutates canonical values.","Research the unresolved score evidence before proposing an anchor: power_conversion_score: Actual motor converter, furnace power-supply or other material electrical conversion architecture. Continuation2026-10-08: Project heated printing platform/control work is separated from own current plant operation. No attributable heat-carrier/temperature or completed energy investment found.",1.1.0
95,29,P43|load_flexibility_potential,P43,WZR ceramic solutions GmbH,NUMERIC_CODING,CODE_DIMENSION,load_flexibility_potential,scheduling_flex_score | thermal_storage_flex_score,scheduling_flex_score | thermal_storage_flex_score,2,scheduling_flex_score | thermal_storage_flex_score,thermal_storage_flex_score,CHECKED=1 | NEEDS_RESEARCH=1,RESEARCH_NEEDED,P2,B,B,8,PASS,PENDING,NEEDS_NUMERIC_CODING,,"Eligibility, process mapping and certificate gates pass. Canonical numeric anchors remain uncoded; proposal state is tracked separately and never mutates canonical values.",Research the unresolved score evidence before proposing an anchor: thermal_storage_flex_score: Usable thermal buffer/store or validated thermal inertia; drying duration and dilatometer measurement time are insufficient. Continuation2026-10-08: Project heated printing platform/control work is separated from own current plant operation. No attributable heat-carrier/temperature or completed energy investment found.,1.1.0
96,29,P43|grid_power_quality_relevance,P43,WZR ceramic solutions GmbH,NUMERIC_CODING,CODE_DIMENSION,grid_power_quality_relevance,incremental_load_score | power_quality_score | onsite_integration_score,incremental_load_score | power_quality_score | onsite_integration_score,3,incremental_load_score | power_quality_score | onsite_integration_score,incremental_load_score | power_quality_score | onsite_integration_score,NEEDS_RESEARCH=3,RESEARCH_NEEDED,P2,B,B,8,PASS,PENDING,NEEDS_NUMERIC_CODING,,"Eligibility, process mapping and certificate gates pass. Canonical numeric anchors remain uncoded; proposal state is tracked separately and never mutates canonical values.","Research the unresolved score evidence before proposing an anchor: incremental_load_score: Defined new electrification scenario sufficient for ordinal load growth; no load value is invented. Continuation2026-10-08: Project heated printing platform/control work is separated from own current plant operation. No attributable heat-carrier/temperature or completed energy investment found.; power_quality_score: Firm-specific nonlinear supply, harmonics, reactive-power or peak-load signals, beyond the existence of a printer. Continuation2026-10-08: Project heated printing platform/control work is separated from own current plant operation. No attributable heat-carrier/temperature or completed energy investment found.; onsite_integration_score: Company/site PV, battery, microgrid or load-management integration evidence. Continuation2026-10-08: Project heated printing platform/control work is separated from own current plant operation. No attributable heat-carrier/temperature or completed energy investment found.",1.1.0
97,29,P43|observed_transition_gap,P43,WZR ceramic solutions GmbH,NUMERIC_CODING,CODE_DIMENSION,observed_transition_gap,measures_gap_score | management_gap_score | targets_gap_score | investment_gap_score,measures_gap_score | management_gap_score | targets_gap_score | investment_gap_score,4,measures_gap_score | management_gap_score | targets_gap_score | investment_gap_score,investment_gap_score,CHECKED=3 | NEEDS_RESEARCH=1,RESEARCH_NEEDED,P2,B,B,8,PASS,PENDING,NEEDS_NUMERIC_CODING,,"Eligibility, process mapping and certificate gates pass. Canonical numeric anchors remain uncoded; proposal state is tracked separately and never mutates canonical values.",Research the unresolved score evidence before proposing an anchor: investment_gap_score: Dated own-site energy-transition investment within 2021-10-06 to 2026-10-06; printer and dilatometer investments do not establish this scope. Continuation2026-10-08: Project heated printing platform/control work is separated from own current plant operation. No attributable heat-carrier/temperature or completed energy investment found.,1.1.0
98,30,P25|process_electrification_potential,P25,Scheplast GmbH,NUMERIC_CODING,CODE_DIMENSION,process_electrification_potential,temperature_fit_score | process_electrification_score | fossil_heat_displacement_score,temperature_fit_score | process_electrification_score | fossil_heat_displacement_score,3,temperature_fit_score | process_electrification_score | fossil_heat_displacement_score,temperature_fit_score | process_electrification_score | fossil_heat_displacement_score,NEEDS_RESEARCH=3,RESEARCH_NEEDED,P2,B,B,7,PASS,PENDING,NEEDS_NUMERIC_CODING,,"Eligibility, process mapping and certificate gates pass. Canonical numeric anchors remain uncoded; proposal state is tracked separately and never mutates canonical values.","Research the unresolved score evidence before proposing an anchor: temperature_fit_score: Actual barrel/mould/utility process temperatures and validated electric-heat fit. Machine closing force in tonnes is not temperature or electrical power. Continuation2026-10-08: Own PV/heat recovery remain documented. Generic biogas stories and customer outboard-motor applications are excluded from owned thermal fuel and equipment. Vertiefung 2026-10-08: Batteriebetrieb, Kapazität, Inbetriebnahmedatum und Einbindung in eigene Produktionslast prüfen.; process_electrification_score: Firm-specific current thermal energy carrier and defined conversion route; injection moulding, PV and a bioenergy vision do not establish electric process heat. Continuation2026-10-08: Own PV/heat recovery remain documented. Generic biogas stories and customer outboard-motor applications are excluded from owned thermal fuel and equipment. Vertiefung 2026-10-08: Batteriebetrieb, Kapazität, Inbetriebnahmedatum und Einbindung in eigene Produktionslast prüfen.; fossil_heat_displacement_score: Actual remaining fossil process heat and material displacement opportunity; renewable electricity and biobased feedstock do not establish the site fuel mix. Continuation2026-10-08: Own PV/heat recovery remain documented. Generic biogas stories and customer outboard-motor applications are excluded from owned thermal fuel and equipment. Vertiefung 2026-10-08: Batteriebetrieb, Kapazität, Inbetriebnahmedatum und Einbindung in eigene Produktionslast prüfen.",1.1.0
99,30,P25|power_electronics_relevance,P25,Scheplast GmbH,NUMERIC_CODING,CODE_DIMENSION,power_electronics_relevance,motor_drive_score | power_conversion_score | automation_control_score,motor_drive_score | power_conversion_score | automation_control_score,3,motor_drive_score | power_conversion_score | automation_control_score,,CHECKED=3,CHECKED,P2,B,B,7,PASS,PENDING,NEEDS_NUMERIC_CODING,,"Eligibility, process mapping and certificate gates pass. Canonical numeric anchors remain uncoded; proposal state is tracked separately and never mutates canonical values.",Source and anchor checks are complete. Preserve the checked proposals; final-score approval and canonical scoring remain separate gates.,1.1.0
100,30,P25|load_flexibility_potential,P25,Scheplast GmbH,NUMERIC_CODING,CODE_DIMENSION,load_flexibility_potential,scheduling_flex_score | thermal_storage_flex_score,scheduling_flex_score | thermal_storage_flex_score,2,scheduling_flex_score | thermal_storage_flex_score,scheduling_flex_score | thermal_storage_flex_score,NEEDS_RESEARCH=2,RESEARCH_NEEDED,P2,B,B,7,PASS,PENDING,NEEDS_NUMERIC_CODING,,"Eligibility, process mapping and certificate gates pass. Canonical numeric anchors remain uncoded; proposal state is tracked separately and never mutates canonical values.","Research the unresolved score evidence before proposing an anchor: scheduling_flex_score: Actual operating pattern, admissible interruption/start windows and production buffer; small/large series alone do not establish shiftable energy demand. Continuation2026-10-08: Own PV/heat recovery remain documented. Generic biogas stories and customer outboard-motor applications are excluded from owned thermal fuel and equipment. Vertiefung 2026-10-08: Batteriebetrieb, Kapazität, Inbetriebnahmedatum und Einbindung in eigene Produktionslast prüfen.; thermal_storage_flex_score: Thermal store, cold/heat buffer or usable validated thermal inertia; waste-heat utilisation alone is not storage. Continuation2026-10-08: Own PV/heat recovery remain documented. Generic biogas stories and customer outboard-motor applications are excluded from owned thermal fuel and equipment. Vertiefung 2026-10-08: Batteriebetrieb, Kapazität, Inbetriebnahmedatum und Einbindung in eigene Produktionslast prüfen.",1.1.0
101,30,P25|grid_power_quality_relevance,P25,Scheplast GmbH,NUMERIC_CODING,CODE_DIMENSION,grid_power_quality_relevance,incremental_load_score | power_quality_score | onsite_integration_score,incremental_load_score | power_quality_score | onsite_integration_score,3,incremental_load_score | power_quality_score | onsite_integration_score,incremental_load_score,CHECKED=2 | NEEDS_RESEARCH=1,RESEARCH_NEEDED,P2,B,B,7,PASS,PENDING,NEEDS_NUMERIC_CODING,,"Eligibility, process mapping and certificate gates pass. Canonical numeric anchors remain uncoded; proposal state is tracked separately and never mutates canonical values.","Research the unresolved score evidence before proposing an anchor: incremental_load_score: Defined additional thermal electrification route and new-load materiality; existing PV and machines do not establish incremental load. Continuation2026-10-08: Own PV/heat recovery remain documented. Generic biogas stories and customer outboard-motor applications are excluded from owned thermal fuel and equipment. Vertiefung 2026-10-08: Batteriebetrieb, Kapazität, Inbetriebnahmedatum und Einbindung in eigene Produktionslast prüfen.",1.1.0
102,30,P25|observed_transition_gap,P25,Scheplast GmbH,NUMERIC_CODING,CODE_DIMENSION,observed_transition_gap,measures_gap_score | management_gap_score | targets_gap_score | investment_gap_score,measures_gap_score | management_gap_score | targets_gap_score | investment_gap_score,4,measures_gap_score | management_gap_score | targets_gap_score | investment_gap_score,investment_gap_score,CHECKED=3 | NEEDS_RESEARCH=1,RESEARCH_NEEDED,P2,B,B,7,PASS,PENDING,NEEDS_NUMERIC_CODING,,"Eligibility, process mapping and certificate gates pass. Canonical numeric anchors remain uncoded; proposal state is tracked separately and never mutates canonical values.","Research the unresolved score evidence before proposing an anchor: investment_gap_score: Commissioning/investment dates for energy measures within 2021-10-07 to 2026-10-07. Undated PV/waste-heat claims and a certificate renewal are not a dated recent transition investment. Continuation2026-10-08: Own PV/heat recovery remain documented. Generic biogas stories and customer outboard-motor applications are excluded from owned thermal fuel and equipment. Vertiefung 2026-10-08: Batteriebetrieb, Kapazität, Inbetriebnahmedatum und Einbindung in eigene Produktionslast prüfen.",1.1.0
103,31,P50|process_electrification_potential,P50,Brauerei Aying Franz Inselkammer KG,NUMERIC_CODING,CODE_DIMENSION,process_electrification_potential,temperature_fit_score | process_electrification_score | fossil_heat_displacement_score,temperature_fit_score | process_electrification_score | fossil_heat_displacement_score,3,temperature_fit_score | process_electrification_score | fossil_heat_displacement_score,fossil_heat_displacement_score,CHECKED=2 | NEEDS_RESEARCH=1,RESEARCH_NEEDED,P2,B,B,7,PASS,PENDING,NEEDS_NUMERIC_CODING,,"Eligibility, process mapping and certificate gates pass. Canonical numeric anchors remain uncoded; proposal state is tracked separately and never mutates canonical values.",Research the unresolved score evidence before proposing an anchor: fossil_heat_displacement_score: Current remaining fossil heat/service mix and substitution materiality.2023 report documents2022 gas/CHP; washer heat electrification does not establish current whole-plant fuel mix. Continuation2026-10-08: Heat-pump and brewery-process evidence retained. Reduction in gas use is not zero remaining fossil duty; cold/cooling assets are not automatically usable thermal stores.,1.1.0
104,31,P50|power_electronics_relevance,P50,Brauerei Aying Franz Inselkammer KG,NUMERIC_CODING,CODE_DIMENSION,power_electronics_relevance,motor_drive_score | power_conversion_score | automation_control_score,motor_drive_score | power_conversion_score | automation_control_score,3,motor_drive_score | power_conversion_score | automation_control_score,,CHECKED=3,CHECKED,P2,B,B,7,PASS,PENDING,NEEDS_NUMERIC_CODING,,"Eligibility, process mapping and certificate gates pass. Canonical numeric anchors remain uncoded; proposal state is tracked separately and never mutates canonical values.",Source and anchor checks are complete. Preserve the checked proposals; final-score approval and canonical scoring remain separate gates.,1.1.0
105,31,P50|load_flexibility_potential,P50,Brauerei Aying Franz Inselkammer KG,NUMERIC_CODING,CODE_DIMENSION,load_flexibility_potential,scheduling_flex_score | thermal_storage_flex_score,scheduling_flex_score | thermal_storage_flex_score,2,scheduling_flex_score | thermal_storage_flex_score,scheduling_flex_score | thermal_storage_flex_score,NEEDS_RESEARCH=2,RESEARCH_NEEDED,P2,B,B,7,PASS,PENDING,NEEDS_NUMERIC_CODING,,"Eligibility, process mapping and certificate gates pass. Canonical numeric anchors remain uncoded; proposal state is tracked separately and never mutates canonical values.","Research the unresolved score evidence before proposing an anchor: scheduling_flex_score: Admissible operating/start/interruption windows and actual buffers; product maturation, process cycles or programmable furnace recipes are not dispatch permission. Historical bottle-washer heat-pump case83 C/150 kWthermal;2018/2019 date discrepancy outside lookback;2023 report is older than2026 active EMAS list. Continuation2026-10-08: Heat-pump and brewery-process evidence retained. Reduction in gas use is not zero remaining fossil duty; cold/cooling assets are not automatically usable thermal stores.; thermal_storage_flex_score: Actual completed usable heat/cold store and operating window;2023 report energy-store project2023-2030 is planned, not current deployment. Washer heat recovery is not itself storage. Continuation2026-10-08: Heat-pump and brewery-process evidence retained. Reduction in gas use is not zero remaining fossil duty; cold/cooling assets are not automatically usable thermal stores.",1.1.0
106,31,P50|grid_power_quality_relevance,P50,Brauerei Aying Franz Inselkammer KG,NUMERIC_CODING,CODE_DIMENSION,grid_power_quality_relevance,incremental_load_score | power_quality_score | onsite_integration_score,incremental_load_score | power_quality_score | onsite_integration_score,3,incremental_load_score | power_quality_score | onsite_integration_score,incremental_load_score,CHECKED=2 | NEEDS_RESEARCH=1,RESEARCH_NEEDED,P2,B,B,7,PASS,PENDING,NEEDS_NUMERIC_CODING,,"Eligibility, process mapping and certificate gates pass. Canonical numeric anchors remain uncoded; proposal state is tracked separately and never mutates canonical values.","Research the unresolved score evidence before proposing an anchor: incremental_load_score: Defined additional thermal electrification route and ordinal new-load materiality; existing electric assets, PV expansion and EV charging are not an additional heat-route load. Historical bottle-washer heat-pump case83 C/150 kWthermal;2018/2019 date discrepancy outside lookback;2023 report is older than2026 active EMAS list. Continuation2026-10-08: Heat-pump and brewery-process evidence retained. Reduction in gas use is not zero remaining fossil duty; cold/cooling assets are not automatically usable thermal stores.",1.1.0
107,31,P50|observed_transition_gap,P50,Brauerei Aying Franz Inselkammer KG,NUMERIC_CODING,CODE_DIMENSION,observed_transition_gap,measures_gap_score | management_gap_score | targets_gap_score | investment_gap_score,measures_gap_score | management_gap_score | targets_gap_score | investment_gap_score,4,measures_gap_score | management_gap_score | targets_gap_score | investment_gap_score,targets_gap_score | investment_gap_score,CHECKED=2 | NEEDS_RESEARCH=2,RESEARCH_NEEDED,P2,B,B,7,PASS,PENDING,NEEDS_NUMERIC_CODING,,"Eligibility, process mapping and certificate gates pass. Canonical numeric anchors remain uncoded; proposal state is tracked separately and never mutates canonical values.",Research the unresolved score evidence before proposing an anchor: targets_gap_score: Current dated target/roadmap or current bounded ambition.2023 statement contains2020-2024 targets and next-target intentions; current2026 programme not established. Expired roadmap not treated as current or absent. Continuation2026-10-08: Heat-pump and brewery-process evidence retained. Reduction in gas use is not zero remaining fossil duty; cold/cooling assets are not automatically usable thermal stores.; investment_gap_score: Completed energy investment within2021-10-07 to2026-10-07.2012CHP/2019PV/2018-19 washer/heat pump excluded.2023 in-planning/in-implementation roof/compressor/control and planned2023-26 logistics not silently completed as of2026; truckEuro6 substitution is not proven energy-transition saving. Continuation2026-10-08: Heat-pump and brewery-process evidence retained. Reduction in gas use is not zero remaining fossil duty; cold/cooling assets are not automatically usable thermal stores.,1.1.0
108,32,P58|process_electrification_potential,P58,Dorn Spritzguss GmbH,NUMERIC_CODING,CODE_DIMENSION,process_electrification_potential,temperature_fit_score | process_electrification_score | fossil_heat_displacement_score,temperature_fit_score | process_electrification_score | fossil_heat_displacement_score,3,temperature_fit_score | process_electrification_score | fossil_heat_displacement_score,temperature_fit_score | process_electrification_score | fossil_heat_displacement_score,NEEDS_RESEARCH=3,RESEARCH_NEEDED,P2,B,B,7,PASS,PENDING,NEEDS_NUMERIC_CODING,,"Eligibility, process mapping and certificate gates pass. Canonical numeric anchors remain uncoded; proposal state is tracked separately and never mutates canonical values.","Research the unresolved score evidence before proposing an anchor: temperature_fit_score: Actual process-heating temperatures and supported electric-heat fit, rather than part dimensions, cold maturation, material/customer ratings or historical boiler baselines. Own2022 PV and undated950kWh ELECTRICAL battery, current ISO14001 and CNC/EDM/laser; battery not thermal storage or dated additional investment. Continuation2026-10-08: Machine clamping forces are not energy powers. Mills/dryers provide no attributable operating heat temperature, current fuel or energy-store parameters.; process_electrification_score: Named own actual/planned electric thermal route; electrochemical coating, generic production or customer energy applications alone do not establish electric process heat. Own2022 PV and undated950kWh ELECTRICAL battery, current ISO14001 and CNC/EDM/laser; battery not thermal storage or dated additional investment. Continuation2026-10-08: Machine clamping forces are not energy powers. Mills/dryers provide no attributable operating heat temperature, current fuel or energy-store parameters.; fossil_heat_displacement_score: Actual current fossil thermal carrier, centrality and displacement materiality; unspecified CHP/ovens and historic gas baselines do not establish remaining fuel mix. Own2022 PV and undated950kWh ELECTRICAL battery, current ISO14001 and CNC/EDM/laser; battery not thermal storage or dated additional investment. Continuation2026-10-08: Machine clamping forces are not energy powers. Mills/dryers provide no attributable operating heat temperature, current fuel or energy-store parameters.",1.1.0
109,32,P58|power_electronics_relevance,P58,Dorn Spritzguss GmbH,NUMERIC_CODING,CODE_DIMENSION,power_electronics_relevance,motor_drive_score | power_conversion_score | automation_control_score,motor_drive_score | power_conversion_score | automation_control_score,3,motor_drive_score | power_conversion_score | automation_control_score,,CHECKED=3,CHECKED,P2,B,B,7,PASS,PENDING,NEEDS_NUMERIC_CODING,,"Eligibility, process mapping and certificate gates pass. Canonical numeric anchors remain uncoded; proposal state is tracked separately and never mutates canonical values.",Source and anchor checks are complete. Preserve the checked proposals; final-score approval and canonical scoring remain separate gates.,1.1.0
110,32,P58|load_flexibility_potential,P58,Dorn Spritzguss GmbH,NUMERIC_CODING,CODE_DIMENSION,load_flexibility_potential,scheduling_flex_score | thermal_storage_flex_score,scheduling_flex_score | thermal_storage_flex_score,2,scheduling_flex_score | thermal_storage_flex_score,scheduling_flex_score | thermal_storage_flex_score,NEEDS_RESEARCH=2,RESEARCH_NEEDED,P2,B,B,7,PASS,PENDING,NEEDS_NUMERIC_CODING,,"Eligibility, process mapping and certificate gates pass. Canonical numeric anchors remain uncoded; proposal state is tracked separately and never mutates canonical values.","Research the unresolved score evidence before proposing an anchor: scheduling_flex_score: Admissible operating/start/interruption windows and actual buffers; product maturation, process cycles or programmable furnace recipes are not dispatch permission. Own2022 PV and undated950kWh ELECTRICAL battery, current ISO14001 and CNC/EDM/laser; battery not thermal storage or dated additional investment. Continuation2026-10-08: Machine clamping forces are not energy powers. Mills/dryers provide no attributable operating heat temperature, current fuel or energy-store parameters.; thermal_storage_flex_score: Named own usable heat/cold store or validated thermal inertia with operating window; cooling, absorption chilling, production tanks and glass melt mass alone do not establish storage. Own2022 PV and undated950kWh ELECTRICAL battery, current ISO14001 and CNC/EDM/laser; battery not thermal storage or dated additional investment. Continuation2026-10-08: Machine clamping forces are not energy powers. Mills/dryers provide no attributable operating heat temperature, current fuel or energy-store parameters.",1.1.0
111,32,P58|grid_power_quality_relevance,P58,Dorn Spritzguss GmbH,NUMERIC_CODING,CODE_DIMENSION,grid_power_quality_relevance,incremental_load_score | power_quality_score | onsite_integration_score,incremental_load_score | power_quality_score | onsite_integration_score,3,incremental_load_score | power_quality_score | onsite_integration_score,incremental_load_score,CHECKED=2 | NEEDS_RESEARCH=1,RESEARCH_NEEDED,P2,B,B,7,PASS,PENDING,NEEDS_NUMERIC_CODING,,"Eligibility, process mapping and certificate gates pass. Canonical numeric anchors remain uncoded; proposal state is tracked separately and never mutates canonical values.","Research the unresolved score evidence before proposing an anchor: incremental_load_score: Defined additional thermal electrification route and ordinal new-load materiality; existing electric assets, PV expansion and EV charging are not an additional heat-route load. Own2022 PV and undated950kWh ELECTRICAL battery, current ISO14001 and CNC/EDM/laser; battery not thermal storage or dated additional investment. Continuation2026-10-08: Machine clamping forces are not energy powers. Mills/dryers provide no attributable operating heat temperature, current fuel or energy-store parameters.",1.1.0
112,32,P58|observed_transition_gap,P58,Dorn Spritzguss GmbH,NUMERIC_CODING,CODE_DIMENSION,observed_transition_gap,measures_gap_score | management_gap_score | targets_gap_score | investment_gap_score,measures_gap_score | management_gap_score | targets_gap_score | investment_gap_score,4,measures_gap_score | management_gap_score | targets_gap_score | investment_gap_score,,CHECKED=4,CHECKED,P2,B,B,7,PASS,PENDING,NEEDS_NUMERIC_CODING,,"Eligibility, process mapping and certificate gates pass. Canonical numeric anchors remain uncoded; proposal state is tracked separately and never mutates canonical values.",Source and anchor checks are complete. Preserve the checked proposals; final-score approval and canonical scoring remain separate gates.,1.1.0
113,33,P60|process_electrification_potential,P60,HARTCHROM Beck GmbH,NUMERIC_CODING,CODE_DIMENSION,process_electrification_potential,temperature_fit_score | process_electrification_score | fossil_heat_displacement_score,temperature_fit_score | process_electrification_score | fossil_heat_displacement_score,3,temperature_fit_score | process_electrification_score | fossil_heat_displacement_score,temperature_fit_score | process_electrification_score | fossil_heat_displacement_score,NEEDS_RESEARCH=3,RESEARCH_NEEDED,P2,B,B,7,PASS,PENDING,NEEDS_NUMERIC_CODING,,"Eligibility, process mapping and certificate gates pass. Canonical numeric anchors remain uncoded; proposal state is tracked separately and never mutates canonical values.","Research the unresolved score evidence before proposing an anchor: temperature_fit_score: Owned process operating temperatures and actual heat/cold duties; separate product ratings and room heating. Continuation2026-10-08: Test equipment and additive-manufacturing descriptions lack operating heat duty/temperature evidence. Failed routes remain failed, not absence proof.; process_electrification_score: Named owned thermal route, current heat carrier and feasible remaining substitution case; separate electric drives and room heat. Continuation2026-10-08: Test equipment and additive-manufacturing descriptions lack operating heat duty/temperature evidence. Failed routes remain failed, not absence proof.; fossil_heat_displacement_score: Current company/site process heat carrier mix and attributable fossil thermal duty. No public evidence is not zero fossil heat. Continuation2026-10-08: Test equipment and additive-manufacturing descriptions lack operating heat duty/temperature evidence. Failed routes remain failed, not absence proof.",1.1.0
114,33,P60|power_electronics_relevance,P60,HARTCHROM Beck GmbH,NUMERIC_CODING,CODE_DIMENSION,power_electronics_relevance,motor_drive_score | power_conversion_score | automation_control_score,motor_drive_score | power_conversion_score | automation_control_score,3,motor_drive_score | power_conversion_score | automation_control_score,,CHECKED=3,CHECKED,P2,B,B,7,PASS,PENDING,NEEDS_NUMERIC_CODING,,"Eligibility, process mapping and certificate gates pass. Canonical numeric anchors remain uncoded; proposal state is tracked separately and never mutates canonical values.",Source and anchor checks are complete. Preserve the checked proposals; final-score approval and canonical scoring remain separate gates.,1.1.0
115,33,P60|load_flexibility_potential,P60,HARTCHROM Beck GmbH,NUMERIC_CODING,CODE_DIMENSION,load_flexibility_potential,scheduling_flex_score | thermal_storage_flex_score,scheduling_flex_score | thermal_storage_flex_score,2,scheduling_flex_score | thermal_storage_flex_score,scheduling_flex_score | thermal_storage_flex_score,NEEDS_RESEARCH=2,RESEARCH_NEEDED,P2,B,B,7,PASS,PENDING,NEEDS_NUMERIC_CODING,,"Eligibility, process mapping and certificate gates pass. Canonical numeric anchors remain uncoded; proposal state is tracked separately and never mutates canonical values.","Research the unresolved score evidence before proposing an anchor: scheduling_flex_score: Permitted timing shifts, quality/cooling/order constraints and spare capacity. Batch/24h operation alone not flexibility permission. Continuation2026-10-08: Test equipment and additive-manufacturing descriptions lack operating heat duty/temperature evidence. Failed routes remain failed, not absence proof.; thermal_storage_flex_score: Actual useful heat/cold buffer capacity, temperature, connection and timing freedom; thermal mass, room heat and electrical batteries not sufficient. Continuation2026-10-08: Test equipment and additive-manufacturing descriptions lack operating heat duty/temperature evidence. Failed routes remain failed, not absence proof.",1.1.0
116,33,P60|grid_power_quality_relevance,P60,HARTCHROM Beck GmbH,NUMERIC_CODING,CODE_DIMENSION,grid_power_quality_relevance,incremental_load_score | power_quality_score | onsite_integration_score,incremental_load_score | power_quality_score | onsite_integration_score,3,incremental_load_score | power_quality_score | onsite_integration_score,incremental_load_score | onsite_integration_score,CHECKED=1 | NEEDS_RESEARCH=2,RESEARCH_NEEDED,P2,B,B,7,PASS,PENDING,NEEDS_NUMERIC_CODING,,"Eligibility, process mapping and certificate gates pass. Canonical numeric anchors remain uncoded; proposal state is tracked separately and never mutates canonical values.","Research the unresolved score evidence before proposing an anchor: incremental_load_score: Owned feasible thermal substitution case and baseline remaining thermal duty; no grid capacity or kW inferred. Continuation2026-10-08: Test equipment and additive-manufacturing descriptions lack operating heat duty/temperature evidence. Failed routes remain failed, not absence proof.; onsite_integration_score: Owned electricity generation/storage/load-management topology; mechanical hydropower, purchased renewables or group assets not inherited. Continuation2026-10-08: Test equipment and additive-manufacturing descriptions lack operating heat duty/temperature evidence. Failed routes remain failed, not absence proof.",1.1.0
117,33,P60|observed_transition_gap,P60,HARTCHROM Beck GmbH,NUMERIC_CODING,CODE_DIMENSION,observed_transition_gap,measures_gap_score | management_gap_score | targets_gap_score | investment_gap_score,measures_gap_score | management_gap_score | targets_gap_score | investment_gap_score,4,measures_gap_score | management_gap_score | targets_gap_score | investment_gap_score,measures_gap_score | management_gap_score | targets_gap_score | investment_gap_score,NEEDS_RESEARCH=4,RESEARCH_NEEDED,P2,B,B,7,PASS,PENDING,NEEDS_NUMERIC_CODING,,"Eligibility, process mapping and certificate gates pass. Canonical numeric anchors remain uncoded; proposal state is tracked separately and never mutates canonical values.","Research the unresolved score evidence before proposing an anchor: measures_gap_score: Named current implemented energy measures with exact entity/site/technology scope. Generic efficient/green production and resource recycling not adequate negative-search proof. Continuation2026-10-08: Test equipment and additive-manufacturing descriptions lack operating heat duty/temperature evidence. Failed routes remain failed, not absence proof.; management_gap_score: Current direct ISO 50001/14001/EMAS or operational energy-management evidence for exact holder; quality-only and absent public certificate not no-management conclusion. Continuation2026-10-08: Test equipment and additive-manufacturing descriptions lack operating heat duty/temperature evidence. Failed routes remain failed, not absence proof.; targets_gap_score: Owned energy/climate target, date, scope and roadmap, or documented sufficient defined search. General quality/resource sustainability not energy target. Continuation2026-10-08: Test equipment and additive-manufacturing descriptions lack operating heat duty/temperature evidence. Failed routes remain failed, not absence proof.; investment_gap_score: Completed owned energy investments with commissioning dates in 2021-10-07 to 2026-10-07. Operation/report/filename dates, generic annual CAPEX and other group companies not sufficient. Continuation2026-10-08: Test equipment and additive-manufacturing descriptions lack operating heat duty/temperature evidence. Failed routes remain failed, not absence proof.",1.1.0
118,34,P62|process_electrification_potential,P62,Galvanotechnik Kessel GmbH & Co. KG,NUMERIC_CODING,CODE_DIMENSION,process_electrification_potential,temperature_fit_score | process_electrification_score | fossil_heat_displacement_score,temperature_fit_score | process_electrification_score | fossil_heat_displacement_score,3,temperature_fit_score | process_electrification_score | fossil_heat_displacement_score,temperature_fit_score | process_electrification_score | fossil_heat_displacement_score,NEEDS_RESEARCH=3,RESEARCH_NEEDED,P2,B,B,7,PASS,PENDING,NEEDS_NUMERIC_CODING,,"Eligibility, process mapping and certificate gates pass. Canonical numeric anchors remain uncoded; proposal state is tracked separately and never mutates canonical values.","Research the unresolved score evidence before proposing an anchor: temperature_fit_score: Owned process operating temperatures and actual heat/cold duties; separate product ratings and room heating. Continuation2026-10-08: Existing energy management retained. Management financial goals are not implemented measures, public dated climate targets or attributable heat fuel data.; process_electrification_score: Named owned thermal route, current heat carrier and feasible remaining substitution case; separate electric drives and room heat. Continuation2026-10-08: Existing energy management retained. Management financial goals are not implemented measures, public dated climate targets or attributable heat fuel data.; fossil_heat_displacement_score: Current company/site process heat carrier mix and attributable fossil thermal duty. No public evidence is not zero fossil heat. Continuation2026-10-08: Existing energy management retained. Management financial goals are not implemented measures, public dated climate targets or attributable heat fuel data.",1.1.0
119,34,P62|power_electronics_relevance,P62,Galvanotechnik Kessel GmbH & Co. KG,NUMERIC_CODING,CODE_DIMENSION,power_electronics_relevance,motor_drive_score | power_conversion_score | automation_control_score,motor_drive_score | power_conversion_score | automation_control_score,3,motor_drive_score | power_conversion_score | automation_control_score,motor_drive_score | automation_control_score,CHECKED=1 | NEEDS_RESEARCH=2,RESEARCH_NEEDED,P2,B,B,7,PASS,PENDING,NEEDS_NUMERIC_CODING,,"Eligibility, process mapping and certificate gates pass. Canonical numeric anchors remain uncoded; proposal state is tracked separately and never mutates canonical values.","Research the unresolved score evidence before proposing an anchor: motor_drive_score: Owned electrical motor/compressor inventory, process roles and duty; mechanical drive not automatically electric. Continuation2026-10-08: Existing energy management retained. Management financial goals are not implemented measures, public dated climate targets or attributable heat fuel data.; automation_control_score: Owned process control/monitoring inventory and operational coordination; quality claims not EnMS maturity. Continuation2026-10-08: Existing energy management retained. Management financial goals are not implemented measures, public dated climate targets or attributable heat fuel data.",1.1.0
120,34,P62|load_flexibility_potential,P62,Galvanotechnik Kessel GmbH & Co. KG,NUMERIC_CODING,CODE_DIMENSION,load_flexibility_potential,scheduling_flex_score | thermal_storage_flex_score,scheduling_flex_score | thermal_storage_flex_score,2,scheduling_flex_score | thermal_storage_flex_score,scheduling_flex_score | thermal_storage_flex_score,NEEDS_RESEARCH=2,RESEARCH_NEEDED,P2,B,B,7,PASS,PENDING,NEEDS_NUMERIC_CODING,,"Eligibility, process mapping and certificate gates pass. Canonical numeric anchors remain uncoded; proposal state is tracked separately and never mutates canonical values.","Research the unresolved score evidence before proposing an anchor: scheduling_flex_score: Permitted timing shifts, quality/cooling/order constraints and spare capacity. Batch/24h operation alone not flexibility permission. Continuation2026-10-08: Existing energy management retained. Management financial goals are not implemented measures, public dated climate targets or attributable heat fuel data.; thermal_storage_flex_score: Actual useful heat/cold buffer capacity, temperature, connection and timing freedom; thermal mass, room heat and electrical batteries not sufficient. Continuation2026-10-08: Existing energy management retained. Management financial goals are not implemented measures, public dated climate targets or attributable heat fuel data.",1.1.0
121,34,P62|grid_power_quality_relevance,P62,Galvanotechnik Kessel GmbH & Co. KG,NUMERIC_CODING,CODE_DIMENSION,grid_power_quality_relevance,incremental_load_score | power_quality_score | onsite_integration_score,incremental_load_score | power_quality_score | onsite_integration_score,3,incremental_load_score | power_quality_score | onsite_integration_score,incremental_load_score | onsite_integration_score,CHECKED=1 | NEEDS_RESEARCH=2,RESEARCH_NEEDED,P2,B,B,7,PASS,PENDING,NEEDS_NUMERIC_CODING,,"Eligibility, process mapping and certificate gates pass. Canonical numeric anchors remain uncoded; proposal state is tracked separately and never mutates canonical values.","Research the unresolved score evidence before proposing an anchor: incremental_load_score: Owned feasible thermal substitution case and baseline remaining thermal duty; no grid capacity or kW inferred. Continuation2026-10-08: Existing energy management retained. Management financial goals are not implemented measures, public dated climate targets or attributable heat fuel data.; onsite_integration_score: Owned electricity generation/storage/load-management topology; mechanical hydropower, purchased renewables or group assets not inherited. Continuation2026-10-08: Existing energy management retained. Management financial goals are not implemented measures, public dated climate targets or attributable heat fuel data.",1.1.0
122,34,P62|observed_transition_gap,P62,Galvanotechnik Kessel GmbH & Co. KG,NUMERIC_CODING,CODE_DIMENSION,observed_transition_gap,measures_gap_score | management_gap_score | targets_gap_score | investment_gap_score,measures_gap_score | management_gap_score | targets_gap_score | investment_gap_score,4,measures_gap_score | management_gap_score | targets_gap_score | investment_gap_score,measures_gap_score | investment_gap_score,CHECKED=2 | NEEDS_RESEARCH=2,RESEARCH_NEEDED,P2,B,B,7,PASS,PENDING,NEEDS_NUMERIC_CODING,,"Eligibility, process mapping and certificate gates pass. Canonical numeric anchors remain uncoded; proposal state is tracked separately and never mutates canonical values.","Research the unresolved score evidence before proposing an anchor: measures_gap_score: Named current implemented energy measures with exact entity/site/technology scope. Generic efficient/green production and resource recycling not adequate negative-search proof. Continuation2026-10-08: Existing energy management retained. Management financial goals are not implemented measures, public dated climate targets or attributable heat fuel data.; investment_gap_score: Completed owned energy investments with commissioning dates in 2021-10-07 to 2026-10-07. Operation/report/filename dates, generic annual CAPEX and other group companies not sufficient. Continuation2026-10-08: Existing energy management retained. Management financial goals are not implemented measures, public dated climate targets or attributable heat fuel data.",1.1.0
123,35,P72|process_electrification_potential,P72,Hofbräuhaus Traunstein Josef Sailer GmbH & Co. KG,NUMERIC_CODING,CODE_DIMENSION,process_electrification_potential,temperature_fit_score | process_electrification_score | fossil_heat_displacement_score,temperature_fit_score | process_electrification_score | fossil_heat_displacement_score,3,temperature_fit_score | process_electrification_score | fossil_heat_displacement_score,temperature_fit_score | process_electrification_score | fossil_heat_displacement_score,NEEDS_RESEARCH=3,RESEARCH_NEEDED,P2,B,B,7,PASS,PENDING,NEEDS_NUMERIC_CODING,,"Eligibility, process mapping and certificate gates pass. Canonical numeric anchors remain uncoded; proposal state is tracked separately and never mutates canonical values.","Research the unresolved score evidence before proposing an anchor: temperature_fit_score: Owned process operating temperatures and actual heat/cold duties; separate product ratings and room heating. Continuation2026-10-08: Existing PV/robotics evidence retained. Product cold storage is not dispatchable thermal storage; lauter construction is not final commissioning and PV area is not kWp.; process_electrification_score: Named owned thermal route, current heat carrier and feasible remaining substitution case; separate electric drives and room heat. Continuation2026-10-08: Existing PV/robotics evidence retained. Product cold storage is not dispatchable thermal storage; lauter construction is not final commissioning and PV area is not kWp.; fossil_heat_displacement_score: Current company/site process heat carrier mix and attributable fossil thermal duty. No public evidence is not zero fossil heat. Continuation2026-10-08: Existing PV/robotics evidence retained. Product cold storage is not dispatchable thermal storage; lauter construction is not final commissioning and PV area is not kWp.",1.1.0
124,35,P72|power_electronics_relevance,P72,Hofbräuhaus Traunstein Josef Sailer GmbH & Co. KG,NUMERIC_CODING,CODE_DIMENSION,power_electronics_relevance,motor_drive_score | power_conversion_score | automation_control_score,motor_drive_score | power_conversion_score | automation_control_score,3,motor_drive_score | power_conversion_score | automation_control_score,,CHECKED=3,CHECKED,P2,B,B,7,PASS,PENDING,NEEDS_NUMERIC_CODING,,"Eligibility, process mapping and certificate gates pass. Canonical numeric anchors remain uncoded; proposal state is tracked separately and never mutates canonical values.",Source and anchor checks are complete. Preserve the checked proposals; final-score approval and canonical scoring remain separate gates.,1.1.0
125,35,P72|load_flexibility_potential,P72,Hofbräuhaus Traunstein Josef Sailer GmbH & Co. KG,NUMERIC_CODING,CODE_DIMENSION,load_flexibility_potential,scheduling_flex_score | thermal_storage_flex_score,scheduling_flex_score | thermal_storage_flex_score,2,scheduling_flex_score | thermal_storage_flex_score,scheduling_flex_score | thermal_storage_flex_score,NEEDS_RESEARCH=2,RESEARCH_NEEDED,P2,B,B,7,PASS,PENDING,NEEDS_NUMERIC_CODING,,"Eligibility, process mapping and certificate gates pass. Canonical numeric anchors remain uncoded; proposal state is tracked separately and never mutates canonical values.","Research the unresolved score evidence before proposing an anchor: scheduling_flex_score: Permitted timing shifts, quality/cooling/order constraints and spare capacity. Batch/24h operation alone not flexibility permission. Continuation2026-10-08: Existing PV/robotics evidence retained. Product cold storage is not dispatchable thermal storage; lauter construction is not final commissioning and PV area is not kWp.; thermal_storage_flex_score: Actual useful heat/cold buffer capacity, temperature, connection and timing freedom; thermal mass, room heat and electrical batteries not sufficient. Continuation2026-10-08: Existing PV/robotics evidence retained. Product cold storage is not dispatchable thermal storage; lauter construction is not final commissioning and PV area is not kWp.",1.1.0
126,35,P72|grid_power_quality_relevance,P72,Hofbräuhaus Traunstein Josef Sailer GmbH & Co. KG,NUMERIC_CODING,CODE_DIMENSION,grid_power_quality_relevance,incremental_load_score | power_quality_score | onsite_integration_score,incremental_load_score | power_quality_score | onsite_integration_score,3,incremental_load_score | power_quality_score | onsite_integration_score,incremental_load_score,CHECKED=2 | NEEDS_RESEARCH=1,RESEARCH_NEEDED,P2,B,B,7,PASS,PENDING,NEEDS_NUMERIC_CODING,,"Eligibility, process mapping and certificate gates pass. Canonical numeric anchors remain uncoded; proposal state is tracked separately and never mutates canonical values.",Research the unresolved score evidence before proposing an anchor: incremental_load_score: Owned feasible thermal substitution case and baseline remaining thermal duty; no grid capacity or kW inferred. Continuation2026-10-08: Existing PV/robotics evidence retained. Product cold storage is not dispatchable thermal storage; lauter construction is not final commissioning and PV area is not kWp.,1.1.0
127,35,P72|observed_transition_gap,P72,Hofbräuhaus Traunstein Josef Sailer GmbH & Co. KG,NUMERIC_CODING,CODE_DIMENSION,observed_transition_gap,measures_gap_score | management_gap_score | targets_gap_score | investment_gap_score,measures_gap_score | management_gap_score | targets_gap_score | investment_gap_score,4,measures_gap_score | management_gap_score | targets_gap_score | investment_gap_score,management_gap_score,CHECKED=3 | NEEDS_RESEARCH=1,RESEARCH_NEEDED,P2,B,B,7,PASS,PENDING,NEEDS_NUMERIC_CODING,,"Eligibility, process mapping and certificate gates pass. Canonical numeric anchors remain uncoded; proposal state is tracked separately and never mutates canonical values.",Research the unresolved score evidence before proposing an anchor: management_gap_score: Current direct ISO 50001/14001/EMAS or operational energy-management evidence for exact holder; quality-only and absent public certificate not no-management conclusion. Continuation2026-10-08: Existing PV/robotics evidence retained. Product cold storage is not dispatchable thermal storage; lauter construction is not final commissioning and PV area is not kWp.,1.1.0
128,36,P75|process_electrification_potential,P75,Privatbrauerei J.B. Falter Regen KG,NUMERIC_CODING,CODE_DIMENSION,process_electrification_potential,temperature_fit_score | process_electrification_score | fossil_heat_displacement_score,temperature_fit_score | process_electrification_score | fossil_heat_displacement_score,3,temperature_fit_score | process_electrification_score | fossil_heat_displacement_score,temperature_fit_score | process_electrification_score | fossil_heat_displacement_score,NEEDS_RESEARCH=3,RESEARCH_NEEDED,P2,B,B,7,PASS,PENDING,NEEDS_NUMERIC_CODING,,"Eligibility, process mapping and certificate gates pass. Canonical numeric anchors remain uncoded; proposal state is tracked separately and never mutates canonical values.","Research the unresolved score evidence before proposing an anchor: temperature_fit_score: Actual process-heating temperatures and supported electric-heat fit, rather than part dimensions, cold maturation, material/customer ratings or historical boiler baselines. Own beer pumping, unquantified mash heating and vague resource ambition;4-6weeks maturation not flexible store;2018/2024 cellar capacity not proved energy CAPEX. Continuation2026-10-08: Unnumbered brewery heat stages and cold fermentation do not establish specific heat operating temperatures or independent thermal storage.; process_electrification_score: Named own actual/planned electric thermal route; electrochemical coating, generic production or customer energy applications alone do not establish electric process heat. Own beer pumping, unquantified mash heating and vague resource ambition;4-6weeks maturation not flexible store;2018/2024 cellar capacity not proved energy CAPEX. Continuation2026-10-08: Unnumbered brewery heat stages and cold fermentation do not establish specific heat operating temperatures or independent thermal storage.; fossil_heat_displacement_score: Actual current fossil thermal carrier, centrality and displacement materiality; unspecified CHP/ovens and historic gas baselines do not establish remaining fuel mix. Own beer pumping, unquantified mash heating and vague resource ambition;4-6weeks maturation not flexible store;2018/2024 cellar capacity not proved energy CAPEX. Continuation2026-10-08: Unnumbered brewery heat stages and cold fermentation do not establish specific heat operating temperatures or independent thermal storage.",1.1.0
129,36,P75|power_electronics_relevance,P75,Privatbrauerei J.B. Falter Regen KG,NUMERIC_CODING,CODE_DIMENSION,power_electronics_relevance,motor_drive_score | power_conversion_score | automation_control_score,motor_drive_score | power_conversion_score | automation_control_score,3,motor_drive_score | power_conversion_score | automation_control_score,power_conversion_score | automation_control_score,CHECKED=1 | NEEDS_RESEARCH=2,RESEARCH_NEEDED,P2,B,B,7,PASS,PENDING,NEEDS_NUMERIC_CODING,,"Eligibility, process mapping and certificate gates pass. Canonical numeric anchors remain uncoded; proposal state is tracked separately and never mutates canonical values.","Research the unresolved score evidence before proposing an anchor: power_conversion_score: Named current own material rectifier/converter/controlled-heat use case; customer product applications, AC charging sockets and unspecified machine carriers are insufficient. Own beer pumping, unquantified mash heating and vague resource ambition;4-6weeks maturation not flexible store;2018/2024 cellar capacity not proved energy CAPEX. Continuation2026-10-08: Unnumbered brewery heat stages and cold fermentation do not establish specific heat operating temperatures or independent thermal storage.; automation_control_score: Actual current owned sensing/control applications and coordination; generic modernity or staging-site claims need corroboration. Own beer pumping, unquantified mash heating and vague resource ambition;4-6weeks maturation not flexible store;2018/2024 cellar capacity not proved energy CAPEX. Continuation2026-10-08: Unnumbered brewery heat stages and cold fermentation do not establish specific heat operating temperatures or independent thermal storage.",1.1.0
130,36,P75|load_flexibility_potential,P75,Privatbrauerei J.B. Falter Regen KG,NUMERIC_CODING,CODE_DIMENSION,load_flexibility_potential,scheduling_flex_score | thermal_storage_flex_score,scheduling_flex_score | thermal_storage_flex_score,2,scheduling_flex_score | thermal_storage_flex_score,scheduling_flex_score | thermal_storage_flex_score,NEEDS_RESEARCH=2,RESEARCH_NEEDED,P2,B,B,7,PASS,PENDING,NEEDS_NUMERIC_CODING,,"Eligibility, process mapping and certificate gates pass. Canonical numeric anchors remain uncoded; proposal state is tracked separately and never mutates canonical values.","Research the unresolved score evidence before proposing an anchor: scheduling_flex_score: Admissible operating/start/interruption windows and actual buffers; product maturation, process cycles or programmable furnace recipes are not dispatch permission. Own beer pumping, unquantified mash heating and vague resource ambition;4-6weeks maturation not flexible store;2018/2024 cellar capacity not proved energy CAPEX. Continuation2026-10-08: Unnumbered brewery heat stages and cold fermentation do not establish specific heat operating temperatures or independent thermal storage.; thermal_storage_flex_score: Named own usable heat/cold store or validated thermal inertia with operating window; cooling, absorption chilling, production tanks and glass melt mass alone do not establish storage. Own beer pumping, unquantified mash heating and vague resource ambition;4-6weeks maturation not flexible store;2018/2024 cellar capacity not proved energy CAPEX. Continuation2026-10-08: Unnumbered brewery heat stages and cold fermentation do not establish specific heat operating temperatures or independent thermal storage.",1.1.0
131,36,P75|grid_power_quality_relevance,P75,Privatbrauerei J.B. Falter Regen KG,NUMERIC_CODING,CODE_DIMENSION,grid_power_quality_relevance,incremental_load_score | power_quality_score | onsite_integration_score,incremental_load_score | power_quality_score | onsite_integration_score,3,incremental_load_score | power_quality_score | onsite_integration_score,incremental_load_score | power_quality_score | onsite_integration_score,NEEDS_RESEARCH=3,RESEARCH_NEEDED,P2,B,B,7,PASS,PENDING,NEEDS_NUMERIC_CODING,,"Eligibility, process mapping and certificate gates pass. Canonical numeric anchors remain uncoded; proposal state is tracked separately and never mutates canonical values.","Research the unresolved score evidence before proposing an anchor: incremental_load_score: Defined additional thermal electrification route and ordinal new-load materiality; existing electric assets, PV expansion and EV charging are not an additional heat-route load. Own beer pumping, unquantified mash heating and vague resource ambition;4-6weeks maturation not flexible store;2018/2024 cellar capacity not proved energy CAPEX. Continuation2026-10-08: Unnumbered brewery heat stages and cold fermentation do not establish specific heat operating temperatures or independent thermal storage.; power_quality_score: Current firm-specific converter/peak/reactive-power signals; grid connection or a transformer alone is not a measured power-quality issue. Own beer pumping, unquantified mash heating and vague resource ambition;4-6weeks maturation not flexible store;2018/2024 cellar capacity not proved energy CAPEX. Continuation2026-10-08: Unnumbered brewery heat stages and cold fermentation do not establish specific heat operating temperatures or independent thermal storage.; onsite_integration_score: Own PV/battery/microgrid/load-management use case and actual integration; supplier green power and customer applications are not own deployment. Own beer pumping, unquantified mash heating and vague resource ambition;4-6weeks maturation not flexible store;2018/2024 cellar capacity not proved energy CAPEX. Continuation2026-10-08: Unnumbered brewery heat stages and cold fermentation do not establish specific heat operating temperatures or independent thermal storage.",1.1.0
132,36,P75|observed_transition_gap,P75,Privatbrauerei J.B. Falter Regen KG,NUMERIC_CODING,CODE_DIMENSION,observed_transition_gap,measures_gap_score | management_gap_score | targets_gap_score | investment_gap_score,measures_gap_score | management_gap_score | targets_gap_score | investment_gap_score,4,measures_gap_score | management_gap_score | targets_gap_score | investment_gap_score,measures_gap_score | management_gap_score | investment_gap_score,CHECKED=1 | NEEDS_RESEARCH=3,RESEARCH_NEEDED,P2,B,B,7,PASS,PENDING,NEEDS_NUMERIC_CODING,,"Eligibility, process mapping and certificate gates pass. Canonical numeric anchors remain uncoded; proposal state is tracked separately and never mutates canonical values.","Research the unresolved score evidence before proposing an anchor: measures_gap_score: Current concrete plant energy-transition measures or adequate confirmed inventory; general sustainability, certification, customer products and historical pilots do not establish current deployment or absence. Own beer pumping, unquantified mash heating and vague resource ambition;4-6weeks maturation not flexible store;2018/2024 cellar capacity not proved energy CAPEX. Continuation2026-10-08: Unnumbered brewery heat stages and cold fermentation do not establish specific heat operating temperatures or independent thermal storage.; management_gap_score: Current verified site EnMS/environmental system or bounded claim; ISO9001, an inaccessible/staging certificate page and missing evidence are not certified mature EnMS. Own beer pumping, unquantified mash heating and vague resource ambition;4-6weeks maturation not flexible store;2018/2024 cellar capacity not proved energy CAPEX. Continuation2026-10-08: Unnumbered brewery heat stages and cold fermentation do not establish specific heat operating temperatures or independent thermal storage.; investment_gap_score: Dated completed energy-transition investment within2021-10-07 to2026-10-07; old projects, certificate renewal, crawl dates and undifferentiated capacity/wastewater expansion are insufficient. Own beer pumping, unquantified mash heating and vague resource ambition;4-6weeks maturation not flexible store;2018/2024 cellar capacity not proved energy CAPEX. Continuation2026-10-08: Unnumbered brewery heat stages and cold fermentation do not establish specific heat operating temperatures or independent thermal storage.",1.1.0
133,37,P77|process_electrification_potential,P77,metak GmbH & Co. KG,NUMERIC_CODING,CODE_DIMENSION,process_electrification_potential,temperature_fit_score | process_electrification_score | fossil_heat_displacement_score,temperature_fit_score | process_electrification_score | fossil_heat_displacement_score,3,temperature_fit_score | process_electrification_score | fossil_heat_displacement_score,temperature_fit_score | process_electrification_score,CHECKED=1 | NEEDS_RESEARCH=2,RESEARCH_NEEDED,P2,B,B,7,PASS,PENDING,NEEDS_NUMERIC_CODING,,"Eligibility, process mapping and certificate gates pass. Canonical numeric anchors remain uncoded; proposal state is tracked separately and never mutates canonical values.","Research the unresolved score evidence before proposing an anchor: temperature_fit_score: Actual process-heating temperatures and supported electric-heat fit, rather than part dimensions, cold maturation, material/customer ratings or historical boiler baselines. Own CNC/EDM/robots/free-cooling/heat-recovery, current ISO50001/14001; historical energy recovery outsidewindow, IIOT network not confirmed completed. Continuation2026-10-08: Peak-use refrigeration/free cooling and servo drives are not heat-fuel or thermal-store evidence. Newer news route failed; no new owned PV established. Vertiefung 2026-10-08: Energieanlage und Zertifikat vom Investitionsprojekt trennen; aktuelle thermische Speicher und Heizöl-Restverbrauch klären.; process_electrification_score: Named own actual/planned electric thermal route; electrochemical coating, generic production or customer energy applications alone do not establish electric process heat. Own CNC/EDM/robots/free-cooling/heat-recovery, current ISO50001/14001; historical energy recovery outsidewindow, IIOT network not confirmed completed. Continuation2026-10-08: Peak-use refrigeration/free cooling and servo drives are not heat-fuel or thermal-store evidence. Newer news route failed; no new owned PV established. Vertiefung 2026-10-08: Energieanlage und Zertifikat vom Investitionsprojekt trennen; aktuelle thermische Speicher und Heizöl-Restverbrauch klären.",1.1.0
134,37,P77|power_electronics_relevance,P77,metak GmbH & Co. KG,NUMERIC_CODING,CODE_DIMENSION,power_electronics_relevance,motor_drive_score | power_conversion_score | automation_control_score,motor_drive_score | power_conversion_score | automation_control_score,3,motor_drive_score | power_conversion_score | automation_control_score,,CHECKED=3,CHECKED,P2,B,B,7,PASS,PENDING,NEEDS_NUMERIC_CODING,,"Eligibility, process mapping and certificate gates pass. Canonical numeric anchors remain uncoded; proposal state is tracked separately and never mutates canonical values.",Source and anchor checks are complete. Preserve the checked proposals; final-score approval and canonical scoring remain separate gates.,1.1.0
135,37,P77|load_flexibility_potential,P77,metak GmbH & Co. KG,NUMERIC_CODING,CODE_DIMENSION,load_flexibility_potential,scheduling_flex_score | thermal_storage_flex_score,scheduling_flex_score | thermal_storage_flex_score,2,scheduling_flex_score | thermal_storage_flex_score,scheduling_flex_score | thermal_storage_flex_score,NEEDS_RESEARCH=2,RESEARCH_NEEDED,P2,B,B,7,PASS,PENDING,NEEDS_NUMERIC_CODING,,"Eligibility, process mapping and certificate gates pass. Canonical numeric anchors remain uncoded; proposal state is tracked separately and never mutates canonical values.","Research the unresolved score evidence before proposing an anchor: scheduling_flex_score: Admissible operating/start/interruption windows and actual buffers; product maturation, process cycles or programmable furnace recipes are not dispatch permission. Own CNC/EDM/robots/free-cooling/heat-recovery, current ISO50001/14001; historical energy recovery outsidewindow, IIOT network not confirmed completed. Continuation2026-10-08: Peak-use refrigeration/free cooling and servo drives are not heat-fuel or thermal-store evidence. Newer news route failed; no new owned PV established. Vertiefung 2026-10-08: Energieanlage und Zertifikat vom Investitionsprojekt trennen; aktuelle thermische Speicher und Heizöl-Restverbrauch klären.; thermal_storage_flex_score: Named own usable heat/cold store or validated thermal inertia with operating window; cooling, absorption chilling, production tanks and glass melt mass alone do not establish storage. Own CNC/EDM/robots/free-cooling/heat-recovery, current ISO50001/14001; historical energy recovery outsidewindow, IIOT network not confirmed completed. Continuation2026-10-08: Peak-use refrigeration/free cooling and servo drives are not heat-fuel or thermal-store evidence. Newer news route failed; no new owned PV established. Vertiefung 2026-10-08: Energieanlage und Zertifikat vom Investitionsprojekt trennen; aktuelle thermische Speicher und Heizöl-Restverbrauch klären.",1.1.0
136,37,P77|grid_power_quality_relevance,P77,metak GmbH & Co. KG,NUMERIC_CODING,CODE_DIMENSION,grid_power_quality_relevance,incremental_load_score | power_quality_score | onsite_integration_score,incremental_load_score | power_quality_score | onsite_integration_score,3,incremental_load_score | power_quality_score | onsite_integration_score,incremental_load_score | onsite_integration_score,CHECKED=1 | NEEDS_RESEARCH=2,RESEARCH_NEEDED,P2,B,B,7,PASS,PENDING,NEEDS_NUMERIC_CODING,,"Eligibility, process mapping and certificate gates pass. Canonical numeric anchors remain uncoded; proposal state is tracked separately and never mutates canonical values.","Research the unresolved score evidence before proposing an anchor: incremental_load_score: Defined additional thermal electrification route and ordinal new-load materiality; existing electric assets, PV expansion and EV charging are not an additional heat-route load. Own CNC/EDM/robots/free-cooling/heat-recovery, current ISO50001/14001; historical energy recovery outsidewindow, IIOT network not confirmed completed. Continuation2026-10-08: Peak-use refrigeration/free cooling and servo drives are not heat-fuel or thermal-store evidence. Newer news route failed; no new owned PV established. Vertiefung 2026-10-08: Energieanlage und Zertifikat vom Investitionsprojekt trennen; aktuelle thermische Speicher und Heizöl-Restverbrauch klären.; onsite_integration_score: Own PV/battery/microgrid/load-management use case and actual integration; supplier green power and customer applications are not own deployment. Own CNC/EDM/robots/free-cooling/heat-recovery, current ISO50001/14001; historical energy recovery outsidewindow, IIOT network not confirmed completed. Continuation2026-10-08: Peak-use refrigeration/free cooling and servo drives are not heat-fuel or thermal-store evidence. Newer news route failed; no new owned PV established. Vertiefung 2026-10-08: Energieanlage und Zertifikat vom Investitionsprojekt trennen; aktuelle thermische Speicher und Heizöl-Restverbrauch klären.",1.1.0
137,37,P77|observed_transition_gap,P77,metak GmbH & Co. KG,NUMERIC_CODING,CODE_DIMENSION,observed_transition_gap,measures_gap_score | management_gap_score | targets_gap_score | investment_gap_score,measures_gap_score | management_gap_score | targets_gap_score | investment_gap_score,4,measures_gap_score | management_gap_score | targets_gap_score | investment_gap_score,investment_gap_score,CHECKED=3 | NEEDS_RESEARCH=1,RESEARCH_NEEDED,P2,B,B,7,PASS,PENDING,NEEDS_NUMERIC_CODING,,"Eligibility, process mapping and certificate gates pass. Canonical numeric anchors remain uncoded; proposal state is tracked separately and never mutates canonical values.","Research the unresolved score evidence before proposing an anchor: investment_gap_score: Dated completed energy-transition investment within2021-10-07 to2026-10-07; old projects, certificate renewal, crawl dates and undifferentiated capacity/wastewater expansion are insufficient. Own CNC/EDM/robots/free-cooling/heat-recovery, current ISO50001/14001; historical energy recovery outsidewindow, IIOT network not confirmed completed. Continuation2026-10-08: Peak-use refrigeration/free cooling and servo drives are not heat-fuel or thermal-store evidence. Newer news route failed; no new owned PV established. Vertiefung 2026-10-08: Energieanlage und Zertifikat vom Investitionsprojekt trennen; aktuelle thermische Speicher und Heizöl-Restverbrauch klären.",1.1.0
138,38,P80|process_electrification_potential,P80,MKT Metall- und Kunststofftechnik GmbH,NUMERIC_CODING,CODE_DIMENSION,process_electrification_potential,temperature_fit_score | process_electrification_score | fossil_heat_displacement_score,temperature_fit_score | process_electrification_score | fossil_heat_displacement_score,3,temperature_fit_score | process_electrification_score | fossil_heat_displacement_score,temperature_fit_score | process_electrification_score | fossil_heat_displacement_score,NEEDS_RESEARCH=3,RESEARCH_NEEDED,P2,B,B,7,PASS,PENDING,NEEDS_NUMERIC_CODING,,"Eligibility, process mapping and certificate gates pass. Canonical numeric anchors remain uncoded; proposal state is tracked separately and never mutates canonical values.","Research the unresolved score evidence before proposing an anchor: temperature_fit_score: Actual process-heating temperatures and supported electric-heat fit, rather than part dimensions, cold maturation, material/customer ratings or historical boiler baselines. Own CNC/robots/optics and electric-machine claim plus purchased hydropower; Chinese partner tools and supplier hydro not owned generation/electric process heat. Continuation2026-10-08: Purchased hydroelectricity is not owned PV. Undated machinery investment does not establish recent energy CAPEX; no thermal carrier or usable store established.; process_electrification_score: Named own actual/planned electric thermal route; electrochemical coating, generic production or customer energy applications alone do not establish electric process heat. Own CNC/robots/optics and electric-machine claim plus purchased hydropower; Chinese partner tools and supplier hydro not owned generation/electric process heat. Continuation2026-10-08: Purchased hydroelectricity is not owned PV. Undated machinery investment does not establish recent energy CAPEX; no thermal carrier or usable store established.; fossil_heat_displacement_score: Actual current fossil thermal carrier, centrality and displacement materiality; unspecified CHP/ovens and historic gas baselines do not establish remaining fuel mix. Own CNC/robots/optics and electric-machine claim plus purchased hydropower; Chinese partner tools and supplier hydro not owned generation/electric process heat. Continuation2026-10-08: Purchased hydroelectricity is not owned PV. Undated machinery investment does not establish recent energy CAPEX; no thermal carrier or usable store established.",1.1.0
139,38,P80|power_electronics_relevance,P80,MKT Metall- und Kunststofftechnik GmbH,NUMERIC_CODING,CODE_DIMENSION,power_electronics_relevance,motor_drive_score | power_conversion_score | automation_control_score,motor_drive_score | power_conversion_score | automation_control_score,3,motor_drive_score | power_conversion_score | automation_control_score,,CHECKED=3,CHECKED,P2,B,B,7,PASS,PENDING,NEEDS_NUMERIC_CODING,,"Eligibility, process mapping and certificate gates pass. Canonical numeric anchors remain uncoded; proposal state is tracked separately and never mutates canonical values.",Source and anchor checks are complete. Preserve the checked proposals; final-score approval and canonical scoring remain separate gates.,1.1.0
140,38,P80|load_flexibility_potential,P80,MKT Metall- und Kunststofftechnik GmbH,NUMERIC_CODING,CODE_DIMENSION,load_flexibility_potential,scheduling_flex_score | thermal_storage_flex_score,scheduling_flex_score | thermal_storage_flex_score,2,scheduling_flex_score | thermal_storage_flex_score,scheduling_flex_score | thermal_storage_flex_score,NEEDS_RESEARCH=2,RESEARCH_NEEDED,P2,B,B,7,PASS,PENDING,NEEDS_NUMERIC_CODING,,"Eligibility, process mapping and certificate gates pass. Canonical numeric anchors remain uncoded; proposal state is tracked separately and never mutates canonical values.","Research the unresolved score evidence before proposing an anchor: scheduling_flex_score: Admissible operating/start/interruption windows and actual buffers; product maturation, process cycles or programmable furnace recipes are not dispatch permission. Own CNC/robots/optics and electric-machine claim plus purchased hydropower; Chinese partner tools and supplier hydro not owned generation/electric process heat. Continuation2026-10-08: Purchased hydroelectricity is not owned PV. Undated machinery investment does not establish recent energy CAPEX; no thermal carrier or usable store established.; thermal_storage_flex_score: Named own usable heat/cold store or validated thermal inertia with operating window; cooling, absorption chilling, production tanks and glass melt mass alone do not establish storage. Own CNC/robots/optics and electric-machine claim plus purchased hydropower; Chinese partner tools and supplier hydro not owned generation/electric process heat. Continuation2026-10-08: Purchased hydroelectricity is not owned PV. Undated machinery investment does not establish recent energy CAPEX; no thermal carrier or usable store established.",1.1.0
141,38,P80|grid_power_quality_relevance,P80,MKT Metall- und Kunststofftechnik GmbH,NUMERIC_CODING,CODE_DIMENSION,grid_power_quality_relevance,incremental_load_score | power_quality_score | onsite_integration_score,incremental_load_score | power_quality_score | onsite_integration_score,3,incremental_load_score | power_quality_score | onsite_integration_score,incremental_load_score | onsite_integration_score,CHECKED=1 | NEEDS_RESEARCH=2,RESEARCH_NEEDED,P2,B,B,7,PASS,PENDING,NEEDS_NUMERIC_CODING,,"Eligibility, process mapping and certificate gates pass. Canonical numeric anchors remain uncoded; proposal state is tracked separately and never mutates canonical values.","Research the unresolved score evidence before proposing an anchor: incremental_load_score: Defined additional thermal electrification route and ordinal new-load materiality; existing electric assets, PV expansion and EV charging are not an additional heat-route load. Own CNC/robots/optics and electric-machine claim plus purchased hydropower; Chinese partner tools and supplier hydro not owned generation/electric process heat. Continuation2026-10-08: Purchased hydroelectricity is not owned PV. Undated machinery investment does not establish recent energy CAPEX; no thermal carrier or usable store established.; onsite_integration_score: Own PV/battery/microgrid/load-management use case and actual integration; supplier green power and customer applications are not own deployment. Own CNC/robots/optics and electric-machine claim plus purchased hydropower; Chinese partner tools and supplier hydro not owned generation/electric process heat. Continuation2026-10-08: Purchased hydroelectricity is not owned PV. Undated machinery investment does not establish recent energy CAPEX; no thermal carrier or usable store established.",1.1.0
142,38,P80|observed_transition_gap,P80,MKT Metall- und Kunststofftechnik GmbH,NUMERIC_CODING,CODE_DIMENSION,observed_transition_gap,measures_gap_score | management_gap_score | targets_gap_score | investment_gap_score,measures_gap_score | management_gap_score | targets_gap_score | investment_gap_score,4,measures_gap_score | management_gap_score | targets_gap_score | investment_gap_score,investment_gap_score,CHECKED=3 | NEEDS_RESEARCH=1,RESEARCH_NEEDED,P2,B,B,7,PASS,PENDING,NEEDS_NUMERIC_CODING,,"Eligibility, process mapping and certificate gates pass. Canonical numeric anchors remain uncoded; proposal state is tracked separately and never mutates canonical values.","Research the unresolved score evidence before proposing an anchor: investment_gap_score: Dated completed energy-transition investment within2021-10-07 to2026-10-07; old projects, certificate renewal, crawl dates and undifferentiated capacity/wastewater expansion are insufficient. Own CNC/robots/optics and electric-machine claim plus purchased hydropower; Chinese partner tools and supplier hydro not owned generation/electric process heat. Continuation2026-10-08: Purchased hydroelectricity is not owned PV. Undated machinery investment does not establish recent energy CAPEX; no thermal carrier or usable store established.",1.1.0
143,39,P100|process_electrification_potential,P100,Kläger Spritzguss GmbH & Co. KG,NUMERIC_CODING,CODE_DIMENSION,process_electrification_potential,temperature_fit_score | process_electrification_score | fossil_heat_displacement_score,temperature_fit_score | process_electrification_score | fossil_heat_displacement_score,3,temperature_fit_score | process_electrification_score | fossil_heat_displacement_score,fossil_heat_displacement_score,CHECKED=2 | NEEDS_RESEARCH=1,RESEARCH_NEEDED,P2,B,B,7,PASS,PENDING,NEEDS_NUMERIC_CODING,,"Eligibility, process mapping and certificate gates pass. Canonical numeric anchors remain uncoded; proposal state is tracked separately and never mutates canonical values.","Research the unresolved score evidence before proposing an anchor: fossil_heat_displacement_score: Current company/site process heat carrier mix and attributable fossil thermal duty. No public evidence is not zero fossil heat. Continuation2026-10-08: Group Kläger SPC new electric machine must not be transferred to Kläger Spritzguss without entity/site attribution.2010PV is outside lookback; room heat recovery does not establish production fuel remainder. Vertiefung 2026-10-08: Verbraucher der Rückgewinnung, genaue Brennstoffe und datierte abgeschlossene Investitionen beim eigenen Werk prüfen.",1.1.0
144,39,P100|power_electronics_relevance,P100,Kläger Spritzguss GmbH & Co. KG,NUMERIC_CODING,CODE_DIMENSION,power_electronics_relevance,motor_drive_score | power_conversion_score | automation_control_score,motor_drive_score | power_conversion_score | automation_control_score,3,motor_drive_score | power_conversion_score | automation_control_score,,CHECKED=3,CHECKED,P2,B,B,7,PASS,PENDING,NEEDS_NUMERIC_CODING,,"Eligibility, process mapping and certificate gates pass. Canonical numeric anchors remain uncoded; proposal state is tracked separately and never mutates canonical values.",Source and anchor checks are complete. Preserve the checked proposals; final-score approval and canonical scoring remain separate gates.,1.1.0
145,39,P100|load_flexibility_potential,P100,Kläger Spritzguss GmbH & Co. KG,NUMERIC_CODING,CODE_DIMENSION,load_flexibility_potential,scheduling_flex_score | thermal_storage_flex_score,scheduling_flex_score | thermal_storage_flex_score,2,scheduling_flex_score | thermal_storage_flex_score,thermal_storage_flex_score,CHECKED=1 | NEEDS_RESEARCH=1,RESEARCH_NEEDED,P2,B,B,7,PASS,PENDING,NEEDS_NUMERIC_CODING,,"Eligibility, process mapping and certificate gates pass. Canonical numeric anchors remain uncoded; proposal state is tracked separately and never mutates canonical values.","Research the unresolved score evidence before proposing an anchor: thermal_storage_flex_score: Actual useful heat/cold buffer capacity, temperature, connection and timing freedom; thermal mass, room heat and electrical batteries not sufficient. Continuation2026-10-08: Group Kläger SPC new electric machine must not be transferred to Kläger Spritzguss without entity/site attribution.2010PV is outside lookback; room heat recovery does not establish production fuel remainder. Vertiefung 2026-10-08: Verbraucher der Rückgewinnung, genaue Brennstoffe und datierte abgeschlossene Investitionen beim eigenen Werk prüfen.",1.1.0
146,39,P100|grid_power_quality_relevance,P100,Kläger Spritzguss GmbH & Co. KG,NUMERIC_CODING,CODE_DIMENSION,grid_power_quality_relevance,incremental_load_score | power_quality_score | onsite_integration_score,incremental_load_score | power_quality_score | onsite_integration_score,3,incremental_load_score | power_quality_score | onsite_integration_score,,CHECKED=3,CHECKED,P2,B,B,7,PASS,PENDING,NEEDS_NUMERIC_CODING,,"Eligibility, process mapping and certificate gates pass. Canonical numeric anchors remain uncoded; proposal state is tracked separately and never mutates canonical values.",Source and anchor checks are complete. Preserve the checked proposals; final-score approval and canonical scoring remain separate gates.,1.1.0
147,39,P100|observed_transition_gap,P100,Kläger Spritzguss GmbH & Co. KG,NUMERIC_CODING,CODE_DIMENSION,observed_transition_gap,measures_gap_score | management_gap_score | targets_gap_score | investment_gap_score,measures_gap_score | management_gap_score | targets_gap_score | investment_gap_score,4,measures_gap_score | management_gap_score | targets_gap_score | investment_gap_score,management_gap_score | investment_gap_score,CHECKED=2 | NEEDS_RESEARCH=2,RESEARCH_NEEDED,P2,B,B,7,PASS,PENDING,NEEDS_NUMERIC_CODING,,"Eligibility, process mapping and certificate gates pass. Canonical numeric anchors remain uncoded; proposal state is tracked separately and never mutates canonical values.","Research the unresolved score evidence before proposing an anchor: management_gap_score: Current direct ISO 50001/14001/EMAS or operational energy-management evidence for exact holder; quality-only and absent public certificate not no-management conclusion. Continuation2026-10-08: Group Kläger SPC new electric machine must not be transferred to Kläger Spritzguss without entity/site attribution.2010PV is outside lookback; room heat recovery does not establish production fuel remainder. Vertiefung 2026-10-08: Verbraucher der Rückgewinnung, genaue Brennstoffe und datierte abgeschlossene Investitionen beim eigenen Werk prüfen.; investment_gap_score: Completed owned energy investments with commissioning dates in 2021-10-07 to 2026-10-07. Operation/report/filename dates, generic annual CAPEX and other group companies not sufficient. Continuation2026-10-08: Group Kläger SPC new electric machine must not be transferred to Kläger Spritzguss without entity/site attribution.2010PV is outside lookback; room heat recovery does not establish production fuel remainder. Vertiefung 2026-10-08: Verbraucher der Rückgewinnung, genaue Brennstoffe und datierte abgeschlossene Investitionen beim eigenen Werk prüfen.",1.1.0
148,40,P35|process_electrification_potential,P35,MACK KUNSTSTOFFTECHNIK GMBH & CO. KG,NUMERIC_CODING,CODE_DIMENSION,process_electrification_potential,temperature_fit_score | process_electrification_score | fossil_heat_displacement_score,temperature_fit_score | process_electrification_score | fossil_heat_displacement_score,3,temperature_fit_score | process_electrification_score | fossil_heat_displacement_score,temperature_fit_score | process_electrification_score | fossil_heat_displacement_score,NEEDS_RESEARCH=3,RESEARCH_NEEDED,P2,B,B,6,PASS,PENDING,NEEDS_NUMERIC_CODING,,"Eligibility, process mapping and certificate gates pass. Canonical numeric anchors remain uncoded; proposal state is tracked separately and never mutates canonical values.","Research the unresolved score evidence before proposing an anchor: temperature_fit_score: Actual process-heating temperatures and supported electric-heat fit, rather than part dimensions, cold maturation, material/customer ratings or historical boiler baselines. Owned thermoforming/CNC and2023 PV; no injection-moulding assumptions. Continuation2026-10-08: Own thermoforming/CNC/PV context retained. PV area is not installed kWp; no own process heat temperature, carrier or energy storage established.; process_electrification_score: Named own actual/planned electric thermal route; electrochemical coating, generic production or customer energy applications alone do not establish electric process heat. Owned thermoforming/CNC and2023 PV; no injection-moulding assumptions. Continuation2026-10-08: Own thermoforming/CNC/PV context retained. PV area is not installed kWp; no own process heat temperature, carrier or energy storage established.; fossil_heat_displacement_score: Actual current fossil thermal carrier, centrality and displacement materiality; unspecified CHP/ovens and historic gas baselines do not establish remaining fuel mix. Owned thermoforming/CNC and2023 PV; no injection-moulding assumptions. Continuation2026-10-08: Own thermoforming/CNC/PV context retained. PV area is not installed kWp; no own process heat temperature, carrier or energy storage established.",1.1.0
149,40,P35|power_electronics_relevance,P35,MACK KUNSTSTOFFTECHNIK GMBH & CO. KG,NUMERIC_CODING,CODE_DIMENSION,power_electronics_relevance,motor_drive_score | power_conversion_score | automation_control_score,motor_drive_score | power_conversion_score | automation_control_score,3,motor_drive_score | power_conversion_score | automation_control_score,,CHECKED=3,CHECKED,P2,B,B,6,PASS,PENDING,NEEDS_NUMERIC_CODING,,"Eligibility, process mapping and certificate gates pass. Canonical numeric anchors remain uncoded; proposal state is tracked separately and never mutates canonical values.",Source and anchor checks are complete. Preserve the checked proposals; final-score approval and canonical scoring remain separate gates.,1.1.0
150,40,P35|load_flexibility_potential,P35,MACK KUNSTSTOFFTECHNIK GMBH & CO. KG,NUMERIC_CODING,CODE_DIMENSION,load_flexibility_potential,scheduling_flex_score | thermal_storage_flex_score,scheduling_flex_score | thermal_storage_flex_score,2,scheduling_flex_score | thermal_storage_flex_score,scheduling_flex_score | thermal_storage_flex_score,NEEDS_RESEARCH=2,RESEARCH_NEEDED,P2,B,B,6,PASS,PENDING,NEEDS_NUMERIC_CODING,,"Eligibility, process mapping and certificate gates pass. Canonical numeric anchors remain uncoded; proposal state is tracked separately and never mutates canonical values.","Research the unresolved score evidence before proposing an anchor: scheduling_flex_score: Admissible operating/start/interruption windows and actual buffers; product maturation, process cycles or programmable furnace recipes are not dispatch permission. Owned thermoforming/CNC and2023 PV; no injection-moulding assumptions. Continuation2026-10-08: Own thermoforming/CNC/PV context retained. PV area is not installed kWp; no own process heat temperature, carrier or energy storage established.; thermal_storage_flex_score: Named own usable heat/cold store or validated thermal inertia with operating window; cooling, absorption chilling, production tanks and glass melt mass alone do not establish storage. Owned thermoforming/CNC and2023 PV; no injection-moulding assumptions. Continuation2026-10-08: Own thermoforming/CNC/PV context retained. PV area is not installed kWp; no own process heat temperature, carrier or energy storage established.",1.1.0
151,40,P35|grid_power_quality_relevance,P35,MACK KUNSTSTOFFTECHNIK GMBH & CO. KG,NUMERIC_CODING,CODE_DIMENSION,grid_power_quality_relevance,incremental_load_score | power_quality_score | onsite_integration_score,incremental_load_score | power_quality_score | onsite_integration_score,3,incremental_load_score | power_quality_score | onsite_integration_score,incremental_load_score,CHECKED=2 | NEEDS_RESEARCH=1,RESEARCH_NEEDED,P2,B,B,6,PASS,PENDING,NEEDS_NUMERIC_CODING,,"Eligibility, process mapping and certificate gates pass. Canonical numeric anchors remain uncoded; proposal state is tracked separately and never mutates canonical values.","Research the unresolved score evidence before proposing an anchor: incremental_load_score: Defined additional thermal electrification route and ordinal new-load materiality; existing electric assets, PV expansion and EV charging are not an additional heat-route load. Owned thermoforming/CNC and2023 PV; no injection-moulding assumptions. Continuation2026-10-08: Own thermoforming/CNC/PV context retained. PV area is not installed kWp; no own process heat temperature, carrier or energy storage established.",1.1.0
152,40,P35|observed_transition_gap,P35,MACK KUNSTSTOFFTECHNIK GMBH & CO. KG,NUMERIC_CODING,CODE_DIMENSION,observed_transition_gap,measures_gap_score | management_gap_score | targets_gap_score | investment_gap_score,measures_gap_score | management_gap_score | targets_gap_score | investment_gap_score,4,measures_gap_score | management_gap_score | targets_gap_score | investment_gap_score,,CHECKED=4,CHECKED,P2,B,B,6,PASS,PENDING,NEEDS_NUMERIC_CODING,,"Eligibility, process mapping and certificate gates pass. Canonical numeric anchors remain uncoded; proposal state is tracked separately and never mutates canonical values.",Source and anchor checks are complete. Preserve the checked proposals; final-score approval and canonical scoring remain separate gates.,1.1.0
153,41,P36|process_electrification_potential,P36,Kunststofftechnik Borgmann GmbH,NUMERIC_CODING,CODE_DIMENSION,process_electrification_potential,temperature_fit_score | process_electrification_score | fossil_heat_displacement_score,temperature_fit_score | process_electrification_score | fossil_heat_displacement_score,3,temperature_fit_score | process_electrification_score | fossil_heat_displacement_score,temperature_fit_score | process_electrification_score | fossil_heat_displacement_score,NEEDS_RESEARCH=3,RESEARCH_NEEDED,P2,B,B,6,PASS,PENDING,NEEDS_NUMERIC_CODING,,"Eligibility, process mapping and certificate gates pass. Canonical numeric anchors remain uncoded; proposal state is tracked separately and never mutates canonical values.","Research the unresolved score evidence before proposing an anchor: temperature_fit_score: Actual process-heating temperatures and supported electric-heat fit, rather than part dimensions, cold maturation, material/customer ratings or historical boiler baselines. Owned moulding/robots/solar and EMS claim; old2011-2017 energy investments excluded. Continuation2026-10-08: Some source access failed. Supplied automation systems and quality certificates do not establish the company own thermal duties, fuel or useful energy storage.; process_electrification_score: Named own actual/planned electric thermal route; electrochemical coating, generic production or customer energy applications alone do not establish electric process heat. Owned moulding/robots/solar and EMS claim; old2011-2017 energy investments excluded. Continuation2026-10-08: Some source access failed. Supplied automation systems and quality certificates do not establish the company own thermal duties, fuel or useful energy storage.; fossil_heat_displacement_score: Actual current fossil thermal carrier, centrality and displacement materiality; unspecified CHP/ovens and historic gas baselines do not establish remaining fuel mix. Owned moulding/robots/solar and EMS claim; old2011-2017 energy investments excluded. Continuation2026-10-08: Some source access failed. Supplied automation systems and quality certificates do not establish the company own thermal duties, fuel or useful energy storage.",1.1.0
154,41,P36|power_electronics_relevance,P36,Kunststofftechnik Borgmann GmbH,NUMERIC_CODING,CODE_DIMENSION,power_electronics_relevance,motor_drive_score | power_conversion_score | automation_control_score,motor_drive_score | power_conversion_score | automation_control_score,3,motor_drive_score | power_conversion_score | automation_control_score,,CHECKED=3,CHECKED,P2,B,B,6,PASS,PENDING,NEEDS_NUMERIC_CODING,,"Eligibility, process mapping and certificate gates pass. Canonical numeric anchors remain uncoded; proposal state is tracked separately and never mutates canonical values.",Source and anchor checks are complete. Preserve the checked proposals; final-score approval and canonical scoring remain separate gates.,1.1.0
155,41,P36|load_flexibility_potential,P36,Kunststofftechnik Borgmann GmbH,NUMERIC_CODING,CODE_DIMENSION,load_flexibility_potential,scheduling_flex_score | thermal_storage_flex_score,scheduling_flex_score | thermal_storage_flex_score,2,scheduling_flex_score | thermal_storage_flex_score,scheduling_flex_score | thermal_storage_flex_score,NEEDS_RESEARCH=2,RESEARCH_NEEDED,P2,B,B,6,PASS,PENDING,NEEDS_NUMERIC_CODING,,"Eligibility, process mapping and certificate gates pass. Canonical numeric anchors remain uncoded; proposal state is tracked separately and never mutates canonical values.","Research the unresolved score evidence before proposing an anchor: scheduling_flex_score: Admissible operating/start/interruption windows and actual buffers; product maturation, process cycles or programmable furnace recipes are not dispatch permission. Owned moulding/robots/solar and EMS claim; old2011-2017 energy investments excluded. Continuation2026-10-08: Some source access failed. Supplied automation systems and quality certificates do not establish the company own thermal duties, fuel or useful energy storage.; thermal_storage_flex_score: Named own usable heat/cold store or validated thermal inertia with operating window; cooling, absorption chilling, production tanks and glass melt mass alone do not establish storage. Owned moulding/robots/solar and EMS claim; old2011-2017 energy investments excluded. Continuation2026-10-08: Some source access failed. Supplied automation systems and quality certificates do not establish the company own thermal duties, fuel or useful energy storage.",1.1.0
156,41,P36|grid_power_quality_relevance,P36,Kunststofftechnik Borgmann GmbH,NUMERIC_CODING,CODE_DIMENSION,grid_power_quality_relevance,incremental_load_score | power_quality_score | onsite_integration_score,incremental_load_score | power_quality_score | onsite_integration_score,3,incremental_load_score | power_quality_score | onsite_integration_score,incremental_load_score,CHECKED=2 | NEEDS_RESEARCH=1,RESEARCH_NEEDED,P2,B,B,6,PASS,PENDING,NEEDS_NUMERIC_CODING,,"Eligibility, process mapping and certificate gates pass. Canonical numeric anchors remain uncoded; proposal state is tracked separately and never mutates canonical values.","Research the unresolved score evidence before proposing an anchor: incremental_load_score: Defined additional thermal electrification route and ordinal new-load materiality; existing electric assets, PV expansion and EV charging are not an additional heat-route load. Owned moulding/robots/solar and EMS claim; old2011-2017 energy investments excluded. Continuation2026-10-08: Some source access failed. Supplied automation systems and quality certificates do not establish the company own thermal duties, fuel or useful energy storage.",1.1.0
157,41,P36|observed_transition_gap,P36,Kunststofftechnik Borgmann GmbH,NUMERIC_CODING,CODE_DIMENSION,observed_transition_gap,measures_gap_score | management_gap_score | targets_gap_score | investment_gap_score,measures_gap_score | management_gap_score | targets_gap_score | investment_gap_score,4,measures_gap_score | management_gap_score | targets_gap_score | investment_gap_score,investment_gap_score,CHECKED=3 | NEEDS_RESEARCH=1,RESEARCH_NEEDED,P2,B,B,6,PASS,PENDING,NEEDS_NUMERIC_CODING,,"Eligibility, process mapping and certificate gates pass. Canonical numeric anchors remain uncoded; proposal state is tracked separately and never mutates canonical values.","Research the unresolved score evidence before proposing an anchor: investment_gap_score: Dated completed energy-transition investment within2021-10-07 to2026-10-07; old projects, certificate renewal, crawl dates and undifferentiated capacity/wastewater expansion are insufficient. Owned moulding/robots/solar and EMS claim; old2011-2017 energy investments excluded. Continuation2026-10-08: Some source access failed. Supplied automation systems and quality certificates do not establish the company own thermal duties, fuel or useful energy storage.",1.1.0
158,42,P39|process_electrification_potential,P39,Eloxal Höfler GmbH,NUMERIC_CODING,CODE_DIMENSION,process_electrification_potential,temperature_fit_score | process_electrification_score | fossil_heat_displacement_score,temperature_fit_score | process_electrification_score | fossil_heat_displacement_score,3,temperature_fit_score | process_electrification_score | fossil_heat_displacement_score,temperature_fit_score | process_electrification_score | fossil_heat_displacement_score,NEEDS_RESEARCH=3,RESEARCH_NEEDED,P2,B,B,6,PASS,PENDING,NEEDS_NUMERIC_CODING,,"Eligibility, process mapping and certificate gates pass. Canonical numeric anchors remain uncoded; proposal state is tracked separately and never mutates canonical values.","Research the unresolved score evidence before proposing an anchor: temperature_fit_score: Actual process-heating temperatures and supported electric-heat fit, rather than part dimensions, cold maturation, material/customer ratings or historical boiler baselines. Two automated anodising plants;2022 wastewater and2023 capacity not proven energy projects. Continuation2026-10-08: Owner automatic lines/crane support existing motor/control assessments. Equipment modernisation without energy impact and completion dates is not a recent energy-transition investment.; process_electrification_score: Named own actual/planned electric thermal route; electrochemical coating, generic production or customer energy applications alone do not establish electric process heat. Two automated anodising plants;2022 wastewater and2023 capacity not proven energy projects. Continuation2026-10-08: Owner automatic lines/crane support existing motor/control assessments. Equipment modernisation without energy impact and completion dates is not a recent energy-transition investment.; fossil_heat_displacement_score: Actual current fossil thermal carrier, centrality and displacement materiality; unspecified CHP/ovens and historic gas baselines do not establish remaining fuel mix. Two automated anodising plants;2022 wastewater and2023 capacity not proven energy projects. Continuation2026-10-08: Owner automatic lines/crane support existing motor/control assessments. Equipment modernisation without energy impact and completion dates is not a recent energy-transition investment.",1.1.0
159,42,P39|power_electronics_relevance,P39,Eloxal Höfler GmbH,NUMERIC_CODING,CODE_DIMENSION,power_electronics_relevance,motor_drive_score | power_conversion_score | automation_control_score,motor_drive_score | power_conversion_score | automation_control_score,3,motor_drive_score | power_conversion_score | automation_control_score,,CHECKED=3,CHECKED,P2,B,B,6,PASS,PENDING,NEEDS_NUMERIC_CODING,,"Eligibility, process mapping and certificate gates pass. Canonical numeric anchors remain uncoded; proposal state is tracked separately and never mutates canonical values.",Source and anchor checks are complete. Preserve the checked proposals; final-score approval and canonical scoring remain separate gates.,1.1.0
160,42,P39|load_flexibility_potential,P39,Eloxal Höfler GmbH,NUMERIC_CODING,CODE_DIMENSION,load_flexibility_potential,scheduling_flex_score | thermal_storage_flex_score,scheduling_flex_score | thermal_storage_flex_score,2,scheduling_flex_score | thermal_storage_flex_score,scheduling_flex_score | thermal_storage_flex_score,NEEDS_RESEARCH=2,RESEARCH_NEEDED,P2,B,B,6,PASS,PENDING,NEEDS_NUMERIC_CODING,,"Eligibility, process mapping and certificate gates pass. Canonical numeric anchors remain uncoded; proposal state is tracked separately and never mutates canonical values.","Research the unresolved score evidence before proposing an anchor: scheduling_flex_score: Admissible operating/start/interruption windows and actual buffers; product maturation, process cycles or programmable furnace recipes are not dispatch permission. Two automated anodising plants;2022 wastewater and2023 capacity not proven energy projects. Continuation2026-10-08: Owner automatic lines/crane support existing motor/control assessments. Equipment modernisation without energy impact and completion dates is not a recent energy-transition investment.; thermal_storage_flex_score: Named own usable heat/cold store or validated thermal inertia with operating window; cooling, absorption chilling, production tanks and glass melt mass alone do not establish storage. Two automated anodising plants;2022 wastewater and2023 capacity not proven energy projects. Continuation2026-10-08: Owner automatic lines/crane support existing motor/control assessments. Equipment modernisation without energy impact and completion dates is not a recent energy-transition investment.",1.1.0
161,42,P39|grid_power_quality_relevance,P39,Eloxal Höfler GmbH,NUMERIC_CODING,CODE_DIMENSION,grid_power_quality_relevance,incremental_load_score | power_quality_score | onsite_integration_score,incremental_load_score | power_quality_score | onsite_integration_score,3,incremental_load_score | power_quality_score | onsite_integration_score,incremental_load_score | onsite_integration_score,CHECKED=1 | NEEDS_RESEARCH=2,RESEARCH_NEEDED,P2,B,B,6,PASS,PENDING,NEEDS_NUMERIC_CODING,,"Eligibility, process mapping and certificate gates pass. Canonical numeric anchors remain uncoded; proposal state is tracked separately and never mutates canonical values.","Research the unresolved score evidence before proposing an anchor: incremental_load_score: Defined additional thermal electrification route and ordinal new-load materiality; existing electric assets, PV expansion and EV charging are not an additional heat-route load. Two automated anodising plants;2022 wastewater and2023 capacity not proven energy projects. Continuation2026-10-08: Owner automatic lines/crane support existing motor/control assessments. Equipment modernisation without energy impact and completion dates is not a recent energy-transition investment.; onsite_integration_score: Own PV/battery/microgrid/load-management use case and actual integration; supplier green power and customer applications are not own deployment. Two automated anodising plants;2022 wastewater and2023 capacity not proven energy projects. Continuation2026-10-08: Owner automatic lines/crane support existing motor/control assessments. Equipment modernisation without energy impact and completion dates is not a recent energy-transition investment.",1.1.0
162,42,P39|observed_transition_gap,P39,Eloxal Höfler GmbH,NUMERIC_CODING,CODE_DIMENSION,observed_transition_gap,measures_gap_score | management_gap_score | targets_gap_score | investment_gap_score,measures_gap_score | management_gap_score | targets_gap_score | investment_gap_score,4,measures_gap_score | management_gap_score | targets_gap_score | investment_gap_score,measures_gap_score | investment_gap_score,CHECKED=2 | NEEDS_RESEARCH=2,RESEARCH_NEEDED,P2,B,B,6,PASS,PENDING,NEEDS_NUMERIC_CODING,,"Eligibility, process mapping and certificate gates pass. Canonical numeric anchors remain uncoded; proposal state is tracked separately and never mutates canonical values.","Research the unresolved score evidence before proposing an anchor: measures_gap_score: Current concrete plant energy-transition measures or adequate confirmed inventory; general sustainability, certification, customer products and historical pilots do not establish current deployment or absence. Two automated anodising plants;2022 wastewater and2023 capacity not proven energy projects. Continuation2026-10-08: Owner automatic lines/crane support existing motor/control assessments. Equipment modernisation without energy impact and completion dates is not a recent energy-transition investment.; investment_gap_score: Dated completed energy-transition investment within2021-10-07 to2026-10-07; old projects, certificate renewal, crawl dates and undifferentiated capacity/wastewater expansion are insufficient. Two automated anodising plants;2022 wastewater and2023 capacity not proven energy projects. Continuation2026-10-08: Owner automatic lines/crane support existing motor/control assessments. Equipment modernisation without energy impact and completion dates is not a recent energy-transition investment.",1.1.0
163,43,P41|process_electrification_potential,P41,"Galvano Weis, Weis GmbH & Co., Galvanische-Werkstätte KG",NUMERIC_CODING,CODE_DIMENSION,process_electrification_potential,temperature_fit_score | process_electrification_score | fossil_heat_displacement_score,temperature_fit_score | process_electrification_score | fossil_heat_displacement_score,3,temperature_fit_score | process_electrification_score | fossil_heat_displacement_score,temperature_fit_score | process_electrification_score | fossil_heat_displacement_score,NEEDS_RESEARCH=3,RESEARCH_NEEDED,P2,B,B,6,PASS,PENDING,NEEDS_NUMERIC_CODING,,"Eligibility, process mapping and certificate gates pass. Canonical numeric anchors remain uncoded; proposal state is tracked separately and never mutates canonical values.","Research the unresolved score evidence before proposing an anchor: temperature_fit_score: Actual process-heating temperatures and supported electric-heat fit, rather than part dimensions, cold maturation, material/customer ratings or historical boiler baselines. 2013 pulse-plating research and future-tense heat pump not current deployment;2023 carbon offsets not plant savings. Continuation2026-10-08: Higher bath temperatures and heat pumps are described as research. Planned technology and project-partner fuel mixes are not current own operating data.; process_electrification_score: Named own actual/planned electric thermal route; electrochemical coating, generic production or customer energy applications alone do not establish electric process heat. 2013 pulse-plating research and future-tense heat pump not current deployment;2023 carbon offsets not plant savings. Continuation2026-10-08: Higher bath temperatures and heat pumps are described as research. Planned technology and project-partner fuel mixes are not current own operating data.; fossil_heat_displacement_score: Actual current fossil thermal carrier, centrality and displacement materiality; unspecified CHP/ovens and historic gas baselines do not establish remaining fuel mix. 2013 pulse-plating research and future-tense heat pump not current deployment;2023 carbon offsets not plant savings. Continuation2026-10-08: Higher bath temperatures and heat pumps are described as research. Planned technology and project-partner fuel mixes are not current own operating data.",1.1.0
164,43,P41|power_electronics_relevance,P41,"Galvano Weis, Weis GmbH & Co., Galvanische-Werkstätte KG",NUMERIC_CODING,CODE_DIMENSION,power_electronics_relevance,motor_drive_score | power_conversion_score | automation_control_score,motor_drive_score | power_conversion_score | automation_control_score,3,motor_drive_score | power_conversion_score | automation_control_score,motor_drive_score | automation_control_score,CHECKED=1 | NEEDS_RESEARCH=2,RESEARCH_NEEDED,P2,B,B,6,PASS,PENDING,NEEDS_NUMERIC_CODING,,"Eligibility, process mapping and certificate gates pass. Canonical numeric anchors remain uncoded; proposal state is tracked separately and never mutates canonical values.",Research the unresolved score evidence before proposing an anchor: motor_drive_score: Named current owned motor/pump/compressor/drive applications and their materiality; production sector and historical steam/ice machines alone are insufficient. 2013 pulse-plating research and future-tense heat pump not current deployment;2023 carbon offsets not plant savings. Continuation2026-10-08: Higher bath temperatures and heat pumps are described as research. Planned technology and project-partner fuel mixes are not current own operating data.; automation_control_score: Actual current owned sensing/control applications and coordination; generic modernity or staging-site claims need corroboration. 2013 pulse-plating research and future-tense heat pump not current deployment;2023 carbon offsets not plant savings. Continuation2026-10-08: Higher bath temperatures and heat pumps are described as research. Planned technology and project-partner fuel mixes are not current own operating data.,1.1.0
165,43,P41|load_flexibility_potential,P41,"Galvano Weis, Weis GmbH & Co., Galvanische-Werkstätte KG",NUMERIC_CODING,CODE_DIMENSION,load_flexibility_potential,scheduling_flex_score | thermal_storage_flex_score,scheduling_flex_score | thermal_storage_flex_score,2,scheduling_flex_score | thermal_storage_flex_score,scheduling_flex_score | thermal_storage_flex_score,NEEDS_RESEARCH=2,RESEARCH_NEEDED,P2,B,B,6,PASS,PENDING,NEEDS_NUMERIC_CODING,,"Eligibility, process mapping and certificate gates pass. Canonical numeric anchors remain uncoded; proposal state is tracked separately and never mutates canonical values.","Research the unresolved score evidence before proposing an anchor: scheduling_flex_score: Admissible operating/start/interruption windows and actual buffers; product maturation, process cycles or programmable furnace recipes are not dispatch permission. 2013 pulse-plating research and future-tense heat pump not current deployment;2023 carbon offsets not plant savings. Continuation2026-10-08: Higher bath temperatures and heat pumps are described as research. Planned technology and project-partner fuel mixes are not current own operating data.; thermal_storage_flex_score: Named own usable heat/cold store or validated thermal inertia with operating window; cooling, absorption chilling, production tanks and glass melt mass alone do not establish storage. 2013 pulse-plating research and future-tense heat pump not current deployment;2023 carbon offsets not plant savings. Continuation2026-10-08: Higher bath temperatures and heat pumps are described as research. Planned technology and project-partner fuel mixes are not current own operating data.",1.1.0
166,43,P41|grid_power_quality_relevance,P41,"Galvano Weis, Weis GmbH & Co., Galvanische-Werkstätte KG",NUMERIC_CODING,CODE_DIMENSION,grid_power_quality_relevance,incremental_load_score | power_quality_score | onsite_integration_score,incremental_load_score | power_quality_score | onsite_integration_score,3,incremental_load_score | power_quality_score | onsite_integration_score,incremental_load_score | onsite_integration_score,CHECKED=1 | NEEDS_RESEARCH=2,RESEARCH_NEEDED,P2,B,B,6,PASS,PENDING,NEEDS_NUMERIC_CODING,,"Eligibility, process mapping and certificate gates pass. Canonical numeric anchors remain uncoded; proposal state is tracked separately and never mutates canonical values.","Research the unresolved score evidence before proposing an anchor: incremental_load_score: Defined additional thermal electrification route and ordinal new-load materiality; existing electric assets, PV expansion and EV charging are not an additional heat-route load. 2013 pulse-plating research and future-tense heat pump not current deployment;2023 carbon offsets not plant savings. Continuation2026-10-08: Higher bath temperatures and heat pumps are described as research. Planned technology and project-partner fuel mixes are not current own operating data.; onsite_integration_score: Own PV/battery/microgrid/load-management use case and actual integration; supplier green power and customer applications are not own deployment. 2013 pulse-plating research and future-tense heat pump not current deployment;2023 carbon offsets not plant savings. Continuation2026-10-08: Higher bath temperatures and heat pumps are described as research. Planned technology and project-partner fuel mixes are not current own operating data.",1.1.0
167,43,P41|observed_transition_gap,P41,"Galvano Weis, Weis GmbH & Co., Galvanische-Werkstätte KG",NUMERIC_CODING,CODE_DIMENSION,observed_transition_gap,measures_gap_score | management_gap_score | targets_gap_score | investment_gap_score,measures_gap_score | management_gap_score | targets_gap_score | investment_gap_score,4,measures_gap_score | management_gap_score | targets_gap_score | investment_gap_score,measures_gap_score | investment_gap_score,CHECKED=2 | NEEDS_RESEARCH=2,RESEARCH_NEEDED,P2,B,B,6,PASS,PENDING,NEEDS_NUMERIC_CODING,,"Eligibility, process mapping and certificate gates pass. Canonical numeric anchors remain uncoded; proposal state is tracked separately and never mutates canonical values.","Research the unresolved score evidence before proposing an anchor: measures_gap_score: Current concrete plant energy-transition measures or adequate confirmed inventory; general sustainability, certification, customer products and historical pilots do not establish current deployment or absence. 2013 pulse-plating research and future-tense heat pump not current deployment;2023 carbon offsets not plant savings. Continuation2026-10-08: Higher bath temperatures and heat pumps are described as research. Planned technology and project-partner fuel mixes are not current own operating data.; investment_gap_score: Dated completed energy-transition investment within2021-10-07 to2026-10-07; old projects, certificate renewal, crawl dates and undifferentiated capacity/wastewater expansion are insufficient. 2013 pulse-plating research and future-tense heat pump not current deployment;2023 carbon offsets not plant savings. Continuation2026-10-08: Higher bath temperatures and heat pumps are described as research. Planned technology and project-partner fuel mixes are not current own operating data.",1.1.0
168,44,P44|process_electrification_potential,P44,OXIDKERAMIK J. Cardenas GmbH,NUMERIC_CODING,CODE_DIMENSION,process_electrification_potential,temperature_fit_score | process_electrification_score | fossil_heat_displacement_score,temperature_fit_score | process_electrification_score | fossil_heat_displacement_score,3,temperature_fit_score | process_electrification_score | fossil_heat_displacement_score,temperature_fit_score | process_electrification_score | fossil_heat_displacement_score,NEEDS_RESEARCH=3,RESEARCH_NEEDED,P2,B,B,6,PASS,PENDING,NEEDS_NUMERIC_CODING,,"Eligibility, process mapping and certificate gates pass. Canonical numeric anchors remain uncoded; proposal state is tracked separately and never mutates canonical values.","Research the unresolved score evidence before proposing an anchor: temperature_fit_score: Actual process-heating temperatures and supported electric-heat fit, rather than part dimensions, cold maturation, material/customer ratings or historical boiler baselines. Material ratings and customer PV/wind/hydro applications not owned kilns/generation. Continuation2026-10-08: Customer pumps, isolators and energy applications are not owned manufacturing drives, PV or thermal storage.; process_electrification_score: Named own actual/planned electric thermal route; electrochemical coating, generic production or customer energy applications alone do not establish electric process heat. Material ratings and customer PV/wind/hydro applications not owned kilns/generation. Continuation2026-10-08: Customer pumps, isolators and energy applications are not owned manufacturing drives, PV or thermal storage.; fossil_heat_displacement_score: Actual current fossil thermal carrier, centrality and displacement materiality; unspecified CHP/ovens and historic gas baselines do not establish remaining fuel mix. Material ratings and customer PV/wind/hydro applications not owned kilns/generation. Continuation2026-10-08: Customer pumps, isolators and energy applications are not owned manufacturing drives, PV or thermal storage.",1.1.0
169,44,P44|power_electronics_relevance,P44,OXIDKERAMIK J. Cardenas GmbH,NUMERIC_CODING,CODE_DIMENSION,power_electronics_relevance,motor_drive_score | power_conversion_score | automation_control_score,motor_drive_score | power_conversion_score | automation_control_score,3,motor_drive_score | power_conversion_score | automation_control_score,motor_drive_score | power_conversion_score,CHECKED=1 | NEEDS_RESEARCH=2,RESEARCH_NEEDED,P2,B,B,6,PASS,PENDING,NEEDS_NUMERIC_CODING,,"Eligibility, process mapping and certificate gates pass. Canonical numeric anchors remain uncoded; proposal state is tracked separately and never mutates canonical values.","Research the unresolved score evidence before proposing an anchor: motor_drive_score: Named current owned motor/pump/compressor/drive applications and their materiality; production sector and historical steam/ice machines alone are insufficient. Material ratings and customer PV/wind/hydro applications not owned kilns/generation. Continuation2026-10-08: Customer pumps, isolators and energy applications are not owned manufacturing drives, PV or thermal storage.; power_conversion_score: Named current own material rectifier/converter/controlled-heat use case; customer product applications, AC charging sockets and unspecified machine carriers are insufficient. Material ratings and customer PV/wind/hydro applications not owned kilns/generation. Continuation2026-10-08: Customer pumps, isolators and energy applications are not owned manufacturing drives, PV or thermal storage.",1.1.0
170,44,P44|load_flexibility_potential,P44,OXIDKERAMIK J. Cardenas GmbH,NUMERIC_CODING,CODE_DIMENSION,load_flexibility_potential,scheduling_flex_score | thermal_storage_flex_score,scheduling_flex_score | thermal_storage_flex_score,2,scheduling_flex_score | thermal_storage_flex_score,scheduling_flex_score | thermal_storage_flex_score,NEEDS_RESEARCH=2,RESEARCH_NEEDED,P2,B,B,6,PASS,PENDING,NEEDS_NUMERIC_CODING,,"Eligibility, process mapping and certificate gates pass. Canonical numeric anchors remain uncoded; proposal state is tracked separately and never mutates canonical values.","Research the unresolved score evidence before proposing an anchor: scheduling_flex_score: Admissible operating/start/interruption windows and actual buffers; product maturation, process cycles or programmable furnace recipes are not dispatch permission. Material ratings and customer PV/wind/hydro applications not owned kilns/generation. Continuation2026-10-08: Customer pumps, isolators and energy applications are not owned manufacturing drives, PV or thermal storage.; thermal_storage_flex_score: Named own usable heat/cold store or validated thermal inertia with operating window; cooling, absorption chilling, production tanks and glass melt mass alone do not establish storage. Material ratings and customer PV/wind/hydro applications not owned kilns/generation. Continuation2026-10-08: Customer pumps, isolators and energy applications are not owned manufacturing drives, PV or thermal storage.",1.1.0
171,44,P44|grid_power_quality_relevance,P44,OXIDKERAMIK J. Cardenas GmbH,NUMERIC_CODING,CODE_DIMENSION,grid_power_quality_relevance,incremental_load_score | power_quality_score | onsite_integration_score,incremental_load_score | power_quality_score | onsite_integration_score,3,incremental_load_score | power_quality_score | onsite_integration_score,incremental_load_score | power_quality_score | onsite_integration_score,NEEDS_RESEARCH=3,RESEARCH_NEEDED,P2,B,B,6,PASS,PENDING,NEEDS_NUMERIC_CODING,,"Eligibility, process mapping and certificate gates pass. Canonical numeric anchors remain uncoded; proposal state is tracked separately and never mutates canonical values.","Research the unresolved score evidence before proposing an anchor: incremental_load_score: Defined additional thermal electrification route and ordinal new-load materiality; existing electric assets, PV expansion and EV charging are not an additional heat-route load. Material ratings and customer PV/wind/hydro applications not owned kilns/generation. Continuation2026-10-08: Customer pumps, isolators and energy applications are not owned manufacturing drives, PV or thermal storage.; power_quality_score: Current firm-specific converter/peak/reactive-power signals; grid connection or a transformer alone is not a measured power-quality issue. Material ratings and customer PV/wind/hydro applications not owned kilns/generation. Continuation2026-10-08: Customer pumps, isolators and energy applications are not owned manufacturing drives, PV or thermal storage.; onsite_integration_score: Own PV/battery/microgrid/load-management use case and actual integration; supplier green power and customer applications are not own deployment. Material ratings and customer PV/wind/hydro applications not owned kilns/generation. Continuation2026-10-08: Customer pumps, isolators and energy applications are not owned manufacturing drives, PV or thermal storage.",1.1.0
172,44,P44|observed_transition_gap,P44,OXIDKERAMIK J. Cardenas GmbH,NUMERIC_CODING,CODE_DIMENSION,observed_transition_gap,measures_gap_score | management_gap_score | targets_gap_score | investment_gap_score,measures_gap_score | management_gap_score | targets_gap_score | investment_gap_score,4,measures_gap_score | management_gap_score | targets_gap_score | investment_gap_score,measures_gap_score | management_gap_score | investment_gap_score,CHECKED=1 | NEEDS_RESEARCH=3,RESEARCH_NEEDED,P2,B,B,6,PASS,PENDING,NEEDS_NUMERIC_CODING,,"Eligibility, process mapping and certificate gates pass. Canonical numeric anchors remain uncoded; proposal state is tracked separately and never mutates canonical values.","Research the unresolved score evidence before proposing an anchor: measures_gap_score: Current concrete plant energy-transition measures or adequate confirmed inventory; general sustainability, certification, customer products and historical pilots do not establish current deployment or absence. Material ratings and customer PV/wind/hydro applications not owned kilns/generation. Continuation2026-10-08: Customer pumps, isolators and energy applications are not owned manufacturing drives, PV or thermal storage.; management_gap_score: Current verified site EnMS/environmental system or bounded claim; ISO9001, an inaccessible/staging certificate page and missing evidence are not certified mature EnMS. Material ratings and customer PV/wind/hydro applications not owned kilns/generation. Continuation2026-10-08: Customer pumps, isolators and energy applications are not owned manufacturing drives, PV or thermal storage.; investment_gap_score: Dated completed energy-transition investment within2021-10-07 to2026-10-07; old projects, certificate renewal, crawl dates and undifferentiated capacity/wastewater expansion are insufficient. Material ratings and customer PV/wind/hydro applications not owned kilns/generation. Continuation2026-10-08: Customer pumps, isolators and energy applications are not owned manufacturing drives, PV or thermal storage.",1.1.0
173,45,P55|process_electrification_potential,P55,Merschbrock Kunststoff Spritzguss GmbH,NUMERIC_CODING,CODE_DIMENSION,process_electrification_potential,temperature_fit_score | process_electrification_score | fossil_heat_displacement_score,temperature_fit_score | process_electrification_score | fossil_heat_displacement_score,3,temperature_fit_score | process_electrification_score | fossil_heat_displacement_score,temperature_fit_score | process_electrification_score | fossil_heat_displacement_score,NEEDS_RESEARCH=3,RESEARCH_NEEDED,P2,B,B,6,PASS,PENDING,NEEDS_NUMERIC_CODING,,"Eligibility, process mapping and certificate gates pass. Canonical numeric anchors remain uncoded; proposal state is tracked separately and never mutates canonical values.","Research the unresolved score evidence before proposing an anchor: temperature_fit_score: Actual process-heating temperatures and supported electric-heat fit, rather than part dimensions, cold maturation, material/customer ratings or historical boiler baselines. PV2022/2025,CHP2014/2020,absorption cooling and2025/2026 EV supply; fuel/load/store/dispatch unverified. Continuation2026-10-08: Known CHP/PV chronology retained. Absorption cooling is not independently useful thermal storage; no owned process temperature or complete fuel mix established.; process_electrification_score: Named own actual/planned electric thermal route; electrochemical coating, generic production or customer energy applications alone do not establish electric process heat. PV2022/2025,CHP2014/2020,absorption cooling and2025/2026 EV supply; fuel/load/store/dispatch unverified. Continuation2026-10-08: Known CHP/PV chronology retained. Absorption cooling is not independently useful thermal storage; no owned process temperature or complete fuel mix established.; fossil_heat_displacement_score: Actual current fossil thermal carrier, centrality and displacement materiality; unspecified CHP/ovens and historic gas baselines do not establish remaining fuel mix. PV2022/2025,CHP2014/2020,absorption cooling and2025/2026 EV supply; fuel/load/store/dispatch unverified. Continuation2026-10-08: Known CHP/PV chronology retained. Absorption cooling is not independently useful thermal storage; no owned process temperature or complete fuel mix established.",1.1.0
174,45,P55|power_electronics_relevance,P55,Merschbrock Kunststoff Spritzguss GmbH,NUMERIC_CODING,CODE_DIMENSION,power_electronics_relevance,motor_drive_score | power_conversion_score | automation_control_score,motor_drive_score | power_conversion_score | automation_control_score,3,motor_drive_score | power_conversion_score | automation_control_score,,CHECKED=3,CHECKED,P2,B,B,6,PASS,PENDING,NEEDS_NUMERIC_CODING,,"Eligibility, process mapping and certificate gates pass. Canonical numeric anchors remain uncoded; proposal state is tracked separately and never mutates canonical values.",Source and anchor checks are complete. Preserve the checked proposals; final-score approval and canonical scoring remain separate gates.,1.1.0
175,45,P55|load_flexibility_potential,P55,Merschbrock Kunststoff Spritzguss GmbH,NUMERIC_CODING,CODE_DIMENSION,load_flexibility_potential,scheduling_flex_score | thermal_storage_flex_score,scheduling_flex_score | thermal_storage_flex_score,2,scheduling_flex_score | thermal_storage_flex_score,scheduling_flex_score | thermal_storage_flex_score,NEEDS_RESEARCH=2,RESEARCH_NEEDED,P2,B,B,6,PASS,PENDING,NEEDS_NUMERIC_CODING,,"Eligibility, process mapping and certificate gates pass. Canonical numeric anchors remain uncoded; proposal state is tracked separately and never mutates canonical values.","Research the unresolved score evidence before proposing an anchor: scheduling_flex_score: Admissible operating/start/interruption windows and actual buffers; product maturation, process cycles or programmable furnace recipes are not dispatch permission. PV2022/2025,CHP2014/2020,absorption cooling and2025/2026 EV supply; fuel/load/store/dispatch unverified. Continuation2026-10-08: Known CHP/PV chronology retained. Absorption cooling is not independently useful thermal storage; no owned process temperature or complete fuel mix established.; thermal_storage_flex_score: Named own usable heat/cold store or validated thermal inertia with operating window; cooling, absorption chilling, production tanks and glass melt mass alone do not establish storage. PV2022/2025,CHP2014/2020,absorption cooling and2025/2026 EV supply; fuel/load/store/dispatch unverified. Continuation2026-10-08: Known CHP/PV chronology retained. Absorption cooling is not independently useful thermal storage; no owned process temperature or complete fuel mix established.",1.1.0
176,45,P55|grid_power_quality_relevance,P55,Merschbrock Kunststoff Spritzguss GmbH,NUMERIC_CODING,CODE_DIMENSION,grid_power_quality_relevance,incremental_load_score | power_quality_score | onsite_integration_score,incremental_load_score | power_quality_score | onsite_integration_score,3,incremental_load_score | power_quality_score | onsite_integration_score,incremental_load_score,CHECKED=2 | NEEDS_RESEARCH=1,RESEARCH_NEEDED,P2,B,B,6,PASS,PENDING,NEEDS_NUMERIC_CODING,,"Eligibility, process mapping and certificate gates pass. Canonical numeric anchors remain uncoded; proposal state is tracked separately and never mutates canonical values.","Research the unresolved score evidence before proposing an anchor: incremental_load_score: Defined additional thermal electrification route and ordinal new-load materiality; existing electric assets, PV expansion and EV charging are not an additional heat-route load. PV2022/2025,CHP2014/2020,absorption cooling and2025/2026 EV supply; fuel/load/store/dispatch unverified. Continuation2026-10-08: Known CHP/PV chronology retained. Absorption cooling is not independently useful thermal storage; no owned process temperature or complete fuel mix established.",1.1.0
177,45,P55|observed_transition_gap,P55,Merschbrock Kunststoff Spritzguss GmbH,NUMERIC_CODING,CODE_DIMENSION,observed_transition_gap,measures_gap_score | management_gap_score | targets_gap_score | investment_gap_score,measures_gap_score | management_gap_score | targets_gap_score | investment_gap_score,4,measures_gap_score | management_gap_score | targets_gap_score | investment_gap_score,,CHECKED=4,CHECKED,P2,B,B,6,PASS,PENDING,NEEDS_NUMERIC_CODING,,"Eligibility, process mapping and certificate gates pass. Canonical numeric anchors remain uncoded; proposal state is tracked separately and never mutates canonical values.",Source and anchor checks are complete. Preserve the checked proposals; final-score approval and canonical scoring remain separate gates.,1.1.0
178,46,P61|process_electrification_potential,P61,Galvanik-Horstmann GmbH,NUMERIC_CODING,CODE_DIMENSION,process_electrification_potential,temperature_fit_score | process_electrification_score | fossil_heat_displacement_score,temperature_fit_score | process_electrification_score | fossil_heat_displacement_score,3,temperature_fit_score | process_electrification_score | fossil_heat_displacement_score,temperature_fit_score | process_electrification_score | fossil_heat_displacement_score,NEEDS_RESEARCH=3,RESEARCH_NEEDED,P2,B,B,6,PASS,PENDING,NEEDS_NUMERIC_CODING,,"Eligibility, process mapping and certificate gates pass. Canonical numeric anchors remain uncoded; proposal state is tracked separately and never mutates canonical values.","Research the unresolved score evidence before proposing an anchor: temperature_fit_score: Actual process-heating temperatures and supported electric-heat fit, rather than part dimensions, cold maturation, material/customer ratings or historical boiler baselines. Own galvanic services and XRF;250C solderability TEST not bath temperature. Historical2020-upload brochure KWKK+PV50-55% combined electricity lacks2026 continuity. Continuation2026-10-08: Own brochure distinguishes CHP/PV from adjacent supplier advertisements. No commissioned battery, useful thermal buffer, complete heat fuel mix or recent project dates established.; process_electrification_score: Named own actual/planned electric thermal route; electrochemical coating, generic production or customer energy applications alone do not establish electric process heat. Own galvanic services and XRF;250C solderability TEST not bath temperature. Historical2020-upload brochure KWKK+PV50-55% combined electricity lacks2026 continuity. Continuation2026-10-08: Own brochure distinguishes CHP/PV from adjacent supplier advertisements. No commissioned battery, useful thermal buffer, complete heat fuel mix or recent project dates established.; fossil_heat_displacement_score: Actual current fossil thermal carrier, centrality and displacement materiality; unspecified CHP/ovens and historic gas baselines do not establish remaining fuel mix. Own galvanic services and XRF;250C solderability TEST not bath temperature. Historical2020-upload brochure KWKK+PV50-55% combined electricity lacks2026 continuity. Continuation2026-10-08: Own brochure distinguishes CHP/PV from adjacent supplier advertisements. No commissioned battery, useful thermal buffer, complete heat fuel mix or recent project dates established.",1.1.0
179,46,P61|power_electronics_relevance,P61,Galvanik-Horstmann GmbH,NUMERIC_CODING,CODE_DIMENSION,power_electronics_relevance,motor_drive_score | power_conversion_score | automation_control_score,motor_drive_score | power_conversion_score | automation_control_score,3,motor_drive_score | power_conversion_score | automation_control_score,motor_drive_score,CHECKED=2 | NEEDS_RESEARCH=1,RESEARCH_NEEDED,P2,B,B,6,PASS,PENDING,NEEDS_NUMERIC_CODING,,"Eligibility, process mapping and certificate gates pass. Canonical numeric anchors remain uncoded; proposal state is tracked separately and never mutates canonical values.","Research the unresolved score evidence before proposing an anchor: motor_drive_score: Named current owned motor/pump/compressor/drive applications and their materiality; production sector and historical steam/ice machines alone are insufficient. Own galvanic services and XRF;250C solderability TEST not bath temperature. Historical2020-upload brochure KWKK+PV50-55% combined electricity lacks2026 continuity. Continuation2026-10-08: Own brochure distinguishes CHP/PV from adjacent supplier advertisements. No commissioned battery, useful thermal buffer, complete heat fuel mix or recent project dates established.",1.1.0
180,46,P61|load_flexibility_potential,P61,Galvanik-Horstmann GmbH,NUMERIC_CODING,CODE_DIMENSION,load_flexibility_potential,scheduling_flex_score | thermal_storage_flex_score,scheduling_flex_score | thermal_storage_flex_score,2,scheduling_flex_score | thermal_storage_flex_score,scheduling_flex_score | thermal_storage_flex_score,NEEDS_RESEARCH=2,RESEARCH_NEEDED,P2,B,B,6,PASS,PENDING,NEEDS_NUMERIC_CODING,,"Eligibility, process mapping and certificate gates pass. Canonical numeric anchors remain uncoded; proposal state is tracked separately and never mutates canonical values.","Research the unresolved score evidence before proposing an anchor: scheduling_flex_score: Admissible operating/start/interruption windows and actual buffers; product maturation, process cycles or programmable furnace recipes are not dispatch permission. Own galvanic services and XRF;250C solderability TEST not bath temperature. Historical2020-upload brochure KWKK+PV50-55% combined electricity lacks2026 continuity. Continuation2026-10-08: Own brochure distinguishes CHP/PV from adjacent supplier advertisements. No commissioned battery, useful thermal buffer, complete heat fuel mix or recent project dates established.; thermal_storage_flex_score: Named own usable heat/cold store or validated thermal inertia with operating window; cooling, absorption chilling, production tanks and glass melt mass alone do not establish storage. Own galvanic services and XRF;250C solderability TEST not bath temperature. Historical2020-upload brochure KWKK+PV50-55% combined electricity lacks2026 continuity. Continuation2026-10-08: Own brochure distinguishes CHP/PV from adjacent supplier advertisements. No commissioned battery, useful thermal buffer, complete heat fuel mix or recent project dates established.",1.1.0
181,46,P61|grid_power_quality_relevance,P61,Galvanik-Horstmann GmbH,NUMERIC_CODING,CODE_DIMENSION,grid_power_quality_relevance,incremental_load_score | power_quality_score | onsite_integration_score,incremental_load_score | power_quality_score | onsite_integration_score,3,incremental_load_score | power_quality_score | onsite_integration_score,incremental_load_score,CHECKED=2 | NEEDS_RESEARCH=1,RESEARCH_NEEDED,P2,B,B,6,PASS,PENDING,NEEDS_NUMERIC_CODING,,"Eligibility, process mapping and certificate gates pass. Canonical numeric anchors remain uncoded; proposal state is tracked separately and never mutates canonical values.","Research the unresolved score evidence before proposing an anchor: incremental_load_score: Defined additional thermal electrification route and ordinal new-load materiality; existing electric assets, PV expansion and EV charging are not an additional heat-route load. Own galvanic services and XRF;250C solderability TEST not bath temperature. Historical2020-upload brochure KWKK+PV50-55% combined electricity lacks2026 continuity. Continuation2026-10-08: Own brochure distinguishes CHP/PV from adjacent supplier advertisements. No commissioned battery, useful thermal buffer, complete heat fuel mix or recent project dates established.",1.1.0
182,46,P61|observed_transition_gap,P61,Galvanik-Horstmann GmbH,NUMERIC_CODING,CODE_DIMENSION,observed_transition_gap,measures_gap_score | management_gap_score | targets_gap_score | investment_gap_score,measures_gap_score | management_gap_score | targets_gap_score | investment_gap_score,4,measures_gap_score | management_gap_score | targets_gap_score | investment_gap_score,management_gap_score | investment_gap_score,CHECKED=2 | NEEDS_RESEARCH=2,RESEARCH_NEEDED,P2,B,B,6,PASS,PENDING,NEEDS_NUMERIC_CODING,,"Eligibility, process mapping and certificate gates pass. Canonical numeric anchors remain uncoded; proposal state is tracked separately and never mutates canonical values.","Research the unresolved score evidence before proposing an anchor: management_gap_score: Current verified site EnMS/environmental system or bounded claim; ISO9001, an inaccessible/staging certificate page and missing evidence are not certified mature EnMS. Own galvanic services and XRF;250C solderability TEST not bath temperature. Historical2020-upload brochure KWKK+PV50-55% combined electricity lacks2026 continuity. Continuation2026-10-08: Own brochure distinguishes CHP/PV from adjacent supplier advertisements. No commissioned battery, useful thermal buffer, complete heat fuel mix or recent project dates established.; investment_gap_score: Dated completed energy-transition investment within2021-10-07 to2026-10-07; old projects, certificate renewal, crawl dates and undifferentiated capacity/wastewater expansion are insufficient. Own galvanic services and XRF;250C solderability TEST not bath temperature. Historical2020-upload brochure KWKK+PV50-55% combined electricity lacks2026 continuity. Continuation2026-10-08: Own brochure distinguishes CHP/PV from adjacent supplier advertisements. No commissioned battery, useful thermal buffer, complete heat fuel mix or recent project dates established.",1.1.0
183,47,P73|process_electrification_potential,P73,Brauerei-Gasthof Kundmüller GmbH,NUMERIC_CODING,CODE_DIMENSION,process_electrification_potential,temperature_fit_score | process_electrification_score | fossil_heat_displacement_score,temperature_fit_score | process_electrification_score | fossil_heat_displacement_score,3,temperature_fit_score | process_electrification_score | fossil_heat_displacement_score,fossil_heat_displacement_score,CHECKED=2 | NEEDS_RESEARCH=1,RESEARCH_NEEDED,P2,B,B,6,PASS,PENDING,NEEDS_NUMERIC_CODING,,"Eligibility, process mapping and certificate gates pass. Canonical numeric anchors remain uncoded; proposal state is tracked separately and never mutates canonical values.",Research the unresolved score evidence before proposing an anchor: fossil_heat_displacement_score: Current company/site process heat carrier mix and attributable fossil thermal duty. No public evidence is not zero fossil heat. Continuation2026-10-08: Vapour condensation/hot-water recovery is not independently useful thermal storage. Solar-brewery branding does not establish100percent renewable thermal fuel; some newer source access failed.,1.1.0
184,47,P73|power_electronics_relevance,P73,Brauerei-Gasthof Kundmüller GmbH,NUMERIC_CODING,CODE_DIMENSION,power_electronics_relevance,motor_drive_score | power_conversion_score | automation_control_score,motor_drive_score | power_conversion_score | automation_control_score,3,motor_drive_score | power_conversion_score | automation_control_score,power_conversion_score,CHECKED=2 | NEEDS_RESEARCH=1,RESEARCH_NEEDED,P2,B,B,6,PASS,PENDING,NEEDS_NUMERIC_CODING,,"Eligibility, process mapping and certificate gates pass. Canonical numeric anchors remain uncoded; proposal state is tracked separately and never mutates canonical values.","Research the unresolved score evidence before proposing an anchor: power_conversion_score: Owned rectifier/inverter/controlled-electric-heat applications, scope and duty; mechanical water power not electricity generation. Continuation2026-10-08: Vapour condensation/hot-water recovery is not independently useful thermal storage. Solar-brewery branding does not establish100percent renewable thermal fuel; some newer source access failed.",1.1.0
185,47,P73|load_flexibility_potential,P73,Brauerei-Gasthof Kundmüller GmbH,NUMERIC_CODING,CODE_DIMENSION,load_flexibility_potential,scheduling_flex_score | thermal_storage_flex_score,scheduling_flex_score | thermal_storage_flex_score,2,scheduling_flex_score | thermal_storage_flex_score,thermal_storage_flex_score,CHECKED=1 | NEEDS_RESEARCH=1,RESEARCH_NEEDED,P2,B,B,6,PASS,PENDING,NEEDS_NUMERIC_CODING,,"Eligibility, process mapping and certificate gates pass. Canonical numeric anchors remain uncoded; proposal state is tracked separately and never mutates canonical values.","Research the unresolved score evidence before proposing an anchor: thermal_storage_flex_score: Actual useful heat/cold buffer capacity, temperature, connection and timing freedom; thermal mass, room heat and electrical batteries not sufficient. Continuation2026-10-08: Vapour condensation/hot-water recovery is not independently useful thermal storage. Solar-brewery branding does not establish100percent renewable thermal fuel; some newer source access failed.",1.1.0
186,47,P73|grid_power_quality_relevance,P73,Brauerei-Gasthof Kundmüller GmbH,NUMERIC_CODING,CODE_DIMENSION,grid_power_quality_relevance,incremental_load_score | power_quality_score | onsite_integration_score,incremental_load_score | power_quality_score | onsite_integration_score,3,incremental_load_score | power_quality_score | onsite_integration_score,power_quality_score,CHECKED=2 | NEEDS_RESEARCH=1,RESEARCH_NEEDED,P2,B,B,6,PASS,PENDING,NEEDS_NUMERIC_CODING,,"Eligibility, process mapping and certificate gates pass. Canonical numeric anchors remain uncoded; proposal state is tracked separately and never mutates canonical values.",Research the unresolved score evidence before proposing an anchor: power_quality_score: Owned relevant converter/peak topology or measured harmonic/reactive/voltage findings; product resistance/current amps not measured power-quality evidence. Continuation2026-10-08: Vapour condensation/hot-water recovery is not independently useful thermal storage. Solar-brewery branding does not establish100percent renewable thermal fuel; some newer source access failed.,1.1.0
187,47,P73|observed_transition_gap,P73,Brauerei-Gasthof Kundmüller GmbH,NUMERIC_CODING,CODE_DIMENSION,observed_transition_gap,measures_gap_score | management_gap_score | targets_gap_score | investment_gap_score,measures_gap_score | management_gap_score | targets_gap_score | investment_gap_score,4,measures_gap_score | management_gap_score | targets_gap_score | investment_gap_score,targets_gap_score | investment_gap_score,CHECKED=2 | NEEDS_RESEARCH=2,RESEARCH_NEEDED,P2,B,B,6,PASS,PENDING,NEEDS_NUMERIC_CODING,,"Eligibility, process mapping and certificate gates pass. Canonical numeric anchors remain uncoded; proposal state is tracked separately and never mutates canonical values.","Research the unresolved score evidence before proposing an anchor: targets_gap_score: Owned energy/climate target, date, scope and roadmap, or documented sufficient defined search. General quality/resource sustainability not energy target. Continuation2026-10-08: Vapour condensation/hot-water recovery is not independently useful thermal storage. Solar-brewery branding does not establish100percent renewable thermal fuel; some newer source access failed.; investment_gap_score: Completed owned energy investments with commissioning dates in 2021-10-07 to 2026-10-07. Operation/report/filename dates, generic annual CAPEX and other group companies not sufficient. Continuation2026-10-08: Vapour condensation/hot-water recovery is not independently useful thermal storage. Solar-brewery branding does not establish100percent renewable thermal fuel; some newer source access failed.",1.1.0
188,48,P79|process_electrification_potential,P79,Langer GmbH & Co. KG,NUMERIC_CODING,CODE_DIMENSION,process_electrification_potential,temperature_fit_score | process_electrification_score | fossil_heat_displacement_score,temperature_fit_score | process_electrification_score | fossil_heat_displacement_score,3,temperature_fit_score | process_electrification_score | fossil_heat_displacement_score,temperature_fit_score | process_electrification_score | fossil_heat_displacement_score,NEEDS_RESEARCH=3,RESEARCH_NEEDED,P2,B,B,6,PASS,PENDING,NEEDS_NUMERIC_CODING,,"Eligibility, process mapping and certificate gates pass. Canonical numeric anchors remain uncoded; proposal state is tracked separately and never mutates canonical values.","Research the unresolved score evidence before proposing an anchor: temperature_fit_score: Actual process-heating temperatures and supported electric-heat fit, rather than part dimensions, cold maturation, material/customer ratings or historical boiler baselines. Actual base PV301.76kWp/2024converter/mill/control; September2026 PV675kWp/battery400kWh still EXPECTED;2030targets distinct from achieved inventory. Continuation2026-10-08: Planned September2026PV expansion is not commissioned merely because its date passed. Announced equipment availability is not actual delivery; no owned process heat temperature established.; process_electrification_score: Named own actual/planned electric thermal route; electrochemical coating, generic production or customer energy applications alone do not establish electric process heat. Actual base PV301.76kWp/2024converter/mill/control; September2026 PV675kWp/battery400kWh still EXPECTED;2030targets distinct from achieved inventory. Continuation2026-10-08: Planned September2026PV expansion is not commissioned merely because its date passed. Announced equipment availability is not actual delivery; no owned process heat temperature established.; fossil_heat_displacement_score: Actual current fossil thermal carrier, centrality and displacement materiality; unspecified CHP/ovens and historic gas baselines do not establish remaining fuel mix. Actual base PV301.76kWp/2024converter/mill/control; September2026 PV675kWp/battery400kWh still EXPECTED;2030targets distinct from achieved inventory. Continuation2026-10-08: Planned September2026PV expansion is not commissioned merely because its date passed. Announced equipment availability is not actual delivery; no owned process heat temperature established.",1.1.0
189,48,P79|power_electronics_relevance,P79,Langer GmbH & Co. KG,NUMERIC_CODING,CODE_DIMENSION,power_electronics_relevance,motor_drive_score | power_conversion_score | automation_control_score,motor_drive_score | power_conversion_score | automation_control_score,3,motor_drive_score | power_conversion_score | automation_control_score,,CHECKED=3,CHECKED,P2,B,B,6,PASS,PENDING,NEEDS_NUMERIC_CODING,,"Eligibility, process mapping and certificate gates pass. Canonical numeric anchors remain uncoded; proposal state is tracked separately and never mutates canonical values.",Source and anchor checks are complete. Preserve the checked proposals; final-score approval and canonical scoring remain separate gates.,1.1.0
190,48,P79|load_flexibility_potential,P79,Langer GmbH & Co. KG,NUMERIC_CODING,CODE_DIMENSION,load_flexibility_potential,scheduling_flex_score | thermal_storage_flex_score,scheduling_flex_score | thermal_storage_flex_score,2,scheduling_flex_score | thermal_storage_flex_score,scheduling_flex_score | thermal_storage_flex_score,NEEDS_RESEARCH=2,RESEARCH_NEEDED,P2,B,B,6,PASS,PENDING,NEEDS_NUMERIC_CODING,,"Eligibility, process mapping and certificate gates pass. Canonical numeric anchors remain uncoded; proposal state is tracked separately and never mutates canonical values.","Research the unresolved score evidence before proposing an anchor: scheduling_flex_score: Admissible operating/start/interruption windows and actual buffers; product maturation, process cycles or programmable furnace recipes are not dispatch permission. Actual base PV301.76kWp/2024converter/mill/control; September2026 PV675kWp/battery400kWh still EXPECTED;2030targets distinct from achieved inventory. Continuation2026-10-08: Planned September2026PV expansion is not commissioned merely because its date passed. Announced equipment availability is not actual delivery; no owned process heat temperature established.; thermal_storage_flex_score: Named own usable heat/cold store or validated thermal inertia with operating window; cooling, absorption chilling, production tanks and glass melt mass alone do not establish storage. Actual base PV301.76kWp/2024converter/mill/control; September2026 PV675kWp/battery400kWh still EXPECTED;2030targets distinct from achieved inventory. Continuation2026-10-08: Planned September2026PV expansion is not commissioned merely because its date passed. Announced equipment availability is not actual delivery; no owned process heat temperature established.",1.1.0
191,48,P79|grid_power_quality_relevance,P79,Langer GmbH & Co. KG,NUMERIC_CODING,CODE_DIMENSION,grid_power_quality_relevance,incremental_load_score | power_quality_score | onsite_integration_score,incremental_load_score | power_quality_score | onsite_integration_score,3,incremental_load_score | power_quality_score | onsite_integration_score,incremental_load_score,CHECKED=2 | NEEDS_RESEARCH=1,RESEARCH_NEEDED,P2,B,B,6,PASS,PENDING,NEEDS_NUMERIC_CODING,,"Eligibility, process mapping and certificate gates pass. Canonical numeric anchors remain uncoded; proposal state is tracked separately and never mutates canonical values.","Research the unresolved score evidence before proposing an anchor: incremental_load_score: Defined additional thermal electrification route and ordinal new-load materiality; existing electric assets, PV expansion and EV charging are not an additional heat-route load. Actual base PV301.76kWp/2024converter/mill/control; September2026 PV675kWp/battery400kWh still EXPECTED;2030targets distinct from achieved inventory. Continuation2026-10-08: Planned September2026PV expansion is not commissioned merely because its date passed. Announced equipment availability is not actual delivery; no owned process heat temperature established.",1.1.0
192,48,P79|observed_transition_gap,P79,Langer GmbH & Co. KG,NUMERIC_CODING,CODE_DIMENSION,observed_transition_gap,measures_gap_score | management_gap_score | targets_gap_score | investment_gap_score,measures_gap_score | management_gap_score | targets_gap_score | investment_gap_score,4,measures_gap_score | management_gap_score | targets_gap_score | investment_gap_score,,CHECKED=4,CHECKED,P2,B,B,6,PASS,PENDING,NEEDS_NUMERIC_CODING,,"Eligibility, process mapping and certificate gates pass. Canonical numeric anchors remain uncoded; proposal state is tracked separately and never mutates canonical values.",Source and anchor checks are complete. Preserve the checked proposals; final-score approval and canonical scoring remain separate gates.,1.1.0
193,49,P92|process_electrification_potential,P92,Familienbrauerei M. Ketterer GmbH & Co. KG,NUMERIC_CODING,CODE_DIMENSION,process_electrification_potential,temperature_fit_score | process_electrification_score | fossil_heat_displacement_score,temperature_fit_score | process_electrification_score | fossil_heat_displacement_score,3,temperature_fit_score | process_electrification_score | fossil_heat_displacement_score,temperature_fit_score | process_electrification_score,CHECKED=1 | NEEDS_RESEARCH=2,RESEARCH_NEEDED,P2,B,B,6,PASS,PENDING,NEEDS_NUMERIC_CODING,,"Eligibility, process mapping and certificate gates pass. Canonical numeric anchors remain uncoded; proposal state is tracked separately and never mutates canonical values.","Research the unresolved score evidence before proposing an anchor: temperature_fit_score: Actual process-heating temperatures and supported electric-heat fit, rather than part dimensions, cold maturation, material/customer ratings or historical boiler baselines. Own woodchip operating-heat claim, PV2021monthunknown; nitrogen dates2021/2023 conflict; biomass not electric heat, cold tanks not dispatch buffers. Continuation2026-10-08: Owner wood-chip/PV facts retained.2021PV year lacks exact qualifying lookback date; contradictory2021/2023nitrogen dates do not establish another energy investment. No heat temperature or certified current system established.; process_electrification_score: Named own actual/planned electric thermal route; electrochemical coating, generic production or customer energy applications alone do not establish electric process heat. Own woodchip operating-heat claim, PV2021monthunknown; nitrogen dates2021/2023 conflict; biomass not electric heat, cold tanks not dispatch buffers. Continuation2026-10-08: Owner wood-chip/PV facts retained.2021PV year lacks exact qualifying lookback date; contradictory2021/2023nitrogen dates do not establish another energy investment. No heat temperature or certified current system established.",1.1.0
194,49,P92|power_electronics_relevance,P92,Familienbrauerei M. Ketterer GmbH & Co. KG,NUMERIC_CODING,CODE_DIMENSION,power_electronics_relevance,motor_drive_score | power_conversion_score | automation_control_score,motor_drive_score | power_conversion_score | automation_control_score,3,motor_drive_score | power_conversion_score | automation_control_score,,CHECKED=3,CHECKED,P2,B,B,6,PASS,PENDING,NEEDS_NUMERIC_CODING,,"Eligibility, process mapping and certificate gates pass. Canonical numeric anchors remain uncoded; proposal state is tracked separately and never mutates canonical values.",Source and anchor checks are complete. Preserve the checked proposals; final-score approval and canonical scoring remain separate gates.,1.1.0
195,49,P92|load_flexibility_potential,P92,Familienbrauerei M. Ketterer GmbH & Co. KG,NUMERIC_CODING,CODE_DIMENSION,load_flexibility_potential,scheduling_flex_score | thermal_storage_flex_score,scheduling_flex_score | thermal_storage_flex_score,2,scheduling_flex_score | thermal_storage_flex_score,scheduling_flex_score | thermal_storage_flex_score,NEEDS_RESEARCH=2,RESEARCH_NEEDED,P2,B,B,6,PASS,PENDING,NEEDS_NUMERIC_CODING,,"Eligibility, process mapping and certificate gates pass. Canonical numeric anchors remain uncoded; proposal state is tracked separately and never mutates canonical values.","Research the unresolved score evidence before proposing an anchor: scheduling_flex_score: Admissible operating/start/interruption windows and actual buffers; product maturation, process cycles or programmable furnace recipes are not dispatch permission. Own woodchip operating-heat claim, PV2021monthunknown; nitrogen dates2021/2023 conflict; biomass not electric heat, cold tanks not dispatch buffers. Continuation2026-10-08: Owner wood-chip/PV facts retained.2021PV year lacks exact qualifying lookback date; contradictory2021/2023nitrogen dates do not establish another energy investment. No heat temperature or certified current system established.; thermal_storage_flex_score: Named own usable heat/cold store or validated thermal inertia with operating window; cooling, absorption chilling, production tanks and glass melt mass alone do not establish storage. Own woodchip operating-heat claim, PV2021monthunknown; nitrogen dates2021/2023 conflict; biomass not electric heat, cold tanks not dispatch buffers. Continuation2026-10-08: Owner wood-chip/PV facts retained.2021PV year lacks exact qualifying lookback date; contradictory2021/2023nitrogen dates do not establish another energy investment. No heat temperature or certified current system established.",1.1.0
196,49,P92|grid_power_quality_relevance,P92,Familienbrauerei M. Ketterer GmbH & Co. KG,NUMERIC_CODING,CODE_DIMENSION,grid_power_quality_relevance,incremental_load_score | power_quality_score | onsite_integration_score,incremental_load_score | power_quality_score | onsite_integration_score,3,incremental_load_score | power_quality_score | onsite_integration_score,incremental_load_score,CHECKED=2 | NEEDS_RESEARCH=1,RESEARCH_NEEDED,P2,B,B,6,PASS,PENDING,NEEDS_NUMERIC_CODING,,"Eligibility, process mapping and certificate gates pass. Canonical numeric anchors remain uncoded; proposal state is tracked separately and never mutates canonical values.","Research the unresolved score evidence before proposing an anchor: incremental_load_score: Defined additional thermal electrification route and ordinal new-load materiality; existing electric assets, PV expansion and EV charging are not an additional heat-route load. Own woodchip operating-heat claim, PV2021monthunknown; nitrogen dates2021/2023 conflict; biomass not electric heat, cold tanks not dispatch buffers. Continuation2026-10-08: Owner wood-chip/PV facts retained.2021PV year lacks exact qualifying lookback date; contradictory2021/2023nitrogen dates do not establish another energy investment. No heat temperature or certified current system established.",1.1.0
197,49,P92|observed_transition_gap,P92,Familienbrauerei M. Ketterer GmbH & Co. KG,NUMERIC_CODING,CODE_DIMENSION,observed_transition_gap,measures_gap_score | management_gap_score | targets_gap_score | investment_gap_score,measures_gap_score | management_gap_score | targets_gap_score | investment_gap_score,4,measures_gap_score | management_gap_score | targets_gap_score | investment_gap_score,management_gap_score | investment_gap_score,CHECKED=2 | NEEDS_RESEARCH=2,RESEARCH_NEEDED,P2,B,B,6,PASS,PENDING,NEEDS_NUMERIC_CODING,,"Eligibility, process mapping and certificate gates pass. Canonical numeric anchors remain uncoded; proposal state is tracked separately and never mutates canonical values.","Research the unresolved score evidence before proposing an anchor: management_gap_score: Current verified site EnMS/environmental system or bounded claim; ISO9001, an inaccessible/staging certificate page and missing evidence are not certified mature EnMS. Own woodchip operating-heat claim, PV2021monthunknown; nitrogen dates2021/2023 conflict; biomass not electric heat, cold tanks not dispatch buffers. Continuation2026-10-08: Owner wood-chip/PV facts retained.2021PV year lacks exact qualifying lookback date; contradictory2021/2023nitrogen dates do not establish another energy investment. No heat temperature or certified current system established.; investment_gap_score: Dated completed energy-transition investment within2021-10-07 to2026-10-07; old projects, certificate renewal, crawl dates and undifferentiated capacity/wastewater expansion are insufficient. Own woodchip operating-heat claim, PV2021monthunknown; nitrogen dates2021/2023 conflict; biomass not electric heat, cold tanks not dispatch buffers. Continuation2026-10-08: Owner wood-chip/PV facts retained.2021PV year lacks exact qualifying lookback date; contradictory2021/2023nitrogen dates do not establish another energy investment. No heat temperature or certified current system established.",1.1.0
198,50,P93|process_electrification_potential,P93,Brauerei Schimpfle GmbH & Co. KG,NUMERIC_CODING,CODE_DIMENSION,process_electrification_potential,temperature_fit_score | process_electrification_score | fossil_heat_displacement_score,temperature_fit_score | process_electrification_score | fossil_heat_displacement_score,3,temperature_fit_score | process_electrification_score | fossil_heat_displacement_score,temperature_fit_score | process_electrification_score | fossil_heat_displacement_score,NEEDS_RESEARCH=3,RESEARCH_NEEDED,P2,B,B,6,PASS,PENDING,NEEDS_NUMERIC_CODING,,"Eligibility, process mapping and certificate gates pass. Canonical numeric anchors remain uncoded; proposal state is tracked separately and never mutates canonical values.","Research the unresolved score evidence before proposing an anchor: temperature_fit_score: Actual process-heating temperatures and supported electric-heat fit, rather than part dimensions, cold maturation, material/customer ratings or historical boiler baselines. Actual compressors/heat recovery/metering, primary2024PV908modules/1500m2 and2023transformer;0C maturation not heating fit/storage, transformer not measured harmonic issue. Continuation2026-10-08: Cold maturation and installed pressure tanks are not useful thermal buffers. Heat recovery from controlled compressors does not establish hot-process temperatures or remaining heat fuel.; process_electrification_score: Named own actual/planned electric thermal route; electrochemical coating, generic production or customer energy applications alone do not establish electric process heat. Actual compressors/heat recovery/metering, primary2024PV908modules/1500m2 and2023transformer;0C maturation not heating fit/storage, transformer not measured harmonic issue. Continuation2026-10-08: Cold maturation and installed pressure tanks are not useful thermal buffers. Heat recovery from controlled compressors does not establish hot-process temperatures or remaining heat fuel.; fossil_heat_displacement_score: Actual current fossil thermal carrier, centrality and displacement materiality; unspecified CHP/ovens and historic gas baselines do not establish remaining fuel mix. Actual compressors/heat recovery/metering, primary2024PV908modules/1500m2 and2023transformer;0C maturation not heating fit/storage, transformer not measured harmonic issue. Continuation2026-10-08: Cold maturation and installed pressure tanks are not useful thermal buffers. Heat recovery from controlled compressors does not establish hot-process temperatures or remaining heat fuel.",1.1.0
199,50,P93|power_electronics_relevance,P93,Brauerei Schimpfle GmbH & Co. KG,NUMERIC_CODING,CODE_DIMENSION,power_electronics_relevance,motor_drive_score | power_conversion_score | automation_control_score,motor_drive_score | power_conversion_score | automation_control_score,3,motor_drive_score | power_conversion_score | automation_control_score,,CHECKED=3,CHECKED,P2,B,B,6,PASS,PENDING,NEEDS_NUMERIC_CODING,,"Eligibility, process mapping and certificate gates pass. Canonical numeric anchors remain uncoded; proposal state is tracked separately and never mutates canonical values.",Source and anchor checks are complete. Preserve the checked proposals; final-score approval and canonical scoring remain separate gates.,1.1.0
200,50,P93|load_flexibility_potential,P93,Brauerei Schimpfle GmbH & Co. KG,NUMERIC_CODING,CODE_DIMENSION,load_flexibility_potential,scheduling_flex_score | thermal_storage_flex_score,scheduling_flex_score | thermal_storage_flex_score,2,scheduling_flex_score | thermal_storage_flex_score,scheduling_flex_score | thermal_storage_flex_score,NEEDS_RESEARCH=2,RESEARCH_NEEDED,P2,B,B,6,PASS,PENDING,NEEDS_NUMERIC_CODING,,"Eligibility, process mapping and certificate gates pass. Canonical numeric anchors remain uncoded; proposal state is tracked separately and never mutates canonical values.","Research the unresolved score evidence before proposing an anchor: scheduling_flex_score: Admissible operating/start/interruption windows and actual buffers; product maturation, process cycles or programmable furnace recipes are not dispatch permission. Actual compressors/heat recovery/metering, primary2024PV908modules/1500m2 and2023transformer;0C maturation not heating fit/storage, transformer not measured harmonic issue. Continuation2026-10-08: Cold maturation and installed pressure tanks are not useful thermal buffers. Heat recovery from controlled compressors does not establish hot-process temperatures or remaining heat fuel.; thermal_storage_flex_score: Named own usable heat/cold store or validated thermal inertia with operating window; cooling, absorption chilling, production tanks and glass melt mass alone do not establish storage. Actual compressors/heat recovery/metering, primary2024PV908modules/1500m2 and2023transformer;0C maturation not heating fit/storage, transformer not measured harmonic issue. Continuation2026-10-08: Cold maturation and installed pressure tanks are not useful thermal buffers. Heat recovery from controlled compressors does not establish hot-process temperatures or remaining heat fuel.",1.1.0
201,50,P93|grid_power_quality_relevance,P93,Brauerei Schimpfle GmbH & Co. KG,NUMERIC_CODING,CODE_DIMENSION,grid_power_quality_relevance,incremental_load_score | power_quality_score | onsite_integration_score,incremental_load_score | power_quality_score | onsite_integration_score,3,incremental_load_score | power_quality_score | onsite_integration_score,incremental_load_score,CHECKED=2 | NEEDS_RESEARCH=1,RESEARCH_NEEDED,P2,B,B,6,PASS,PENDING,NEEDS_NUMERIC_CODING,,"Eligibility, process mapping and certificate gates pass. Canonical numeric anchors remain uncoded; proposal state is tracked separately and never mutates canonical values.","Research the unresolved score evidence before proposing an anchor: incremental_load_score: Defined additional thermal electrification route and ordinal new-load materiality; existing electric assets, PV expansion and EV charging are not an additional heat-route load. Actual compressors/heat recovery/metering, primary2024PV908modules/1500m2 and2023transformer;0C maturation not heating fit/storage, transformer not measured harmonic issue. Continuation2026-10-08: Cold maturation and installed pressure tanks are not useful thermal buffers. Heat recovery from controlled compressors does not establish hot-process temperatures or remaining heat fuel.",1.1.0
202,50,P93|observed_transition_gap,P93,Brauerei Schimpfle GmbH & Co. KG,NUMERIC_CODING,CODE_DIMENSION,observed_transition_gap,measures_gap_score | management_gap_score | targets_gap_score | investment_gap_score,measures_gap_score | management_gap_score | targets_gap_score | investment_gap_score,4,measures_gap_score | management_gap_score | targets_gap_score | investment_gap_score,management_gap_score,CHECKED=3 | NEEDS_RESEARCH=1,RESEARCH_NEEDED,P2,B,B,6,PASS,PENDING,NEEDS_NUMERIC_CODING,,"Eligibility, process mapping and certificate gates pass. Canonical numeric anchors remain uncoded; proposal state is tracked separately and never mutates canonical values.","Research the unresolved score evidence before proposing an anchor: management_gap_score: Current verified site EnMS/environmental system or bounded claim; ISO9001, an inaccessible/staging certificate page and missing evidence are not certified mature EnMS. Actual compressors/heat recovery/metering, primary2024PV908modules/1500m2 and2023transformer;0C maturation not heating fit/storage, transformer not measured harmonic issue. Continuation2026-10-08: Cold maturation and installed pressure tanks are not useful thermal buffers. Heat recovery from controlled compressors does not establish hot-process temperatures or remaining heat fuel.",1.1.0
203,51,P95|process_electrification_potential,P95,Winkler-Bräu GmbH & Co. KG,NUMERIC_CODING,CODE_DIMENSION,process_electrification_potential,temperature_fit_score | process_electrification_score | fossil_heat_displacement_score,temperature_fit_score | process_electrification_score | fossil_heat_displacement_score,3,temperature_fit_score | process_electrification_score | fossil_heat_displacement_score,temperature_fit_score | process_electrification_score | fossil_heat_displacement_score,NEEDS_RESEARCH=3,RESEARCH_NEEDED,P2,B,B,6,PASS,PENDING,NEEDS_NUMERIC_CODING,,"Eligibility, process mapping and certificate gates pass. Canonical numeric anchors remain uncoded; proposal state is tracked separately and never mutates canonical values.","Research the unresolved score evidence before proposing an anchor: temperature_fit_score: Owned process operating temperatures and actual heat/cold duties; separate product ratings and room heating. Continuation2026-10-08: Previously inspected brewery supplier case retained. Hotel assets and Amberg namesake are excluded; no new heat fuel, usable thermal storage, temperature or energy CAPEX established.; process_electrification_score: Named owned thermal route, current heat carrier and feasible remaining substitution case; separate electric drives and room heat. Continuation2026-10-08: Previously inspected brewery supplier case retained. Hotel assets and Amberg namesake are excluded; no new heat fuel, usable thermal storage, temperature or energy CAPEX established.; fossil_heat_displacement_score: Current company/site process heat carrier mix and attributable fossil thermal duty. No public evidence is not zero fossil heat. Continuation2026-10-08: Previously inspected brewery supplier case retained. Hotel assets and Amberg namesake are excluded; no new heat fuel, usable thermal storage, temperature or energy CAPEX established.",1.1.0
204,51,P95|power_electronics_relevance,P95,Winkler-Bräu GmbH & Co. KG,NUMERIC_CODING,CODE_DIMENSION,power_electronics_relevance,motor_drive_score | power_conversion_score | automation_control_score,motor_drive_score | power_conversion_score | automation_control_score,3,motor_drive_score | power_conversion_score | automation_control_score,power_conversion_score,CHECKED=2 | NEEDS_RESEARCH=1,RESEARCH_NEEDED,P2,B,B,6,PASS,PENDING,NEEDS_NUMERIC_CODING,,"Eligibility, process mapping and certificate gates pass. Canonical numeric anchors remain uncoded; proposal state is tracked separately and never mutates canonical values.","Research the unresolved score evidence before proposing an anchor: power_conversion_score: Owned rectifier/inverter/controlled-electric-heat applications, scope and duty; mechanical water power not electricity generation. Continuation2026-10-08: Previously inspected brewery supplier case retained. Hotel assets and Amberg namesake are excluded; no new heat fuel, usable thermal storage, temperature or energy CAPEX established.",1.1.0
205,51,P95|load_flexibility_potential,P95,Winkler-Bräu GmbH & Co. KG,NUMERIC_CODING,CODE_DIMENSION,load_flexibility_potential,scheduling_flex_score | thermal_storage_flex_score,scheduling_flex_score | thermal_storage_flex_score,2,scheduling_flex_score | thermal_storage_flex_score,thermal_storage_flex_score,CHECKED=1 | NEEDS_RESEARCH=1,RESEARCH_NEEDED,P2,B,B,6,PASS,PENDING,NEEDS_NUMERIC_CODING,,"Eligibility, process mapping and certificate gates pass. Canonical numeric anchors remain uncoded; proposal state is tracked separately and never mutates canonical values.","Research the unresolved score evidence before proposing an anchor: thermal_storage_flex_score: Actual useful heat/cold buffer capacity, temperature, connection and timing freedom; thermal mass, room heat and electrical batteries not sufficient. Continuation2026-10-08: Previously inspected brewery supplier case retained. Hotel assets and Amberg namesake are excluded; no new heat fuel, usable thermal storage, temperature or energy CAPEX established.",1.1.0
206,51,P95|grid_power_quality_relevance,P95,Winkler-Bräu GmbH & Co. KG,NUMERIC_CODING,CODE_DIMENSION,grid_power_quality_relevance,incremental_load_score | power_quality_score | onsite_integration_score,incremental_load_score | power_quality_score | onsite_integration_score,3,incremental_load_score | power_quality_score | onsite_integration_score,incremental_load_score | power_quality_score | onsite_integration_score,NEEDS_RESEARCH=3,RESEARCH_NEEDED,P2,B,B,6,PASS,PENDING,NEEDS_NUMERIC_CODING,,"Eligibility, process mapping and certificate gates pass. Canonical numeric anchors remain uncoded; proposal state is tracked separately and never mutates canonical values.","Research the unresolved score evidence before proposing an anchor: incremental_load_score: Owned feasible thermal substitution case and baseline remaining thermal duty; no grid capacity or kW inferred. Continuation2026-10-08: Previously inspected brewery supplier case retained. Hotel assets and Amberg namesake are excluded; no new heat fuel, usable thermal storage, temperature or energy CAPEX established.; power_quality_score: Owned relevant converter/peak topology or measured harmonic/reactive/voltage findings; product resistance/current amps not measured power-quality evidence. Continuation2026-10-08: Previously inspected brewery supplier case retained. Hotel assets and Amberg namesake are excluded; no new heat fuel, usable thermal storage, temperature or energy CAPEX established.; onsite_integration_score: Owned electricity generation/storage/load-management topology; mechanical hydropower, purchased renewables or group assets not inherited. Continuation2026-10-08: Previously inspected brewery supplier case retained. Hotel assets and Amberg namesake are excluded; no new heat fuel, usable thermal storage, temperature or energy CAPEX established.",1.1.0
207,51,P95|observed_transition_gap,P95,Winkler-Bräu GmbH & Co. KG,NUMERIC_CODING,CODE_DIMENSION,observed_transition_gap,measures_gap_score | management_gap_score | targets_gap_score | investment_gap_score,measures_gap_score | management_gap_score | targets_gap_score | investment_gap_score,4,measures_gap_score | management_gap_score | targets_gap_score | investment_gap_score,measures_gap_score | management_gap_score | targets_gap_score | investment_gap_score,NEEDS_RESEARCH=4,RESEARCH_NEEDED,P2,B,B,6,PASS,PENDING,NEEDS_NUMERIC_CODING,,"Eligibility, process mapping and certificate gates pass. Canonical numeric anchors remain uncoded; proposal state is tracked separately and never mutates canonical values.","Research the unresolved score evidence before proposing an anchor: measures_gap_score: Named current implemented energy measures with exact entity/site/technology scope. Generic efficient/green production and resource recycling not adequate negative-search proof. Continuation2026-10-08: Previously inspected brewery supplier case retained. Hotel assets and Amberg namesake are excluded; no new heat fuel, usable thermal storage, temperature or energy CAPEX established.; management_gap_score: Current direct ISO 50001/14001/EMAS or operational energy-management evidence for exact holder; quality-only and absent public certificate not no-management conclusion. Continuation2026-10-08: Previously inspected brewery supplier case retained. Hotel assets and Amberg namesake are excluded; no new heat fuel, usable thermal storage, temperature or energy CAPEX established.; targets_gap_score: Owned energy/climate target, date, scope and roadmap, or documented sufficient defined search. General quality/resource sustainability not energy target. Continuation2026-10-08: Previously inspected brewery supplier case retained. Hotel assets and Amberg namesake are excluded; no new heat fuel, usable thermal storage, temperature or energy CAPEX established.; investment_gap_score: Completed owned energy investments with commissioning dates in 2021-10-07 to 2026-10-07. Operation/report/filename dates, generic annual CAPEX and other group companies not sufficient. Continuation2026-10-08: Previously inspected brewery supplier case retained. Hotel assets and Amberg namesake are excluded; no new heat fuel, usable thermal storage, temperature or energy CAPEX established.",1.1.0
208,52,P101|process_electrification_potential,P101,Metoba Metalloberflächenbearbeitung GmbH,NUMERIC_CODING,CODE_DIMENSION,process_electrification_potential,temperature_fit_score | process_electrification_score | fossil_heat_displacement_score,temperature_fit_score | process_electrification_score | fossil_heat_displacement_score,3,temperature_fit_score | process_electrification_score | fossil_heat_displacement_score,temperature_fit_score | process_electrification_score | fossil_heat_displacement_score,NEEDS_RESEARCH=3,RESEARCH_NEEDED,P2,B,B,6,PASS,PENDING,NEEDS_NUMERIC_CODING,,"Eligibility, process mapping and certificate gates pass. Canonical numeric anchors remain uncoded; proposal state is tracked separately and never mutates canonical values.","Research the unresolved score evidence before proposing an anchor: temperature_fit_score: Owned process operating temperatures and actual heat/cold duties; separate product ratings and room heating. Continuation2026-10-08: Ökoprofit workshop explains standards generally; hosting it is not current ISO50001certification or completed energy investment. Existing brochure heat temperatures/fuels remain unspecified.; process_electrification_score: Named owned thermal route, current heat carrier and feasible remaining substitution case; separate electric drives and room heat. Continuation2026-10-08: Ökoprofit workshop explains standards generally; hosting it is not current ISO50001certification or completed energy investment. Existing brochure heat temperatures/fuels remain unspecified.; fossil_heat_displacement_score: Current company/site process heat carrier mix and attributable fossil thermal duty. No public evidence is not zero fossil heat. Continuation2026-10-08: Ökoprofit workshop explains standards generally; hosting it is not current ISO50001certification or completed energy investment. Existing brochure heat temperatures/fuels remain unspecified.",1.1.0
209,52,P101|power_electronics_relevance,P101,Metoba Metalloberflächenbearbeitung GmbH,NUMERIC_CODING,CODE_DIMENSION,power_electronics_relevance,motor_drive_score | power_conversion_score | automation_control_score,motor_drive_score | power_conversion_score | automation_control_score,3,motor_drive_score | power_conversion_score | automation_control_score,,CHECKED=3,CHECKED,P2,B,B,6,PASS,PENDING,NEEDS_NUMERIC_CODING,,"Eligibility, process mapping and certificate gates pass. Canonical numeric anchors remain uncoded; proposal state is tracked separately and never mutates canonical values.",Source and anchor checks are complete. Preserve the checked proposals; final-score approval and canonical scoring remain separate gates.,1.1.0
210,52,P101|load_flexibility_potential,P101,Metoba Metalloberflächenbearbeitung GmbH,NUMERIC_CODING,CODE_DIMENSION,load_flexibility_potential,scheduling_flex_score | thermal_storage_flex_score,scheduling_flex_score | thermal_storage_flex_score,2,scheduling_flex_score | thermal_storage_flex_score,thermal_storage_flex_score,CHECKED=1 | NEEDS_RESEARCH=1,RESEARCH_NEEDED,P2,B,B,6,PASS,PENDING,NEEDS_NUMERIC_CODING,,"Eligibility, process mapping and certificate gates pass. Canonical numeric anchors remain uncoded; proposal state is tracked separately and never mutates canonical values.","Research the unresolved score evidence before proposing an anchor: thermal_storage_flex_score: Actual useful heat/cold buffer capacity, temperature, connection and timing freedom; thermal mass, room heat and electrical batteries not sufficient. Continuation2026-10-08: Ökoprofit workshop explains standards generally; hosting it is not current ISO50001certification or completed energy investment. Existing brochure heat temperatures/fuels remain unspecified.",1.1.0
211,52,P101|grid_power_quality_relevance,P101,Metoba Metalloberflächenbearbeitung GmbH,NUMERIC_CODING,CODE_DIMENSION,grid_power_quality_relevance,incremental_load_score | power_quality_score | onsite_integration_score,incremental_load_score | power_quality_score | onsite_integration_score,3,incremental_load_score | power_quality_score | onsite_integration_score,incremental_load_score,CHECKED=2 | NEEDS_RESEARCH=1,RESEARCH_NEEDED,P2,B,B,6,PASS,PENDING,NEEDS_NUMERIC_CODING,,"Eligibility, process mapping and certificate gates pass. Canonical numeric anchors remain uncoded; proposal state is tracked separately and never mutates canonical values.",Research the unresolved score evidence before proposing an anchor: incremental_load_score: Owned feasible thermal substitution case and baseline remaining thermal duty; no grid capacity or kW inferred. Continuation2026-10-08: Ökoprofit workshop explains standards generally; hosting it is not current ISO50001certification or completed energy investment. Existing brochure heat temperatures/fuels remain unspecified.,1.1.0
212,52,P101|observed_transition_gap,P101,Metoba Metalloberflächenbearbeitung GmbH,NUMERIC_CODING,CODE_DIMENSION,observed_transition_gap,measures_gap_score | management_gap_score | targets_gap_score | investment_gap_score,measures_gap_score | management_gap_score | targets_gap_score | investment_gap_score,4,measures_gap_score | management_gap_score | targets_gap_score | investment_gap_score,investment_gap_score,CHECKED=3 | NEEDS_RESEARCH=1,RESEARCH_NEEDED,P2,B,B,6,PASS,PENDING,NEEDS_NUMERIC_CODING,,"Eligibility, process mapping and certificate gates pass. Canonical numeric anchors remain uncoded; proposal state is tracked separately and never mutates canonical values.","Research the unresolved score evidence before proposing an anchor: investment_gap_score: Completed owned energy investments with commissioning dates in 2021-10-07 to 2026-10-07. Operation/report/filename dates, generic annual CAPEX and other group companies not sufficient. Continuation2026-10-08: Ökoprofit workshop explains standards generally; hosting it is not current ISO50001certification or completed energy investment. Existing brochure heat temperatures/fuels remain unspecified.",1.1.0
213,53,P103|process_electrification_potential,P103,Metallveredelung Gebrüder Wigl GmbH,NUMERIC_CODING,CODE_DIMENSION,process_electrification_potential,temperature_fit_score | process_electrification_score | fossil_heat_displacement_score,temperature_fit_score | process_electrification_score | fossil_heat_displacement_score,3,temperature_fit_score | process_electrification_score | fossil_heat_displacement_score,temperature_fit_score | process_electrification_score | fossil_heat_displacement_score,NEEDS_RESEARCH=3,RESEARCH_NEEDED,P2,B,B,6,PASS,PENDING,NEEDS_NUMERIC_CODING,,"Eligibility, process mapping and certificate gates pass. Canonical numeric anchors remain uncoded; proposal state is tracked separately and never mutates canonical values.","Research the unresolved score evidence before proposing an anchor: temperature_fit_score: Owned process operating temperatures and actual heat/cold duties; separate product ratings and room heating. Continuation2026-10-08: Coating-service resistance and galvanic electricity are separated from own operating heat temperatures; no installed thermal fuel, store or dated energy investment established.; process_electrification_score: Named owned thermal route, current heat carrier and feasible remaining substitution case; separate electric drives and room heat. Continuation2026-10-08: Coating-service resistance and galvanic electricity are separated from own operating heat temperatures; no installed thermal fuel, store or dated energy investment established.; fossil_heat_displacement_score: Current company/site process heat carrier mix and attributable fossil thermal duty. No public evidence is not zero fossil heat. Continuation2026-10-08: Coating-service resistance and galvanic electricity are separated from own operating heat temperatures; no installed thermal fuel, store or dated energy investment established.",1.1.0
214,53,P103|power_electronics_relevance,P103,Metallveredelung Gebrüder Wigl GmbH,NUMERIC_CODING,CODE_DIMENSION,power_electronics_relevance,motor_drive_score | power_conversion_score | automation_control_score,motor_drive_score | power_conversion_score | automation_control_score,3,motor_drive_score | power_conversion_score | automation_control_score,motor_drive_score | automation_control_score,CHECKED=1 | NEEDS_RESEARCH=2,RESEARCH_NEEDED,P2,B,B,6,PASS,PENDING,NEEDS_NUMERIC_CODING,,"Eligibility, process mapping and certificate gates pass. Canonical numeric anchors remain uncoded; proposal state is tracked separately and never mutates canonical values.","Research the unresolved score evidence before proposing an anchor: motor_drive_score: Owned electrical motor/compressor inventory, process roles and duty; mechanical drive not automatically electric. Continuation2026-10-08: Coating-service resistance and galvanic electricity are separated from own operating heat temperatures; no installed thermal fuel, store or dated energy investment established.; automation_control_score: Owned process control/monitoring inventory and operational coordination; quality claims not EnMS maturity. Continuation2026-10-08: Coating-service resistance and galvanic electricity are separated from own operating heat temperatures; no installed thermal fuel, store or dated energy investment established.",1.1.0
215,53,P103|load_flexibility_potential,P103,Metallveredelung Gebrüder Wigl GmbH,NUMERIC_CODING,CODE_DIMENSION,load_flexibility_potential,scheduling_flex_score | thermal_storage_flex_score,scheduling_flex_score | thermal_storage_flex_score,2,scheduling_flex_score | thermal_storage_flex_score,scheduling_flex_score | thermal_storage_flex_score,NEEDS_RESEARCH=2,RESEARCH_NEEDED,P2,B,B,6,PASS,PENDING,NEEDS_NUMERIC_CODING,,"Eligibility, process mapping and certificate gates pass. Canonical numeric anchors remain uncoded; proposal state is tracked separately and never mutates canonical values.","Research the unresolved score evidence before proposing an anchor: scheduling_flex_score: Permitted timing shifts, quality/cooling/order constraints and spare capacity. Batch/24h operation alone not flexibility permission. Continuation2026-10-08: Coating-service resistance and galvanic electricity are separated from own operating heat temperatures; no installed thermal fuel, store or dated energy investment established.; thermal_storage_flex_score: Actual useful heat/cold buffer capacity, temperature, connection and timing freedom; thermal mass, room heat and electrical batteries not sufficient. Continuation2026-10-08: Coating-service resistance and galvanic electricity are separated from own operating heat temperatures; no installed thermal fuel, store or dated energy investment established.",1.1.0
216,53,P103|grid_power_quality_relevance,P103,Metallveredelung Gebrüder Wigl GmbH,NUMERIC_CODING,CODE_DIMENSION,grid_power_quality_relevance,incremental_load_score | power_quality_score | onsite_integration_score,incremental_load_score | power_quality_score | onsite_integration_score,3,incremental_load_score | power_quality_score | onsite_integration_score,incremental_load_score | onsite_integration_score,CHECKED=1 | NEEDS_RESEARCH=2,RESEARCH_NEEDED,P2,B,B,6,PASS,PENDING,NEEDS_NUMERIC_CODING,,"Eligibility, process mapping and certificate gates pass. Canonical numeric anchors remain uncoded; proposal state is tracked separately and never mutates canonical values.","Research the unresolved score evidence before proposing an anchor: incremental_load_score: Owned feasible thermal substitution case and baseline remaining thermal duty; no grid capacity or kW inferred. Continuation2026-10-08: Coating-service resistance and galvanic electricity are separated from own operating heat temperatures; no installed thermal fuel, store or dated energy investment established.; onsite_integration_score: Owned electricity generation/storage/load-management topology; mechanical hydropower, purchased renewables or group assets not inherited. Continuation2026-10-08: Coating-service resistance and galvanic electricity are separated from own operating heat temperatures; no installed thermal fuel, store or dated energy investment established.",1.1.0
217,53,P103|observed_transition_gap,P103,Metallveredelung Gebrüder Wigl GmbH,NUMERIC_CODING,CODE_DIMENSION,observed_transition_gap,measures_gap_score | management_gap_score | targets_gap_score | investment_gap_score,measures_gap_score | management_gap_score | targets_gap_score | investment_gap_score,4,measures_gap_score | management_gap_score | targets_gap_score | investment_gap_score,measures_gap_score | targets_gap_score | investment_gap_score,CHECKED=1 | NEEDS_RESEARCH=3,RESEARCH_NEEDED,P2,B,B,6,PASS,PENDING,NEEDS_NUMERIC_CODING,,"Eligibility, process mapping and certificate gates pass. Canonical numeric anchors remain uncoded; proposal state is tracked separately and never mutates canonical values.","Research the unresolved score evidence before proposing an anchor: measures_gap_score: Named current implemented energy measures with exact entity/site/technology scope. Generic efficient/green production and resource recycling not adequate negative-search proof. Continuation2026-10-08: Coating-service resistance and galvanic electricity are separated from own operating heat temperatures; no installed thermal fuel, store or dated energy investment established.; targets_gap_score: Owned energy/climate target, date, scope and roadmap, or documented sufficient defined search. General quality/resource sustainability not energy target. Continuation2026-10-08: Coating-service resistance and galvanic electricity are separated from own operating heat temperatures; no installed thermal fuel, store or dated energy investment established.; investment_gap_score: Completed owned energy investments with commissioning dates in 2021-10-07 to 2026-10-07. Operation/report/filename dates, generic annual CAPEX and other group companies not sufficient. Continuation2026-10-08: Coating-service resistance and galvanic electricity are separated from own operating heat temperatures; no installed thermal fuel, store or dated energy investment established.",1.1.0
218,54,P15|process_electrification_potential,P15,ELOXAL BARZ GmbH & Co KG,NUMERIC_CODING,CODE_DIMENSION,process_electrification_potential,temperature_fit_score | process_electrification_score | fossil_heat_displacement_score,temperature_fit_score | process_electrification_score | fossil_heat_displacement_score,3,temperature_fit_score | process_electrification_score | fossil_heat_displacement_score,temperature_fit_score | process_electrification_score | fossil_heat_displacement_score,NEEDS_RESEARCH=3,RESEARCH_NEEDED,P2,B,B,5,PASS,PENDING,NEEDS_NUMERIC_CODING,,"Eligibility, process mapping and certificate gates pass. Canonical numeric anchors remain uncoded; proposal state is tracked separately and never mutates canonical values.","Research the unresolved score evidence before proposing an anchor: temperature_fit_score: Actual current bath/sealing/heating temperatures and electric-heat fit. Historical minus-5-deg-C coolant and generic PVC/ABS limits are not actual process-heat temperatures. Continuation2026-10-08: 2016supplier case describes glycol cooling and pipe material ratings, not bath operating temperatures. Historical valves/flow meter and pipe insulation do not establish a current plant inventory, thermal store or dated recent energy investment.; process_electrification_score: Owned current thermal services, energy carriers and a firm-specific heat-conversion route; electrochemical anodising is not thermal electrification. Continuation2026-10-08: 2016supplier case describes glycol cooling and pipe material ratings, not bath operating temperatures. Historical valves/flow meter and pipe insulation do not establish a current plant inventory, thermal store or dated recent energy investment.; fossil_heat_displacement_score: Actual fossil thermal demand, current fuel mix and material displacement potential. Continuation2026-10-08: 2016supplier case describes glycol cooling and pipe material ratings, not bath operating temperatures. Historical valves/flow meter and pipe insulation do not establish a current plant inventory, thermal store or dated recent energy investment.",1.1.0
219,54,P15|power_electronics_relevance,P15,ELOXAL BARZ GmbH & Co KG,NUMERIC_CODING,CODE_DIMENSION,power_electronics_relevance,motor_drive_score | power_conversion_score | automation_control_score,motor_drive_score | power_conversion_score | automation_control_score,3,motor_drive_score | power_conversion_score | automation_control_score,motor_drive_score | automation_control_score,CHECKED=1 | NEEDS_RESEARCH=2,RESEARCH_NEEDED,P2,B,B,5,PASS,PENDING,NEEDS_NUMERIC_CODING,,"Eligibility, process mapping and certificate gates pass. Canonical numeric anchors remain uncoded; proposal state is tracked separately and never mutates canonical values.","Research the unresolved score evidence before proposing an anchor: motor_drive_score: Current named material motor/pump/compressor/handling applications and drive relevance; pipes and valves alone do not establish these loads. Continuation2026-10-08: 2016supplier case describes glycol cooling and pipe material ratings, not bath operating temperatures. Historical valves/flow meter and pipe insulation do not establish a current plant inventory, thermal store or dated recent energy investment.; automation_control_score: Current plant sensing/control architecture and relevance. A 2016 flow transmitter and public role mentioning automatic plants do not establish current coordinated or energy-related control. Continuation2026-10-08: 2016supplier case describes glycol cooling and pipe material ratings, not bath operating temperatures. Historical valves/flow meter and pipe insulation do not establish a current plant inventory, thermal store or dated recent energy investment.",1.1.0
220,54,P15|load_flexibility_potential,P15,ELOXAL BARZ GmbH & Co KG,NUMERIC_CODING,CODE_DIMENSION,load_flexibility_potential,scheduling_flex_score | thermal_storage_flex_score,scheduling_flex_score | thermal_storage_flex_score,2,scheduling_flex_score | thermal_storage_flex_score,scheduling_flex_score | thermal_storage_flex_score,NEEDS_RESEARCH=2,RESEARCH_NEEDED,P2,B,B,5,PASS,PENDING,NEEDS_NUMERIC_CODING,,"Eligibility, process mapping and certificate gates pass. Canonical numeric anchors remain uncoded; proposal state is tracked separately and never mutates canonical values.","Research the unresolved score evidence before proposing an anchor: scheduling_flex_score: Actual schedule, batch-start/interruption tolerance and buffers. An offer of small series does not establish shiftable load or multi-shift operation. Continuation2026-10-08: 2016supplier case describes glycol cooling and pipe material ratings, not bath operating temperatures. Historical valves/flow meter and pipe insulation do not establish a current plant inventory, thermal store or dated recent energy investment.; thermal_storage_flex_score: Current thermal storage, validated bath/coolant buffering or usable thermal inertia; insulated lines and cooling service alone do not establish storage. Continuation2026-10-08: 2016supplier case describes glycol cooling and pipe material ratings, not bath operating temperatures. Historical valves/flow meter and pipe insulation do not establish a current plant inventory, thermal store or dated recent energy investment.",1.1.0
221,54,P15|grid_power_quality_relevance,P15,ELOXAL BARZ GmbH & Co KG,NUMERIC_CODING,CODE_DIMENSION,grid_power_quality_relevance,incremental_load_score | power_quality_score | onsite_integration_score,incremental_load_score | power_quality_score | onsite_integration_score,3,incremental_load_score | power_quality_score | onsite_integration_score,incremental_load_score | onsite_integration_score,CHECKED=1 | NEEDS_RESEARCH=2,RESEARCH_NEEDED,P2,B,B,5,PASS,PENDING,NEEDS_NUMERIC_CODING,,"Eligibility, process mapping and certificate gates pass. Canonical numeric anchors remain uncoded; proposal state is tracked separately and never mutates canonical values.","Research the unresolved score evidence before proposing an anchor: incremental_load_score: A defined additional heat-electrification route and ordinal incremental-load relevance; existing electrical anodising is not new load growth. Continuation2026-10-08: 2016supplier case describes glycol cooling and pipe material ratings, not bath operating temperatures. Historical valves/flow meter and pipe insulation do not establish a current plant inventory, thermal store or dated recent energy investment.; onsite_integration_score: Own-site PV, battery, microgrid or load-management integration evidence; an energy-management job role is not deployed technology. Continuation2026-10-08: 2016supplier case describes glycol cooling and pipe material ratings, not bath operating temperatures. Historical valves/flow meter and pipe insulation do not establish a current plant inventory, thermal store or dated recent energy investment.",1.1.0
222,54,P15|observed_transition_gap,P15,ELOXAL BARZ GmbH & Co KG,NUMERIC_CODING,CODE_DIMENSION,observed_transition_gap,measures_gap_score | management_gap_score | targets_gap_score | investment_gap_score,measures_gap_score | management_gap_score | targets_gap_score | investment_gap_score,4,measures_gap_score | management_gap_score | targets_gap_score | investment_gap_score,measures_gap_score | investment_gap_score,CHECKED=2 | NEEDS_RESEARCH=2,RESEARCH_NEEDED,P2,B,B,5,PASS,PENDING,NEEDS_NUMERIC_CODING,,"Eligibility, process mapping and certificate gates pass. Canonical numeric anchors remain uncoded; proposal state is tracked separately and never mutates canonical values.","Research the unresolved score evidence before proposing an anchor: measures_gap_score: Current concrete energy technologies or verified continuity/energy effect of the historical 2016 insulated-line case. Public role duties do not identify deployed measures; no no-measure anchor is assigned. Continuation2026-10-08: 2016supplier case describes glycol cooling and pipe material ratings, not bath operating temperatures. Historical valves/flow meter and pipe insulation do not establish a current plant inventory, thermal store or dated recent energy investment.; investment_gap_score: Dated energy-transition investment within 2021-10-07 to 2026-10-07. The supplier case is explicitly from 2016, outside the lookback; ongoing role duties and web crawl dates are not investment dates. Continuation2026-10-08: 2016supplier case describes glycol cooling and pipe material ratings, not bath operating temperatures. Historical valves/flow meter and pipe insulation do not establish a current plant inventory, thermal store or dated recent energy investment.",1.1.0
223,55,P27|process_electrification_potential,P27,BCE Special Ceramics GmbH,NUMERIC_CODING,CODE_DIMENSION,process_electrification_potential,temperature_fit_score | process_electrification_score | fossil_heat_displacement_score,temperature_fit_score | process_electrification_score | fossil_heat_displacement_score,3,temperature_fit_score | process_electrification_score | fossil_heat_displacement_score,temperature_fit_score | fossil_heat_displacement_score,CHECKED=1 | NEEDS_RESEARCH=2,RESEARCH_NEEDED,P2,B,B,5,PASS,PENDING,NEEDS_NUMERIC_CODING,,"Eligibility, process mapping and certificate gates pass. Canonical numeric anchors remain uncoded; proposal state is tracked separately and never mutates canonical values.",Research the unresolved score evidence before proposing an anchor: temperature_fit_score: Source-linked operating temperatures and a firm-specific technology/temperature fit. Continuation2026-10-08: Own PV article separates2017commissioning/2022operation from2026migration metadata.2009-2012electrical-kiln research does not prove current whole-fleet fossil independence or recent investment.; fossil_heat_displacement_score: Current fossil energy carrier and significance of fossil process heat at this site. Continuation2026-10-08: Own PV article separates2017commissioning/2022operation from2026migration metadata.2009-2012electrical-kiln research does not prove current whole-fleet fossil independence or recent investment.,1.1.0
224,55,P27|power_electronics_relevance,P27,BCE Special Ceramics GmbH,NUMERIC_CODING,CODE_DIMENSION,power_electronics_relevance,motor_drive_score | power_conversion_score | automation_control_score,motor_drive_score | power_conversion_score | automation_control_score,3,motor_drive_score | power_conversion_score | automation_control_score,power_conversion_score,CHECKED=2 | NEEDS_RESEARCH=1,RESEARCH_NEEDED,P2,B,B,5,PASS,PENDING,NEEDS_NUMERIC_CODING,,"Eligibility, process mapping and certificate gates pass. Canonical numeric anchors remain uncoded; proposal state is tracked separately and never mutates canonical values.",Research the unresolved score evidence before proposing an anchor: power_conversion_score: Firm-specific rectifier/converter/controlled-electric-heat topology and its materiality. Continuation2026-10-08: Own PV article separates2017commissioning/2022operation from2026migration metadata.2009-2012electrical-kiln research does not prove current whole-fleet fossil independence or recent investment.,1.1.0
225,55,P27|load_flexibility_potential,P27,BCE Special Ceramics GmbH,NUMERIC_CODING,CODE_DIMENSION,load_flexibility_potential,scheduling_flex_score | thermal_storage_flex_score,scheduling_flex_score | thermal_storage_flex_score,2,scheduling_flex_score | thermal_storage_flex_score,scheduling_flex_score | thermal_storage_flex_score,NEEDS_RESEARCH=2,RESEARCH_NEEDED,P2,B,B,5,PASS,PENDING,NEEDS_NUMERIC_CODING,,"Eligibility, process mapping and certificate gates pass. Canonical numeric anchors remain uncoded; proposal state is tracked separately and never mutates canonical values.","Research the unresolved score evidence before proposing an anchor: scheduling_flex_score: Current operating schedule, buffer constraints and usable load-shifting capability. Continuation2026-10-08: Own PV article separates2017commissioning/2022operation from2026migration metadata.2009-2012electrical-kiln research does not prove current whole-fleet fossil independence or recent investment.; thermal_storage_flex_score: Deployed thermal buffer/storage or documented usable thermal inertia, not an intention. Continuation2026-10-08: Own PV article separates2017commissioning/2022operation from2026migration metadata.2009-2012electrical-kiln research does not prove current whole-fleet fossil independence or recent investment.",1.1.0
226,55,P27|grid_power_quality_relevance,P27,BCE Special Ceramics GmbH,NUMERIC_CODING,CODE_DIMENSION,grid_power_quality_relevance,incremental_load_score | power_quality_score | onsite_integration_score,incremental_load_score | power_quality_score | onsite_integration_score,3,incremental_load_score | power_quality_score | onsite_integration_score,incremental_load_score,CHECKED=2 | NEEDS_RESEARCH=1,RESEARCH_NEEDED,P2,B,B,5,PASS,PENDING,NEEDS_NUMERIC_CODING,,"Eligibility, process mapping and certificate gates pass. Canonical numeric anchors remain uncoded; proposal state is tracked separately and never mutates canonical values.",Research the unresolved score evidence before proposing an anchor: incremental_load_score: A current additional electrification route and ordinal incremental-load relevance. Continuation2026-10-08: Own PV article separates2017commissioning/2022operation from2026migration metadata.2009-2012electrical-kiln research does not prove current whole-fleet fossil independence or recent investment.,1.1.0
227,55,P27|observed_transition_gap,P27,BCE Special Ceramics GmbH,NUMERIC_CODING,CODE_DIMENSION,observed_transition_gap,measures_gap_score | management_gap_score | targets_gap_score | investment_gap_score,measures_gap_score | management_gap_score | targets_gap_score | investment_gap_score,4,measures_gap_score | management_gap_score | targets_gap_score | investment_gap_score,investment_gap_score,CHECKED=3 | NEEDS_RESEARCH=1,RESEARCH_NEEDED,P2,B,B,5,PASS,PENDING,NEEDS_NUMERIC_CODING,,"Eligibility, process mapping and certificate gates pass. Canonical numeric anchors remain uncoded; proposal state is tracked separately and never mutates canonical values.",Research the unresolved score evidence before proposing an anchor: investment_gap_score: Dates and scope of qualifying investments within 2021-10-06 to 2026-10-06; historical projects do not close the lookback check. Continuation2026-10-08: Own PV article separates2017commissioning/2022operation from2026migration metadata.2009-2012electrical-kiln research does not prove current whole-fleet fossil independence or recent investment.,1.1.0
228,56,P30|process_electrification_potential,P30,Privat-Brauerei Zötler GmbH,NUMERIC_CODING,CODE_DIMENSION,process_electrification_potential,temperature_fit_score | process_electrification_score | fossil_heat_displacement_score,temperature_fit_score | process_electrification_score | fossil_heat_displacement_score,3,temperature_fit_score | process_electrification_score | fossil_heat_displacement_score,temperature_fit_score | process_electrification_score | fossil_heat_displacement_score,NEEDS_RESEARCH=3,RESEARCH_NEEDED,P2,B,B,5,PASS,PENDING,NEEDS_NUMERIC_CODING,,"Eligibility, process mapping and certificate gates pass. Canonical numeric anchors remain uncoded; proposal state is tracked separately and never mutates canonical values.","Research the unresolved score evidence before proposing an anchor: temperature_fit_score: A company-specific electric-heat technology/temperature fit; cold maturation temperatures alone do not establish process-heat electrification fit. Continuation2026-10-08: Fermentation/cold maturation descriptions do not establish heat-process temperatures or an independently usable dispatchable thermal store.; process_electrification_score: A firm-specific industrial electric-heat route; efficient cooling, biomass heat and electric logistics do not prove such a route. Continuation2026-10-08: Fermentation/cold maturation descriptions do not establish heat-process temperatures or an independently usable dispatchable thermal store.; fossil_heat_displacement_score: Fuel and materiality of remaining fossil process heat; an unspecified CHP fuel cannot be assumed fossil. Continuation2026-10-08: Fermentation/cold maturation descriptions do not establish heat-process temperatures or an independently usable dispatchable thermal store.",1.1.0
229,56,P30|power_electronics_relevance,P30,Privat-Brauerei Zötler GmbH,NUMERIC_CODING,CODE_DIMENSION,power_electronics_relevance,motor_drive_score | power_conversion_score | automation_control_score,motor_drive_score | power_conversion_score | automation_control_score,3,motor_drive_score | power_conversion_score | automation_control_score,motor_drive_score | power_conversion_score,CHECKED=1 | NEEDS_RESEARCH=2,RESEARCH_NEEDED,P2,B,B,5,PASS,PENDING,NEEDS_NUMERIC_CODING,,"Eligibility, process mapping and certificate gates pass. Canonical numeric anchors remain uncoded; proposal state is tracked separately and never mutates canonical values.","Research the unresolved score evidence before proposing an anchor: motor_drive_score: Firm-specific motor/compressor equipment and application intensity, beyond cooled tanks and unspecified refrigeration supply. Continuation2026-10-08: Fermentation/cold maturation descriptions do not establish heat-process temperatures or an independently usable dispatchable thermal store.; power_conversion_score: Rectifier/converter/controlled-heat equipment topology and materiality; PV existence alone does not document production conversion equipment. Continuation2026-10-08: Fermentation/cold maturation descriptions do not establish heat-process temperatures or an independently usable dispatchable thermal store.",1.1.0
230,56,P30|load_flexibility_potential,P30,Privat-Brauerei Zötler GmbH,NUMERIC_CODING,CODE_DIMENSION,load_flexibility_potential,scheduling_flex_score | thermal_storage_flex_score,scheduling_flex_score | thermal_storage_flex_score,2,scheduling_flex_score | thermal_storage_flex_score,thermal_storage_flex_score,CHECKED=1 | NEEDS_RESEARCH=1,RESEARCH_NEEDED,P2,B,B,5,PASS,PENDING,NEEDS_NUMERIC_CODING,,"Eligibility, process mapping and certificate gates pass. Canonical numeric anchors remain uncoded; proposal state is tracked separately and never mutates canonical values.",Research the unresolved score evidence before proposing an anchor: thermal_storage_flex_score: A controllable heat/cold buffer or documented usable thermal inertia respecting product-quality constraints; maturation duration is not a storage-service proof. Continuation2026-10-08: Fermentation/cold maturation descriptions do not establish heat-process temperatures or an independently usable dispatchable thermal store.,1.1.0
231,56,P30|grid_power_quality_relevance,P30,Privat-Brauerei Zötler GmbH,NUMERIC_CODING,CODE_DIMENSION,grid_power_quality_relevance,incremental_load_score | power_quality_score | onsite_integration_score,incremental_load_score | power_quality_score | onsite_integration_score,3,incremental_load_score | power_quality_score | onsite_integration_score,incremental_load_score | power_quality_score,CHECKED=1 | NEEDS_RESEARCH=2,RESEARCH_NEEDED,P2,B,B,5,PASS,PENDING,NEEDS_NUMERIC_CODING,,"Eligibility, process mapping and certificate gates pass. Canonical numeric anchors remain uncoded; proposal state is tracked separately and never mutates canonical values.",Research the unresolved score evidence before proposing an anchor: incremental_load_score: An identified additional industrial electrification route and ordinal incremental-load relevance; EVs do not establish a process-heat route. Continuation2026-10-08: Fermentation/cold maturation descriptions do not establish heat-process temperatures or an independently usable dispatchable thermal store.; power_quality_score: Documented harmonic/reactive-power/peak-load signals or relevant electrical topology; renewable supply alone is insufficient. Continuation2026-10-08: Fermentation/cold maturation descriptions do not establish heat-process temperatures or an independently usable dispatchable thermal store.,1.1.0
232,56,P30|observed_transition_gap,P30,Privat-Brauerei Zötler GmbH,NUMERIC_CODING,CODE_DIMENSION,observed_transition_gap,measures_gap_score | management_gap_score | targets_gap_score | investment_gap_score,measures_gap_score | management_gap_score | targets_gap_score | investment_gap_score,4,measures_gap_score | management_gap_score | targets_gap_score | investment_gap_score,,CHECKED=4,CHECKED,P2,B,B,5,PASS,PENDING,NEEDS_NUMERIC_CODING,,"Eligibility, process mapping and certificate gates pass. Canonical numeric anchors remain uncoded; proposal state is tracked separately and never mutates canonical values.",Source and anchor checks are complete. Preserve the checked proposals; final-score approval and canonical scoring remain separate gates.,1.1.0
233,57,P37|process_electrification_potential,P37,atka Kunststoffverarbeitung GmbH,NUMERIC_CODING,CODE_DIMENSION,process_electrification_potential,temperature_fit_score | process_electrification_score | fossil_heat_displacement_score,temperature_fit_score | process_electrification_score | fossil_heat_displacement_score,3,temperature_fit_score | process_electrification_score | fossil_heat_displacement_score,temperature_fit_score | process_electrification_score | fossil_heat_displacement_score,NEEDS_RESEARCH=3,RESEARCH_NEEDED,P2,B,B,5,PASS,PENDING,NEEDS_NUMERIC_CODING,,"Eligibility, process mapping and certificate gates pass. Canonical numeric anchors remain uncoded; proposal state is tracked separately and never mutates canonical values.","Research the unresolved score evidence before proposing an anchor: temperature_fit_score: Owned process operating temperatures and actual heat/cold duties; separate product ratings and room heating. Continuation2026-10-08: Customer shrink-cap machinery is not owned thermal equipment. Material silos are product inventories, not thermal energy buffers; PV/room-heat recovery facts retained.; process_electrification_score: Named owned thermal route, current heat carrier and feasible remaining substitution case; separate electric drives and room heat. Continuation2026-10-08: Customer shrink-cap machinery is not owned thermal equipment. Material silos are product inventories, not thermal energy buffers; PV/room-heat recovery facts retained.; fossil_heat_displacement_score: Current company/site process heat carrier mix and attributable fossil thermal duty. No public evidence is not zero fossil heat. Continuation2026-10-08: Customer shrink-cap machinery is not owned thermal equipment. Material silos are product inventories, not thermal energy buffers; PV/room-heat recovery facts retained.",1.1.0
234,57,P37|power_electronics_relevance,P37,atka Kunststoffverarbeitung GmbH,NUMERIC_CODING,CODE_DIMENSION,power_electronics_relevance,motor_drive_score | power_conversion_score | automation_control_score,motor_drive_score | power_conversion_score | automation_control_score,3,motor_drive_score | power_conversion_score | automation_control_score,,CHECKED=3,CHECKED,P2,B,B,5,PASS,PENDING,NEEDS_NUMERIC_CODING,,"Eligibility, process mapping and certificate gates pass. Canonical numeric anchors remain uncoded; proposal state is tracked separately and never mutates canonical values.",Source and anchor checks are complete. Preserve the checked proposals; final-score approval and canonical scoring remain separate gates.,1.1.0
235,57,P37|load_flexibility_potential,P37,atka Kunststoffverarbeitung GmbH,NUMERIC_CODING,CODE_DIMENSION,load_flexibility_potential,scheduling_flex_score | thermal_storage_flex_score,scheduling_flex_score | thermal_storage_flex_score,2,scheduling_flex_score | thermal_storage_flex_score,scheduling_flex_score | thermal_storage_flex_score,NEEDS_RESEARCH=2,RESEARCH_NEEDED,P2,B,B,5,PASS,PENDING,NEEDS_NUMERIC_CODING,,"Eligibility, process mapping and certificate gates pass. Canonical numeric anchors remain uncoded; proposal state is tracked separately and never mutates canonical values.","Research the unresolved score evidence before proposing an anchor: scheduling_flex_score: Permitted timing shifts, quality/cooling/order constraints and spare capacity. Batch/24h operation alone not flexibility permission. Continuation2026-10-08: Customer shrink-cap machinery is not owned thermal equipment. Material silos are product inventories, not thermal energy buffers; PV/room-heat recovery facts retained.; thermal_storage_flex_score: Actual useful heat/cold buffer capacity, temperature, connection and timing freedom; thermal mass, room heat and electrical batteries not sufficient. Continuation2026-10-08: Customer shrink-cap machinery is not owned thermal equipment. Material silos are product inventories, not thermal energy buffers; PV/room-heat recovery facts retained.",1.1.0
236,57,P37|grid_power_quality_relevance,P37,atka Kunststoffverarbeitung GmbH,NUMERIC_CODING,CODE_DIMENSION,grid_power_quality_relevance,incremental_load_score | power_quality_score | onsite_integration_score,incremental_load_score | power_quality_score | onsite_integration_score,3,incremental_load_score | power_quality_score | onsite_integration_score,incremental_load_score,CHECKED=2 | NEEDS_RESEARCH=1,RESEARCH_NEEDED,P2,B,B,5,PASS,PENDING,NEEDS_NUMERIC_CODING,,"Eligibility, process mapping and certificate gates pass. Canonical numeric anchors remain uncoded; proposal state is tracked separately and never mutates canonical values.","Research the unresolved score evidence before proposing an anchor: incremental_load_score: Owned feasible thermal substitution case and baseline remaining thermal duty; no grid capacity or kW inferred. Continuation2026-10-08: Customer shrink-cap machinery is not owned thermal equipment. Material silos are product inventories, not thermal energy buffers; PV/room-heat recovery facts retained.",1.1.0
237,57,P37|observed_transition_gap,P37,atka Kunststoffverarbeitung GmbH,NUMERIC_CODING,CODE_DIMENSION,observed_transition_gap,measures_gap_score | management_gap_score | targets_gap_score | investment_gap_score,measures_gap_score | management_gap_score | targets_gap_score | investment_gap_score,4,measures_gap_score | management_gap_score | targets_gap_score | investment_gap_score,investment_gap_score,CHECKED=3 | NEEDS_RESEARCH=1,RESEARCH_NEEDED,P2,B,B,5,PASS,PENDING,NEEDS_NUMERIC_CODING,,"Eligibility, process mapping and certificate gates pass. Canonical numeric anchors remain uncoded; proposal state is tracked separately and never mutates canonical values.","Research the unresolved score evidence before proposing an anchor: investment_gap_score: Completed owned energy investments with commissioning dates in 2021-10-07 to 2026-10-07. Operation/report/filename dates, generic annual CAPEX and other group companies not sufficient. Continuation2026-10-08: Customer shrink-cap machinery is not owned thermal equipment. Material silos are product inventories, not thermal energy buffers; PV/room-heat recovery facts retained.",1.1.0
238,58,P45|process_electrification_potential,P45,Glasmanufaktur HARZKRISTALL GmbH,NUMERIC_CODING,CODE_DIMENSION,process_electrification_potential,temperature_fit_score | process_electrification_score | fossil_heat_displacement_score,temperature_fit_score | process_electrification_score | fossil_heat_displacement_score,3,temperature_fit_score | process_electrification_score | fossil_heat_displacement_score,temperature_fit_score | fossil_heat_displacement_score,CHECKED=1 | NEEDS_RESEARCH=2,RESEARCH_NEEDED,P2,B,B,5,PASS,PENDING,NEEDS_NUMERIC_CODING,,"Eligibility, process mapping and certificate gates pass. Canonical numeric anchors remain uncoded; proposal state is tracked separately and never mutates canonical values.","Research the unresolved score evidence before proposing an anchor: temperature_fit_score: Actual process-heating temperatures and supported electric-heat fit, rather than part dimensions, cold maturation, material/customer ratings or historical boiler baselines. Owned electric melting/reheat and programmable cooling;130 kg is glass mass, not electrical load/storage. Continuation2026-10-08: Glassmaking/show workshop burner evidence does not establish a complete current plant fuel balance or independently useful thermal storage.; fossil_heat_displacement_score: Actual current fossil thermal carrier, centrality and displacement materiality; unspecified CHP/ovens and historic gas baselines do not establish remaining fuel mix. Owned electric melting/reheat and programmable cooling;130 kg is glass mass, not electrical load/storage. Continuation2026-10-08: Glassmaking/show workshop burner evidence does not establish a complete current plant fuel balance or independently useful thermal storage.",1.1.0
239,58,P45|power_electronics_relevance,P45,Glasmanufaktur HARZKRISTALL GmbH,NUMERIC_CODING,CODE_DIMENSION,power_electronics_relevance,motor_drive_score | power_conversion_score | automation_control_score,motor_drive_score | power_conversion_score | automation_control_score,3,motor_drive_score | power_conversion_score | automation_control_score,,CHECKED=3,CHECKED,P2,B,B,5,PASS,PENDING,NEEDS_NUMERIC_CODING,,"Eligibility, process mapping and certificate gates pass. Canonical numeric anchors remain uncoded; proposal state is tracked separately and never mutates canonical values.",Source and anchor checks are complete. Preserve the checked proposals; final-score approval and canonical scoring remain separate gates.,1.1.0
240,58,P45|load_flexibility_potential,P45,Glasmanufaktur HARZKRISTALL GmbH,NUMERIC_CODING,CODE_DIMENSION,load_flexibility_potential,scheduling_flex_score | thermal_storage_flex_score,scheduling_flex_score | thermal_storage_flex_score,2,scheduling_flex_score | thermal_storage_flex_score,scheduling_flex_score | thermal_storage_flex_score,NEEDS_RESEARCH=2,RESEARCH_NEEDED,P2,B,B,5,PASS,PENDING,NEEDS_NUMERIC_CODING,,"Eligibility, process mapping and certificate gates pass. Canonical numeric anchors remain uncoded; proposal state is tracked separately and never mutates canonical values.","Research the unresolved score evidence before proposing an anchor: scheduling_flex_score: Admissible operating/start/interruption windows and actual buffers; product maturation, process cycles or programmable furnace recipes are not dispatch permission. Owned electric melting/reheat and programmable cooling;130 kg is glass mass, not electrical load/storage. Continuation2026-10-08: Glassmaking/show workshop burner evidence does not establish a complete current plant fuel balance or independently useful thermal storage.; thermal_storage_flex_score: Named own usable heat/cold store or validated thermal inertia with operating window; cooling, absorption chilling, production tanks and glass melt mass alone do not establish storage. Owned electric melting/reheat and programmable cooling;130 kg is glass mass, not electrical load/storage. Continuation2026-10-08: Glassmaking/show workshop burner evidence does not establish a complete current plant fuel balance or independently useful thermal storage.",1.1.0
241,58,P45|grid_power_quality_relevance,P45,Glasmanufaktur HARZKRISTALL GmbH,NUMERIC_CODING,CODE_DIMENSION,grid_power_quality_relevance,incremental_load_score | power_quality_score | onsite_integration_score,incremental_load_score | power_quality_score | onsite_integration_score,3,incremental_load_score | power_quality_score | onsite_integration_score,incremental_load_score,CHECKED=2 | NEEDS_RESEARCH=1,RESEARCH_NEEDED,P2,B,B,5,PASS,PENDING,NEEDS_NUMERIC_CODING,,"Eligibility, process mapping and certificate gates pass. Canonical numeric anchors remain uncoded; proposal state is tracked separately and never mutates canonical values.","Research the unresolved score evidence before proposing an anchor: incremental_load_score: Defined additional thermal electrification route and ordinal new-load materiality; existing electric assets, PV expansion and EV charging are not an additional heat-route load. Owned electric melting/reheat and programmable cooling;130 kg is glass mass, not electrical load/storage. Continuation2026-10-08: Glassmaking/show workshop burner evidence does not establish a complete current plant fuel balance or independently useful thermal storage.",1.1.0
242,58,P45|observed_transition_gap,P45,Glasmanufaktur HARZKRISTALL GmbH,NUMERIC_CODING,CODE_DIMENSION,observed_transition_gap,measures_gap_score | management_gap_score | targets_gap_score | investment_gap_score,measures_gap_score | management_gap_score | targets_gap_score | investment_gap_score,4,measures_gap_score | management_gap_score | targets_gap_score | investment_gap_score,management_gap_score | investment_gap_score,CHECKED=2 | NEEDS_RESEARCH=2,RESEARCH_NEEDED,P2,B,B,5,PASS,PENDING,NEEDS_NUMERIC_CODING,,"Eligibility, process mapping and certificate gates pass. Canonical numeric anchors remain uncoded; proposal state is tracked separately and never mutates canonical values.","Research the unresolved score evidence before proposing an anchor: management_gap_score: Current verified site EnMS/environmental system or bounded claim; ISO9001, an inaccessible/staging certificate page and missing evidence are not certified mature EnMS. Owned electric melting/reheat and programmable cooling;130 kg is glass mass, not electrical load/storage. Continuation2026-10-08: Glassmaking/show workshop burner evidence does not establish a complete current plant fuel balance or independently useful thermal storage.; investment_gap_score: Dated completed energy-transition investment within2021-10-07 to2026-10-07; old projects, certificate renewal, crawl dates and undifferentiated capacity/wastewater expansion are insufficient. Owned electric melting/reheat and programmable cooling;130 kg is glass mass, not electrical load/storage. Continuation2026-10-08: Glassmaking/show workshop burner evidence does not establish a complete current plant fuel balance or independently useful thermal storage.",1.1.0
243,59,P56|process_electrification_potential,P56,Spritzguß Müller GmbH,NUMERIC_CODING,CODE_DIMENSION,process_electrification_potential,temperature_fit_score | process_electrification_score | fossil_heat_displacement_score,temperature_fit_score | process_electrification_score | fossil_heat_displacement_score,3,temperature_fit_score | process_electrification_score | fossil_heat_displacement_score,temperature_fit_score | process_electrification_score | fossil_heat_displacement_score,NEEDS_RESEARCH=3,RESEARCH_NEEDED,P2,B,B,5,PASS,PENDING,NEEDS_NUMERIC_CODING,,"Eligibility, process mapping and certificate gates pass. Canonical numeric anchors remain uncoded; proposal state is tracked separately and never mutates canonical values.","Research the unresolved score evidence before proposing an anchor: temperature_fit_score: Actual process-heating temperatures and supported electric-heat fit, rather than part dimensions, cold maturation, material/customer ratings or historical boiler baselines. Actual own CNC/EDM/TIG/SPS/assembly, not unreported injection heater/drive mix or current energy project. Continuation2026-10-08: Electrical assemblies and mechanical systems supplied to customers are excluded from owned energy assets; tool-shop activity supplies no heat duty/fuel data.; process_electrification_score: Named own actual/planned electric thermal route; electrochemical coating, generic production or customer energy applications alone do not establish electric process heat. Actual own CNC/EDM/TIG/SPS/assembly, not unreported injection heater/drive mix or current energy project. Continuation2026-10-08: Electrical assemblies and mechanical systems supplied to customers are excluded from owned energy assets; tool-shop activity supplies no heat duty/fuel data.; fossil_heat_displacement_score: Actual current fossil thermal carrier, centrality and displacement materiality; unspecified CHP/ovens and historic gas baselines do not establish remaining fuel mix. Actual own CNC/EDM/TIG/SPS/assembly, not unreported injection heater/drive mix or current energy project. Continuation2026-10-08: Electrical assemblies and mechanical systems supplied to customers are excluded from owned energy assets; tool-shop activity supplies no heat duty/fuel data.",1.1.0
244,59,P56|power_electronics_relevance,P56,Spritzguß Müller GmbH,NUMERIC_CODING,CODE_DIMENSION,power_electronics_relevance,motor_drive_score | power_conversion_score | automation_control_score,motor_drive_score | power_conversion_score | automation_control_score,3,motor_drive_score | power_conversion_score | automation_control_score,,CHECKED=3,CHECKED,P2,B,B,5,PASS,PENDING,NEEDS_NUMERIC_CODING,,"Eligibility, process mapping and certificate gates pass. Canonical numeric anchors remain uncoded; proposal state is tracked separately and never mutates canonical values.",Source and anchor checks are complete. Preserve the checked proposals; final-score approval and canonical scoring remain separate gates.,1.1.0
245,59,P56|load_flexibility_potential,P56,Spritzguß Müller GmbH,NUMERIC_CODING,CODE_DIMENSION,load_flexibility_potential,scheduling_flex_score | thermal_storage_flex_score,scheduling_flex_score | thermal_storage_flex_score,2,scheduling_flex_score | thermal_storage_flex_score,scheduling_flex_score | thermal_storage_flex_score,NEEDS_RESEARCH=2,RESEARCH_NEEDED,P2,B,B,5,PASS,PENDING,NEEDS_NUMERIC_CODING,,"Eligibility, process mapping and certificate gates pass. Canonical numeric anchors remain uncoded; proposal state is tracked separately and never mutates canonical values.","Research the unresolved score evidence before proposing an anchor: scheduling_flex_score: Admissible operating/start/interruption windows and actual buffers; product maturation, process cycles or programmable furnace recipes are not dispatch permission. Actual own CNC/EDM/TIG/SPS/assembly, not unreported injection heater/drive mix or current energy project. Continuation2026-10-08: Electrical assemblies and mechanical systems supplied to customers are excluded from owned energy assets; tool-shop activity supplies no heat duty/fuel data.; thermal_storage_flex_score: Named own usable heat/cold store or validated thermal inertia with operating window; cooling, absorption chilling, production tanks and glass melt mass alone do not establish storage. Actual own CNC/EDM/TIG/SPS/assembly, not unreported injection heater/drive mix or current energy project. Continuation2026-10-08: Electrical assemblies and mechanical systems supplied to customers are excluded from owned energy assets; tool-shop activity supplies no heat duty/fuel data.",1.1.0
246,59,P56|grid_power_quality_relevance,P56,Spritzguß Müller GmbH,NUMERIC_CODING,CODE_DIMENSION,grid_power_quality_relevance,incremental_load_score | power_quality_score | onsite_integration_score,incremental_load_score | power_quality_score | onsite_integration_score,3,incremental_load_score | power_quality_score | onsite_integration_score,incremental_load_score | onsite_integration_score,CHECKED=1 | NEEDS_RESEARCH=2,RESEARCH_NEEDED,P2,B,B,5,PASS,PENDING,NEEDS_NUMERIC_CODING,,"Eligibility, process mapping and certificate gates pass. Canonical numeric anchors remain uncoded; proposal state is tracked separately and never mutates canonical values.","Research the unresolved score evidence before proposing an anchor: incremental_load_score: Defined additional thermal electrification route and ordinal new-load materiality; existing electric assets, PV expansion and EV charging are not an additional heat-route load. Actual own CNC/EDM/TIG/SPS/assembly, not unreported injection heater/drive mix or current energy project. Continuation2026-10-08: Electrical assemblies and mechanical systems supplied to customers are excluded from owned energy assets; tool-shop activity supplies no heat duty/fuel data.; onsite_integration_score: Own PV/battery/microgrid/load-management use case and actual integration; supplier green power and customer applications are not own deployment. Actual own CNC/EDM/TIG/SPS/assembly, not unreported injection heater/drive mix or current energy project. Continuation2026-10-08: Electrical assemblies and mechanical systems supplied to customers are excluded from owned energy assets; tool-shop activity supplies no heat duty/fuel data.",1.1.0
247,59,P56|observed_transition_gap,P56,Spritzguß Müller GmbH,NUMERIC_CODING,CODE_DIMENSION,observed_transition_gap,measures_gap_score | management_gap_score | targets_gap_score | investment_gap_score,measures_gap_score | management_gap_score | targets_gap_score | investment_gap_score,4,measures_gap_score | management_gap_score | targets_gap_score | investment_gap_score,measures_gap_score | management_gap_score | investment_gap_score,CHECKED=1 | NEEDS_RESEARCH=3,RESEARCH_NEEDED,P2,B,B,5,PASS,PENDING,NEEDS_NUMERIC_CODING,,"Eligibility, process mapping and certificate gates pass. Canonical numeric anchors remain uncoded; proposal state is tracked separately and never mutates canonical values.","Research the unresolved score evidence before proposing an anchor: measures_gap_score: Current concrete plant energy-transition measures or adequate confirmed inventory; general sustainability, certification, customer products and historical pilots do not establish current deployment or absence. Actual own CNC/EDM/TIG/SPS/assembly, not unreported injection heater/drive mix or current energy project. Continuation2026-10-08: Electrical assemblies and mechanical systems supplied to customers are excluded from owned energy assets; tool-shop activity supplies no heat duty/fuel data.; management_gap_score: Current verified site EnMS/environmental system or bounded claim; ISO9001, an inaccessible/staging certificate page and missing evidence are not certified mature EnMS. Actual own CNC/EDM/TIG/SPS/assembly, not unreported injection heater/drive mix or current energy project. Continuation2026-10-08: Electrical assemblies and mechanical systems supplied to customers are excluded from owned energy assets; tool-shop activity supplies no heat duty/fuel data.; investment_gap_score: Dated completed energy-transition investment within2021-10-07 to2026-10-07; old projects, certificate renewal, crawl dates and undifferentiated capacity/wastewater expansion are insufficient. Actual own CNC/EDM/TIG/SPS/assembly, not unreported injection heater/drive mix or current energy project. Continuation2026-10-08: Electrical assemblies and mechanical systems supplied to customers are excluded from owned energy assets; tool-shop activity supplies no heat duty/fuel data.",1.1.0
248,60,P66|process_electrification_potential,P66,KPM Königliche Porzellan-Manufaktur Berlin GmbH,NUMERIC_CODING,CODE_DIMENSION,process_electrification_potential,temperature_fit_score | process_electrification_score | fossil_heat_displacement_score,temperature_fit_score | process_electrification_score | fossil_heat_displacement_score,3,temperature_fit_score | process_electrification_score | fossil_heat_displacement_score,process_electrification_score | fossil_heat_displacement_score,CHECKED=1 | NEEDS_RESEARCH=2,RESEARCH_NEEDED,P2,B,B,5,PASS,PENDING,NEEDS_NUMERIC_CODING,,"Eligibility, process mapping and certificate gates pass. Canonical numeric anchors remain uncoded; proposal state is tracked separately and never mutates canonical values.","Research the unresolved score evidence before proposing an anchor: process_electrification_score: Named own actual/planned electric thermal route; electrochemical coating, generic production or customer energy applications alone do not establish electric process heat. Own980/1420C firing;2017 heat export described by provider2023,110C recovered water not kiln temperature. Adjacent Siemens heat-pump project not KPM. Continuation2026-10-08: Owner exports waste heat to an external utility. External utility energy assets/heat storage are not owned plant storage; no new fuel or drive inventory established.; fossil_heat_displacement_score: Actual current fossil thermal carrier, centrality and displacement materiality; unspecified CHP/ovens and historic gas baselines do not establish remaining fuel mix. Own980/1420C firing;2017 heat export described by provider2023,110C recovered water not kiln temperature. Adjacent Siemens heat-pump project not KPM. Continuation2026-10-08: Owner exports waste heat to an external utility. External utility energy assets/heat storage are not owned plant storage; no new fuel or drive inventory established.",1.1.0
249,60,P66|power_electronics_relevance,P66,KPM Königliche Porzellan-Manufaktur Berlin GmbH,NUMERIC_CODING,CODE_DIMENSION,power_electronics_relevance,motor_drive_score | power_conversion_score | automation_control_score,motor_drive_score | power_conversion_score | automation_control_score,3,motor_drive_score | power_conversion_score | automation_control_score,motor_drive_score | power_conversion_score | automation_control_score,NEEDS_RESEARCH=3,RESEARCH_NEEDED,P2,B,B,5,PASS,PENDING,NEEDS_NUMERIC_CODING,,"Eligibility, process mapping and certificate gates pass. Canonical numeric anchors remain uncoded; proposal state is tracked separately and never mutates canonical values.","Research the unresolved score evidence before proposing an anchor: motor_drive_score: Named current owned motor/pump/compressor/drive applications and their materiality; production sector and historical steam/ice machines alone are insufficient. Own980/1420C firing;2017 heat export described by provider2023,110C recovered water not kiln temperature. Adjacent Siemens heat-pump project not KPM. Continuation2026-10-08: Owner exports waste heat to an external utility. External utility energy assets/heat storage are not owned plant storage; no new fuel or drive inventory established.; power_conversion_score: Named current own material rectifier/converter/controlled-heat use case; customer product applications, AC charging sockets and unspecified machine carriers are insufficient. Own980/1420C firing;2017 heat export described by provider2023,110C recovered water not kiln temperature. Adjacent Siemens heat-pump project not KPM. Continuation2026-10-08: Owner exports waste heat to an external utility. External utility energy assets/heat storage are not owned plant storage; no new fuel or drive inventory established.; automation_control_score: Actual current owned sensing/control applications and coordination; generic modernity or staging-site claims need corroboration. Own980/1420C firing;2017 heat export described by provider2023,110C recovered water not kiln temperature. Adjacent Siemens heat-pump project not KPM. Continuation2026-10-08: Owner exports waste heat to an external utility. External utility energy assets/heat storage are not owned plant storage; no new fuel or drive inventory established.",1.1.0
250,60,P66|load_flexibility_potential,P66,KPM Königliche Porzellan-Manufaktur Berlin GmbH,NUMERIC_CODING,CODE_DIMENSION,load_flexibility_potential,scheduling_flex_score | thermal_storage_flex_score,scheduling_flex_score | thermal_storage_flex_score,2,scheduling_flex_score | thermal_storage_flex_score,scheduling_flex_score | thermal_storage_flex_score,NEEDS_RESEARCH=2,RESEARCH_NEEDED,P2,B,B,5,PASS,PENDING,NEEDS_NUMERIC_CODING,,"Eligibility, process mapping and certificate gates pass. Canonical numeric anchors remain uncoded; proposal state is tracked separately and never mutates canonical values.","Research the unresolved score evidence before proposing an anchor: scheduling_flex_score: Admissible operating/start/interruption windows and actual buffers; product maturation, process cycles or programmable furnace recipes are not dispatch permission. Own980/1420C firing;2017 heat export described by provider2023,110C recovered water not kiln temperature. Adjacent Siemens heat-pump project not KPM. Continuation2026-10-08: Owner exports waste heat to an external utility. External utility energy assets/heat storage are not owned plant storage; no new fuel or drive inventory established.; thermal_storage_flex_score: Named own usable heat/cold store or validated thermal inertia with operating window; cooling, absorption chilling, production tanks and glass melt mass alone do not establish storage. Own980/1420C firing;2017 heat export described by provider2023,110C recovered water not kiln temperature. Adjacent Siemens heat-pump project not KPM. Continuation2026-10-08: Owner exports waste heat to an external utility. External utility energy assets/heat storage are not owned plant storage; no new fuel or drive inventory established.",1.1.0
251,60,P66|grid_power_quality_relevance,P66,KPM Königliche Porzellan-Manufaktur Berlin GmbH,NUMERIC_CODING,CODE_DIMENSION,grid_power_quality_relevance,incremental_load_score | power_quality_score | onsite_integration_score,incremental_load_score | power_quality_score | onsite_integration_score,3,incremental_load_score | power_quality_score | onsite_integration_score,incremental_load_score | power_quality_score | onsite_integration_score,NEEDS_RESEARCH=3,RESEARCH_NEEDED,P2,B,B,5,PASS,PENDING,NEEDS_NUMERIC_CODING,,"Eligibility, process mapping and certificate gates pass. Canonical numeric anchors remain uncoded; proposal state is tracked separately and never mutates canonical values.","Research the unresolved score evidence before proposing an anchor: incremental_load_score: Defined additional thermal electrification route and ordinal new-load materiality; existing electric assets, PV expansion and EV charging are not an additional heat-route load. Own980/1420C firing;2017 heat export described by provider2023,110C recovered water not kiln temperature. Adjacent Siemens heat-pump project not KPM. Continuation2026-10-08: Owner exports waste heat to an external utility. External utility energy assets/heat storage are not owned plant storage; no new fuel or drive inventory established.; power_quality_score: Current firm-specific converter/peak/reactive-power signals; grid connection or a transformer alone is not a measured power-quality issue. Own980/1420C firing;2017 heat export described by provider2023,110C recovered water not kiln temperature. Adjacent Siemens heat-pump project not KPM. Continuation2026-10-08: Owner exports waste heat to an external utility. External utility energy assets/heat storage are not owned plant storage; no new fuel or drive inventory established.; onsite_integration_score: Own PV/battery/microgrid/load-management use case and actual integration; supplier green power and customer applications are not own deployment. Own980/1420C firing;2017 heat export described by provider2023,110C recovered water not kiln temperature. Adjacent Siemens heat-pump project not KPM. Continuation2026-10-08: Owner exports waste heat to an external utility. External utility energy assets/heat storage are not owned plant storage; no new fuel or drive inventory established.",1.1.0
252,60,P66|observed_transition_gap,P66,KPM Königliche Porzellan-Manufaktur Berlin GmbH,NUMERIC_CODING,CODE_DIMENSION,observed_transition_gap,measures_gap_score | management_gap_score | targets_gap_score | investment_gap_score,measures_gap_score | management_gap_score | targets_gap_score | investment_gap_score,4,measures_gap_score | management_gap_score | targets_gap_score | investment_gap_score,management_gap_score | investment_gap_score,CHECKED=2 | NEEDS_RESEARCH=2,RESEARCH_NEEDED,P2,B,B,5,PASS,PENDING,NEEDS_NUMERIC_CODING,,"Eligibility, process mapping and certificate gates pass. Canonical numeric anchors remain uncoded; proposal state is tracked separately and never mutates canonical values.","Research the unresolved score evidence before proposing an anchor: management_gap_score: Current verified site EnMS/environmental system or bounded claim; ISO9001, an inaccessible/staging certificate page and missing evidence are not certified mature EnMS. Own980/1420C firing;2017 heat export described by provider2023,110C recovered water not kiln temperature. Adjacent Siemens heat-pump project not KPM. Continuation2026-10-08: Owner exports waste heat to an external utility. External utility energy assets/heat storage are not owned plant storage; no new fuel or drive inventory established.; investment_gap_score: Dated completed energy-transition investment within2021-10-07 to2026-10-07; old projects, certificate renewal, crawl dates and undifferentiated capacity/wastewater expansion are insufficient. Own980/1420C firing;2017 heat export described by provider2023,110C recovered water not kiln temperature. Adjacent Siemens heat-pump project not KPM. Continuation2026-10-08: Owner exports waste heat to an external utility. External utility energy assets/heat storage are not owned plant storage; no new fuel or drive inventory established.",1.1.0
253,61,P68|process_electrification_potential,P68,TechnoKer GmbH,NUMERIC_CODING,CODE_DIMENSION,process_electrification_potential,temperature_fit_score | process_electrification_score | fossil_heat_displacement_score,temperature_fit_score | process_electrification_score | fossil_heat_displacement_score,3,temperature_fit_score | process_electrification_score | fossil_heat_displacement_score,temperature_fit_score | process_electrification_score | fossil_heat_displacement_score,NEEDS_RESEARCH=3,RESEARCH_NEEDED,P2,B,B,5,PASS,PENDING,NEEDS_NUMERIC_CODING,,"Eligibility, process mapping and certificate gates pass. Canonical numeric anchors remain uncoded; proposal state is tracked separately and never mutates canonical values.","Research the unresolved score evidence before proposing an anchor: temperature_fit_score: Actual process-heating temperatures and supported electric-heat fit, rather than part dimensions, cold maturation, material/customer ratings or historical boiler baselines. Own2022 PV205kWp; regional-biogas claim distinct from2023 BIO-LPG delivery4436litres. Customer electric heaters not own electric kilns;2023 planned digitalisation unconfirmed;2021 kiln month unknown at window boundary. Continuation2026-10-08: Biogas versus bio-liquid-gas wording conflicts remain unresolved. Thermal oxidiser fuel does not establish all production heat; bare2021date does not prove investment-window completion.; process_electrification_score: Named own actual/planned electric thermal route; electrochemical coating, generic production or customer energy applications alone do not establish electric process heat. Own2022 PV205kWp; regional-biogas claim distinct from2023 BIO-LPG delivery4436litres. Customer electric heaters not own electric kilns;2023 planned digitalisation unconfirmed;2021 kiln month unknown at window boundary. Continuation2026-10-08: Biogas versus bio-liquid-gas wording conflicts remain unresolved. Thermal oxidiser fuel does not establish all production heat; bare2021date does not prove investment-window completion.; fossil_heat_displacement_score: Actual current fossil thermal carrier, centrality and displacement materiality; unspecified CHP/ovens and historic gas baselines do not establish remaining fuel mix. Own2022 PV205kWp; regional-biogas claim distinct from2023 BIO-LPG delivery4436litres. Customer electric heaters not own electric kilns;2023 planned digitalisation unconfirmed;2021 kiln month unknown at window boundary. Continuation2026-10-08: Biogas versus bio-liquid-gas wording conflicts remain unresolved. Thermal oxidiser fuel does not establish all production heat; bare2021date does not prove investment-window completion.",1.1.0
254,61,P68|power_electronics_relevance,P68,TechnoKer GmbH,NUMERIC_CODING,CODE_DIMENSION,power_electronics_relevance,motor_drive_score | power_conversion_score | automation_control_score,motor_drive_score | power_conversion_score | automation_control_score,3,motor_drive_score | power_conversion_score | automation_control_score,motor_drive_score | automation_control_score,CHECKED=1 | NEEDS_RESEARCH=2,RESEARCH_NEEDED,P2,B,B,5,PASS,PENDING,NEEDS_NUMERIC_CODING,,"Eligibility, process mapping and certificate gates pass. Canonical numeric anchors remain uncoded; proposal state is tracked separately and never mutates canonical values.",Research the unresolved score evidence before proposing an anchor: motor_drive_score: Named current owned motor/pump/compressor/drive applications and their materiality; production sector and historical steam/ice machines alone are insufficient. Own2022 PV205kWp; regional-biogas claim distinct from2023 BIO-LPG delivery4436litres. Customer electric heaters not own electric kilns;2023 planned digitalisation unconfirmed;2021 kiln month unknown at window boundary. Continuation2026-10-08: Biogas versus bio-liquid-gas wording conflicts remain unresolved. Thermal oxidiser fuel does not establish all production heat; bare2021date does not prove investment-window completion.; automation_control_score: Actual current owned sensing/control applications and coordination; generic modernity or staging-site claims need corroboration. Own2022 PV205kWp; regional-biogas claim distinct from2023 BIO-LPG delivery4436litres. Customer electric heaters not own electric kilns;2023 planned digitalisation unconfirmed;2021 kiln month unknown at window boundary. Continuation2026-10-08: Biogas versus bio-liquid-gas wording conflicts remain unresolved. Thermal oxidiser fuel does not establish all production heat; bare2021date does not prove investment-window completion.,1.1.0
255,61,P68|load_flexibility_potential,P68,TechnoKer GmbH,NUMERIC_CODING,CODE_DIMENSION,load_flexibility_potential,scheduling_flex_score | thermal_storage_flex_score,scheduling_flex_score | thermal_storage_flex_score,2,scheduling_flex_score | thermal_storage_flex_score,scheduling_flex_score | thermal_storage_flex_score,NEEDS_RESEARCH=2,RESEARCH_NEEDED,P2,B,B,5,PASS,PENDING,NEEDS_NUMERIC_CODING,,"Eligibility, process mapping and certificate gates pass. Canonical numeric anchors remain uncoded; proposal state is tracked separately and never mutates canonical values.","Research the unresolved score evidence before proposing an anchor: scheduling_flex_score: Admissible operating/start/interruption windows and actual buffers; product maturation, process cycles or programmable furnace recipes are not dispatch permission. Own2022 PV205kWp; regional-biogas claim distinct from2023 BIO-LPG delivery4436litres. Customer electric heaters not own electric kilns;2023 planned digitalisation unconfirmed;2021 kiln month unknown at window boundary. Continuation2026-10-08: Biogas versus bio-liquid-gas wording conflicts remain unresolved. Thermal oxidiser fuel does not establish all production heat; bare2021date does not prove investment-window completion.; thermal_storage_flex_score: Named own usable heat/cold store or validated thermal inertia with operating window; cooling, absorption chilling, production tanks and glass melt mass alone do not establish storage. Own2022 PV205kWp; regional-biogas claim distinct from2023 BIO-LPG delivery4436litres. Customer electric heaters not own electric kilns;2023 planned digitalisation unconfirmed;2021 kiln month unknown at window boundary. Continuation2026-10-08: Biogas versus bio-liquid-gas wording conflicts remain unresolved. Thermal oxidiser fuel does not establish all production heat; bare2021date does not prove investment-window completion.",1.1.0
256,61,P68|grid_power_quality_relevance,P68,TechnoKer GmbH,NUMERIC_CODING,CODE_DIMENSION,grid_power_quality_relevance,incremental_load_score | power_quality_score | onsite_integration_score,incremental_load_score | power_quality_score | onsite_integration_score,3,incremental_load_score | power_quality_score | onsite_integration_score,incremental_load_score,CHECKED=2 | NEEDS_RESEARCH=1,RESEARCH_NEEDED,P2,B,B,5,PASS,PENDING,NEEDS_NUMERIC_CODING,,"Eligibility, process mapping and certificate gates pass. Canonical numeric anchors remain uncoded; proposal state is tracked separately and never mutates canonical values.","Research the unresolved score evidence before proposing an anchor: incremental_load_score: Defined additional thermal electrification route and ordinal new-load materiality; existing electric assets, PV expansion and EV charging are not an additional heat-route load. Own2022 PV205kWp; regional-biogas claim distinct from2023 BIO-LPG delivery4436litres. Customer electric heaters not own electric kilns;2023 planned digitalisation unconfirmed;2021 kiln month unknown at window boundary. Continuation2026-10-08: Biogas versus bio-liquid-gas wording conflicts remain unresolved. Thermal oxidiser fuel does not establish all production heat; bare2021date does not prove investment-window completion.",1.1.0
257,61,P68|observed_transition_gap,P68,TechnoKer GmbH,NUMERIC_CODING,CODE_DIMENSION,observed_transition_gap,measures_gap_score | management_gap_score | targets_gap_score | investment_gap_score,measures_gap_score | management_gap_score | targets_gap_score | investment_gap_score,4,measures_gap_score | management_gap_score | targets_gap_score | investment_gap_score,management_gap_score,CHECKED=3 | NEEDS_RESEARCH=1,RESEARCH_NEEDED,P2,B,B,5,PASS,PENDING,NEEDS_NUMERIC_CODING,,"Eligibility, process mapping and certificate gates pass. Canonical numeric anchors remain uncoded; proposal state is tracked separately and never mutates canonical values.","Research the unresolved score evidence before proposing an anchor: management_gap_score: Current verified site EnMS/environmental system or bounded claim; ISO9001, an inaccessible/staging certificate page and missing evidence are not certified mature EnMS. Own2022 PV205kWp; regional-biogas claim distinct from2023 BIO-LPG delivery4436litres. Customer electric heaters not own electric kilns;2023 planned digitalisation unconfirmed;2021 kiln month unknown at window boundary. Continuation2026-10-08: Biogas versus bio-liquid-gas wording conflicts remain unresolved. Thermal oxidiser fuel does not establish all production heat; bare2021date does not prove investment-window completion.",1.1.0
258,62,P87|process_electrification_potential,P87,Ceramany GmbH,NUMERIC_CODING,CODE_DIMENSION,process_electrification_potential,temperature_fit_score | process_electrification_score | fossil_heat_displacement_score,temperature_fit_score | process_electrification_score | fossil_heat_displacement_score,3,temperature_fit_score | process_electrification_score | fossil_heat_displacement_score,temperature_fit_score | process_electrification_score | fossil_heat_displacement_score,NEEDS_RESEARCH=3,RESEARCH_NEEDED,P2,B,B,5,PASS,PENDING,NEEDS_NUMERIC_CODING,,"Eligibility, process mapping and certificate gates pass. Canonical numeric anchors remain uncoded; proposal state is tracked separately and never mutates canonical values.","Research the unresolved score evidence before proposing an anchor: temperature_fit_score: Actual process-heating temperatures and supported electric-heat fit, rather than part dimensions, cold maturation, material/customer ratings or historical boiler baselines. German Menden entity versus foreign Yixing holders/sites: production/assets/staff/energy attribution unresolved. ISO9001 body2026-2029 despite old filename, not German energy certification. Continuation2026-10-08: German entity versus foreign manufacturing-site attribution remains unresolved. Brand/group production and energy assets are not transferred into this entity record.; process_electrification_score: Named own actual/planned electric thermal route; electrochemical coating, generic production or customer energy applications alone do not establish electric process heat. German Menden entity versus foreign Yixing holders/sites: production/assets/staff/energy attribution unresolved. ISO9001 body2026-2029 despite old filename, not German energy certification. Continuation2026-10-08: German entity versus foreign manufacturing-site attribution remains unresolved. Brand/group production and energy assets are not transferred into this entity record.; fossil_heat_displacement_score: Actual current fossil thermal carrier, centrality and displacement materiality; unspecified CHP/ovens and historic gas baselines do not establish remaining fuel mix. German Menden entity versus foreign Yixing holders/sites: production/assets/staff/energy attribution unresolved. ISO9001 body2026-2029 despite old filename, not German energy certification. Continuation2026-10-08: German entity versus foreign manufacturing-site attribution remains unresolved. Brand/group production and energy assets are not transferred into this entity record.",1.1.0
259,62,P87|power_electronics_relevance,P87,Ceramany GmbH,NUMERIC_CODING,CODE_DIMENSION,power_electronics_relevance,motor_drive_score | power_conversion_score | automation_control_score,motor_drive_score | power_conversion_score | automation_control_score,3,motor_drive_score | power_conversion_score | automation_control_score,motor_drive_score | power_conversion_score | automation_control_score,NEEDS_RESEARCH=3,RESEARCH_NEEDED,P2,B,B,5,PASS,PENDING,NEEDS_NUMERIC_CODING,,"Eligibility, process mapping and certificate gates pass. Canonical numeric anchors remain uncoded; proposal state is tracked separately and never mutates canonical values.","Research the unresolved score evidence before proposing an anchor: motor_drive_score: Named current owned motor/pump/compressor/drive applications and their materiality; production sector and historical steam/ice machines alone are insufficient. German Menden entity versus foreign Yixing holders/sites: production/assets/staff/energy attribution unresolved. ISO9001 body2026-2029 despite old filename, not German energy certification. Continuation2026-10-08: German entity versus foreign manufacturing-site attribution remains unresolved. Brand/group production and energy assets are not transferred into this entity record.; power_conversion_score: Named current own material rectifier/converter/controlled-heat use case; customer product applications, AC charging sockets and unspecified machine carriers are insufficient. German Menden entity versus foreign Yixing holders/sites: production/assets/staff/energy attribution unresolved. ISO9001 body2026-2029 despite old filename, not German energy certification. Continuation2026-10-08: German entity versus foreign manufacturing-site attribution remains unresolved. Brand/group production and energy assets are not transferred into this entity record.; automation_control_score: Actual current owned sensing/control applications and coordination; generic modernity or staging-site claims need corroboration. German Menden entity versus foreign Yixing holders/sites: production/assets/staff/energy attribution unresolved. ISO9001 body2026-2029 despite old filename, not German energy certification. Continuation2026-10-08: German entity versus foreign manufacturing-site attribution remains unresolved. Brand/group production and energy assets are not transferred into this entity record.",1.1.0
260,62,P87|load_flexibility_potential,P87,Ceramany GmbH,NUMERIC_CODING,CODE_DIMENSION,load_flexibility_potential,scheduling_flex_score | thermal_storage_flex_score,scheduling_flex_score | thermal_storage_flex_score,2,scheduling_flex_score | thermal_storage_flex_score,scheduling_flex_score | thermal_storage_flex_score,NEEDS_RESEARCH=2,RESEARCH_NEEDED,P2,B,B,5,PASS,PENDING,NEEDS_NUMERIC_CODING,,"Eligibility, process mapping and certificate gates pass. Canonical numeric anchors remain uncoded; proposal state is tracked separately and never mutates canonical values.","Research the unresolved score evidence before proposing an anchor: scheduling_flex_score: Admissible operating/start/interruption windows and actual buffers; product maturation, process cycles or programmable furnace recipes are not dispatch permission. German Menden entity versus foreign Yixing holders/sites: production/assets/staff/energy attribution unresolved. ISO9001 body2026-2029 despite old filename, not German energy certification. Continuation2026-10-08: German entity versus foreign manufacturing-site attribution remains unresolved. Brand/group production and energy assets are not transferred into this entity record.; thermal_storage_flex_score: Named own usable heat/cold store or validated thermal inertia with operating window; cooling, absorption chilling, production tanks and glass melt mass alone do not establish storage. German Menden entity versus foreign Yixing holders/sites: production/assets/staff/energy attribution unresolved. ISO9001 body2026-2029 despite old filename, not German energy certification. Continuation2026-10-08: German entity versus foreign manufacturing-site attribution remains unresolved. Brand/group production and energy assets are not transferred into this entity record.",1.1.0
261,62,P87|grid_power_quality_relevance,P87,Ceramany GmbH,NUMERIC_CODING,CODE_DIMENSION,grid_power_quality_relevance,incremental_load_score | power_quality_score | onsite_integration_score,incremental_load_score | power_quality_score | onsite_integration_score,3,incremental_load_score | power_quality_score | onsite_integration_score,incremental_load_score | power_quality_score | onsite_integration_score,NEEDS_RESEARCH=3,RESEARCH_NEEDED,P2,B,B,5,PASS,PENDING,NEEDS_NUMERIC_CODING,,"Eligibility, process mapping and certificate gates pass. Canonical numeric anchors remain uncoded; proposal state is tracked separately and never mutates canonical values.","Research the unresolved score evidence before proposing an anchor: incremental_load_score: Defined additional thermal electrification route and ordinal new-load materiality; existing electric assets, PV expansion and EV charging are not an additional heat-route load. German Menden entity versus foreign Yixing holders/sites: production/assets/staff/energy attribution unresolved. ISO9001 body2026-2029 despite old filename, not German energy certification. Continuation2026-10-08: German entity versus foreign manufacturing-site attribution remains unresolved. Brand/group production and energy assets are not transferred into this entity record.; power_quality_score: Current firm-specific converter/peak/reactive-power signals; grid connection or a transformer alone is not a measured power-quality issue. German Menden entity versus foreign Yixing holders/sites: production/assets/staff/energy attribution unresolved. ISO9001 body2026-2029 despite old filename, not German energy certification. Continuation2026-10-08: German entity versus foreign manufacturing-site attribution remains unresolved. Brand/group production and energy assets are not transferred into this entity record.; onsite_integration_score: Own PV/battery/microgrid/load-management use case and actual integration; supplier green power and customer applications are not own deployment. German Menden entity versus foreign Yixing holders/sites: production/assets/staff/energy attribution unresolved. ISO9001 body2026-2029 despite old filename, not German energy certification. Continuation2026-10-08: German entity versus foreign manufacturing-site attribution remains unresolved. Brand/group production and energy assets are not transferred into this entity record.",1.1.0
262,62,P87|observed_transition_gap,P87,Ceramany GmbH,NUMERIC_CODING,CODE_DIMENSION,observed_transition_gap,measures_gap_score | management_gap_score | targets_gap_score | investment_gap_score,measures_gap_score | management_gap_score | targets_gap_score | investment_gap_score,4,measures_gap_score | management_gap_score | targets_gap_score | investment_gap_score,measures_gap_score | management_gap_score | targets_gap_score | investment_gap_score,NEEDS_RESEARCH=4,RESEARCH_NEEDED,P2,B,B,5,PASS,PENDING,NEEDS_NUMERIC_CODING,,"Eligibility, process mapping and certificate gates pass. Canonical numeric anchors remain uncoded; proposal state is tracked separately and never mutates canonical values.","Research the unresolved score evidence before proposing an anchor: measures_gap_score: Current concrete plant energy-transition measures or adequate confirmed inventory; general sustainability, certification, customer products and historical pilots do not establish current deployment or absence. German Menden entity versus foreign Yixing holders/sites: production/assets/staff/energy attribution unresolved. ISO9001 body2026-2029 despite old filename, not German energy certification. Continuation2026-10-08: German entity versus foreign manufacturing-site attribution remains unresolved. Brand/group production and energy assets are not transferred into this entity record.; management_gap_score: Current verified site EnMS/environmental system or bounded claim; ISO9001, an inaccessible/staging certificate page and missing evidence are not certified mature EnMS. German Menden entity versus foreign Yixing holders/sites: production/assets/staff/energy attribution unresolved. ISO9001 body2026-2029 despite old filename, not German energy certification. Continuation2026-10-08: German entity versus foreign manufacturing-site attribution remains unresolved. Brand/group production and energy assets are not transferred into this entity record.; targets_gap_score: Current attributed energy/decarbonisation target or bounded public-documentation ambition; historical/staging claims require current confirmation. German Menden entity versus foreign Yixing holders/sites: production/assets/staff/energy attribution unresolved. ISO9001 body2026-2029 despite old filename, not German energy certification. Continuation2026-10-08: German entity versus foreign manufacturing-site attribution remains unresolved. Brand/group production and energy assets are not transferred into this entity record.; investment_gap_score: Dated completed energy-transition investment within2021-10-07 to2026-10-07; old projects, certificate renewal, crawl dates and undifferentiated capacity/wastewater expansion are insufficient. German Menden entity versus foreign Yixing holders/sites: production/assets/staff/energy attribution unresolved. ISO9001 body2026-2029 despite old filename, not German energy certification. Continuation2026-10-08: German entity versus foreign manufacturing-site attribution remains unresolved. Brand/group production and energy assets are not transferred into this entity record.",1.1.0
263,63,P91|process_electrification_potential,P91,Brauerei S. Riegele Inh. Riegele KG,NUMERIC_CODING,CODE_DIMENSION,process_electrification_potential,temperature_fit_score | process_electrification_score | fossil_heat_displacement_score,temperature_fit_score | process_electrification_score | fossil_heat_displacement_score,3,temperature_fit_score | process_electrification_score | fossil_heat_displacement_score,temperature_fit_score | process_electrification_score,CHECKED=1 | NEEDS_RESEARCH=2,RESEARCH_NEEDED,P2,B,B,5,PASS,PENDING,NEEDS_NUMERIC_CODING,,"Eligibility, process mapping and certificate gates pass. Canonical numeric anchors remain uncoded; proposal state is tracked separately and never mutates canonical values.","Research the unresolved score evidence before proposing an anchor: temperature_fit_score: Actual process-heating temperatures and supported electric-heat fit, rather than part dimensions, cold maturation, material/customer ratings or historical boiler baselines. Statement2025/data2024 signed2025-12-17 plus current EMASlist; actual2023forklift/2025PV, plans2026/2027not done;4.3MWh boiler Leistung unit inconsistent, not MW repaired. Continuation2026-10-08: EMAS refrigeration/maturation temperatures are not hot-process temperatures. Boiler heat recovery and product tanks do not establish separately usable thermal storage or admissible load shifts.; process_electrification_score: Named own actual/planned electric thermal route; electrochemical coating, generic production or customer energy applications alone do not establish electric process heat. Statement2025/data2024 signed2025-12-17 plus current EMASlist; actual2023forklift/2025PV, plans2026/2027not done;4.3MWh boiler Leistung unit inconsistent, not MW repaired. Continuation2026-10-08: EMAS refrigeration/maturation temperatures are not hot-process temperatures. Boiler heat recovery and product tanks do not establish separately usable thermal storage or admissible load shifts.",1.1.0
264,63,P91|power_electronics_relevance,P91,Brauerei S. Riegele Inh. Riegele KG,NUMERIC_CODING,CODE_DIMENSION,power_electronics_relevance,motor_drive_score | power_conversion_score | automation_control_score,motor_drive_score | power_conversion_score | automation_control_score,3,motor_drive_score | power_conversion_score | automation_control_score,,CHECKED=3,CHECKED,P2,B,B,5,PASS,PENDING,NEEDS_NUMERIC_CODING,,"Eligibility, process mapping and certificate gates pass. Canonical numeric anchors remain uncoded; proposal state is tracked separately and never mutates canonical values.",Source and anchor checks are complete. Preserve the checked proposals; final-score approval and canonical scoring remain separate gates.,1.1.0
265,63,P91|load_flexibility_potential,P91,Brauerei S. Riegele Inh. Riegele KG,NUMERIC_CODING,CODE_DIMENSION,load_flexibility_potential,scheduling_flex_score | thermal_storage_flex_score,scheduling_flex_score | thermal_storage_flex_score,2,scheduling_flex_score | thermal_storage_flex_score,scheduling_flex_score | thermal_storage_flex_score,NEEDS_RESEARCH=2,RESEARCH_NEEDED,P2,B,B,5,PASS,PENDING,NEEDS_NUMERIC_CODING,,"Eligibility, process mapping and certificate gates pass. Canonical numeric anchors remain uncoded; proposal state is tracked separately and never mutates canonical values.","Research the unresolved score evidence before proposing an anchor: scheduling_flex_score: Admissible operating/start/interruption windows and actual buffers; product maturation, process cycles or programmable furnace recipes are not dispatch permission. Statement2025/data2024 signed2025-12-17 plus current EMASlist; actual2023forklift/2025PV, plans2026/2027not done;4.3MWh boiler Leistung unit inconsistent, not MW repaired. Continuation2026-10-08: EMAS refrigeration/maturation temperatures are not hot-process temperatures. Boiler heat recovery and product tanks do not establish separately usable thermal storage or admissible load shifts.; thermal_storage_flex_score: Named own usable heat/cold store or validated thermal inertia with operating window; cooling, absorption chilling, production tanks and glass melt mass alone do not establish storage. Statement2025/data2024 signed2025-12-17 plus current EMASlist; actual2023forklift/2025PV, plans2026/2027not done;4.3MWh boiler Leistung unit inconsistent, not MW repaired. Continuation2026-10-08: EMAS refrigeration/maturation temperatures are not hot-process temperatures. Boiler heat recovery and product tanks do not establish separately usable thermal storage or admissible load shifts.",1.1.0
266,63,P91|grid_power_quality_relevance,P91,Brauerei S. Riegele Inh. Riegele KG,NUMERIC_CODING,CODE_DIMENSION,grid_power_quality_relevance,incremental_load_score | power_quality_score | onsite_integration_score,incremental_load_score | power_quality_score | onsite_integration_score,3,incremental_load_score | power_quality_score | onsite_integration_score,incremental_load_score,CHECKED=2 | NEEDS_RESEARCH=1,RESEARCH_NEEDED,P2,B,B,5,PASS,PENDING,NEEDS_NUMERIC_CODING,,"Eligibility, process mapping and certificate gates pass. Canonical numeric anchors remain uncoded; proposal state is tracked separately and never mutates canonical values.","Research the unresolved score evidence before proposing an anchor: incremental_load_score: Defined additional thermal electrification route and ordinal new-load materiality; existing electric assets, PV expansion and EV charging are not an additional heat-route load. Statement2025/data2024 signed2025-12-17 plus current EMASlist; actual2023forklift/2025PV, plans2026/2027not done;4.3MWh boiler Leistung unit inconsistent, not MW repaired. Continuation2026-10-08: EMAS refrigeration/maturation temperatures are not hot-process temperatures. Boiler heat recovery and product tanks do not establish separately usable thermal storage or admissible load shifts.",1.1.0
267,63,P91|observed_transition_gap,P91,Brauerei S. Riegele Inh. Riegele KG,NUMERIC_CODING,CODE_DIMENSION,observed_transition_gap,measures_gap_score | management_gap_score | targets_gap_score | investment_gap_score,measures_gap_score | management_gap_score | targets_gap_score | investment_gap_score,4,measures_gap_score | management_gap_score | targets_gap_score | investment_gap_score,,CHECKED=4,CHECKED,P2,B,B,5,PASS,PENDING,NEEDS_NUMERIC_CODING,,"Eligibility, process mapping and certificate gates pass. Canonical numeric anchors remain uncoded; proposal state is tracked separately and never mutates canonical values.",Source and anchor checks are complete. Preserve the checked proposals; final-score approval and canonical scoring remain separate gates.,1.1.0
268,64,P105|process_electrification_potential,P105,Dresdner Silber und Metallveredlung GmbH,NUMERIC_CODING,CODE_DIMENSION,process_electrification_potential,temperature_fit_score | process_electrification_score | fossil_heat_displacement_score,temperature_fit_score | process_electrification_score | fossil_heat_displacement_score,3,temperature_fit_score | process_electrification_score | fossil_heat_displacement_score,temperature_fit_score | process_electrification_score | fossil_heat_displacement_score,NEEDS_RESEARCH=3,RESEARCH_NEEDED,P2,B,B,5,PASS,PENDING,NEEDS_NUMERIC_CODING,,"Eligibility, process mapping and certificate gates pass. Canonical numeric anchors remain uncoded; proposal state is tracked separately and never mutates canonical values.","Research the unresolved score evidence before proposing an anchor: temperature_fit_score: Owned process operating temperatures and actual heat/cold duties; separate product ratings and room heating. Continuation2026-10-08: Own automated treatment line retained. Funding for e-invoicing/data capture is not an energy-transition project; failed chamber article does not prove absence of measures.; process_electrification_score: Named owned thermal route, current heat carrier and feasible remaining substitution case; separate electric drives and room heat. Continuation2026-10-08: Own automated treatment line retained. Funding for e-invoicing/data capture is not an energy-transition project; failed chamber article does not prove absence of measures.; fossil_heat_displacement_score: Current company/site process heat carrier mix and attributable fossil thermal duty. No public evidence is not zero fossil heat. Continuation2026-10-08: Own automated treatment line retained. Funding for e-invoicing/data capture is not an energy-transition project; failed chamber article does not prove absence of measures.",1.1.0
269,64,P105|power_electronics_relevance,P105,Dresdner Silber und Metallveredlung GmbH,NUMERIC_CODING,CODE_DIMENSION,power_electronics_relevance,motor_drive_score | power_conversion_score | automation_control_score,motor_drive_score | power_conversion_score | automation_control_score,3,motor_drive_score | power_conversion_score | automation_control_score,,CHECKED=3,CHECKED,P2,B,B,5,PASS,PENDING,NEEDS_NUMERIC_CODING,,"Eligibility, process mapping and certificate gates pass. Canonical numeric anchors remain uncoded; proposal state is tracked separately and never mutates canonical values.",Source and anchor checks are complete. Preserve the checked proposals; final-score approval and canonical scoring remain separate gates.,1.1.0
270,64,P105|load_flexibility_potential,P105,Dresdner Silber und Metallveredlung GmbH,NUMERIC_CODING,CODE_DIMENSION,load_flexibility_potential,scheduling_flex_score | thermal_storage_flex_score,scheduling_flex_score | thermal_storage_flex_score,2,scheduling_flex_score | thermal_storage_flex_score,scheduling_flex_score | thermal_storage_flex_score,NEEDS_RESEARCH=2,RESEARCH_NEEDED,P2,B,B,5,PASS,PENDING,NEEDS_NUMERIC_CODING,,"Eligibility, process mapping and certificate gates pass. Canonical numeric anchors remain uncoded; proposal state is tracked separately and never mutates canonical values.","Research the unresolved score evidence before proposing an anchor: scheduling_flex_score: Permitted timing shifts, quality/cooling/order constraints and spare capacity. Batch/24h operation alone not flexibility permission. Continuation2026-10-08: Own automated treatment line retained. Funding for e-invoicing/data capture is not an energy-transition project; failed chamber article does not prove absence of measures.; thermal_storage_flex_score: Actual useful heat/cold buffer capacity, temperature, connection and timing freedom; thermal mass, room heat and electrical batteries not sufficient. Continuation2026-10-08: Own automated treatment line retained. Funding for e-invoicing/data capture is not an energy-transition project; failed chamber article does not prove absence of measures.",1.1.0
271,64,P105|grid_power_quality_relevance,P105,Dresdner Silber und Metallveredlung GmbH,NUMERIC_CODING,CODE_DIMENSION,grid_power_quality_relevance,incremental_load_score | power_quality_score | onsite_integration_score,incremental_load_score | power_quality_score | onsite_integration_score,3,incremental_load_score | power_quality_score | onsite_integration_score,incremental_load_score | onsite_integration_score,CHECKED=1 | NEEDS_RESEARCH=2,RESEARCH_NEEDED,P2,B,B,5,PASS,PENDING,NEEDS_NUMERIC_CODING,,"Eligibility, process mapping and certificate gates pass. Canonical numeric anchors remain uncoded; proposal state is tracked separately and never mutates canonical values.","Research the unresolved score evidence before proposing an anchor: incremental_load_score: Owned feasible thermal substitution case and baseline remaining thermal duty; no grid capacity or kW inferred. Continuation2026-10-08: Own automated treatment line retained. Funding for e-invoicing/data capture is not an energy-transition project; failed chamber article does not prove absence of measures.; onsite_integration_score: Owned electricity generation/storage/load-management topology; mechanical hydropower, purchased renewables or group assets not inherited. Continuation2026-10-08: Own automated treatment line retained. Funding for e-invoicing/data capture is not an energy-transition project; failed chamber article does not prove absence of measures.",1.1.0
272,64,P105|observed_transition_gap,P105,Dresdner Silber und Metallveredlung GmbH,NUMERIC_CODING,CODE_DIMENSION,observed_transition_gap,measures_gap_score | management_gap_score | targets_gap_score | investment_gap_score,measures_gap_score | management_gap_score | targets_gap_score | investment_gap_score,4,measures_gap_score | management_gap_score | targets_gap_score | investment_gap_score,measures_gap_score | targets_gap_score | investment_gap_score,CHECKED=1 | NEEDS_RESEARCH=3,RESEARCH_NEEDED,P2,B,B,5,PASS,PENDING,NEEDS_NUMERIC_CODING,,"Eligibility, process mapping and certificate gates pass. Canonical numeric anchors remain uncoded; proposal state is tracked separately and never mutates canonical values.","Research the unresolved score evidence before proposing an anchor: measures_gap_score: Named current implemented energy measures with exact entity/site/technology scope. Generic efficient/green production and resource recycling not adequate negative-search proof. Continuation2026-10-08: Own automated treatment line retained. Funding for e-invoicing/data capture is not an energy-transition project; failed chamber article does not prove absence of measures.; targets_gap_score: Owned energy/climate target, date, scope and roadmap, or documented sufficient defined search. General quality/resource sustainability not energy target. Continuation2026-10-08: Own automated treatment line retained. Funding for e-invoicing/data capture is not an energy-transition project; failed chamber article does not prove absence of measures.; investment_gap_score: Completed owned energy investments with commissioning dates in 2021-10-07 to 2026-10-07. Operation/report/filename dates, generic annual CAPEX and other group companies not sufficient. Continuation2026-10-08: Own automated treatment line retained. Funding for e-invoicing/data capture is not an energy-transition project; failed chamber article does not prove absence of measures.",1.1.0
273,65,P109|process_electrification_potential,P109,Porzellan Manufaktur Nymphenburg GmbH & Co. KG,NUMERIC_CODING,CODE_DIMENSION,process_electrification_potential,temperature_fit_score | process_electrification_score | fossil_heat_displacement_score,temperature_fit_score | process_electrification_score | fossil_heat_displacement_score,3,temperature_fit_score | process_electrification_score | fossil_heat_displacement_score,fossil_heat_displacement_score,CHECKED=2 | NEEDS_RESEARCH=1,RESEARCH_NEEDED,P2,B,B,5,PASS,PENDING,NEEDS_NUMERIC_CODING,,"Eligibility, process mapping and certificate gates pass. Canonical numeric anchors remain uncoded; proposal state is tracked separately and never mutates canonical values.","Research the unresolved score evidence before proposing an anchor: fossil_heat_displacement_score: Current company/site process heat carrier mix and attributable fossil thermal duty. No public evidence is not zero fossil heat. Continuation2026-10-08: Current imprint names Königliche Porzellan Manufaktur Nymphenburg GmbH&Co.KG, differing from dataset. Mechanical water drives are not electric converters/generation; no entity transfer or new numeric assessment made.",1.1.0
274,65,P109|power_electronics_relevance,P109,Porzellan Manufaktur Nymphenburg GmbH & Co. KG,NUMERIC_CODING,CODE_DIMENSION,power_electronics_relevance,motor_drive_score | power_conversion_score | automation_control_score,motor_drive_score | power_conversion_score | automation_control_score,3,motor_drive_score | power_conversion_score | automation_control_score,motor_drive_score | automation_control_score,CHECKED=1 | NEEDS_RESEARCH=2,RESEARCH_NEEDED,P2,B,B,5,PASS,PENDING,NEEDS_NUMERIC_CODING,,"Eligibility, process mapping and certificate gates pass. Canonical numeric anchors remain uncoded; proposal state is tracked separately and never mutates canonical values.","Research the unresolved score evidence before proposing an anchor: motor_drive_score: Owned electrical motor/compressor inventory, process roles and duty; mechanical drive not automatically electric. Continuation2026-10-08: Current imprint names Königliche Porzellan Manufaktur Nymphenburg GmbH&Co.KG, differing from dataset. Mechanical water drives are not electric converters/generation; no entity transfer or new numeric assessment made.; automation_control_score: Owned process control/monitoring inventory and operational coordination; quality claims not EnMS maturity. Continuation2026-10-08: Current imprint names Königliche Porzellan Manufaktur Nymphenburg GmbH&Co.KG, differing from dataset. Mechanical water drives are not electric converters/generation; no entity transfer or new numeric assessment made.",1.1.0
275,65,P109|load_flexibility_potential,P109,Porzellan Manufaktur Nymphenburg GmbH & Co. KG,NUMERIC_CODING,CODE_DIMENSION,load_flexibility_potential,scheduling_flex_score | thermal_storage_flex_score,scheduling_flex_score | thermal_storage_flex_score,2,scheduling_flex_score | thermal_storage_flex_score,thermal_storage_flex_score,CHECKED=1 | NEEDS_RESEARCH=1,RESEARCH_NEEDED,P2,B,B,5,PASS,PENDING,NEEDS_NUMERIC_CODING,,"Eligibility, process mapping and certificate gates pass. Canonical numeric anchors remain uncoded; proposal state is tracked separately and never mutates canonical values.","Research the unresolved score evidence before proposing an anchor: thermal_storage_flex_score: Actual useful heat/cold buffer capacity, temperature, connection and timing freedom; thermal mass, room heat and electrical batteries not sufficient. Continuation2026-10-08: Current imprint names Königliche Porzellan Manufaktur Nymphenburg GmbH&Co.KG, differing from dataset. Mechanical water drives are not electric converters/generation; no entity transfer or new numeric assessment made.",1.1.0
276,65,P109|grid_power_quality_relevance,P109,Porzellan Manufaktur Nymphenburg GmbH & Co. KG,NUMERIC_CODING,CODE_DIMENSION,grid_power_quality_relevance,incremental_load_score | power_quality_score | onsite_integration_score,incremental_load_score | power_quality_score | onsite_integration_score,3,incremental_load_score | power_quality_score | onsite_integration_score,onsite_integration_score,CHECKED=2 | NEEDS_RESEARCH=1,RESEARCH_NEEDED,P2,B,B,5,PASS,PENDING,NEEDS_NUMERIC_CODING,,"Eligibility, process mapping and certificate gates pass. Canonical numeric anchors remain uncoded; proposal state is tracked separately and never mutates canonical values.","Research the unresolved score evidence before proposing an anchor: onsite_integration_score: Owned electricity generation/storage/load-management topology; mechanical hydropower, purchased renewables or group assets not inherited. Continuation2026-10-08: Current imprint names Königliche Porzellan Manufaktur Nymphenburg GmbH&Co.KG, differing from dataset. Mechanical water drives are not electric converters/generation; no entity transfer or new numeric assessment made.",1.1.0
277,65,P109|observed_transition_gap,P109,Porzellan Manufaktur Nymphenburg GmbH & Co. KG,NUMERIC_CODING,CODE_DIMENSION,observed_transition_gap,measures_gap_score | management_gap_score | targets_gap_score | investment_gap_score,measures_gap_score | management_gap_score | targets_gap_score | investment_gap_score,4,measures_gap_score | management_gap_score | targets_gap_score | investment_gap_score,management_gap_score | investment_gap_score,CHECKED=2 | NEEDS_RESEARCH=2,RESEARCH_NEEDED,P2,B,B,5,PASS,PENDING,NEEDS_NUMERIC_CODING,,"Eligibility, process mapping and certificate gates pass. Canonical numeric anchors remain uncoded; proposal state is tracked separately and never mutates canonical values.","Research the unresolved score evidence before proposing an anchor: management_gap_score: Current direct ISO 50001/14001/EMAS or operational energy-management evidence for exact holder; quality-only and absent public certificate not no-management conclusion. Continuation2026-10-08: Current imprint names Königliche Porzellan Manufaktur Nymphenburg GmbH&Co.KG, differing from dataset. Mechanical water drives are not electric converters/generation; no entity transfer or new numeric assessment made.; investment_gap_score: Completed owned energy investments with commissioning dates in 2021-10-07 to 2026-10-07. Operation/report/filename dates, generic annual CAPEX and other group companies not sufficient. Continuation2026-10-08: Current imprint names Königliche Porzellan Manufaktur Nymphenburg GmbH&Co.KG, differing from dataset. Mechanical water drives are not electric converters/generation; no entity transfer or new numeric assessment made.",1.1.0
278,66,P20|process_electrification_potential,P20,DERIX Glasstudios GmbH & Co. KG,NUMERIC_CODING,CODE_DIMENSION,process_electrification_potential,temperature_fit_score | process_electrification_score | fossil_heat_displacement_score,temperature_fit_score | process_electrification_score | fossil_heat_displacement_score,3,temperature_fit_score | process_electrification_score | fossil_heat_displacement_score,fossil_heat_displacement_score,CHECKED=2 | NEEDS_RESEARCH=1,RESEARCH_NEEDED,P2,B,B,4,PASS,PENDING,NEEDS_NUMERIC_CODING,,"Eligibility, process mapping and certificate gates pass. Canonical numeric anchors remain uncoded; proposal state is tracked separately and never mutates canonical values.","Research the unresolved score evidence before proposing an anchor: fossil_heat_displacement_score: Current energy carrier for the approximately 800 °C hot-forming/firing process Continuation2026-10-08: Owner lists eight furnaces and glassmaking techniques. Furnace dimensions and manual workshop descriptions give no motor duty, energy carrier, grid-interface data or completed energy project.",1.1.0
279,66,P20|power_electronics_relevance,P20,DERIX Glasstudios GmbH & Co. KG,NUMERIC_CODING,CODE_DIMENSION,power_electronics_relevance,motor_drive_score | power_conversion_score | automation_control_score,motor_drive_score | power_conversion_score | automation_control_score,3,motor_drive_score | power_conversion_score | automation_control_score,motor_drive_score | power_conversion_score | automation_control_score,NEEDS_RESEARCH=3,RESEARCH_NEEDED,P2,B,B,4,PASS,PENDING,NEEDS_NUMERIC_CODING,,"Eligibility, process mapping and certificate gates pass. Canonical numeric anchors remain uncoded; proposal state is tracked separately and never mutates canonical values.","Research the unresolved score evidence before proposing an anchor: motor_drive_score: Firm-specific motor/drive applications and their materiality Continuation2026-10-08: Owner lists eight furnaces and glassmaking techniques. Furnace dimensions and manual workshop descriptions give no motor duty, energy carrier, grid-interface data or completed energy project.; power_conversion_score: Kiln electrical topology and any converter/rectifier/controlled-electric-heat applications Continuation2026-10-08: Owner lists eight furnaces and glassmaking techniques. Furnace dimensions and manual workshop descriptions give no motor duty, energy carrier, grid-interface data or completed energy project.; automation_control_score: Firm-specific automation, sensing and coordinated-control evidence Continuation2026-10-08: Owner lists eight furnaces and glassmaking techniques. Furnace dimensions and manual workshop descriptions give no motor duty, energy carrier, grid-interface data or completed energy project.",1.1.0
280,66,P20|load_flexibility_potential,P20,DERIX Glasstudios GmbH & Co. KG,NUMERIC_CODING,CODE_DIMENSION,load_flexibility_potential,scheduling_flex_score | thermal_storage_flex_score,scheduling_flex_score | thermal_storage_flex_score,2,scheduling_flex_score | thermal_storage_flex_score,thermal_storage_flex_score,CHECKED=1 | NEEDS_RESEARCH=1,RESEARCH_NEEDED,P2,B,B,4,PASS,PENDING,NEEDS_NUMERIC_CODING,,"Eligibility, process mapping and certificate gates pass. Canonical numeric anchors remain uncoded; proposal state is tracked separately and never mutates canonical values.","Research the unresolved score evidence before proposing an anchor: thermal_storage_flex_score: Company-specific thermal storage, buffer or evidence-backed usable thermal inertia Continuation2026-10-08: Owner lists eight furnaces and glassmaking techniques. Furnace dimensions and manual workshop descriptions give no motor duty, energy carrier, grid-interface data or completed energy project.",1.1.0
281,66,P20|grid_power_quality_relevance,P20,DERIX Glasstudios GmbH & Co. KG,NUMERIC_CODING,CODE_DIMENSION,grid_power_quality_relevance,incremental_load_score | power_quality_score | onsite_integration_score,incremental_load_score | power_quality_score | onsite_integration_score,3,incremental_load_score | power_quality_score | onsite_integration_score,incremental_load_score | power_quality_score | onsite_integration_score,NEEDS_RESEARCH=3,RESEARCH_NEEDED,P2,B,B,4,PASS,PENDING,NEEDS_NUMERIC_CODING,,"Eligibility, process mapping and certificate gates pass. Canonical numeric anchors remain uncoded; proposal state is tracked separately and never mutates canonical values.","Research the unresolved score evidence before proposing an anchor: incremental_load_score: Current kiln energy carrier and defined electrification pathway sufficient for ordinal incremental-load relevance Continuation2026-10-08: Owner lists eight furnaces and glassmaking techniques. Furnace dimensions and manual workshop descriptions give no motor duty, energy carrier, grid-interface data or completed energy project.; power_quality_score: Firm-specific power-quality, converter-load or electrical peak evidence Continuation2026-10-08: Owner lists eight furnaces and glassmaking techniques. Furnace dimensions and manual workshop descriptions give no motor duty, energy carrier, grid-interface data or completed energy project.; onsite_integration_score: Onsite generation, storage, microgrid or coordinated load-management evidence Continuation2026-10-08: Owner lists eight furnaces and glassmaking techniques. Furnace dimensions and manual workshop descriptions give no motor duty, energy carrier, grid-interface data or completed energy project.",1.1.0
282,66,P20|observed_transition_gap,P20,DERIX Glasstudios GmbH & Co. KG,NUMERIC_CODING,CODE_DIMENSION,observed_transition_gap,measures_gap_score | management_gap_score | targets_gap_score | investment_gap_score,measures_gap_score | management_gap_score | targets_gap_score | investment_gap_score,4,measures_gap_score | management_gap_score | targets_gap_score | investment_gap_score,investment_gap_score,CHECKED=3 | NEEDS_RESEARCH=1,RESEARCH_NEEDED,P2,B,B,4,PASS,PENDING,NEEDS_NUMERIC_CODING,,"Eligibility, process mapping and certificate gates pass. Canonical numeric anchors remain uncoded; proposal state is tracked separately and never mutates canonical values.","Research the unresolved score evidence before proposing an anchor: investment_gap_score: Recent energy-transition investments or a defined negative investment search over the lookback period Continuation2026-10-08: Owner lists eight furnaces and glassmaking techniques. Furnace dimensions and manual workshop descriptions give no motor duty, energy carrier, grid-interface data or completed energy project.",1.1.0
283,67,P21|process_electrification_potential,P21,Privatbrauerei MORITZ FIEGE GmbH & Co. KG,NUMERIC_CODING,CODE_DIMENSION,process_electrification_potential,temperature_fit_score | process_electrification_score | fossil_heat_displacement_score,temperature_fit_score | process_electrification_score | fossil_heat_displacement_score,3,temperature_fit_score | process_electrification_score | fossil_heat_displacement_score,temperature_fit_score | process_electrification_score | fossil_heat_displacement_score,NEEDS_RESEARCH=3,RESEARCH_NEEDED,P2,B,B,4,PASS,PENDING,NEEDS_NUMERIC_CODING,,"Eligibility, process mapping and certificate gates pass. Canonical numeric anchors remain uncoded; proposal state is tracked separately and never mutates canonical values.","Research the unresolved score evidence before proposing an anchor: temperature_fit_score: Source-linked operating temperatures and a firm-specific technology/temperature fit. Continuation2026-10-08: Multi-brewery research describes generic energy options, not this brewery current fuel balance or deployed thermal storage. Own process improvements lack attributable heat duties and dates.; process_electrification_score: Firm-specific electric-heat route beyond general process-steam transition intent. Continuation2026-10-08: Multi-brewery research describes generic energy options, not this brewery current fuel balance or deployed thermal storage. Own process improvements lack attributable heat duties and dates.; fossil_heat_displacement_score: Current fossil energy carrier and significance of fossil process heat at this site. Continuation2026-10-08: Multi-brewery research describes generic energy options, not this brewery current fuel balance or deployed thermal storage. Own process improvements lack attributable heat duties and dates.",1.1.0
284,67,P21|power_electronics_relevance,P21,Privatbrauerei MORITZ FIEGE GmbH & Co. KG,NUMERIC_CODING,CODE_DIMENSION,power_electronics_relevance,motor_drive_score | power_conversion_score | automation_control_score,motor_drive_score | power_conversion_score | automation_control_score,3,motor_drive_score | power_conversion_score | automation_control_score,power_conversion_score | automation_control_score,CHECKED=1 | NEEDS_RESEARCH=2,RESEARCH_NEEDED,P2,B,B,4,PASS,PENDING,NEEDS_NUMERIC_CODING,,"Eligibility, process mapping and certificate gates pass. Canonical numeric anchors remain uncoded; proposal state is tracked separately and never mutates canonical values.","Research the unresolved score evidence before proposing an anchor: power_conversion_score: Firm-specific rectifier/converter/controlled-electric-heat topology and its materiality. Continuation2026-10-08: Multi-brewery research describes generic energy options, not this brewery current fuel balance or deployed thermal storage. Own process improvements lack attributable heat duties and dates.; automation_control_score: Documented process controls beyond compact equipment design or carbon accounting. Continuation2026-10-08: Multi-brewery research describes generic energy options, not this brewery current fuel balance or deployed thermal storage. Own process improvements lack attributable heat duties and dates.",1.1.0
285,67,P21|load_flexibility_potential,P21,Privatbrauerei MORITZ FIEGE GmbH & Co. KG,NUMERIC_CODING,CODE_DIMENSION,load_flexibility_potential,scheduling_flex_score | thermal_storage_flex_score,scheduling_flex_score | thermal_storage_flex_score,2,scheduling_flex_score | thermal_storage_flex_score,scheduling_flex_score | thermal_storage_flex_score,NEEDS_RESEARCH=2,RESEARCH_NEEDED,P2,B,B,4,PASS,PENDING,NEEDS_NUMERIC_CODING,,"Eligibility, process mapping and certificate gates pass. Canonical numeric anchors remain uncoded; proposal state is tracked separately and never mutates canonical values.","Research the unresolved score evidence before proposing an anchor: scheduling_flex_score: Current operating schedule, buffer constraints and usable load-shifting capability. Continuation2026-10-08: Multi-brewery research describes generic energy options, not this brewery current fuel balance or deployed thermal storage. Own process improvements lack attributable heat duties and dates.; thermal_storage_flex_score: Deployed thermal buffer/storage or documented usable thermal inertia, not an intention. Continuation2026-10-08: Multi-brewery research describes generic energy options, not this brewery current fuel balance or deployed thermal storage. Own process improvements lack attributable heat duties and dates.",1.1.0
286,67,P21|grid_power_quality_relevance,P21,Privatbrauerei MORITZ FIEGE GmbH & Co. KG,NUMERIC_CODING,CODE_DIMENSION,grid_power_quality_relevance,incremental_load_score | power_quality_score | onsite_integration_score,incremental_load_score | power_quality_score | onsite_integration_score,3,incremental_load_score | power_quality_score | onsite_integration_score,incremental_load_score | power_quality_score | onsite_integration_score,NEEDS_RESEARCH=3,RESEARCH_NEEDED,P2,B,B,4,PASS,PENDING,NEEDS_NUMERIC_CODING,,"Eligibility, process mapping and certificate gates pass. Canonical numeric anchors remain uncoded; proposal state is tracked separately and never mutates canonical values.","Research the unresolved score evidence before proposing an anchor: incremental_load_score: A current additional electrification route and ordinal incremental-load relevance. Continuation2026-10-08: Multi-brewery research describes generic energy options, not this brewery current fuel balance or deployed thermal storage. Own process improvements lack attributable heat duties and dates.; power_quality_score: Site-specific harmonics, reactive-power or electrical peak-load evidence. Continuation2026-10-08: Multi-brewery research describes generic energy options, not this brewery current fuel balance or deployed thermal storage. Own process improvements lack attributable heat duties and dates.; onsite_integration_score: Site-specific PV, storage or load-management integration evidence. Continuation2026-10-08: Multi-brewery research describes generic energy options, not this brewery current fuel balance or deployed thermal storage. Own process improvements lack attributable heat duties and dates.",1.1.0
287,67,P21|observed_transition_gap,P21,Privatbrauerei MORITZ FIEGE GmbH & Co. KG,NUMERIC_CODING,CODE_DIMENSION,observed_transition_gap,measures_gap_score | management_gap_score | targets_gap_score | investment_gap_score,measures_gap_score | management_gap_score | targets_gap_score | investment_gap_score,4,measures_gap_score | management_gap_score | targets_gap_score | investment_gap_score,investment_gap_score,CHECKED=3 | NEEDS_RESEARCH=1,RESEARCH_NEEDED,P2,B,B,4,PASS,PENDING,NEEDS_NUMERIC_CODING,,"Eligibility, process mapping and certificate gates pass. Canonical numeric anchors remain uncoded; proposal state is tracked separately and never mutates canonical values.","Research the unresolved score evidence before proposing an anchor: investment_gap_score: Dates and scope of qualifying investments within 2021-10-06 to 2026-10-06; historical projects do not close the lookback check. Continuation2026-10-08: Multi-brewery research describes generic energy options, not this brewery current fuel balance or deployed thermal storage. Own process improvements lack attributable heat duties and dates.",1.1.0
288,68,P29|process_electrification_potential,P29,Meckatzer Löwenbräu Benedikt Weiß KG,NUMERIC_CODING,CODE_DIMENSION,process_electrification_potential,temperature_fit_score | process_electrification_score | fossil_heat_displacement_score,temperature_fit_score | process_electrification_score | fossil_heat_displacement_score,3,temperature_fit_score | process_electrification_score | fossil_heat_displacement_score,temperature_fit_score | process_electrification_score,CHECKED=1 | NEEDS_RESEARCH=2,RESEARCH_NEEDED,P2,B,B,4,PASS,PENDING,NEEDS_NUMERIC_CODING,,"Eligibility, process mapping and certificate gates pass. Canonical numeric anchors remain uncoded; proposal state is tracked separately and never mutates canonical values.","Research the unresolved score evidence before proposing an anchor: temperature_fit_score: Actual process-heat temperatures and validated electric-heat fit; 0-deg-C maturation and cold-system ratings do not establish brewing/steam temperature. Continuation2026-10-08: Fresh2026report retrieval timed out in this continuation. Previously inspected report provenance is retained; no new heat-temperature, permissible shift or thermal-store evidence is inferred. Vertiefung 2026-10-08: Aktuellen Brüdenverdichterbetrieb und konkrete thermische Speicher mit Lade-/Entladefenstern prüfen.; process_electrification_score: Currently operating defined thermal electrification route. Legacy vapour compressor is reported defective and replaced by gas steam; current repair/continuity is unverified. Completed ammonia replacement is refrigeration, not proof of process-heat electrification. Continuation2026-10-08: Fresh2026report retrieval timed out in this continuation. Previously inspected report provenance is retained; no new heat-temperature, permissible shift or thermal-store evidence is inferred. Vertiefung 2026-10-08: Aktuellen Brüdenverdichterbetrieb und konkrete thermische Speicher mit Lade-/Entladefenstern prüfen.",1.1.0
289,68,P29|power_electronics_relevance,P29,Meckatzer Löwenbräu Benedikt Weiß KG,NUMERIC_CODING,CODE_DIMENSION,power_electronics_relevance,motor_drive_score | power_conversion_score | automation_control_score,motor_drive_score | power_conversion_score | automation_control_score,3,motor_drive_score | power_conversion_score | automation_control_score,,CHECKED=3,CHECKED,P2,B,B,4,PASS,PENDING,NEEDS_NUMERIC_CODING,,"Eligibility, process mapping and certificate gates pass. Canonical numeric anchors remain uncoded; proposal state is tracked separately and never mutates canonical values.",Source and anchor checks are complete. Preserve the checked proposals; final-score approval and canonical scoring remain separate gates.,1.1.0
290,68,P29|load_flexibility_potential,P29,Meckatzer Löwenbräu Benedikt Weiß KG,NUMERIC_CODING,CODE_DIMENSION,load_flexibility_potential,scheduling_flex_score | thermal_storage_flex_score,scheduling_flex_score | thermal_storage_flex_score,2,scheduling_flex_score | thermal_storage_flex_score,thermal_storage_flex_score,CHECKED=1 | NEEDS_RESEARCH=1,RESEARCH_NEEDED,P2,B,B,4,PASS,PENDING,NEEDS_NUMERIC_CODING,,"Eligibility, process mapping and certificate gates pass. Canonical numeric anchors remain uncoded; proposal state is tracked separately and never mutates canonical values.","Research the unresolved score evidence before proposing an anchor: thermal_storage_flex_score: Actual dispatchable heat/cold buffer and permissible operating window. Glycol cooling, heat recovery and beer maturation tanks alone do not establish thermal storage. Continuation2026-10-08: Fresh2026report retrieval timed out in this continuation. Previously inspected report provenance is retained; no new heat-temperature, permissible shift or thermal-store evidence is inferred. Vertiefung 2026-10-08: Aktuellen Brüdenverdichterbetrieb und konkrete thermische Speicher mit Lade-/Entladefenstern prüfen.",1.1.0
291,68,P29|grid_power_quality_relevance,P29,Meckatzer Löwenbräu Benedikt Weiß KG,NUMERIC_CODING,CODE_DIMENSION,grid_power_quality_relevance,incremental_load_score | power_quality_score | onsite_integration_score,incremental_load_score | power_quality_score | onsite_integration_score,3,incremental_load_score | power_quality_score | onsite_integration_score,incremental_load_score,CHECKED=2 | NEEDS_RESEARCH=1,RESEARCH_NEEDED,P2,B,B,4,PASS,PENDING,NEEDS_NUMERIC_CODING,,"Eligibility, process mapping and certificate gates pass. Canonical numeric anchors remain uncoded; proposal state is tracked separately and never mutates canonical values.","Research the unresolved score evidence before proposing an anchor: incremental_load_score: Defined additional thermal electrification route and incremental-load materiality. Future roadmap and existing loads/heat totals do not establish a commissioned new electrical route. Continuation2026-10-08: Fresh2026report retrieval timed out in this continuation. Previously inspected report provenance is retained; no new heat-temperature, permissible shift or thermal-store evidence is inferred. Vertiefung 2026-10-08: Aktuellen Brüdenverdichterbetrieb und konkrete thermische Speicher mit Lade-/Entladefenstern prüfen.",1.1.0
292,68,P29|observed_transition_gap,P29,Meckatzer Löwenbräu Benedikt Weiß KG,NUMERIC_CODING,CODE_DIMENSION,observed_transition_gap,measures_gap_score | management_gap_score | targets_gap_score | investment_gap_score,measures_gap_score | management_gap_score | targets_gap_score | investment_gap_score,4,measures_gap_score | management_gap_score | targets_gap_score | investment_gap_score,,CHECKED=4,CHECKED,P2,B,B,4,PASS,PENDING,NEEDS_NUMERIC_CODING,,"Eligibility, process mapping and certificate gates pass. Canonical numeric anchors remain uncoded; proposal state is tracked separately and never mutates canonical values.",Source and anchor checks are complete. Preserve the checked proposals; final-score approval and canonical scoring remain separate gates.,1.1.0
293,69,P31|process_electrification_potential,P31,Brauerei Clemens Härle KG,NUMERIC_CODING,CODE_DIMENSION,process_electrification_potential,temperature_fit_score | process_electrification_score | fossil_heat_displacement_score,temperature_fit_score | process_electrification_score | fossil_heat_displacement_score,3,temperature_fit_score | process_electrification_score | fossil_heat_displacement_score,temperature_fit_score | process_electrification_score,CHECKED=1 | NEEDS_RESEARCH=2,RESEARCH_NEEDED,P2,B,B,4,PASS,PENDING,NEEDS_NUMERIC_CODING,,"Eligibility, process mapping and certificate gates pass. Canonical numeric anchors remain uncoded; proposal state is tracked separately and never mutates canonical values.","Research the unresolved score evidence before proposing an anchor: temperature_fit_score: A company-specific electric-heat technology/temperature fit; cold maturation temperatures alone do not establish process-heat electrification fit. Continuation2026-10-08: Existing biomass/biogas/PV facts retained. Cold fermentation temperature is not thermal electrification fit; no additional drive inventory or useful thermal store identified.; process_electrification_score: A firm-specific industrial electric-heat route; efficient cooling, biomass heat and electric logistics do not prove such a route. Continuation2026-10-08: Existing biomass/biogas/PV facts retained. Cold fermentation temperature is not thermal electrification fit; no additional drive inventory or useful thermal store identified.",1.1.0
294,69,P31|power_electronics_relevance,P31,Brauerei Clemens Härle KG,NUMERIC_CODING,CODE_DIMENSION,power_electronics_relevance,motor_drive_score | power_conversion_score | automation_control_score,motor_drive_score | power_conversion_score | automation_control_score,3,motor_drive_score | power_conversion_score | automation_control_score,motor_drive_score | power_conversion_score | automation_control_score,NEEDS_RESEARCH=3,RESEARCH_NEEDED,P2,B,B,4,PASS,PENDING,NEEDS_NUMERIC_CODING,,"Eligibility, process mapping and certificate gates pass. Canonical numeric anchors remain uncoded; proposal state is tracked separately and never mutates canonical values.","Research the unresolved score evidence before proposing an anchor: motor_drive_score: Firm-specific motor/compressor equipment and application intensity, beyond cooled tanks and unspecified refrigeration supply. Continuation2026-10-08: Existing biomass/biogas/PV facts retained. Cold fermentation temperature is not thermal electrification fit; no additional drive inventory or useful thermal store identified.; power_conversion_score: Rectifier/converter/controlled-heat equipment topology and materiality; PV existence alone does not document production conversion equipment. Continuation2026-10-08: Existing biomass/biogas/PV facts retained. Cold fermentation temperature is not thermal electrification fit; no additional drive inventory or useful thermal store identified.; automation_control_score: Firm-specific process automation or control equipment; manual quality checks and climate-framework participation are insufficient. Continuation2026-10-08: Existing biomass/biogas/PV facts retained. Cold fermentation temperature is not thermal electrification fit; no additional drive inventory or useful thermal store identified.",1.1.0
295,69,P31|load_flexibility_potential,P31,Brauerei Clemens Härle KG,NUMERIC_CODING,CODE_DIMENSION,load_flexibility_potential,scheduling_flex_score | thermal_storage_flex_score,scheduling_flex_score | thermal_storage_flex_score,2,scheduling_flex_score | thermal_storage_flex_score,thermal_storage_flex_score,CHECKED=1 | NEEDS_RESEARCH=1,RESEARCH_NEEDED,P2,B,B,4,PASS,PENDING,NEEDS_NUMERIC_CODING,,"Eligibility, process mapping and certificate gates pass. Canonical numeric anchors remain uncoded; proposal state is tracked separately and never mutates canonical values.",Research the unresolved score evidence before proposing an anchor: thermal_storage_flex_score: A controllable heat/cold buffer or documented usable thermal inertia respecting product-quality constraints; maturation duration is not a storage-service proof. Continuation2026-10-08: Existing biomass/biogas/PV facts retained. Cold fermentation temperature is not thermal electrification fit; no additional drive inventory or useful thermal store identified.,1.1.0
296,69,P31|grid_power_quality_relevance,P31,Brauerei Clemens Härle KG,NUMERIC_CODING,CODE_DIMENSION,grid_power_quality_relevance,incremental_load_score | power_quality_score | onsite_integration_score,incremental_load_score | power_quality_score | onsite_integration_score,3,incremental_load_score | power_quality_score | onsite_integration_score,incremental_load_score | power_quality_score,CHECKED=1 | NEEDS_RESEARCH=2,RESEARCH_NEEDED,P2,B,B,4,PASS,PENDING,NEEDS_NUMERIC_CODING,,"Eligibility, process mapping and certificate gates pass. Canonical numeric anchors remain uncoded; proposal state is tracked separately and never mutates canonical values.",Research the unresolved score evidence before proposing an anchor: incremental_load_score: An identified additional industrial electrification route and ordinal incremental-load relevance; EVs do not establish a process-heat route. Continuation2026-10-08: Existing biomass/biogas/PV facts retained. Cold fermentation temperature is not thermal electrification fit; no additional drive inventory or useful thermal store identified.; power_quality_score: Documented harmonic/reactive-power/peak-load signals or relevant electrical topology; renewable supply alone is insufficient. Continuation2026-10-08: Existing biomass/biogas/PV facts retained. Cold fermentation temperature is not thermal electrification fit; no additional drive inventory or useful thermal store identified.,1.1.0
297,69,P31|observed_transition_gap,P31,Brauerei Clemens Härle KG,NUMERIC_CODING,CODE_DIMENSION,observed_transition_gap,measures_gap_score | management_gap_score | targets_gap_score | investment_gap_score,measures_gap_score | management_gap_score | targets_gap_score | investment_gap_score,4,measures_gap_score | management_gap_score | targets_gap_score | investment_gap_score,,CHECKED=4,CHECKED,P2,B,B,4,PASS,PENDING,NEEDS_NUMERIC_CODING,,"Eligibility, process mapping and certificate gates pass. Canonical numeric anchors remain uncoded; proposal state is tracked separately and never mutates canonical values.",Source and anchor checks are complete. Preserve the checked proposals; final-score approval and canonical scoring remain separate gates.,1.1.0
298,70,P51|process_electrification_potential,P51,Distelhäuser Brauerei Ernst Bauer GmbH & Co. KG,NUMERIC_CODING,CODE_DIMENSION,process_electrification_potential,temperature_fit_score | process_electrification_score | fossil_heat_displacement_score,temperature_fit_score | process_electrification_score | fossil_heat_displacement_score,3,temperature_fit_score | process_electrification_score | fossil_heat_displacement_score,temperature_fit_score | process_electrification_score | fossil_heat_displacement_score,NEEDS_RESEARCH=3,RESEARCH_NEEDED,P2,B,B,4,PASS,PENDING,NEEDS_NUMERIC_CODING,,"Eligibility, process mapping and certificate gates pass. Canonical numeric anchors remain uncoded; proposal state is tracked separately and never mutates canonical values.","Research the unresolved score evidence before proposing an anchor: temperature_fit_score: Actual process-heating temperatures and supported electric-heat fit, rather than part dimensions, cold maturation, material/customer ratings or historical boiler baselines. Owned0 C maturation/heat recovery;2022 certification claim has no verified current validity. Continuation2026-10-08: Cold fermentation/storage describes products, not hot-process temperatures or dispatchable storage. Generic automation history does not establish named current energy control.; process_electrification_score: Named own actual/planned electric thermal route; electrochemical coating, generic production or customer energy applications alone do not establish electric process heat. Owned0 C maturation/heat recovery;2022 certification claim has no verified current validity. Continuation2026-10-08: Cold fermentation/storage describes products, not hot-process temperatures or dispatchable storage. Generic automation history does not establish named current energy control.; fossil_heat_displacement_score: Actual current fossil thermal carrier, centrality and displacement materiality; unspecified CHP/ovens and historic gas baselines do not establish remaining fuel mix. Owned0 C maturation/heat recovery;2022 certification claim has no verified current validity. Continuation2026-10-08: Cold fermentation/storage describes products, not hot-process temperatures or dispatchable storage. Generic automation history does not establish named current energy control.",1.1.0
299,70,P51|power_electronics_relevance,P51,Distelhäuser Brauerei Ernst Bauer GmbH & Co. KG,NUMERIC_CODING,CODE_DIMENSION,power_electronics_relevance,motor_drive_score | power_conversion_score | automation_control_score,motor_drive_score | power_conversion_score | automation_control_score,3,motor_drive_score | power_conversion_score | automation_control_score,motor_drive_score | power_conversion_score,CHECKED=1 | NEEDS_RESEARCH=2,RESEARCH_NEEDED,P2,B,B,4,PASS,PENDING,NEEDS_NUMERIC_CODING,,"Eligibility, process mapping and certificate gates pass. Canonical numeric anchors remain uncoded; proposal state is tracked separately and never mutates canonical values.","Research the unresolved score evidence before proposing an anchor: motor_drive_score: Named current owned motor/pump/compressor/drive applications and their materiality; production sector and historical steam/ice machines alone are insufficient. Owned0 C maturation/heat recovery;2022 certification claim has no verified current validity. Continuation2026-10-08: Cold fermentation/storage describes products, not hot-process temperatures or dispatchable storage. Generic automation history does not establish named current energy control.; power_conversion_score: Named current own material rectifier/converter/controlled-heat use case; customer product applications, AC charging sockets and unspecified machine carriers are insufficient. Owned0 C maturation/heat recovery;2022 certification claim has no verified current validity. Continuation2026-10-08: Cold fermentation/storage describes products, not hot-process temperatures or dispatchable storage. Generic automation history does not establish named current energy control.",1.1.0
300,70,P51|load_flexibility_potential,P51,Distelhäuser Brauerei Ernst Bauer GmbH & Co. KG,NUMERIC_CODING,CODE_DIMENSION,load_flexibility_potential,scheduling_flex_score | thermal_storage_flex_score,scheduling_flex_score | thermal_storage_flex_score,2,scheduling_flex_score | thermal_storage_flex_score,scheduling_flex_score | thermal_storage_flex_score,NEEDS_RESEARCH=2,RESEARCH_NEEDED,P2,B,B,4,PASS,PENDING,NEEDS_NUMERIC_CODING,,"Eligibility, process mapping and certificate gates pass. Canonical numeric anchors remain uncoded; proposal state is tracked separately and never mutates canonical values.","Research the unresolved score evidence before proposing an anchor: scheduling_flex_score: Admissible operating/start/interruption windows and actual buffers; product maturation, process cycles or programmable furnace recipes are not dispatch permission. Owned0 C maturation/heat recovery;2022 certification claim has no verified current validity. Continuation2026-10-08: Cold fermentation/storage describes products, not hot-process temperatures or dispatchable storage. Generic automation history does not establish named current energy control.; thermal_storage_flex_score: Named own usable heat/cold store or validated thermal inertia with operating window; cooling, absorption chilling, production tanks and glass melt mass alone do not establish storage. Owned0 C maturation/heat recovery;2022 certification claim has no verified current validity. Continuation2026-10-08: Cold fermentation/storage describes products, not hot-process temperatures or dispatchable storage. Generic automation history does not establish named current energy control.",1.1.0
301,70,P51|grid_power_quality_relevance,P51,Distelhäuser Brauerei Ernst Bauer GmbH & Co. KG,NUMERIC_CODING,CODE_DIMENSION,grid_power_quality_relevance,incremental_load_score | power_quality_score | onsite_integration_score,incremental_load_score | power_quality_score | onsite_integration_score,3,incremental_load_score | power_quality_score | onsite_integration_score,incremental_load_score | power_quality_score | onsite_integration_score,NEEDS_RESEARCH=3,RESEARCH_NEEDED,P2,B,B,4,PASS,PENDING,NEEDS_NUMERIC_CODING,,"Eligibility, process mapping and certificate gates pass. Canonical numeric anchors remain uncoded; proposal state is tracked separately and never mutates canonical values.","Research the unresolved score evidence before proposing an anchor: incremental_load_score: Defined additional thermal electrification route and ordinal new-load materiality; existing electric assets, PV expansion and EV charging are not an additional heat-route load. Owned0 C maturation/heat recovery;2022 certification claim has no verified current validity. Continuation2026-10-08: Cold fermentation/storage describes products, not hot-process temperatures or dispatchable storage. Generic automation history does not establish named current energy control.; power_quality_score: Current firm-specific converter/peak/reactive-power signals; grid connection or a transformer alone is not a measured power-quality issue. Owned0 C maturation/heat recovery;2022 certification claim has no verified current validity. Continuation2026-10-08: Cold fermentation/storage describes products, not hot-process temperatures or dispatchable storage. Generic automation history does not establish named current energy control.; onsite_integration_score: Own PV/battery/microgrid/load-management use case and actual integration; supplier green power and customer applications are not own deployment. Owned0 C maturation/heat recovery;2022 certification claim has no verified current validity. Continuation2026-10-08: Cold fermentation/storage describes products, not hot-process temperatures or dispatchable storage. Generic automation history does not establish named current energy control.",1.1.0
302,70,P51|observed_transition_gap,P51,Distelhäuser Brauerei Ernst Bauer GmbH & Co. KG,NUMERIC_CODING,CODE_DIMENSION,observed_transition_gap,measures_gap_score | management_gap_score | targets_gap_score | investment_gap_score,measures_gap_score | management_gap_score | targets_gap_score | investment_gap_score,4,measures_gap_score | management_gap_score | targets_gap_score | investment_gap_score,investment_gap_score,CHECKED=3 | NEEDS_RESEARCH=1,RESEARCH_NEEDED,P2,B,B,4,PASS,PENDING,NEEDS_NUMERIC_CODING,,"Eligibility, process mapping and certificate gates pass. Canonical numeric anchors remain uncoded; proposal state is tracked separately and never mutates canonical values.","Research the unresolved score evidence before proposing an anchor: investment_gap_score: Dated completed energy-transition investment within2021-10-07 to2026-10-07; old projects, certificate renewal, crawl dates and undifferentiated capacity/wastewater expansion are insufficient. Owned0 C maturation/heat recovery;2022 certification claim has no verified current validity. Continuation2026-10-08: Cold fermentation/storage describes products, not hot-process temperatures or dispatchable storage. Generic automation history does not establish named current energy control.",1.1.0
303,71,P52|process_electrification_potential,P52,Glauner GmbH,NUMERIC_CODING,CODE_DIMENSION,process_electrification_potential,temperature_fit_score | process_electrification_score | fossil_heat_displacement_score,temperature_fit_score | process_electrification_score | fossil_heat_displacement_score,3,temperature_fit_score | process_electrification_score | fossil_heat_displacement_score,temperature_fit_score | process_electrification_score | fossil_heat_displacement_score,NEEDS_RESEARCH=3,RESEARCH_NEEDED,P2,B,B,4,PASS,PENDING,NEEDS_NUMERIC_CODING,,"Eligibility, process mapping and certificate gates pass. Canonical numeric anchors remain uncoded; proposal state is tracked separately and never mutates canonical values.","Research the unresolved score evidence before proposing an anchor: temperature_fit_score: Actual process-heating temperatures and supported electric-heat fit, rather than part dimensions, cold maturation, material/customer ratings or historical boiler baselines. Recovered raw-material page and historical1893/1895/1925 machines do not replace broken environmental page or current assets. Continuation2026-10-08: Registered substantive site retrievals timed out. Failure is recorded as an access limitation; deployment absence and zero values are not inferred.; process_electrification_score: Named own actual/planned electric thermal route; electrochemical coating, generic production or customer energy applications alone do not establish electric process heat. Recovered raw-material page and historical1893/1895/1925 machines do not replace broken environmental page or current assets. Continuation2026-10-08: Registered substantive site retrievals timed out. Failure is recorded as an access limitation; deployment absence and zero values are not inferred.; fossil_heat_displacement_score: Actual current fossil thermal carrier, centrality and displacement materiality; unspecified CHP/ovens and historic gas baselines do not establish remaining fuel mix. Recovered raw-material page and historical1893/1895/1925 machines do not replace broken environmental page or current assets. Continuation2026-10-08: Registered substantive site retrievals timed out. Failure is recorded as an access limitation; deployment absence and zero values are not inferred.",1.1.0
304,71,P52|power_electronics_relevance,P52,Glauner GmbH,NUMERIC_CODING,CODE_DIMENSION,power_electronics_relevance,motor_drive_score | power_conversion_score | automation_control_score,motor_drive_score | power_conversion_score | automation_control_score,3,motor_drive_score | power_conversion_score | automation_control_score,motor_drive_score | power_conversion_score | automation_control_score,NEEDS_RESEARCH=3,RESEARCH_NEEDED,P2,B,B,4,PASS,PENDING,NEEDS_NUMERIC_CODING,,"Eligibility, process mapping and certificate gates pass. Canonical numeric anchors remain uncoded; proposal state is tracked separately and never mutates canonical values.","Research the unresolved score evidence before proposing an anchor: motor_drive_score: Named current owned motor/pump/compressor/drive applications and their materiality; production sector and historical steam/ice machines alone are insufficient. Recovered raw-material page and historical1893/1895/1925 machines do not replace broken environmental page or current assets. Continuation2026-10-08: Registered substantive site retrievals timed out. Failure is recorded as an access limitation; deployment absence and zero values are not inferred.; power_conversion_score: Named current own material rectifier/converter/controlled-heat use case; customer product applications, AC charging sockets and unspecified machine carriers are insufficient. Recovered raw-material page and historical1893/1895/1925 machines do not replace broken environmental page or current assets. Continuation2026-10-08: Registered substantive site retrievals timed out. Failure is recorded as an access limitation; deployment absence and zero values are not inferred.; automation_control_score: Actual current owned sensing/control applications and coordination; generic modernity or staging-site claims need corroboration. Recovered raw-material page and historical1893/1895/1925 machines do not replace broken environmental page or current assets. Continuation2026-10-08: Registered substantive site retrievals timed out. Failure is recorded as an access limitation; deployment absence and zero values are not inferred.",1.1.0
305,71,P52|load_flexibility_potential,P52,Glauner GmbH,NUMERIC_CODING,CODE_DIMENSION,load_flexibility_potential,scheduling_flex_score | thermal_storage_flex_score,scheduling_flex_score | thermal_storage_flex_score,2,scheduling_flex_score | thermal_storage_flex_score,scheduling_flex_score | thermal_storage_flex_score,NEEDS_RESEARCH=2,RESEARCH_NEEDED,P2,B,B,4,PASS,PENDING,NEEDS_NUMERIC_CODING,,"Eligibility, process mapping and certificate gates pass. Canonical numeric anchors remain uncoded; proposal state is tracked separately and never mutates canonical values.","Research the unresolved score evidence before proposing an anchor: scheduling_flex_score: Admissible operating/start/interruption windows and actual buffers; product maturation, process cycles or programmable furnace recipes are not dispatch permission. Recovered raw-material page and historical1893/1895/1925 machines do not replace broken environmental page or current assets. Continuation2026-10-08: Registered substantive site retrievals timed out. Failure is recorded as an access limitation; deployment absence and zero values are not inferred.; thermal_storage_flex_score: Named own usable heat/cold store or validated thermal inertia with operating window; cooling, absorption chilling, production tanks and glass melt mass alone do not establish storage. Recovered raw-material page and historical1893/1895/1925 machines do not replace broken environmental page or current assets. Continuation2026-10-08: Registered substantive site retrievals timed out. Failure is recorded as an access limitation; deployment absence and zero values are not inferred.",1.1.0
306,71,P52|grid_power_quality_relevance,P52,Glauner GmbH,NUMERIC_CODING,CODE_DIMENSION,grid_power_quality_relevance,incremental_load_score | power_quality_score | onsite_integration_score,incremental_load_score | power_quality_score | onsite_integration_score,3,incremental_load_score | power_quality_score | onsite_integration_score,incremental_load_score | power_quality_score | onsite_integration_score,NEEDS_RESEARCH=3,RESEARCH_NEEDED,P2,B,B,4,PASS,PENDING,NEEDS_NUMERIC_CODING,,"Eligibility, process mapping and certificate gates pass. Canonical numeric anchors remain uncoded; proposal state is tracked separately and never mutates canonical values.","Research the unresolved score evidence before proposing an anchor: incremental_load_score: Defined additional thermal electrification route and ordinal new-load materiality; existing electric assets, PV expansion and EV charging are not an additional heat-route load. Recovered raw-material page and historical1893/1895/1925 machines do not replace broken environmental page or current assets. Continuation2026-10-08: Registered substantive site retrievals timed out. Failure is recorded as an access limitation; deployment absence and zero values are not inferred.; power_quality_score: Current firm-specific converter/peak/reactive-power signals; grid connection or a transformer alone is not a measured power-quality issue. Recovered raw-material page and historical1893/1895/1925 machines do not replace broken environmental page or current assets. Continuation2026-10-08: Registered substantive site retrievals timed out. Failure is recorded as an access limitation; deployment absence and zero values are not inferred.; onsite_integration_score: Own PV/battery/microgrid/load-management use case and actual integration; supplier green power and customer applications are not own deployment. Recovered raw-material page and historical1893/1895/1925 machines do not replace broken environmental page or current assets. Continuation2026-10-08: Registered substantive site retrievals timed out. Failure is recorded as an access limitation; deployment absence and zero values are not inferred.",1.1.0
307,71,P52|observed_transition_gap,P52,Glauner GmbH,NUMERIC_CODING,CODE_DIMENSION,observed_transition_gap,measures_gap_score | management_gap_score | targets_gap_score | investment_gap_score,measures_gap_score | management_gap_score | targets_gap_score | investment_gap_score,4,measures_gap_score | management_gap_score | targets_gap_score | investment_gap_score,measures_gap_score | management_gap_score | investment_gap_score,CHECKED=1 | NEEDS_RESEARCH=3,RESEARCH_NEEDED,P2,B,B,4,PASS,PENDING,NEEDS_NUMERIC_CODING,,"Eligibility, process mapping and certificate gates pass. Canonical numeric anchors remain uncoded; proposal state is tracked separately and never mutates canonical values.","Research the unresolved score evidence before proposing an anchor: measures_gap_score: Current concrete plant energy-transition measures or adequate confirmed inventory; general sustainability, certification, customer products and historical pilots do not establish current deployment or absence. Recovered raw-material page and historical1893/1895/1925 machines do not replace broken environmental page or current assets. Continuation2026-10-08: Registered substantive site retrievals timed out. Failure is recorded as an access limitation; deployment absence and zero values are not inferred.; management_gap_score: Current verified site EnMS/environmental system or bounded claim; ISO9001, an inaccessible/staging certificate page and missing evidence are not certified mature EnMS. Recovered raw-material page and historical1893/1895/1925 machines do not replace broken environmental page or current assets. Continuation2026-10-08: Registered substantive site retrievals timed out. Failure is recorded as an access limitation; deployment absence and zero values are not inferred.; investment_gap_score: Dated completed energy-transition investment within2021-10-07 to2026-10-07; old projects, certificate renewal, crawl dates and undifferentiated capacity/wastewater expansion are insufficient. Recovered raw-material page and historical1893/1895/1925 machines do not replace broken environmental page or current assets. Continuation2026-10-08: Registered substantive site retrievals timed out. Failure is recorded as an access limitation; deployment absence and zero values are not inferred.",1.1.0
308,72,P54|process_electrification_potential,P54,Privatbrauerei Waldhaus Joh. Schmid GmbH,NUMERIC_CODING,CODE_DIMENSION,process_electrification_potential,temperature_fit_score | process_electrification_score | fossil_heat_displacement_score,temperature_fit_score | process_electrification_score | fossil_heat_displacement_score,3,temperature_fit_score | process_electrification_score | fossil_heat_displacement_score,temperature_fit_score | process_electrification_score | fossil_heat_displacement_score,NEEDS_RESEARCH=3,RESEARCH_NEEDED,P2,B,B,4,PASS,PENDING,NEEDS_NUMERIC_CODING,,"Eligibility, process mapping and certificate gates pass. Canonical numeric anchors remain uncoded; proposal state is tracked separately and never mutates canonical values.","Research the unresolved score evidence before proposing an anchor: temperature_fit_score: Actual process-heating temperatures and supported electric-heat fit, rather than part dimensions, cold maturation, material/customer ratings or historical boiler baselines. 2017 PV458.4 kWp,75% of PV generation self-used, not75% site demand; outside investment lookback. Continuation2026-10-08: Owner2017PV predates lookback. Purchased hydroelectricity is not owned generation; a failed newer heat/cooling press URL supplies no body proof.; process_electrification_score: Named own actual/planned electric thermal route; electrochemical coating, generic production or customer energy applications alone do not establish electric process heat. 2017 PV458.4 kWp,75% of PV generation self-used, not75% site demand; outside investment lookback. Continuation2026-10-08: Owner2017PV predates lookback. Purchased hydroelectricity is not owned generation; a failed newer heat/cooling press URL supplies no body proof.; fossil_heat_displacement_score: Actual current fossil thermal carrier, centrality and displacement materiality; unspecified CHP/ovens and historic gas baselines do not establish remaining fuel mix. 2017 PV458.4 kWp,75% of PV generation self-used, not75% site demand; outside investment lookback. Continuation2026-10-08: Owner2017PV predates lookback. Purchased hydroelectricity is not owned generation; a failed newer heat/cooling press URL supplies no body proof.",1.1.0
309,72,P54|power_electronics_relevance,P54,Privatbrauerei Waldhaus Joh. Schmid GmbH,NUMERIC_CODING,CODE_DIMENSION,power_electronics_relevance,motor_drive_score | power_conversion_score | automation_control_score,motor_drive_score | power_conversion_score | automation_control_score,3,motor_drive_score | power_conversion_score | automation_control_score,motor_drive_score | automation_control_score,CHECKED=1 | NEEDS_RESEARCH=2,RESEARCH_NEEDED,P2,B,B,4,PASS,PENDING,NEEDS_NUMERIC_CODING,,"Eligibility, process mapping and certificate gates pass. Canonical numeric anchors remain uncoded; proposal state is tracked separately and never mutates canonical values.","Research the unresolved score evidence before proposing an anchor: motor_drive_score: Named current owned motor/pump/compressor/drive applications and their materiality; production sector and historical steam/ice machines alone are insufficient. 2017 PV458.4 kWp,75% of PV generation self-used, not75% site demand; outside investment lookback. Continuation2026-10-08: Owner2017PV predates lookback. Purchased hydroelectricity is not owned generation; a failed newer heat/cooling press URL supplies no body proof.; automation_control_score: Actual current owned sensing/control applications and coordination; generic modernity or staging-site claims need corroboration. 2017 PV458.4 kWp,75% of PV generation self-used, not75% site demand; outside investment lookback. Continuation2026-10-08: Owner2017PV predates lookback. Purchased hydroelectricity is not owned generation; a failed newer heat/cooling press URL supplies no body proof.",1.1.0
310,72,P54|load_flexibility_potential,P54,Privatbrauerei Waldhaus Joh. Schmid GmbH,NUMERIC_CODING,CODE_DIMENSION,load_flexibility_potential,scheduling_flex_score | thermal_storage_flex_score,scheduling_flex_score | thermal_storage_flex_score,2,scheduling_flex_score | thermal_storage_flex_score,scheduling_flex_score | thermal_storage_flex_score,NEEDS_RESEARCH=2,RESEARCH_NEEDED,P2,B,B,4,PASS,PENDING,NEEDS_NUMERIC_CODING,,"Eligibility, process mapping and certificate gates pass. Canonical numeric anchors remain uncoded; proposal state is tracked separately and never mutates canonical values.","Research the unresolved score evidence before proposing an anchor: scheduling_flex_score: Admissible operating/start/interruption windows and actual buffers; product maturation, process cycles or programmable furnace recipes are not dispatch permission. 2017 PV458.4 kWp,75% of PV generation self-used, not75% site demand; outside investment lookback. Continuation2026-10-08: Owner2017PV predates lookback. Purchased hydroelectricity is not owned generation; a failed newer heat/cooling press URL supplies no body proof.; thermal_storage_flex_score: Named own usable heat/cold store or validated thermal inertia with operating window; cooling, absorption chilling, production tanks and glass melt mass alone do not establish storage. 2017 PV458.4 kWp,75% of PV generation self-used, not75% site demand; outside investment lookback. Continuation2026-10-08: Owner2017PV predates lookback. Purchased hydroelectricity is not owned generation; a failed newer heat/cooling press URL supplies no body proof.",1.1.0
311,72,P54|grid_power_quality_relevance,P54,Privatbrauerei Waldhaus Joh. Schmid GmbH,NUMERIC_CODING,CODE_DIMENSION,grid_power_quality_relevance,incremental_load_score | power_quality_score | onsite_integration_score,incremental_load_score | power_quality_score | onsite_integration_score,3,incremental_load_score | power_quality_score | onsite_integration_score,incremental_load_score,CHECKED=2 | NEEDS_RESEARCH=1,RESEARCH_NEEDED,P2,B,B,4,PASS,PENDING,NEEDS_NUMERIC_CODING,,"Eligibility, process mapping and certificate gates pass. Canonical numeric anchors remain uncoded; proposal state is tracked separately and never mutates canonical values.","Research the unresolved score evidence before proposing an anchor: incremental_load_score: Defined additional thermal electrification route and ordinal new-load materiality; existing electric assets, PV expansion and EV charging are not an additional heat-route load. 2017 PV458.4 kWp,75% of PV generation self-used, not75% site demand; outside investment lookback. Continuation2026-10-08: Owner2017PV predates lookback. Purchased hydroelectricity is not owned generation; a failed newer heat/cooling press URL supplies no body proof.",1.1.0
312,72,P54|observed_transition_gap,P54,Privatbrauerei Waldhaus Joh. Schmid GmbH,NUMERIC_CODING,CODE_DIMENSION,observed_transition_gap,measures_gap_score | management_gap_score | targets_gap_score | investment_gap_score,measures_gap_score | management_gap_score | targets_gap_score | investment_gap_score,4,measures_gap_score | management_gap_score | targets_gap_score | investment_gap_score,management_gap_score | investment_gap_score,CHECKED=2 | NEEDS_RESEARCH=2,RESEARCH_NEEDED,P2,B,B,4,PASS,PENDING,NEEDS_NUMERIC_CODING,,"Eligibility, process mapping and certificate gates pass. Canonical numeric anchors remain uncoded; proposal state is tracked separately and never mutates canonical values.","Research the unresolved score evidence before proposing an anchor: management_gap_score: Current verified site EnMS/environmental system or bounded claim; ISO9001, an inaccessible/staging certificate page and missing evidence are not certified mature EnMS. 2017 PV458.4 kWp,75% of PV generation self-used, not75% site demand; outside investment lookback. Continuation2026-10-08: Owner2017PV predates lookback. Purchased hydroelectricity is not owned generation; a failed newer heat/cooling press URL supplies no body proof.; investment_gap_score: Dated completed energy-transition investment within2021-10-07 to2026-10-07; old projects, certificate renewal, crawl dates and undifferentiated capacity/wastewater expansion are insufficient. 2017 PV458.4 kWp,75% of PV generation self-used, not75% site demand; outside investment lookback. Continuation2026-10-08: Owner2017PV predates lookback. Purchased hydroelectricity is not owned generation; a failed newer heat/cooling press URL supplies no body proof.",1.1.0
313,73,P57|process_electrification_potential,P57,Stocker Kunststoff GmbH,NUMERIC_CODING,CODE_DIMENSION,process_electrification_potential,temperature_fit_score | process_electrification_score | fossil_heat_displacement_score,temperature_fit_score | process_electrification_score | fossil_heat_displacement_score,3,temperature_fit_score | process_electrification_score | fossil_heat_displacement_score,temperature_fit_score | process_electrification_score | fossil_heat_displacement_score,NEEDS_RESEARCH=3,RESEARCH_NEEDED,P2,B,B,4,PASS,PENDING,NEEDS_NUMERIC_CODING,,"Eligibility, process mapping and certificate gates pass. Canonical numeric anchors remain uncoded; proposal state is tracked separately and never mutates canonical values.","Research the unresolved score evidence before proposing an anchor: temperature_fit_score: Actual process-heating temperatures and supported electric-heat fit, rather than part dimensions, cold maturation, material/customer ratings or historical boiler baselines. Nine own injection machines; mould manufacture outsourced, stock photos and theoretical SPC not owned machines/control. Continuation2026-10-08: Stock-photo equipment and material property/test temperatures are not owned operating equipment or production heat temperatures.; process_electrification_score: Named own actual/planned electric thermal route; electrochemical coating, generic production or customer energy applications alone do not establish electric process heat. Nine own injection machines; mould manufacture outsourced, stock photos and theoretical SPC not owned machines/control. Continuation2026-10-08: Stock-photo equipment and material property/test temperatures are not owned operating equipment or production heat temperatures.; fossil_heat_displacement_score: Actual current fossil thermal carrier, centrality and displacement materiality; unspecified CHP/ovens and historic gas baselines do not establish remaining fuel mix. Nine own injection machines; mould manufacture outsourced, stock photos and theoretical SPC not owned machines/control. Continuation2026-10-08: Stock-photo equipment and material property/test temperatures are not owned operating equipment or production heat temperatures.",1.1.0
314,73,P57|power_electronics_relevance,P57,Stocker Kunststoff GmbH,NUMERIC_CODING,CODE_DIMENSION,power_electronics_relevance,motor_drive_score | power_conversion_score | automation_control_score,motor_drive_score | power_conversion_score | automation_control_score,3,motor_drive_score | power_conversion_score | automation_control_score,motor_drive_score | power_conversion_score | automation_control_score,NEEDS_RESEARCH=3,RESEARCH_NEEDED,P2,B,B,4,PASS,PENDING,NEEDS_NUMERIC_CODING,,"Eligibility, process mapping and certificate gates pass. Canonical numeric anchors remain uncoded; proposal state is tracked separately and never mutates canonical values.","Research the unresolved score evidence before proposing an anchor: motor_drive_score: Named current owned motor/pump/compressor/drive applications and their materiality; production sector and historical steam/ice machines alone are insufficient. Nine own injection machines; mould manufacture outsourced, stock photos and theoretical SPC not owned machines/control. Continuation2026-10-08: Stock-photo equipment and material property/test temperatures are not owned operating equipment or production heat temperatures.; power_conversion_score: Named current own material rectifier/converter/controlled-heat use case; customer product applications, AC charging sockets and unspecified machine carriers are insufficient. Nine own injection machines; mould manufacture outsourced, stock photos and theoretical SPC not owned machines/control. Continuation2026-10-08: Stock-photo equipment and material property/test temperatures are not owned operating equipment or production heat temperatures.; automation_control_score: Actual current owned sensing/control applications and coordination; generic modernity or staging-site claims need corroboration. Nine own injection machines; mould manufacture outsourced, stock photos and theoretical SPC not owned machines/control. Continuation2026-10-08: Stock-photo equipment and material property/test temperatures are not owned operating equipment or production heat temperatures.",1.1.0
315,73,P57|load_flexibility_potential,P57,Stocker Kunststoff GmbH,NUMERIC_CODING,CODE_DIMENSION,load_flexibility_potential,scheduling_flex_score | thermal_storage_flex_score,scheduling_flex_score | thermal_storage_flex_score,2,scheduling_flex_score | thermal_storage_flex_score,scheduling_flex_score | thermal_storage_flex_score,NEEDS_RESEARCH=2,RESEARCH_NEEDED,P2,B,B,4,PASS,PENDING,NEEDS_NUMERIC_CODING,,"Eligibility, process mapping and certificate gates pass. Canonical numeric anchors remain uncoded; proposal state is tracked separately and never mutates canonical values.","Research the unresolved score evidence before proposing an anchor: scheduling_flex_score: Admissible operating/start/interruption windows and actual buffers; product maturation, process cycles or programmable furnace recipes are not dispatch permission. Nine own injection machines; mould manufacture outsourced, stock photos and theoretical SPC not owned machines/control. Continuation2026-10-08: Stock-photo equipment and material property/test temperatures are not owned operating equipment or production heat temperatures.; thermal_storage_flex_score: Named own usable heat/cold store or validated thermal inertia with operating window; cooling, absorption chilling, production tanks and glass melt mass alone do not establish storage. Nine own injection machines; mould manufacture outsourced, stock photos and theoretical SPC not owned machines/control. Continuation2026-10-08: Stock-photo equipment and material property/test temperatures are not owned operating equipment or production heat temperatures.",1.1.0
316,73,P57|grid_power_quality_relevance,P57,Stocker Kunststoff GmbH,NUMERIC_CODING,CODE_DIMENSION,grid_power_quality_relevance,incremental_load_score | power_quality_score | onsite_integration_score,incremental_load_score | power_quality_score | onsite_integration_score,3,incremental_load_score | power_quality_score | onsite_integration_score,incremental_load_score | power_quality_score | onsite_integration_score,NEEDS_RESEARCH=3,RESEARCH_NEEDED,P2,B,B,4,PASS,PENDING,NEEDS_NUMERIC_CODING,,"Eligibility, process mapping and certificate gates pass. Canonical numeric anchors remain uncoded; proposal state is tracked separately and never mutates canonical values.","Research the unresolved score evidence before proposing an anchor: incremental_load_score: Defined additional thermal electrification route and ordinal new-load materiality; existing electric assets, PV expansion and EV charging are not an additional heat-route load. Nine own injection machines; mould manufacture outsourced, stock photos and theoretical SPC not owned machines/control. Continuation2026-10-08: Stock-photo equipment and material property/test temperatures are not owned operating equipment or production heat temperatures.; power_quality_score: Current firm-specific converter/peak/reactive-power signals; grid connection or a transformer alone is not a measured power-quality issue. Nine own injection machines; mould manufacture outsourced, stock photos and theoretical SPC not owned machines/control. Continuation2026-10-08: Stock-photo equipment and material property/test temperatures are not owned operating equipment or production heat temperatures.; onsite_integration_score: Own PV/battery/microgrid/load-management use case and actual integration; supplier green power and customer applications are not own deployment. Nine own injection machines; mould manufacture outsourced, stock photos and theoretical SPC not owned machines/control. Continuation2026-10-08: Stock-photo equipment and material property/test temperatures are not owned operating equipment or production heat temperatures.",1.1.0
317,73,P57|observed_transition_gap,P57,Stocker Kunststoff GmbH,NUMERIC_CODING,CODE_DIMENSION,observed_transition_gap,measures_gap_score | management_gap_score | targets_gap_score | investment_gap_score,measures_gap_score | management_gap_score | targets_gap_score | investment_gap_score,4,measures_gap_score | management_gap_score | targets_gap_score | investment_gap_score,measures_gap_score | management_gap_score | investment_gap_score,CHECKED=1 | NEEDS_RESEARCH=3,RESEARCH_NEEDED,P2,B,B,4,PASS,PENDING,NEEDS_NUMERIC_CODING,,"Eligibility, process mapping and certificate gates pass. Canonical numeric anchors remain uncoded; proposal state is tracked separately and never mutates canonical values.","Research the unresolved score evidence before proposing an anchor: measures_gap_score: Current concrete plant energy-transition measures or adequate confirmed inventory; general sustainability, certification, customer products and historical pilots do not establish current deployment or absence. Nine own injection machines; mould manufacture outsourced, stock photos and theoretical SPC not owned machines/control. Continuation2026-10-08: Stock-photo equipment and material property/test temperatures are not owned operating equipment or production heat temperatures.; management_gap_score: Current verified site EnMS/environmental system or bounded claim; ISO9001, an inaccessible/staging certificate page and missing evidence are not certified mature EnMS. Nine own injection machines; mould manufacture outsourced, stock photos and theoretical SPC not owned machines/control. Continuation2026-10-08: Stock-photo equipment and material property/test temperatures are not owned operating equipment or production heat temperatures.; investment_gap_score: Dated completed energy-transition investment within2021-10-07 to2026-10-07; old projects, certificate renewal, crawl dates and undifferentiated capacity/wastewater expansion are insufficient. Nine own injection machines; mould manufacture outsourced, stock photos and theoretical SPC not owned machines/control. Continuation2026-10-08: Stock-photo equipment and material property/test temperatures are not owned operating equipment or production heat temperatures.",1.1.0
318,74,P59|process_electrification_potential,P59,AK Kunststoffspritzguss GmbH & Co. KG,NUMERIC_CODING,CODE_DIMENSION,process_electrification_potential,temperature_fit_score | process_electrification_score | fossil_heat_displacement_score,temperature_fit_score | process_electrification_score | fossil_heat_displacement_score,3,temperature_fit_score | process_electrification_score | fossil_heat_displacement_score,temperature_fit_score | process_electrification_score | fossil_heat_displacement_score,NEEDS_RESEARCH=3,RESEARCH_NEEDED,P2,B,B,4,PASS,PENDING,NEEDS_NUMERIC_CODING,,"Eligibility, process mapping and certificate gates pass. Canonical numeric anchors remain uncoded; proposal state is tracked separately and never mutates canonical values.","Research the unresolved score evidence before proposing an anchor: temperature_fit_score: Actual process-heating temperatures and supported electric-heat fit, rather than part dimensions, cold maturation, material/customer ratings or historical boiler baselines. Own picker/robot/QS/ERP and cooling/exhaust recovery for underfloor building heat; external toolshops not own CNC; slab not validated thermal store. Continuation2026-10-08: Production heat recovery for floor/room heating is not dispatchable thermal storage. Supplied automation is not automatically owned coordinated control.; process_electrification_score: Named own actual/planned electric thermal route; electrochemical coating, generic production or customer energy applications alone do not establish electric process heat. Own picker/robot/QS/ERP and cooling/exhaust recovery for underfloor building heat; external toolshops not own CNC; slab not validated thermal store. Continuation2026-10-08: Production heat recovery for floor/room heating is not dispatchable thermal storage. Supplied automation is not automatically owned coordinated control.; fossil_heat_displacement_score: Actual current fossil thermal carrier, centrality and displacement materiality; unspecified CHP/ovens and historic gas baselines do not establish remaining fuel mix. Own picker/robot/QS/ERP and cooling/exhaust recovery for underfloor building heat; external toolshops not own CNC; slab not validated thermal store. Continuation2026-10-08: Production heat recovery for floor/room heating is not dispatchable thermal storage. Supplied automation is not automatically owned coordinated control.",1.1.0
319,74,P59|power_electronics_relevance,P59,AK Kunststoffspritzguss GmbH & Co. KG,NUMERIC_CODING,CODE_DIMENSION,power_electronics_relevance,motor_drive_score | power_conversion_score | automation_control_score,motor_drive_score | power_conversion_score | automation_control_score,3,motor_drive_score | power_conversion_score | automation_control_score,power_conversion_score,CHECKED=2 | NEEDS_RESEARCH=1,RESEARCH_NEEDED,P2,B,B,4,PASS,PENDING,NEEDS_NUMERIC_CODING,,"Eligibility, process mapping and certificate gates pass. Canonical numeric anchors remain uncoded; proposal state is tracked separately and never mutates canonical values.","Research the unresolved score evidence before proposing an anchor: power_conversion_score: Named current own material rectifier/converter/controlled-heat use case; customer product applications, AC charging sockets and unspecified machine carriers are insufficient. Own picker/robot/QS/ERP and cooling/exhaust recovery for underfloor building heat; external toolshops not own CNC; slab not validated thermal store. Continuation2026-10-08: Production heat recovery for floor/room heating is not dispatchable thermal storage. Supplied automation is not automatically owned coordinated control.",1.1.0
320,74,P59|load_flexibility_potential,P59,AK Kunststoffspritzguss GmbH & Co. KG,NUMERIC_CODING,CODE_DIMENSION,load_flexibility_potential,scheduling_flex_score | thermal_storage_flex_score,scheduling_flex_score | thermal_storage_flex_score,2,scheduling_flex_score | thermal_storage_flex_score,scheduling_flex_score | thermal_storage_flex_score,NEEDS_RESEARCH=2,RESEARCH_NEEDED,P2,B,B,4,PASS,PENDING,NEEDS_NUMERIC_CODING,,"Eligibility, process mapping and certificate gates pass. Canonical numeric anchors remain uncoded; proposal state is tracked separately and never mutates canonical values.","Research the unresolved score evidence before proposing an anchor: scheduling_flex_score: Admissible operating/start/interruption windows and actual buffers; product maturation, process cycles or programmable furnace recipes are not dispatch permission. Own picker/robot/QS/ERP and cooling/exhaust recovery for underfloor building heat; external toolshops not own CNC; slab not validated thermal store. Continuation2026-10-08: Production heat recovery for floor/room heating is not dispatchable thermal storage. Supplied automation is not automatically owned coordinated control.; thermal_storage_flex_score: Named own usable heat/cold store or validated thermal inertia with operating window; cooling, absorption chilling, production tanks and glass melt mass alone do not establish storage. Own picker/robot/QS/ERP and cooling/exhaust recovery for underfloor building heat; external toolshops not own CNC; slab not validated thermal store. Continuation2026-10-08: Production heat recovery for floor/room heating is not dispatchable thermal storage. Supplied automation is not automatically owned coordinated control.",1.1.0
321,74,P59|grid_power_quality_relevance,P59,AK Kunststoffspritzguss GmbH & Co. KG,NUMERIC_CODING,CODE_DIMENSION,grid_power_quality_relevance,incremental_load_score | power_quality_score | onsite_integration_score,incremental_load_score | power_quality_score | onsite_integration_score,3,incremental_load_score | power_quality_score | onsite_integration_score,incremental_load_score | power_quality_score | onsite_integration_score,NEEDS_RESEARCH=3,RESEARCH_NEEDED,P2,B,B,4,PASS,PENDING,NEEDS_NUMERIC_CODING,,"Eligibility, process mapping and certificate gates pass. Canonical numeric anchors remain uncoded; proposal state is tracked separately and never mutates canonical values.","Research the unresolved score evidence before proposing an anchor: incremental_load_score: Defined additional thermal electrification route and ordinal new-load materiality; existing electric assets, PV expansion and EV charging are not an additional heat-route load. Own picker/robot/QS/ERP and cooling/exhaust recovery for underfloor building heat; external toolshops not own CNC; slab not validated thermal store. Continuation2026-10-08: Production heat recovery for floor/room heating is not dispatchable thermal storage. Supplied automation is not automatically owned coordinated control.; power_quality_score: Current firm-specific converter/peak/reactive-power signals; grid connection or a transformer alone is not a measured power-quality issue. Own picker/robot/QS/ERP and cooling/exhaust recovery for underfloor building heat; external toolshops not own CNC; slab not validated thermal store. Continuation2026-10-08: Production heat recovery for floor/room heating is not dispatchable thermal storage. Supplied automation is not automatically owned coordinated control.; onsite_integration_score: Own PV/battery/microgrid/load-management use case and actual integration; supplier green power and customer applications are not own deployment. Own picker/robot/QS/ERP and cooling/exhaust recovery for underfloor building heat; external toolshops not own CNC; slab not validated thermal store. Continuation2026-10-08: Production heat recovery for floor/room heating is not dispatchable thermal storage. Supplied automation is not automatically owned coordinated control.",1.1.0
322,74,P59|observed_transition_gap,P59,AK Kunststoffspritzguss GmbH & Co. KG,NUMERIC_CODING,CODE_DIMENSION,observed_transition_gap,measures_gap_score | management_gap_score | targets_gap_score | investment_gap_score,measures_gap_score | management_gap_score | targets_gap_score | investment_gap_score,4,measures_gap_score | management_gap_score | targets_gap_score | investment_gap_score,management_gap_score | investment_gap_score,CHECKED=2 | NEEDS_RESEARCH=2,RESEARCH_NEEDED,P2,B,B,4,PASS,PENDING,NEEDS_NUMERIC_CODING,,"Eligibility, process mapping and certificate gates pass. Canonical numeric anchors remain uncoded; proposal state is tracked separately and never mutates canonical values.","Research the unresolved score evidence before proposing an anchor: management_gap_score: Current verified site EnMS/environmental system or bounded claim; ISO9001, an inaccessible/staging certificate page and missing evidence are not certified mature EnMS. Own picker/robot/QS/ERP and cooling/exhaust recovery for underfloor building heat; external toolshops not own CNC; slab not validated thermal store. Continuation2026-10-08: Production heat recovery for floor/room heating is not dispatchable thermal storage. Supplied automation is not automatically owned coordinated control.; investment_gap_score: Dated completed energy-transition investment within2021-10-07 to2026-10-07; old projects, certificate renewal, crawl dates and undifferentiated capacity/wastewater expansion are insufficient. Own picker/robot/QS/ERP and cooling/exhaust recovery for underfloor building heat; external toolshops not own CNC; slab not validated thermal store. Continuation2026-10-08: Production heat recovery for floor/room heating is not dispatchable thermal storage. Supplied automation is not automatically owned coordinated control.",1.1.0
323,75,P70|process_electrification_potential,P70,ceram GmbH,NUMERIC_CODING,CODE_DIMENSION,process_electrification_potential,temperature_fit_score | process_electrification_score | fossil_heat_displacement_score,temperature_fit_score | process_electrification_score | fossil_heat_displacement_score,3,temperature_fit_score | process_electrification_score | fossil_heat_displacement_score,temperature_fit_score | process_electrification_score | fossil_heat_displacement_score,NEEDS_RESEARCH=3,RESEARCH_NEEDED,P2,B,B,4,PASS,PENDING,NEEDS_NUMERIC_CODING,,"Eligibility, process mapping and certificate gates pass. Canonical numeric anchors remain uncoded; proposal state is tracked separately and never mutates canonical values.","Research the unresolved score evidence before proposing an anchor: temperature_fit_score: Actual process-heating temperatures and supported electric-heat fit, rather than part dimensions, cold maturation, material/customer ratings or historical boiler baselines. Own milling/air classification/XRF/sinter/melt; current ISO14001CLAIM_ONLY, oldPDF404, no current direct body. Customer material ratings not own heat carrier/temperature. Continuation2026-10-08: Own spray drying/sintering identified but thermal carrier, actual heat duty, useful storage and converter topology remain unspecified.; process_electrification_score: Named own actual/planned electric thermal route; electrochemical coating, generic production or customer energy applications alone do not establish electric process heat. Own milling/air classification/XRF/sinter/melt; current ISO14001CLAIM_ONLY, oldPDF404, no current direct body. Customer material ratings not own heat carrier/temperature. Continuation2026-10-08: Own spray drying/sintering identified but thermal carrier, actual heat duty, useful storage and converter topology remain unspecified.; fossil_heat_displacement_score: Actual current fossil thermal carrier, centrality and displacement materiality; unspecified CHP/ovens and historic gas baselines do not establish remaining fuel mix. Own milling/air classification/XRF/sinter/melt; current ISO14001CLAIM_ONLY, oldPDF404, no current direct body. Customer material ratings not own heat carrier/temperature. Continuation2026-10-08: Own spray drying/sintering identified but thermal carrier, actual heat duty, useful storage and converter topology remain unspecified.",1.1.0
324,75,P70|power_electronics_relevance,P70,ceram GmbH,NUMERIC_CODING,CODE_DIMENSION,power_electronics_relevance,motor_drive_score | power_conversion_score | automation_control_score,motor_drive_score | power_conversion_score | automation_control_score,3,motor_drive_score | power_conversion_score | automation_control_score,power_conversion_score,CHECKED=2 | NEEDS_RESEARCH=1,RESEARCH_NEEDED,P2,B,B,4,PASS,PENDING,NEEDS_NUMERIC_CODING,,"Eligibility, process mapping and certificate gates pass. Canonical numeric anchors remain uncoded; proposal state is tracked separately and never mutates canonical values.","Research the unresolved score evidence before proposing an anchor: power_conversion_score: Named current own material rectifier/converter/controlled-heat use case; customer product applications, AC charging sockets and unspecified machine carriers are insufficient. Own milling/air classification/XRF/sinter/melt; current ISO14001CLAIM_ONLY, oldPDF404, no current direct body. Customer material ratings not own heat carrier/temperature. Continuation2026-10-08: Own spray drying/sintering identified but thermal carrier, actual heat duty, useful storage and converter topology remain unspecified.",1.1.0
325,75,P70|load_flexibility_potential,P70,ceram GmbH,NUMERIC_CODING,CODE_DIMENSION,load_flexibility_potential,scheduling_flex_score | thermal_storage_flex_score,scheduling_flex_score | thermal_storage_flex_score,2,scheduling_flex_score | thermal_storage_flex_score,scheduling_flex_score | thermal_storage_flex_score,NEEDS_RESEARCH=2,RESEARCH_NEEDED,P2,B,B,4,PASS,PENDING,NEEDS_NUMERIC_CODING,,"Eligibility, process mapping and certificate gates pass. Canonical numeric anchors remain uncoded; proposal state is tracked separately and never mutates canonical values.","Research the unresolved score evidence before proposing an anchor: scheduling_flex_score: Admissible operating/start/interruption windows and actual buffers; product maturation, process cycles or programmable furnace recipes are not dispatch permission. Own milling/air classification/XRF/sinter/melt; current ISO14001CLAIM_ONLY, oldPDF404, no current direct body. Customer material ratings not own heat carrier/temperature. Continuation2026-10-08: Own spray drying/sintering identified but thermal carrier, actual heat duty, useful storage and converter topology remain unspecified.; thermal_storage_flex_score: Named own usable heat/cold store or validated thermal inertia with operating window; cooling, absorption chilling, production tanks and glass melt mass alone do not establish storage. Own milling/air classification/XRF/sinter/melt; current ISO14001CLAIM_ONLY, oldPDF404, no current direct body. Customer material ratings not own heat carrier/temperature. Continuation2026-10-08: Own spray drying/sintering identified but thermal carrier, actual heat duty, useful storage and converter topology remain unspecified.",1.1.0
326,75,P70|grid_power_quality_relevance,P70,ceram GmbH,NUMERIC_CODING,CODE_DIMENSION,grid_power_quality_relevance,incremental_load_score | power_quality_score | onsite_integration_score,incremental_load_score | power_quality_score | onsite_integration_score,3,incremental_load_score | power_quality_score | onsite_integration_score,incremental_load_score | power_quality_score | onsite_integration_score,NEEDS_RESEARCH=3,RESEARCH_NEEDED,P2,B,B,4,PASS,PENDING,NEEDS_NUMERIC_CODING,,"Eligibility, process mapping and certificate gates pass. Canonical numeric anchors remain uncoded; proposal state is tracked separately and never mutates canonical values.","Research the unresolved score evidence before proposing an anchor: incremental_load_score: Defined additional thermal electrification route and ordinal new-load materiality; existing electric assets, PV expansion and EV charging are not an additional heat-route load. Own milling/air classification/XRF/sinter/melt; current ISO14001CLAIM_ONLY, oldPDF404, no current direct body. Customer material ratings not own heat carrier/temperature. Continuation2026-10-08: Own spray drying/sintering identified but thermal carrier, actual heat duty, useful storage and converter topology remain unspecified.; power_quality_score: Current firm-specific converter/peak/reactive-power signals; grid connection or a transformer alone is not a measured power-quality issue. Own milling/air classification/XRF/sinter/melt; current ISO14001CLAIM_ONLY, oldPDF404, no current direct body. Customer material ratings not own heat carrier/temperature. Continuation2026-10-08: Own spray drying/sintering identified but thermal carrier, actual heat duty, useful storage and converter topology remain unspecified.; onsite_integration_score: Own PV/battery/microgrid/load-management use case and actual integration; supplier green power and customer applications are not own deployment. Own milling/air classification/XRF/sinter/melt; current ISO14001CLAIM_ONLY, oldPDF404, no current direct body. Customer material ratings not own heat carrier/temperature. Continuation2026-10-08: Own spray drying/sintering identified but thermal carrier, actual heat duty, useful storage and converter topology remain unspecified.",1.1.0
327,75,P70|observed_transition_gap,P70,ceram GmbH,NUMERIC_CODING,CODE_DIMENSION,observed_transition_gap,measures_gap_score | management_gap_score | targets_gap_score | investment_gap_score,measures_gap_score | management_gap_score | targets_gap_score | investment_gap_score,4,measures_gap_score | management_gap_score | targets_gap_score | investment_gap_score,measures_gap_score | investment_gap_score,CHECKED=2 | NEEDS_RESEARCH=2,RESEARCH_NEEDED,P2,B,B,4,PASS,PENDING,NEEDS_NUMERIC_CODING,,"Eligibility, process mapping and certificate gates pass. Canonical numeric anchors remain uncoded; proposal state is tracked separately and never mutates canonical values.","Research the unresolved score evidence before proposing an anchor: measures_gap_score: Current concrete plant energy-transition measures or adequate confirmed inventory; general sustainability, certification, customer products and historical pilots do not establish current deployment or absence. Own milling/air classification/XRF/sinter/melt; current ISO14001CLAIM_ONLY, oldPDF404, no current direct body. Customer material ratings not own heat carrier/temperature. Continuation2026-10-08: Own spray drying/sintering identified but thermal carrier, actual heat duty, useful storage and converter topology remain unspecified.; investment_gap_score: Dated completed energy-transition investment within2021-10-07 to2026-10-07; old projects, certificate renewal, crawl dates and undifferentiated capacity/wastewater expansion are insufficient. Own milling/air classification/XRF/sinter/melt; current ISO14001CLAIM_ONLY, oldPDF404, no current direct body. Customer material ratings not own heat carrier/temperature. Continuation2026-10-08: Own spray drying/sintering identified but thermal carrier, actual heat duty, useful storage and converter topology remain unspecified.",1.1.0
328,76,P74|process_electrification_potential,P74,Brauerei Gebr. Maisel GmbH & Co. KG,NUMERIC_CODING,CODE_DIMENSION,process_electrification_potential,temperature_fit_score | process_electrification_score | fossil_heat_displacement_score,temperature_fit_score | process_electrification_score | fossil_heat_displacement_score,3,temperature_fit_score | process_electrification_score | fossil_heat_displacement_score,temperature_fit_score | process_electrification_score | fossil_heat_displacement_score,NEEDS_RESEARCH=3,RESEARCH_NEEDED,P2,B,B,4,PASS,PENDING,NEEDS_NUMERIC_CODING,,"Eligibility, process mapping and certificate gates pass. Canonical numeric anchors remain uncoded; proposal state is tracked separately and never mutates canonical values.","Research the unresolved score evidence before proposing an anchor: temperature_fit_score: Owned process operating temperatures and actual heat/cold duties; separate product ratings and room heating. Continuation2026-10-08: 2020owner study measured actual refrigeration/compressors and evaluated PV/CHP. Conditional engineering/planning fit is explicit; commissioned generation, current fleet ratings and recent investment are not established.; process_electrification_score: Named owned thermal route, current heat carrier and feasible remaining substitution case; separate electric drives and room heat. Continuation2026-10-08: 2020owner study measured actual refrigeration/compressors and evaluated PV/CHP. Conditional engineering/planning fit is explicit; commissioned generation, current fleet ratings and recent investment are not established.; fossil_heat_displacement_score: Current company/site process heat carrier mix and attributable fossil thermal duty. No public evidence is not zero fossil heat. Continuation2026-10-08: 2020owner study measured actual refrigeration/compressors and evaluated PV/CHP. Conditional engineering/planning fit is explicit; commissioned generation, current fleet ratings and recent investment are not established.",1.1.0
329,76,P74|power_electronics_relevance,P74,Brauerei Gebr. Maisel GmbH & Co. KG,NUMERIC_CODING,CODE_DIMENSION,power_electronics_relevance,motor_drive_score | power_conversion_score | automation_control_score,motor_drive_score | power_conversion_score | automation_control_score,3,motor_drive_score | power_conversion_score | automation_control_score,power_conversion_score | automation_control_score,CHECKED=1 | NEEDS_RESEARCH=2,RESEARCH_NEEDED,P2,B,B,4,PASS,PENDING,NEEDS_NUMERIC_CODING,,"Eligibility, process mapping and certificate gates pass. Canonical numeric anchors remain uncoded; proposal state is tracked separately and never mutates canonical values.","Research the unresolved score evidence before proposing an anchor: power_conversion_score: Owned rectifier/inverter/controlled-electric-heat applications, scope and duty; mechanical water power not electricity generation. Continuation2026-10-08: 2020owner study measured actual refrigeration/compressors and evaluated PV/CHP. Conditional engineering/planning fit is explicit; commissioned generation, current fleet ratings and recent investment are not established.; automation_control_score: Owned process control/monitoring inventory and operational coordination; quality claims not EnMS maturity. Continuation2026-10-08: 2020owner study measured actual refrigeration/compressors and evaluated PV/CHP. Conditional engineering/planning fit is explicit; commissioned generation, current fleet ratings and recent investment are not established.",1.1.0
330,76,P74|load_flexibility_potential,P74,Brauerei Gebr. Maisel GmbH & Co. KG,NUMERIC_CODING,CODE_DIMENSION,load_flexibility_potential,scheduling_flex_score | thermal_storage_flex_score,scheduling_flex_score | thermal_storage_flex_score,2,scheduling_flex_score | thermal_storage_flex_score,scheduling_flex_score | thermal_storage_flex_score,NEEDS_RESEARCH=2,RESEARCH_NEEDED,P2,B,B,4,PASS,PENDING,NEEDS_NUMERIC_CODING,,"Eligibility, process mapping and certificate gates pass. Canonical numeric anchors remain uncoded; proposal state is tracked separately and never mutates canonical values.","Research the unresolved score evidence before proposing an anchor: scheduling_flex_score: Permitted timing shifts, quality/cooling/order constraints and spare capacity. Batch/24h operation alone not flexibility permission. Continuation2026-10-08: 2020owner study measured actual refrigeration/compressors and evaluated PV/CHP. Conditional engineering/planning fit is explicit; commissioned generation, current fleet ratings and recent investment are not established.; thermal_storage_flex_score: Actual useful heat/cold buffer capacity, temperature, connection and timing freedom; thermal mass, room heat and electrical batteries not sufficient. Continuation2026-10-08: 2020owner study measured actual refrigeration/compressors and evaluated PV/CHP. Conditional engineering/planning fit is explicit; commissioned generation, current fleet ratings and recent investment are not established.",1.1.0
331,76,P74|grid_power_quality_relevance,P74,Brauerei Gebr. Maisel GmbH & Co. KG,NUMERIC_CODING,CODE_DIMENSION,grid_power_quality_relevance,incremental_load_score | power_quality_score | onsite_integration_score,incremental_load_score | power_quality_score | onsite_integration_score,3,incremental_load_score | power_quality_score | onsite_integration_score,incremental_load_score | power_quality_score,CHECKED=1 | NEEDS_RESEARCH=2,RESEARCH_NEEDED,P2,B,B,4,PASS,PENDING,NEEDS_NUMERIC_CODING,,"Eligibility, process mapping and certificate gates pass. Canonical numeric anchors remain uncoded; proposal state is tracked separately and never mutates canonical values.","Research the unresolved score evidence before proposing an anchor: incremental_load_score: Owned feasible thermal substitution case and baseline remaining thermal duty; no grid capacity or kW inferred. Continuation2026-10-08: 2020owner study measured actual refrigeration/compressors and evaluated PV/CHP. Conditional engineering/planning fit is explicit; commissioned generation, current fleet ratings and recent investment are not established.; power_quality_score: Owned relevant converter/peak topology or measured harmonic/reactive/voltage findings; product resistance/current amps not measured power-quality evidence. Continuation2026-10-08: 2020owner study measured actual refrigeration/compressors and evaluated PV/CHP. Conditional engineering/planning fit is explicit; commissioned generation, current fleet ratings and recent investment are not established.",1.1.0
332,76,P74|observed_transition_gap,P74,Brauerei Gebr. Maisel GmbH & Co. KG,NUMERIC_CODING,CODE_DIMENSION,observed_transition_gap,measures_gap_score | management_gap_score | targets_gap_score | investment_gap_score,measures_gap_score | management_gap_score | targets_gap_score | investment_gap_score,4,measures_gap_score | management_gap_score | targets_gap_score | investment_gap_score,investment_gap_score,CHECKED=3 | NEEDS_RESEARCH=1,RESEARCH_NEEDED,P2,B,B,4,PASS,PENDING,NEEDS_NUMERIC_CODING,,"Eligibility, process mapping and certificate gates pass. Canonical numeric anchors remain uncoded; proposal state is tracked separately and never mutates canonical values.","Research the unresolved score evidence before proposing an anchor: investment_gap_score: Completed owned energy investments with commissioning dates in 2021-10-07 to 2026-10-07. Operation/report/filename dates, generic annual CAPEX and other group companies not sufficient. Continuation2026-10-08: 2020owner study measured actual refrigeration/compressors and evaluated PV/CHP. Conditional engineering/planning fit is explicit; commissioned generation, current fleet ratings and recent investment are not established.",1.1.0
333,77,P81|process_electrification_potential,P81,Eloxalwerk Ludwigsburg Helmut Zerrer GmbH,NUMERIC_CODING,CODE_DIMENSION,process_electrification_potential,temperature_fit_score | process_electrification_score | fossil_heat_displacement_score,temperature_fit_score | process_electrification_score | fossil_heat_displacement_score,3,temperature_fit_score | process_electrification_score | fossil_heat_displacement_score,temperature_fit_score | process_electrification_score | fossil_heat_displacement_score,NEEDS_RESEARCH=3,RESEARCH_NEEDED,P2,B,B,4,PASS,PENDING,NEEDS_NUMERIC_CODING,,"Eligibility, process mapping and certificate gates pass. Canonical numeric anchors remain uncoded; proposal state is tracked separately and never mutates canonical values.","Research the unresolved score evidence before proposing an anchor: temperature_fit_score: Actual process-heating temperatures and supported electric-heat fit, rather than part dimensions, cold maturation, material/customer ratings or historical boiler baselines. Own PEO/anodising/automated ultrasonic clean/geothermal;2000C coating resistance not process heating, no electric HP topology inferred. Continuation2026-10-08: Registered own-site retrievals timed out. PEO material studies do not establish current own production heat; access failure is not absence proof.; process_electrification_score: Named own actual/planned electric thermal route; electrochemical coating, generic production or customer energy applications alone do not establish electric process heat. Own PEO/anodising/automated ultrasonic clean/geothermal;2000C coating resistance not process heating, no electric HP topology inferred. Continuation2026-10-08: Registered own-site retrievals timed out. PEO material studies do not establish current own production heat; access failure is not absence proof.; fossil_heat_displacement_score: Actual current fossil thermal carrier, centrality and displacement materiality; unspecified CHP/ovens and historic gas baselines do not establish remaining fuel mix. Own PEO/anodising/automated ultrasonic clean/geothermal;2000C coating resistance not process heating, no electric HP topology inferred. Continuation2026-10-08: Registered own-site retrievals timed out. PEO material studies do not establish current own production heat; access failure is not absence proof.",1.1.0
334,77,P81|power_electronics_relevance,P81,Eloxalwerk Ludwigsburg Helmut Zerrer GmbH,NUMERIC_CODING,CODE_DIMENSION,power_electronics_relevance,motor_drive_score | power_conversion_score | automation_control_score,motor_drive_score | power_conversion_score | automation_control_score,3,motor_drive_score | power_conversion_score | automation_control_score,motor_drive_score,CHECKED=2 | NEEDS_RESEARCH=1,RESEARCH_NEEDED,P2,B,B,4,PASS,PENDING,NEEDS_NUMERIC_CODING,,"Eligibility, process mapping and certificate gates pass. Canonical numeric anchors remain uncoded; proposal state is tracked separately and never mutates canonical values.","Research the unresolved score evidence before proposing an anchor: motor_drive_score: Named current owned motor/pump/compressor/drive applications and their materiality; production sector and historical steam/ice machines alone are insufficient. Own PEO/anodising/automated ultrasonic clean/geothermal;2000C coating resistance not process heating, no electric HP topology inferred. Continuation2026-10-08: Registered own-site retrievals timed out. PEO material studies do not establish current own production heat; access failure is not absence proof.",1.1.0
335,77,P81|load_flexibility_potential,P81,Eloxalwerk Ludwigsburg Helmut Zerrer GmbH,NUMERIC_CODING,CODE_DIMENSION,load_flexibility_potential,scheduling_flex_score | thermal_storage_flex_score,scheduling_flex_score | thermal_storage_flex_score,2,scheduling_flex_score | thermal_storage_flex_score,scheduling_flex_score | thermal_storage_flex_score,NEEDS_RESEARCH=2,RESEARCH_NEEDED,P2,B,B,4,PASS,PENDING,NEEDS_NUMERIC_CODING,,"Eligibility, process mapping and certificate gates pass. Canonical numeric anchors remain uncoded; proposal state is tracked separately and never mutates canonical values.","Research the unresolved score evidence before proposing an anchor: scheduling_flex_score: Admissible operating/start/interruption windows and actual buffers; product maturation, process cycles or programmable furnace recipes are not dispatch permission. Own PEO/anodising/automated ultrasonic clean/geothermal;2000C coating resistance not process heating, no electric HP topology inferred. Continuation2026-10-08: Registered own-site retrievals timed out. PEO material studies do not establish current own production heat; access failure is not absence proof.; thermal_storage_flex_score: Named own usable heat/cold store or validated thermal inertia with operating window; cooling, absorption chilling, production tanks and glass melt mass alone do not establish storage. Own PEO/anodising/automated ultrasonic clean/geothermal;2000C coating resistance not process heating, no electric HP topology inferred. Continuation2026-10-08: Registered own-site retrievals timed out. PEO material studies do not establish current own production heat; access failure is not absence proof.",1.1.0
336,77,P81|grid_power_quality_relevance,P81,Eloxalwerk Ludwigsburg Helmut Zerrer GmbH,NUMERIC_CODING,CODE_DIMENSION,grid_power_quality_relevance,incremental_load_score | power_quality_score | onsite_integration_score,incremental_load_score | power_quality_score | onsite_integration_score,3,incremental_load_score | power_quality_score | onsite_integration_score,incremental_load_score | onsite_integration_score,CHECKED=1 | NEEDS_RESEARCH=2,RESEARCH_NEEDED,P2,B,B,4,PASS,PENDING,NEEDS_NUMERIC_CODING,,"Eligibility, process mapping and certificate gates pass. Canonical numeric anchors remain uncoded; proposal state is tracked separately and never mutates canonical values.","Research the unresolved score evidence before proposing an anchor: incremental_load_score: Defined additional thermal electrification route and ordinal new-load materiality; existing electric assets, PV expansion and EV charging are not an additional heat-route load. Own PEO/anodising/automated ultrasonic clean/geothermal;2000C coating resistance not process heating, no electric HP topology inferred. Continuation2026-10-08: Registered own-site retrievals timed out. PEO material studies do not establish current own production heat; access failure is not absence proof.; onsite_integration_score: Own PV/battery/microgrid/load-management use case and actual integration; supplier green power and customer applications are not own deployment. Own PEO/anodising/automated ultrasonic clean/geothermal;2000C coating resistance not process heating, no electric HP topology inferred. Continuation2026-10-08: Registered own-site retrievals timed out. PEO material studies do not establish current own production heat; access failure is not absence proof.",1.1.0
337,77,P81|observed_transition_gap,P81,Eloxalwerk Ludwigsburg Helmut Zerrer GmbH,NUMERIC_CODING,CODE_DIMENSION,observed_transition_gap,measures_gap_score | management_gap_score | targets_gap_score | investment_gap_score,measures_gap_score | management_gap_score | targets_gap_score | investment_gap_score,4,measures_gap_score | management_gap_score | targets_gap_score | investment_gap_score,management_gap_score | investment_gap_score,CHECKED=2 | NEEDS_RESEARCH=2,RESEARCH_NEEDED,P2,B,B,4,PASS,PENDING,NEEDS_NUMERIC_CODING,,"Eligibility, process mapping and certificate gates pass. Canonical numeric anchors remain uncoded; proposal state is tracked separately and never mutates canonical values.","Research the unresolved score evidence before proposing an anchor: management_gap_score: Current verified site EnMS/environmental system or bounded claim; ISO9001, an inaccessible/staging certificate page and missing evidence are not certified mature EnMS. Own PEO/anodising/automated ultrasonic clean/geothermal;2000C coating resistance not process heating, no electric HP topology inferred. Continuation2026-10-08: Registered own-site retrievals timed out. PEO material studies do not establish current own production heat; access failure is not absence proof.; investment_gap_score: Dated completed energy-transition investment within2021-10-07 to2026-10-07; old projects, certificate renewal, crawl dates and undifferentiated capacity/wastewater expansion are insufficient. Own PEO/anodising/automated ultrasonic clean/geothermal;2000C coating resistance not process heating, no electric HP topology inferred. Continuation2026-10-08: Registered own-site retrievals timed out. PEO material studies do not establish current own production heat; access failure is not absence proof.",1.1.0
338,78,P84|process_electrification_potential,P84,Sauer Oberflächentechnik GmbH,NUMERIC_CODING,CODE_DIMENSION,process_electrification_potential,temperature_fit_score | process_electrification_score | fossil_heat_displacement_score,temperature_fit_score | process_electrification_score | fossil_heat_displacement_score,3,temperature_fit_score | process_electrification_score | fossil_heat_displacement_score,temperature_fit_score | process_electrification_score | fossil_heat_displacement_score,NEEDS_RESEARCH=3,RESEARCH_NEEDED,P2,B,B,4,PASS,PENDING,NEEDS_NUMERIC_CODING,,"Eligibility, process mapping and certificate gates pass. Canonical numeric anchors remain uncoded; proposal state is tracked separately and never mutates canonical values.","Research the unresolved score evidence before proposing an anchor: temperature_fit_score: Actual process-heating temperatures and supported electric-heat fit, rather than part dimensions, cold maturation, material/customer ratings or historical boiler baselines. Own Durst powder line2019/2020; part dimensions/traverse masses/shift/customer flexibility not heat, drive or dispatch evidence. Continuation2026-10-08: Plant imagery and general surface-treatment services give no attributable heat ratings/carriers or dated energy projects; equipment photographs are not a quantified energy inventory.; process_electrification_score: Named own actual/planned electric thermal route; electrochemical coating, generic production or customer energy applications alone do not establish electric process heat. Own Durst powder line2019/2020; part dimensions/traverse masses/shift/customer flexibility not heat, drive or dispatch evidence. Continuation2026-10-08: Plant imagery and general surface-treatment services give no attributable heat ratings/carriers or dated energy projects; equipment photographs are not a quantified energy inventory.; fossil_heat_displacement_score: Actual current fossil thermal carrier, centrality and displacement materiality; unspecified CHP/ovens and historic gas baselines do not establish remaining fuel mix. Own Durst powder line2019/2020; part dimensions/traverse masses/shift/customer flexibility not heat, drive or dispatch evidence. Continuation2026-10-08: Plant imagery and general surface-treatment services give no attributable heat ratings/carriers or dated energy projects; equipment photographs are not a quantified energy inventory.",1.1.0
339,78,P84|power_electronics_relevance,P84,Sauer Oberflächentechnik GmbH,NUMERIC_CODING,CODE_DIMENSION,power_electronics_relevance,motor_drive_score | power_conversion_score | automation_control_score,motor_drive_score | power_conversion_score | automation_control_score,3,motor_drive_score | power_conversion_score | automation_control_score,motor_drive_score | power_conversion_score | automation_control_score,NEEDS_RESEARCH=3,RESEARCH_NEEDED,P2,B,B,4,PASS,PENDING,NEEDS_NUMERIC_CODING,,"Eligibility, process mapping and certificate gates pass. Canonical numeric anchors remain uncoded; proposal state is tracked separately and never mutates canonical values.","Research the unresolved score evidence before proposing an anchor: motor_drive_score: Named current owned motor/pump/compressor/drive applications and their materiality; production sector and historical steam/ice machines alone are insufficient. Own Durst powder line2019/2020; part dimensions/traverse masses/shift/customer flexibility not heat, drive or dispatch evidence. Continuation2026-10-08: Plant imagery and general surface-treatment services give no attributable heat ratings/carriers or dated energy projects; equipment photographs are not a quantified energy inventory.; power_conversion_score: Named current own material rectifier/converter/controlled-heat use case; customer product applications, AC charging sockets and unspecified machine carriers are insufficient. Own Durst powder line2019/2020; part dimensions/traverse masses/shift/customer flexibility not heat, drive or dispatch evidence. Continuation2026-10-08: Plant imagery and general surface-treatment services give no attributable heat ratings/carriers or dated energy projects; equipment photographs are not a quantified energy inventory.; automation_control_score: Actual current owned sensing/control applications and coordination; generic modernity or staging-site claims need corroboration. Own Durst powder line2019/2020; part dimensions/traverse masses/shift/customer flexibility not heat, drive or dispatch evidence. Continuation2026-10-08: Plant imagery and general surface-treatment services give no attributable heat ratings/carriers or dated energy projects; equipment photographs are not a quantified energy inventory.",1.1.0
340,78,P84|load_flexibility_potential,P84,Sauer Oberflächentechnik GmbH,NUMERIC_CODING,CODE_DIMENSION,load_flexibility_potential,scheduling_flex_score | thermal_storage_flex_score,scheduling_flex_score | thermal_storage_flex_score,2,scheduling_flex_score | thermal_storage_flex_score,scheduling_flex_score | thermal_storage_flex_score,NEEDS_RESEARCH=2,RESEARCH_NEEDED,P2,B,B,4,PASS,PENDING,NEEDS_NUMERIC_CODING,,"Eligibility, process mapping and certificate gates pass. Canonical numeric anchors remain uncoded; proposal state is tracked separately and never mutates canonical values.","Research the unresolved score evidence before proposing an anchor: scheduling_flex_score: Admissible operating/start/interruption windows and actual buffers; product maturation, process cycles or programmable furnace recipes are not dispatch permission. Own Durst powder line2019/2020; part dimensions/traverse masses/shift/customer flexibility not heat, drive or dispatch evidence. Continuation2026-10-08: Plant imagery and general surface-treatment services give no attributable heat ratings/carriers or dated energy projects; equipment photographs are not a quantified energy inventory.; thermal_storage_flex_score: Named own usable heat/cold store or validated thermal inertia with operating window; cooling, absorption chilling, production tanks and glass melt mass alone do not establish storage. Own Durst powder line2019/2020; part dimensions/traverse masses/shift/customer flexibility not heat, drive or dispatch evidence. Continuation2026-10-08: Plant imagery and general surface-treatment services give no attributable heat ratings/carriers or dated energy projects; equipment photographs are not a quantified energy inventory.",1.1.0
341,78,P84|grid_power_quality_relevance,P84,Sauer Oberflächentechnik GmbH,NUMERIC_CODING,CODE_DIMENSION,grid_power_quality_relevance,incremental_load_score | power_quality_score | onsite_integration_score,incremental_load_score | power_quality_score | onsite_integration_score,3,incremental_load_score | power_quality_score | onsite_integration_score,incremental_load_score | power_quality_score | onsite_integration_score,NEEDS_RESEARCH=3,RESEARCH_NEEDED,P2,B,B,4,PASS,PENDING,NEEDS_NUMERIC_CODING,,"Eligibility, process mapping and certificate gates pass. Canonical numeric anchors remain uncoded; proposal state is tracked separately and never mutates canonical values.","Research the unresolved score evidence before proposing an anchor: incremental_load_score: Defined additional thermal electrification route and ordinal new-load materiality; existing electric assets, PV expansion and EV charging are not an additional heat-route load. Own Durst powder line2019/2020; part dimensions/traverse masses/shift/customer flexibility not heat, drive or dispatch evidence. Continuation2026-10-08: Plant imagery and general surface-treatment services give no attributable heat ratings/carriers or dated energy projects; equipment photographs are not a quantified energy inventory.; power_quality_score: Current firm-specific converter/peak/reactive-power signals; grid connection or a transformer alone is not a measured power-quality issue. Own Durst powder line2019/2020; part dimensions/traverse masses/shift/customer flexibility not heat, drive or dispatch evidence. Continuation2026-10-08: Plant imagery and general surface-treatment services give no attributable heat ratings/carriers or dated energy projects; equipment photographs are not a quantified energy inventory.; onsite_integration_score: Own PV/battery/microgrid/load-management use case and actual integration; supplier green power and customer applications are not own deployment. Own Durst powder line2019/2020; part dimensions/traverse masses/shift/customer flexibility not heat, drive or dispatch evidence. Continuation2026-10-08: Plant imagery and general surface-treatment services give no attributable heat ratings/carriers or dated energy projects; equipment photographs are not a quantified energy inventory.",1.1.0
342,78,P84|observed_transition_gap,P84,Sauer Oberflächentechnik GmbH,NUMERIC_CODING,CODE_DIMENSION,observed_transition_gap,measures_gap_score | management_gap_score | targets_gap_score | investment_gap_score,measures_gap_score | management_gap_score | targets_gap_score | investment_gap_score,4,measures_gap_score | management_gap_score | targets_gap_score | investment_gap_score,measures_gap_score | management_gap_score | investment_gap_score,CHECKED=1 | NEEDS_RESEARCH=3,RESEARCH_NEEDED,P2,B,B,4,PASS,PENDING,NEEDS_NUMERIC_CODING,,"Eligibility, process mapping and certificate gates pass. Canonical numeric anchors remain uncoded; proposal state is tracked separately and never mutates canonical values.","Research the unresolved score evidence before proposing an anchor: measures_gap_score: Current concrete plant energy-transition measures or adequate confirmed inventory; general sustainability, certification, customer products and historical pilots do not establish current deployment or absence. Own Durst powder line2019/2020; part dimensions/traverse masses/shift/customer flexibility not heat, drive or dispatch evidence. Continuation2026-10-08: Plant imagery and general surface-treatment services give no attributable heat ratings/carriers or dated energy projects; equipment photographs are not a quantified energy inventory.; management_gap_score: Current verified site EnMS/environmental system or bounded claim; ISO9001, an inaccessible/staging certificate page and missing evidence are not certified mature EnMS. Own Durst powder line2019/2020; part dimensions/traverse masses/shift/customer flexibility not heat, drive or dispatch evidence. Continuation2026-10-08: Plant imagery and general surface-treatment services give no attributable heat ratings/carriers or dated energy projects; equipment photographs are not a quantified energy inventory.; investment_gap_score: Dated completed energy-transition investment within2021-10-07 to2026-10-07; old projects, certificate renewal, crawl dates and undifferentiated capacity/wastewater expansion are insufficient. Own Durst powder line2019/2020; part dimensions/traverse masses/shift/customer flexibility not heat, drive or dispatch evidence. Continuation2026-10-08: Plant imagery and general surface-treatment services give no attributable heat ratings/carriers or dated energy projects; equipment photographs are not a quantified energy inventory.",1.1.0
343,79,P89|process_electrification_potential,P89,TECHNISCHE KERAMIK FRÖMGEN GMBH,NUMERIC_CODING,CODE_DIMENSION,process_electrification_potential,temperature_fit_score | process_electrification_score | fossil_heat_displacement_score,temperature_fit_score | process_electrification_score | fossil_heat_displacement_score,3,temperature_fit_score | process_electrification_score | fossil_heat_displacement_score,temperature_fit_score | fossil_heat_displacement_score,CHECKED=1 | NEEDS_RESEARCH=2,RESEARCH_NEEDED,P2,B,B,4,PASS,PENDING,NEEDS_NUMERIC_CODING,,"Eligibility, process mapping and certificate gates pass. Canonical numeric anchors remain uncoded; proposal state is tracked separately and never mutates canonical values.",Research the unresolved score evidence before proposing an anchor: temperature_fit_score: Owned process operating temperatures and actual heat/cold duties; separate product ratings and room heating. Continuation2026-10-08: Maximum1700degreesCfurnace capability is not an actual reported production temperature. Inert atmosphere is not the heating energy carrier.; fossil_heat_displacement_score: Current company/site process heat carrier mix and attributable fossil thermal duty. No public evidence is not zero fossil heat. Continuation2026-10-08: Maximum1700degreesCfurnace capability is not an actual reported production temperature. Inert atmosphere is not the heating energy carrier.,1.1.0
344,79,P89|power_electronics_relevance,P89,TECHNISCHE KERAMIK FRÖMGEN GMBH,NUMERIC_CODING,CODE_DIMENSION,power_electronics_relevance,motor_drive_score | power_conversion_score | automation_control_score,motor_drive_score | power_conversion_score | automation_control_score,3,motor_drive_score | power_conversion_score | automation_control_score,,CHECKED=3,CHECKED,P2,B,B,4,PASS,PENDING,NEEDS_NUMERIC_CODING,,"Eligibility, process mapping and certificate gates pass. Canonical numeric anchors remain uncoded; proposal state is tracked separately and never mutates canonical values.",Source and anchor checks are complete. Preserve the checked proposals; final-score approval and canonical scoring remain separate gates.,1.1.0
345,79,P89|load_flexibility_potential,P89,TECHNISCHE KERAMIK FRÖMGEN GMBH,NUMERIC_CODING,CODE_DIMENSION,load_flexibility_potential,scheduling_flex_score | thermal_storage_flex_score,scheduling_flex_score | thermal_storage_flex_score,2,scheduling_flex_score | thermal_storage_flex_score,thermal_storage_flex_score,CHECKED=1 | NEEDS_RESEARCH=1,RESEARCH_NEEDED,P2,B,B,4,PASS,PENDING,NEEDS_NUMERIC_CODING,,"Eligibility, process mapping and certificate gates pass. Canonical numeric anchors remain uncoded; proposal state is tracked separately and never mutates canonical values.","Research the unresolved score evidence before proposing an anchor: thermal_storage_flex_score: Actual useful heat/cold buffer capacity, temperature, connection and timing freedom; thermal mass, room heat and electrical batteries not sufficient. Continuation2026-10-08: Maximum1700degreesCfurnace capability is not an actual reported production temperature. Inert atmosphere is not the heating energy carrier.",1.1.0
346,79,P89|grid_power_quality_relevance,P89,TECHNISCHE KERAMIK FRÖMGEN GMBH,NUMERIC_CODING,CODE_DIMENSION,grid_power_quality_relevance,incremental_load_score | power_quality_score | onsite_integration_score,incremental_load_score | power_quality_score | onsite_integration_score,3,incremental_load_score | power_quality_score | onsite_integration_score,onsite_integration_score,CHECKED=2 | NEEDS_RESEARCH=1,RESEARCH_NEEDED,P2,B,B,4,PASS,PENDING,NEEDS_NUMERIC_CODING,,"Eligibility, process mapping and certificate gates pass. Canonical numeric anchors remain uncoded; proposal state is tracked separately and never mutates canonical values.","Research the unresolved score evidence before proposing an anchor: onsite_integration_score: Owned electricity generation/storage/load-management topology; mechanical hydropower, purchased renewables or group assets not inherited. Continuation2026-10-08: Maximum1700degreesCfurnace capability is not an actual reported production temperature. Inert atmosphere is not the heating energy carrier.",1.1.0
347,79,P89|observed_transition_gap,P89,TECHNISCHE KERAMIK FRÖMGEN GMBH,NUMERIC_CODING,CODE_DIMENSION,observed_transition_gap,measures_gap_score | management_gap_score | targets_gap_score | investment_gap_score,measures_gap_score | management_gap_score | targets_gap_score | investment_gap_score,4,measures_gap_score | management_gap_score | targets_gap_score | investment_gap_score,measures_gap_score | management_gap_score | targets_gap_score | investment_gap_score,NEEDS_RESEARCH=4,RESEARCH_NEEDED,P2,B,B,4,PASS,PENDING,NEEDS_NUMERIC_CODING,,"Eligibility, process mapping and certificate gates pass. Canonical numeric anchors remain uncoded; proposal state is tracked separately and never mutates canonical values.","Research the unresolved score evidence before proposing an anchor: measures_gap_score: Named current implemented energy measures with exact entity/site/technology scope. Generic efficient/green production and resource recycling not adequate negative-search proof. Continuation2026-10-08: Maximum1700degreesCfurnace capability is not an actual reported production temperature. Inert atmosphere is not the heating energy carrier.; management_gap_score: Current direct ISO 50001/14001/EMAS or operational energy-management evidence for exact holder; quality-only and absent public certificate not no-management conclusion. Continuation2026-10-08: Maximum1700degreesCfurnace capability is not an actual reported production temperature. Inert atmosphere is not the heating energy carrier.; targets_gap_score: Owned energy/climate target, date, scope and roadmap, or documented sufficient defined search. General quality/resource sustainability not energy target. Continuation2026-10-08: Maximum1700degreesCfurnace capability is not an actual reported production temperature. Inert atmosphere is not the heating energy carrier.; investment_gap_score: Completed owned energy investments with commissioning dates in 2021-10-07 to 2026-10-07. Operation/report/filename dates, generic annual CAPEX and other group companies not sufficient. Continuation2026-10-08: Maximum1700degreesCfurnace capability is not an actual reported production temperature. Inert atmosphere is not the heating energy carrier.",1.1.0
348,80,P90|process_electrification_potential,P90,InnoKeramik & Technik GmbH,NUMERIC_CODING,CODE_DIMENSION,process_electrification_potential,temperature_fit_score | process_electrification_score | fossil_heat_displacement_score,temperature_fit_score | process_electrification_score | fossil_heat_displacement_score,3,temperature_fit_score | process_electrification_score | fossil_heat_displacement_score,temperature_fit_score | process_electrification_score | fossil_heat_displacement_score,NEEDS_RESEARCH=3,RESEARCH_NEEDED,P2,B,B,4,PASS,PENDING,NEEDS_NUMERIC_CODING,,"Eligibility, process mapping and certificate gates pass. Canonical numeric anchors remain uncoded; proposal state is tracked separately and never mutates canonical values.","Research the unresolved score evidence before proposing an anchor: temperature_fit_score: Actual process-heating temperatures and supported electric-heat fit, rather than part dimensions, cold maturation, material/customer ratings or historical boiler baselines. Own cold finishing centre for purchased plates; supplier KITO firing>1200C/15000t pressing and customer machine sales not own kiln/control. Continuation2026-10-08: Partner KITO/KLAX firing and customer technologies are not owned InnoKeramik cutting-site thermal processes or energy assets.; process_electrification_score: Named own actual/planned electric thermal route; electrochemical coating, generic production or customer energy applications alone do not establish electric process heat. Own cold finishing centre for purchased plates; supplier KITO firing>1200C/15000t pressing and customer machine sales not own kiln/control. Continuation2026-10-08: Partner KITO/KLAX firing and customer technologies are not owned InnoKeramik cutting-site thermal processes or energy assets.; fossil_heat_displacement_score: Actual current fossil thermal carrier, centrality and displacement materiality; unspecified CHP/ovens and historic gas baselines do not establish remaining fuel mix. Own cold finishing centre for purchased plates; supplier KITO firing>1200C/15000t pressing and customer machine sales not own kiln/control. Continuation2026-10-08: Partner KITO/KLAX firing and customer technologies are not owned InnoKeramik cutting-site thermal processes or energy assets.",1.1.0
349,80,P90|power_electronics_relevance,P90,InnoKeramik & Technik GmbH,NUMERIC_CODING,CODE_DIMENSION,power_electronics_relevance,motor_drive_score | power_conversion_score | automation_control_score,motor_drive_score | power_conversion_score | automation_control_score,3,motor_drive_score | power_conversion_score | automation_control_score,power_conversion_score | automation_control_score,CHECKED=1 | NEEDS_RESEARCH=2,RESEARCH_NEEDED,P2,B,B,4,PASS,PENDING,NEEDS_NUMERIC_CODING,,"Eligibility, process mapping and certificate gates pass. Canonical numeric anchors remain uncoded; proposal state is tracked separately and never mutates canonical values.","Research the unresolved score evidence before proposing an anchor: power_conversion_score: Named current own material rectifier/converter/controlled-heat use case; customer product applications, AC charging sockets and unspecified machine carriers are insufficient. Own cold finishing centre for purchased plates; supplier KITO firing>1200C/15000t pressing and customer machine sales not own kiln/control. Continuation2026-10-08: Partner KITO/KLAX firing and customer technologies are not owned InnoKeramik cutting-site thermal processes or energy assets.; automation_control_score: Actual current owned sensing/control applications and coordination; generic modernity or staging-site claims need corroboration. Own cold finishing centre for purchased plates; supplier KITO firing>1200C/15000t pressing and customer machine sales not own kiln/control. Continuation2026-10-08: Partner KITO/KLAX firing and customer technologies are not owned InnoKeramik cutting-site thermal processes or energy assets.",1.1.0
350,80,P90|load_flexibility_potential,P90,InnoKeramik & Technik GmbH,NUMERIC_CODING,CODE_DIMENSION,load_flexibility_potential,scheduling_flex_score | thermal_storage_flex_score,scheduling_flex_score | thermal_storage_flex_score,2,scheduling_flex_score | thermal_storage_flex_score,scheduling_flex_score | thermal_storage_flex_score,NEEDS_RESEARCH=2,RESEARCH_NEEDED,P2,B,B,4,PASS,PENDING,NEEDS_NUMERIC_CODING,,"Eligibility, process mapping and certificate gates pass. Canonical numeric anchors remain uncoded; proposal state is tracked separately and never mutates canonical values.","Research the unresolved score evidence before proposing an anchor: scheduling_flex_score: Admissible operating/start/interruption windows and actual buffers; product maturation, process cycles or programmable furnace recipes are not dispatch permission. Own cold finishing centre for purchased plates; supplier KITO firing>1200C/15000t pressing and customer machine sales not own kiln/control. Continuation2026-10-08: Partner KITO/KLAX firing and customer technologies are not owned InnoKeramik cutting-site thermal processes or energy assets.; thermal_storage_flex_score: Named own usable heat/cold store or validated thermal inertia with operating window; cooling, absorption chilling, production tanks and glass melt mass alone do not establish storage. Own cold finishing centre for purchased plates; supplier KITO firing>1200C/15000t pressing and customer machine sales not own kiln/control. Continuation2026-10-08: Partner KITO/KLAX firing and customer technologies are not owned InnoKeramik cutting-site thermal processes or energy assets.",1.1.0
351,80,P90|grid_power_quality_relevance,P90,InnoKeramik & Technik GmbH,NUMERIC_CODING,CODE_DIMENSION,grid_power_quality_relevance,incremental_load_score | power_quality_score | onsite_integration_score,incremental_load_score | power_quality_score | onsite_integration_score,3,incremental_load_score | power_quality_score | onsite_integration_score,incremental_load_score | power_quality_score | onsite_integration_score,NEEDS_RESEARCH=3,RESEARCH_NEEDED,P2,B,B,4,PASS,PENDING,NEEDS_NUMERIC_CODING,,"Eligibility, process mapping and certificate gates pass. Canonical numeric anchors remain uncoded; proposal state is tracked separately and never mutates canonical values.","Research the unresolved score evidence before proposing an anchor: incremental_load_score: Defined additional thermal electrification route and ordinal new-load materiality; existing electric assets, PV expansion and EV charging are not an additional heat-route load. Own cold finishing centre for purchased plates; supplier KITO firing>1200C/15000t pressing and customer machine sales not own kiln/control. Continuation2026-10-08: Partner KITO/KLAX firing and customer technologies are not owned InnoKeramik cutting-site thermal processes or energy assets.; power_quality_score: Current firm-specific converter/peak/reactive-power signals; grid connection or a transformer alone is not a measured power-quality issue. Own cold finishing centre for purchased plates; supplier KITO firing>1200C/15000t pressing and customer machine sales not own kiln/control. Continuation2026-10-08: Partner KITO/KLAX firing and customer technologies are not owned InnoKeramik cutting-site thermal processes or energy assets.; onsite_integration_score: Own PV/battery/microgrid/load-management use case and actual integration; supplier green power and customer applications are not own deployment. Own cold finishing centre for purchased plates; supplier KITO firing>1200C/15000t pressing and customer machine sales not own kiln/control. Continuation2026-10-08: Partner KITO/KLAX firing and customer technologies are not owned InnoKeramik cutting-site thermal processes or energy assets.",1.1.0
352,80,P90|observed_transition_gap,P90,InnoKeramik & Technik GmbH,NUMERIC_CODING,CODE_DIMENSION,observed_transition_gap,measures_gap_score | management_gap_score | targets_gap_score | investment_gap_score,measures_gap_score | management_gap_score | targets_gap_score | investment_gap_score,4,measures_gap_score | management_gap_score | targets_gap_score | investment_gap_score,measures_gap_score | management_gap_score | investment_gap_score,CHECKED=1 | NEEDS_RESEARCH=3,RESEARCH_NEEDED,P2,B,B,4,PASS,PENDING,NEEDS_NUMERIC_CODING,,"Eligibility, process mapping and certificate gates pass. Canonical numeric anchors remain uncoded; proposal state is tracked separately and never mutates canonical values.","Research the unresolved score evidence before proposing an anchor: measures_gap_score: Current concrete plant energy-transition measures or adequate confirmed inventory; general sustainability, certification, customer products and historical pilots do not establish current deployment or absence. Own cold finishing centre for purchased plates; supplier KITO firing>1200C/15000t pressing and customer machine sales not own kiln/control. Continuation2026-10-08: Partner KITO/KLAX firing and customer technologies are not owned InnoKeramik cutting-site thermal processes or energy assets.; management_gap_score: Current verified site EnMS/environmental system or bounded claim; ISO9001, an inaccessible/staging certificate page and missing evidence are not certified mature EnMS. Own cold finishing centre for purchased plates; supplier KITO firing>1200C/15000t pressing and customer machine sales not own kiln/control. Continuation2026-10-08: Partner KITO/KLAX firing and customer technologies are not owned InnoKeramik cutting-site thermal processes or energy assets.; investment_gap_score: Dated completed energy-transition investment within2021-10-07 to2026-10-07; old projects, certificate renewal, crawl dates and undifferentiated capacity/wastewater expansion are insufficient. Own cold finishing centre for purchased plates; supplier KITO firing>1200C/15000t pressing and customer machine sales not own kiln/control. Continuation2026-10-08: Partner KITO/KLAX firing and customer technologies are not owned InnoKeramik cutting-site thermal processes or energy assets.",1.1.0
353,81,P94|process_electrification_potential,P94,Brauerei zum Kuchlbauer GmbH & Co. KG,NUMERIC_CODING,CODE_DIMENSION,process_electrification_potential,temperature_fit_score | process_electrification_score | fossil_heat_displacement_score,temperature_fit_score | process_electrification_score | fossil_heat_displacement_score,3,temperature_fit_score | process_electrification_score | fossil_heat_displacement_score,temperature_fit_score | process_electrification_score | fossil_heat_displacement_score,NEEDS_RESEARCH=3,RESEARCH_NEEDED,P2,B,B,4,PASS,PENDING,NEEDS_NUMERIC_CODING,,"Eligibility, process mapping and certificate gates pass. Canonical numeric anchors remain uncoded; proposal state is tracked separately and never mutates canonical values.","Research the unresolved score evidence before proposing an anchor: temperature_fit_score: Actual process-heating temperatures and supported electric-heat fit, rather than part dimensions, cold maturation, material/customer ratings or historical boiler baselines. Actual logistics PV/battery/room HP/charging; builder2024-09-21opening. Room heat not brewery process heat; electrical battery not thermal store; centre climate-positive not whole-company neutrality. Continuation2026-10-08: Logistics PV/electrical storage/room heat pump are separate from brewery process heat. Electrical storage is not a thermal store; no own admissible process dispatch windows found.; process_electrification_score: Named own actual/planned electric thermal route; electrochemical coating, generic production or customer energy applications alone do not establish electric process heat. Actual logistics PV/battery/room HP/charging; builder2024-09-21opening. Room heat not brewery process heat; electrical battery not thermal store; centre climate-positive not whole-company neutrality. Continuation2026-10-08: Logistics PV/electrical storage/room heat pump are separate from brewery process heat. Electrical storage is not a thermal store; no own admissible process dispatch windows found.; fossil_heat_displacement_score: Actual current fossil thermal carrier, centrality and displacement materiality; unspecified CHP/ovens and historic gas baselines do not establish remaining fuel mix. Actual logistics PV/battery/room HP/charging; builder2024-09-21opening. Room heat not brewery process heat; electrical battery not thermal store; centre climate-positive not whole-company neutrality. Continuation2026-10-08: Logistics PV/electrical storage/room heat pump are separate from brewery process heat. Electrical storage is not a thermal store; no own admissible process dispatch windows found.",1.1.0
354,81,P94|power_electronics_relevance,P94,Brauerei zum Kuchlbauer GmbH & Co. KG,NUMERIC_CODING,CODE_DIMENSION,power_electronics_relevance,motor_drive_score | power_conversion_score | automation_control_score,motor_drive_score | power_conversion_score | automation_control_score,3,motor_drive_score | power_conversion_score | automation_control_score,automation_control_score,CHECKED=2 | NEEDS_RESEARCH=1,RESEARCH_NEEDED,P2,B,B,4,PASS,PENDING,NEEDS_NUMERIC_CODING,,"Eligibility, process mapping and certificate gates pass. Canonical numeric anchors remain uncoded; proposal state is tracked separately and never mutates canonical values.",Research the unresolved score evidence before proposing an anchor: automation_control_score: Actual current owned sensing/control applications and coordination; generic modernity or staging-site claims need corroboration. Actual logistics PV/battery/room HP/charging; builder2024-09-21opening. Room heat not brewery process heat; electrical battery not thermal store; centre climate-positive not whole-company neutrality. Continuation2026-10-08: Logistics PV/electrical storage/room heat pump are separate from brewery process heat. Electrical storage is not a thermal store; no own admissible process dispatch windows found.,1.1.0
355,81,P94|load_flexibility_potential,P94,Brauerei zum Kuchlbauer GmbH & Co. KG,NUMERIC_CODING,CODE_DIMENSION,load_flexibility_potential,scheduling_flex_score | thermal_storage_flex_score,scheduling_flex_score | thermal_storage_flex_score,2,scheduling_flex_score | thermal_storage_flex_score,scheduling_flex_score | thermal_storage_flex_score,NEEDS_RESEARCH=2,RESEARCH_NEEDED,P2,B,B,4,PASS,PENDING,NEEDS_NUMERIC_CODING,,"Eligibility, process mapping and certificate gates pass. Canonical numeric anchors remain uncoded; proposal state is tracked separately and never mutates canonical values.","Research the unresolved score evidence before proposing an anchor: scheduling_flex_score: Admissible operating/start/interruption windows and actual buffers; product maturation, process cycles or programmable furnace recipes are not dispatch permission. Actual logistics PV/battery/room HP/charging; builder2024-09-21opening. Room heat not brewery process heat; electrical battery not thermal store; centre climate-positive not whole-company neutrality. Continuation2026-10-08: Logistics PV/electrical storage/room heat pump are separate from brewery process heat. Electrical storage is not a thermal store; no own admissible process dispatch windows found.; thermal_storage_flex_score: Named own usable heat/cold store or validated thermal inertia with operating window; cooling, absorption chilling, production tanks and glass melt mass alone do not establish storage. Actual logistics PV/battery/room HP/charging; builder2024-09-21opening. Room heat not brewery process heat; electrical battery not thermal store; centre climate-positive not whole-company neutrality. Continuation2026-10-08: Logistics PV/electrical storage/room heat pump are separate from brewery process heat. Electrical storage is not a thermal store; no own admissible process dispatch windows found.",1.1.0
356,81,P94|grid_power_quality_relevance,P94,Brauerei zum Kuchlbauer GmbH & Co. KG,NUMERIC_CODING,CODE_DIMENSION,grid_power_quality_relevance,incremental_load_score | power_quality_score | onsite_integration_score,incremental_load_score | power_quality_score | onsite_integration_score,3,incremental_load_score | power_quality_score | onsite_integration_score,incremental_load_score,CHECKED=2 | NEEDS_RESEARCH=1,RESEARCH_NEEDED,P2,B,B,4,PASS,PENDING,NEEDS_NUMERIC_CODING,,"Eligibility, process mapping and certificate gates pass. Canonical numeric anchors remain uncoded; proposal state is tracked separately and never mutates canonical values.","Research the unresolved score evidence before proposing an anchor: incremental_load_score: Defined additional thermal electrification route and ordinal new-load materiality; existing electric assets, PV expansion and EV charging are not an additional heat-route load. Actual logistics PV/battery/room HP/charging; builder2024-09-21opening. Room heat not brewery process heat; electrical battery not thermal store; centre climate-positive not whole-company neutrality. Continuation2026-10-08: Logistics PV/electrical storage/room heat pump are separate from brewery process heat. Electrical storage is not a thermal store; no own admissible process dispatch windows found.",1.1.0
357,81,P94|observed_transition_gap,P94,Brauerei zum Kuchlbauer GmbH & Co. KG,NUMERIC_CODING,CODE_DIMENSION,observed_transition_gap,measures_gap_score | management_gap_score | targets_gap_score | investment_gap_score,measures_gap_score | management_gap_score | targets_gap_score | investment_gap_score,4,measures_gap_score | management_gap_score | targets_gap_score | investment_gap_score,management_gap_score,CHECKED=3 | NEEDS_RESEARCH=1,RESEARCH_NEEDED,P2,B,B,4,PASS,PENDING,NEEDS_NUMERIC_CODING,,"Eligibility, process mapping and certificate gates pass. Canonical numeric anchors remain uncoded; proposal state is tracked separately and never mutates canonical values.","Research the unresolved score evidence before proposing an anchor: management_gap_score: Current verified site EnMS/environmental system or bounded claim; ISO9001, an inaccessible/staging certificate page and missing evidence are not certified mature EnMS. Actual logistics PV/battery/room HP/charging; builder2024-09-21opening. Room heat not brewery process heat; electrical battery not thermal store; centre climate-positive not whole-company neutrality. Continuation2026-10-08: Logistics PV/electrical storage/room heat pump are separate from brewery process heat. Electrical storage is not a thermal store; no own admissible process dispatch windows found.",1.1.0
358,82,P96|process_electrification_potential,P96,PEKA Spritzguss GmbH,NUMERIC_CODING,CODE_DIMENSION,process_electrification_potential,temperature_fit_score | process_electrification_score | fossil_heat_displacement_score,temperature_fit_score | process_electrification_score | fossil_heat_displacement_score,3,temperature_fit_score | process_electrification_score | fossil_heat_displacement_score,temperature_fit_score | process_electrification_score | fossil_heat_displacement_score,NEEDS_RESEARCH=3,RESEARCH_NEEDED,P2,B,B,4,PASS,PENDING,NEEDS_NUMERIC_CODING,,"Eligibility, process mapping and certificate gates pass. Canonical numeric anchors remain uncoded; proposal state is tracked separately and never mutates canonical values.","Research the unresolved score evidence before proposing an anchor: temperature_fit_score: Owned process operating temperatures and actual heat/cold duties; separate product ratings and room heating. Continuation2026-10-08: Temperature-resistant customer products and automated inspection are not own process heat temperatures, heat fuel or energy-control deployment.; process_electrification_score: Named owned thermal route, current heat carrier and feasible remaining substitution case; separate electric drives and room heat. Continuation2026-10-08: Temperature-resistant customer products and automated inspection are not own process heat temperatures, heat fuel or energy-control deployment.; fossil_heat_displacement_score: Current company/site process heat carrier mix and attributable fossil thermal duty. No public evidence is not zero fossil heat. Continuation2026-10-08: Temperature-resistant customer products and automated inspection are not own process heat temperatures, heat fuel or energy-control deployment.",1.1.0
359,82,P96|power_electronics_relevance,P96,PEKA Spritzguss GmbH,NUMERIC_CODING,CODE_DIMENSION,power_electronics_relevance,motor_drive_score | power_conversion_score | automation_control_score,motor_drive_score | power_conversion_score | automation_control_score,3,motor_drive_score | power_conversion_score | automation_control_score,power_conversion_score,CHECKED=2 | NEEDS_RESEARCH=1,RESEARCH_NEEDED,P2,B,B,4,PASS,PENDING,NEEDS_NUMERIC_CODING,,"Eligibility, process mapping and certificate gates pass. Canonical numeric anchors remain uncoded; proposal state is tracked separately and never mutates canonical values.","Research the unresolved score evidence before proposing an anchor: power_conversion_score: Owned rectifier/inverter/controlled-electric-heat applications, scope and duty; mechanical water power not electricity generation. Continuation2026-10-08: Temperature-resistant customer products and automated inspection are not own process heat temperatures, heat fuel or energy-control deployment.",1.1.0
360,82,P96|load_flexibility_potential,P96,PEKA Spritzguss GmbH,NUMERIC_CODING,CODE_DIMENSION,load_flexibility_potential,scheduling_flex_score | thermal_storage_flex_score,scheduling_flex_score | thermal_storage_flex_score,2,scheduling_flex_score | thermal_storage_flex_score,scheduling_flex_score | thermal_storage_flex_score,NEEDS_RESEARCH=2,RESEARCH_NEEDED,P2,B,B,4,PASS,PENDING,NEEDS_NUMERIC_CODING,,"Eligibility, process mapping and certificate gates pass. Canonical numeric anchors remain uncoded; proposal state is tracked separately and never mutates canonical values.","Research the unresolved score evidence before proposing an anchor: scheduling_flex_score: Permitted timing shifts, quality/cooling/order constraints and spare capacity. Batch/24h operation alone not flexibility permission. Continuation2026-10-08: Temperature-resistant customer products and automated inspection are not own process heat temperatures, heat fuel or energy-control deployment.; thermal_storage_flex_score: Actual useful heat/cold buffer capacity, temperature, connection and timing freedom; thermal mass, room heat and electrical batteries not sufficient. Continuation2026-10-08: Temperature-resistant customer products and automated inspection are not own process heat temperatures, heat fuel or energy-control deployment.",1.1.0
361,82,P96|grid_power_quality_relevance,P96,PEKA Spritzguss GmbH,NUMERIC_CODING,CODE_DIMENSION,grid_power_quality_relevance,incremental_load_score | power_quality_score | onsite_integration_score,incremental_load_score | power_quality_score | onsite_integration_score,3,incremental_load_score | power_quality_score | onsite_integration_score,incremental_load_score | power_quality_score | onsite_integration_score,NEEDS_RESEARCH=3,RESEARCH_NEEDED,P2,B,B,4,PASS,PENDING,NEEDS_NUMERIC_CODING,,"Eligibility, process mapping and certificate gates pass. Canonical numeric anchors remain uncoded; proposal state is tracked separately and never mutates canonical values.","Research the unresolved score evidence before proposing an anchor: incremental_load_score: Owned feasible thermal substitution case and baseline remaining thermal duty; no grid capacity or kW inferred. Continuation2026-10-08: Temperature-resistant customer products and automated inspection are not own process heat temperatures, heat fuel or energy-control deployment.; power_quality_score: Owned relevant converter/peak topology or measured harmonic/reactive/voltage findings; product resistance/current amps not measured power-quality evidence. Continuation2026-10-08: Temperature-resistant customer products and automated inspection are not own process heat temperatures, heat fuel or energy-control deployment.; onsite_integration_score: Owned electricity generation/storage/load-management topology; mechanical hydropower, purchased renewables or group assets not inherited. Continuation2026-10-08: Temperature-resistant customer products and automated inspection are not own process heat temperatures, heat fuel or energy-control deployment.",1.1.0
362,82,P96|observed_transition_gap,P96,PEKA Spritzguss GmbH,NUMERIC_CODING,CODE_DIMENSION,observed_transition_gap,measures_gap_score | management_gap_score | targets_gap_score | investment_gap_score,measures_gap_score | management_gap_score | targets_gap_score | investment_gap_score,4,measures_gap_score | management_gap_score | targets_gap_score | investment_gap_score,measures_gap_score | targets_gap_score | investment_gap_score,CHECKED=1 | NEEDS_RESEARCH=3,RESEARCH_NEEDED,P2,B,B,4,PASS,PENDING,NEEDS_NUMERIC_CODING,,"Eligibility, process mapping and certificate gates pass. Canonical numeric anchors remain uncoded; proposal state is tracked separately and never mutates canonical values.","Research the unresolved score evidence before proposing an anchor: measures_gap_score: Named current implemented energy measures with exact entity/site/technology scope. Generic efficient/green production and resource recycling not adequate negative-search proof. Continuation2026-10-08: Temperature-resistant customer products and automated inspection are not own process heat temperatures, heat fuel or energy-control deployment.; targets_gap_score: Owned energy/climate target, date, scope and roadmap, or documented sufficient defined search. General quality/resource sustainability not energy target. Continuation2026-10-08: Temperature-resistant customer products and automated inspection are not own process heat temperatures, heat fuel or energy-control deployment.; investment_gap_score: Completed owned energy investments with commissioning dates in 2021-10-07 to 2026-10-07. Operation/report/filename dates, generic annual CAPEX and other group companies not sufficient. Continuation2026-10-08: Temperature-resistant customer products and automated inspection are not own process heat temperatures, heat fuel or energy-control deployment.",1.1.0
363,83,P98|process_electrification_potential,P98,Robert Frank GmbH & Co. KG,NUMERIC_CODING,CODE_DIMENSION,process_electrification_potential,temperature_fit_score | process_electrification_score | fossil_heat_displacement_score,temperature_fit_score | process_electrification_score | fossil_heat_displacement_score,3,temperature_fit_score | process_electrification_score | fossil_heat_displacement_score,temperature_fit_score | process_electrification_score | fossil_heat_displacement_score,NEEDS_RESEARCH=3,RESEARCH_NEEDED,P2,B,B,4,PASS,PENDING,NEEDS_NUMERIC_CODING,,"Eligibility, process mapping and certificate gates pass. Canonical numeric anchors remain uncoded; proposal state is tracked separately and never mutates canonical values.","Research the unresolved score evidence before proposing an anchor: temperature_fit_score: Owned process operating temperatures and actual heat/cold duties; separate product ratings and room heating. Continuation2026-10-08: Toolmaking/automation services and customer material-temperature ranges are not own heat temperatures, fuel or completed energy projects; supplied automation remains separate from owned operation.; process_electrification_score: Named owned thermal route, current heat carrier and feasible remaining substitution case; separate electric drives and room heat. Continuation2026-10-08: Toolmaking/automation services and customer material-temperature ranges are not own heat temperatures, fuel or completed energy projects; supplied automation remains separate from owned operation.; fossil_heat_displacement_score: Current company/site process heat carrier mix and attributable fossil thermal duty. No public evidence is not zero fossil heat. Continuation2026-10-08: Toolmaking/automation services and customer material-temperature ranges are not own heat temperatures, fuel or completed energy projects; supplied automation remains separate from owned operation.",1.1.0
364,83,P98|power_electronics_relevance,P98,Robert Frank GmbH & Co. KG,NUMERIC_CODING,CODE_DIMENSION,power_electronics_relevance,motor_drive_score | power_conversion_score | automation_control_score,motor_drive_score | power_conversion_score | automation_control_score,3,motor_drive_score | power_conversion_score | automation_control_score,,CHECKED=3,CHECKED,P2,B,B,4,PASS,PENDING,NEEDS_NUMERIC_CODING,,"Eligibility, process mapping and certificate gates pass. Canonical numeric anchors remain uncoded; proposal state is tracked separately and never mutates canonical values.",Source and anchor checks are complete. Preserve the checked proposals; final-score approval and canonical scoring remain separate gates.,1.1.0
365,83,P98|load_flexibility_potential,P98,Robert Frank GmbH & Co. KG,NUMERIC_CODING,CODE_DIMENSION,load_flexibility_potential,scheduling_flex_score | thermal_storage_flex_score,scheduling_flex_score | thermal_storage_flex_score,2,scheduling_flex_score | thermal_storage_flex_score,scheduling_flex_score | thermal_storage_flex_score,NEEDS_RESEARCH=2,RESEARCH_NEEDED,P2,B,B,4,PASS,PENDING,NEEDS_NUMERIC_CODING,,"Eligibility, process mapping and certificate gates pass. Canonical numeric anchors remain uncoded; proposal state is tracked separately and never mutates canonical values.","Research the unresolved score evidence before proposing an anchor: scheduling_flex_score: Permitted timing shifts, quality/cooling/order constraints and spare capacity. Batch/24h operation alone not flexibility permission. Continuation2026-10-08: Toolmaking/automation services and customer material-temperature ranges are not own heat temperatures, fuel or completed energy projects; supplied automation remains separate from owned operation.; thermal_storage_flex_score: Actual useful heat/cold buffer capacity, temperature, connection and timing freedom; thermal mass, room heat and electrical batteries not sufficient. Continuation2026-10-08: Toolmaking/automation services and customer material-temperature ranges are not own heat temperatures, fuel or completed energy projects; supplied automation remains separate from owned operation.",1.1.0
366,83,P98|grid_power_quality_relevance,P98,Robert Frank GmbH & Co. KG,NUMERIC_CODING,CODE_DIMENSION,grid_power_quality_relevance,incremental_load_score | power_quality_score | onsite_integration_score,incremental_load_score | power_quality_score | onsite_integration_score,3,incremental_load_score | power_quality_score | onsite_integration_score,incremental_load_score | onsite_integration_score,CHECKED=1 | NEEDS_RESEARCH=2,RESEARCH_NEEDED,P2,B,B,4,PASS,PENDING,NEEDS_NUMERIC_CODING,,"Eligibility, process mapping and certificate gates pass. Canonical numeric anchors remain uncoded; proposal state is tracked separately and never mutates canonical values.","Research the unresolved score evidence before proposing an anchor: incremental_load_score: Owned feasible thermal substitution case and baseline remaining thermal duty; no grid capacity or kW inferred. Continuation2026-10-08: Toolmaking/automation services and customer material-temperature ranges are not own heat temperatures, fuel or completed energy projects; supplied automation remains separate from owned operation.; onsite_integration_score: Owned electricity generation/storage/load-management topology; mechanical hydropower, purchased renewables or group assets not inherited. Continuation2026-10-08: Toolmaking/automation services and customer material-temperature ranges are not own heat temperatures, fuel or completed energy projects; supplied automation remains separate from owned operation.",1.1.0
367,83,P98|observed_transition_gap,P98,Robert Frank GmbH & Co. KG,NUMERIC_CODING,CODE_DIMENSION,observed_transition_gap,measures_gap_score | management_gap_score | targets_gap_score | investment_gap_score,measures_gap_score | management_gap_score | targets_gap_score | investment_gap_score,4,measures_gap_score | management_gap_score | targets_gap_score | investment_gap_score,measures_gap_score | management_gap_score | investment_gap_score,CHECKED=1 | NEEDS_RESEARCH=3,RESEARCH_NEEDED,P2,B,B,4,PASS,PENDING,NEEDS_NUMERIC_CODING,,"Eligibility, process mapping and certificate gates pass. Canonical numeric anchors remain uncoded; proposal state is tracked separately and never mutates canonical values.","Research the unresolved score evidence before proposing an anchor: measures_gap_score: Named current implemented energy measures with exact entity/site/technology scope. Generic efficient/green production and resource recycling not adequate negative-search proof. Continuation2026-10-08: Toolmaking/automation services and customer material-temperature ranges are not own heat temperatures, fuel or completed energy projects; supplied automation remains separate from owned operation.; management_gap_score: Current direct ISO 50001/14001/EMAS or operational energy-management evidence for exact holder; quality-only and absent public certificate not no-management conclusion. Continuation2026-10-08: Toolmaking/automation services and customer material-temperature ranges are not own heat temperatures, fuel or completed energy projects; supplied automation remains separate from owned operation.; investment_gap_score: Completed owned energy investments with commissioning dates in 2021-10-07 to 2026-10-07. Operation/report/filename dates, generic annual CAPEX and other group companies not sufficient. Continuation2026-10-08: Toolmaking/automation services and customer material-temperature ranges are not own heat temperatures, fuel or completed energy projects; supplied automation remains separate from owned operation.",1.1.0
368,84,P99|process_electrification_potential,P99,Kunststofftechnik Breitungen GmbH & Co. KG,NUMERIC_CODING,CODE_DIMENSION,process_electrification_potential,temperature_fit_score | process_electrification_score | fossil_heat_displacement_score,temperature_fit_score | process_electrification_score | fossil_heat_displacement_score,3,temperature_fit_score | process_electrification_score | fossil_heat_displacement_score,temperature_fit_score | process_electrification_score | fossil_heat_displacement_score,NEEDS_RESEARCH=3,RESEARCH_NEEDED,P2,B,B,4,PASS,PENDING,NEEDS_NUMERIC_CODING,,"Eligibility, process mapping and certificate gates pass. Canonical numeric anchors remain uncoded; proposal state is tracked separately and never mutates canonical values.","Research the unresolved score evidence before proposing an anchor: temperature_fit_score: Owned process operating temperatures and actual heat/cold duties; separate product ratings and room heating. Continuation2026-10-08: Arburg model names/clamping force alone do not establish installed converter topology or current heating temperature. Part-by-part inspection is not a coordinated energy controller.; process_electrification_score: Named owned thermal route, current heat carrier and feasible remaining substitution case; separate electric drives and room heat. Continuation2026-10-08: Arburg model names/clamping force alone do not establish installed converter topology or current heating temperature. Part-by-part inspection is not a coordinated energy controller.; fossil_heat_displacement_score: Current company/site process heat carrier mix and attributable fossil thermal duty. No public evidence is not zero fossil heat. Continuation2026-10-08: Arburg model names/clamping force alone do not establish installed converter topology or current heating temperature. Part-by-part inspection is not a coordinated energy controller.",1.1.0
369,84,P99|power_electronics_relevance,P99,Kunststofftechnik Breitungen GmbH & Co. KG,NUMERIC_CODING,CODE_DIMENSION,power_electronics_relevance,motor_drive_score | power_conversion_score | automation_control_score,motor_drive_score | power_conversion_score | automation_control_score,3,motor_drive_score | power_conversion_score | automation_control_score,power_conversion_score | automation_control_score,CHECKED=1 | NEEDS_RESEARCH=2,RESEARCH_NEEDED,P2,B,B,4,PASS,PENDING,NEEDS_NUMERIC_CODING,,"Eligibility, process mapping and certificate gates pass. Canonical numeric anchors remain uncoded; proposal state is tracked separately and never mutates canonical values.","Research the unresolved score evidence before proposing an anchor: power_conversion_score: Owned rectifier/inverter/controlled-electric-heat applications, scope and duty; mechanical water power not electricity generation. Continuation2026-10-08: Arburg model names/clamping force alone do not establish installed converter topology or current heating temperature. Part-by-part inspection is not a coordinated energy controller.; automation_control_score: Owned process control/monitoring inventory and operational coordination; quality claims not EnMS maturity. Continuation2026-10-08: Arburg model names/clamping force alone do not establish installed converter topology or current heating temperature. Part-by-part inspection is not a coordinated energy controller.",1.1.0
370,84,P99|load_flexibility_potential,P99,Kunststofftechnik Breitungen GmbH & Co. KG,NUMERIC_CODING,CODE_DIMENSION,load_flexibility_potential,scheduling_flex_score | thermal_storage_flex_score,scheduling_flex_score | thermal_storage_flex_score,2,scheduling_flex_score | thermal_storage_flex_score,scheduling_flex_score | thermal_storage_flex_score,NEEDS_RESEARCH=2,RESEARCH_NEEDED,P2,B,B,4,PASS,PENDING,NEEDS_NUMERIC_CODING,,"Eligibility, process mapping and certificate gates pass. Canonical numeric anchors remain uncoded; proposal state is tracked separately and never mutates canonical values.","Research the unresolved score evidence before proposing an anchor: scheduling_flex_score: Permitted timing shifts, quality/cooling/order constraints and spare capacity. Batch/24h operation alone not flexibility permission. Continuation2026-10-08: Arburg model names/clamping force alone do not establish installed converter topology or current heating temperature. Part-by-part inspection is not a coordinated energy controller.; thermal_storage_flex_score: Actual useful heat/cold buffer capacity, temperature, connection and timing freedom; thermal mass, room heat and electrical batteries not sufficient. Continuation2026-10-08: Arburg model names/clamping force alone do not establish installed converter topology or current heating temperature. Part-by-part inspection is not a coordinated energy controller.",1.1.0
371,84,P99|grid_power_quality_relevance,P99,Kunststofftechnik Breitungen GmbH & Co. KG,NUMERIC_CODING,CODE_DIMENSION,grid_power_quality_relevance,incremental_load_score | power_quality_score | onsite_integration_score,incremental_load_score | power_quality_score | onsite_integration_score,3,incremental_load_score | power_quality_score | onsite_integration_score,incremental_load_score | power_quality_score | onsite_integration_score,NEEDS_RESEARCH=3,RESEARCH_NEEDED,P2,B,B,4,PASS,PENDING,NEEDS_NUMERIC_CODING,,"Eligibility, process mapping and certificate gates pass. Canonical numeric anchors remain uncoded; proposal state is tracked separately and never mutates canonical values.","Research the unresolved score evidence before proposing an anchor: incremental_load_score: Owned feasible thermal substitution case and baseline remaining thermal duty; no grid capacity or kW inferred. Continuation2026-10-08: Arburg model names/clamping force alone do not establish installed converter topology or current heating temperature. Part-by-part inspection is not a coordinated energy controller.; power_quality_score: Owned relevant converter/peak topology or measured harmonic/reactive/voltage findings; product resistance/current amps not measured power-quality evidence. Continuation2026-10-08: Arburg model names/clamping force alone do not establish installed converter topology or current heating temperature. Part-by-part inspection is not a coordinated energy controller.; onsite_integration_score: Owned electricity generation/storage/load-management topology; mechanical hydropower, purchased renewables or group assets not inherited. Continuation2026-10-08: Arburg model names/clamping force alone do not establish installed converter topology or current heating temperature. Part-by-part inspection is not a coordinated energy controller.",1.1.0
372,84,P99|observed_transition_gap,P99,Kunststofftechnik Breitungen GmbH & Co. KG,NUMERIC_CODING,CODE_DIMENSION,observed_transition_gap,measures_gap_score | management_gap_score | targets_gap_score | investment_gap_score,measures_gap_score | management_gap_score | targets_gap_score | investment_gap_score,4,measures_gap_score | management_gap_score | targets_gap_score | investment_gap_score,measures_gap_score | management_gap_score | targets_gap_score | investment_gap_score,NEEDS_RESEARCH=4,RESEARCH_NEEDED,P2,B,B,4,PASS,PENDING,NEEDS_NUMERIC_CODING,,"Eligibility, process mapping and certificate gates pass. Canonical numeric anchors remain uncoded; proposal state is tracked separately and never mutates canonical values.","Research the unresolved score evidence before proposing an anchor: measures_gap_score: Named current implemented energy measures with exact entity/site/technology scope. Generic efficient/green production and resource recycling not adequate negative-search proof. Continuation2026-10-08: Arburg model names/clamping force alone do not establish installed converter topology or current heating temperature. Part-by-part inspection is not a coordinated energy controller.; management_gap_score: Current direct ISO 50001/14001/EMAS or operational energy-management evidence for exact holder; quality-only and absent public certificate not no-management conclusion. Continuation2026-10-08: Arburg model names/clamping force alone do not establish installed converter topology or current heating temperature. Part-by-part inspection is not a coordinated energy controller.; targets_gap_score: Owned energy/climate target, date, scope and roadmap, or documented sufficient defined search. General quality/resource sustainability not energy target. Continuation2026-10-08: Arburg model names/clamping force alone do not establish installed converter topology or current heating temperature. Part-by-part inspection is not a coordinated energy controller.; investment_gap_score: Completed owned energy investments with commissioning dates in 2021-10-07 to 2026-10-07. Operation/report/filename dates, generic annual CAPEX and other group companies not sufficient. Continuation2026-10-08: Arburg model names/clamping force alone do not establish installed converter topology or current heating temperature. Part-by-part inspection is not a coordinated energy controller.",1.1.0
373,85,P106|process_electrification_potential,P106,Felix Vuckovic - Technische Keramik GmbH,NUMERIC_CODING,CODE_DIMENSION,process_electrification_potential,temperature_fit_score | process_electrification_score | fossil_heat_displacement_score,temperature_fit_score | process_electrification_score | fossil_heat_displacement_score,3,temperature_fit_score | process_electrification_score | fossil_heat_displacement_score,temperature_fit_score | process_electrification_score | fossil_heat_displacement_score,NEEDS_RESEARCH=3,RESEARCH_NEEDED,P2,B,B,4,PASS,PENDING,NEEDS_NUMERIC_CODING,,"Eligibility, process mapping and certificate gates pass. Canonical numeric anchors remain uncoded; proposal state is tracked separately and never mutates canonical values.","Research the unresolved score evidence before proposing an anchor: temperature_fit_score: Owned process operating temperatures and actual heat/cold duties; separate product ratings and room heating. Continuation2026-10-08: Owner manufacturing/quality page and general annual machine investment supply no thermal duty/fuel, completed energy project date or public quantified climate target.; process_electrification_score: Named owned thermal route, current heat carrier and feasible remaining substitution case; separate electric drives and room heat. Continuation2026-10-08: Owner manufacturing/quality page and general annual machine investment supply no thermal duty/fuel, completed energy project date or public quantified climate target.; fossil_heat_displacement_score: Current company/site process heat carrier mix and attributable fossil thermal duty. No public evidence is not zero fossil heat. Continuation2026-10-08: Owner manufacturing/quality page and general annual machine investment supply no thermal duty/fuel, completed energy project date or public quantified climate target.",1.1.0
374,85,P106|power_electronics_relevance,P106,Felix Vuckovic - Technische Keramik GmbH,NUMERIC_CODING,CODE_DIMENSION,power_electronics_relevance,motor_drive_score | power_conversion_score | automation_control_score,motor_drive_score | power_conversion_score | automation_control_score,3,motor_drive_score | power_conversion_score | automation_control_score,,CHECKED=3,CHECKED,P2,B,B,4,PASS,PENDING,NEEDS_NUMERIC_CODING,,"Eligibility, process mapping and certificate gates pass. Canonical numeric anchors remain uncoded; proposal state is tracked separately and never mutates canonical values.",Source and anchor checks are complete. Preserve the checked proposals; final-score approval and canonical scoring remain separate gates.,1.1.0
375,85,P106|load_flexibility_potential,P106,Felix Vuckovic - Technische Keramik GmbH,NUMERIC_CODING,CODE_DIMENSION,load_flexibility_potential,scheduling_flex_score | thermal_storage_flex_score,scheduling_flex_score | thermal_storage_flex_score,2,scheduling_flex_score | thermal_storage_flex_score,scheduling_flex_score | thermal_storage_flex_score,NEEDS_RESEARCH=2,RESEARCH_NEEDED,P2,B,B,4,PASS,PENDING,NEEDS_NUMERIC_CODING,,"Eligibility, process mapping and certificate gates pass. Canonical numeric anchors remain uncoded; proposal state is tracked separately and never mutates canonical values.","Research the unresolved score evidence before proposing an anchor: scheduling_flex_score: Permitted timing shifts, quality/cooling/order constraints and spare capacity. Batch/24h operation alone not flexibility permission. Continuation2026-10-08: Owner manufacturing/quality page and general annual machine investment supply no thermal duty/fuel, completed energy project date or public quantified climate target.; thermal_storage_flex_score: Actual useful heat/cold buffer capacity, temperature, connection and timing freedom; thermal mass, room heat and electrical batteries not sufficient. Continuation2026-10-08: Owner manufacturing/quality page and general annual machine investment supply no thermal duty/fuel, completed energy project date or public quantified climate target.",1.1.0
376,85,P106|grid_power_quality_relevance,P106,Felix Vuckovic - Technische Keramik GmbH,NUMERIC_CODING,CODE_DIMENSION,grid_power_quality_relevance,incremental_load_score | power_quality_score | onsite_integration_score,incremental_load_score | power_quality_score | onsite_integration_score,3,incremental_load_score | power_quality_score | onsite_integration_score,incremental_load_score | onsite_integration_score,CHECKED=1 | NEEDS_RESEARCH=2,RESEARCH_NEEDED,P2,B,B,4,PASS,PENDING,NEEDS_NUMERIC_CODING,,"Eligibility, process mapping and certificate gates pass. Canonical numeric anchors remain uncoded; proposal state is tracked separately and never mutates canonical values.","Research the unresolved score evidence before proposing an anchor: incremental_load_score: Owned feasible thermal substitution case and baseline remaining thermal duty; no grid capacity or kW inferred. Continuation2026-10-08: Owner manufacturing/quality page and general annual machine investment supply no thermal duty/fuel, completed energy project date or public quantified climate target.; onsite_integration_score: Owned electricity generation/storage/load-management topology; mechanical hydropower, purchased renewables or group assets not inherited. Continuation2026-10-08: Owner manufacturing/quality page and general annual machine investment supply no thermal duty/fuel, completed energy project date or public quantified climate target.",1.1.0
377,85,P106|observed_transition_gap,P106,Felix Vuckovic - Technische Keramik GmbH,NUMERIC_CODING,CODE_DIMENSION,observed_transition_gap,measures_gap_score | management_gap_score | targets_gap_score | investment_gap_score,measures_gap_score | management_gap_score | targets_gap_score | investment_gap_score,4,measures_gap_score | management_gap_score | targets_gap_score | investment_gap_score,measures_gap_score | management_gap_score | targets_gap_score | investment_gap_score,NEEDS_RESEARCH=4,RESEARCH_NEEDED,P2,B,B,4,PASS,PENDING,NEEDS_NUMERIC_CODING,,"Eligibility, process mapping and certificate gates pass. Canonical numeric anchors remain uncoded; proposal state is tracked separately and never mutates canonical values.","Research the unresolved score evidence before proposing an anchor: measures_gap_score: Named current implemented energy measures with exact entity/site/technology scope. Generic efficient/green production and resource recycling not adequate negative-search proof. Continuation2026-10-08: Owner manufacturing/quality page and general annual machine investment supply no thermal duty/fuel, completed energy project date or public quantified climate target.; management_gap_score: Current direct ISO 50001/14001/EMAS or operational energy-management evidence for exact holder; quality-only and absent public certificate not no-management conclusion. Continuation2026-10-08: Owner manufacturing/quality page and general annual machine investment supply no thermal duty/fuel, completed energy project date or public quantified climate target.; targets_gap_score: Owned energy/climate target, date, scope and roadmap, or documented sufficient defined search. General quality/resource sustainability not energy target. Continuation2026-10-08: Owner manufacturing/quality page and general annual machine investment supply no thermal duty/fuel, completed energy project date or public quantified climate target.; investment_gap_score: Completed owned energy investments with commissioning dates in 2021-10-07 to 2026-10-07. Operation/report/filename dates, generic annual CAPEX and other group companies not sufficient. Continuation2026-10-08: Owner manufacturing/quality page and general annual machine investment supply no thermal duty/fuel, completed energy project date or public quantified climate target.",1.1.0
378,86,P107|process_electrification_potential,P107,Dibbern Porzellanmanufaktur GmbH,NUMERIC_CODING,CODE_DIMENSION,process_electrification_potential,temperature_fit_score | process_electrification_score | fossil_heat_displacement_score,temperature_fit_score | process_electrification_score | fossil_heat_displacement_score,3,temperature_fit_score | process_electrification_score | fossil_heat_displacement_score,temperature_fit_score | fossil_heat_displacement_score,CHECKED=1 | NEEDS_RESEARCH=2,RESEARCH_NEEDED,P2,B,B,4,PASS,PENDING,NEEDS_NUMERIC_CODING,,"Eligibility, process mapping and certificate gates pass. Canonical numeric anchors remain uncoded; proposal state is tracked separately and never mutates canonical values.",Research the unresolved score evidence before proposing an anchor: temperature_fit_score: Owned process operating temperatures and actual heat/cold duties; separate product ratings and room heating. Continuation2026-10-08: Own kiln heat recovery retained. Main Dibbern pages/catalogues return403; parent-brand assets are not inherited into the manufacturing entity and fuel/control facts remain unknown.; fossil_heat_displacement_score: Current company/site process heat carrier mix and attributable fossil thermal duty. No public evidence is not zero fossil heat. Continuation2026-10-08: Own kiln heat recovery retained. Main Dibbern pages/catalogues return403; parent-brand assets are not inherited into the manufacturing entity and fuel/control facts remain unknown.,1.1.0
379,86,P107|power_electronics_relevance,P107,Dibbern Porzellanmanufaktur GmbH,NUMERIC_CODING,CODE_DIMENSION,power_electronics_relevance,motor_drive_score | power_conversion_score | automation_control_score,motor_drive_score | power_conversion_score | automation_control_score,3,motor_drive_score | power_conversion_score | automation_control_score,motor_drive_score | power_conversion_score | automation_control_score,NEEDS_RESEARCH=3,RESEARCH_NEEDED,P2,B,B,4,PASS,PENDING,NEEDS_NUMERIC_CODING,,"Eligibility, process mapping and certificate gates pass. Canonical numeric anchors remain uncoded; proposal state is tracked separately and never mutates canonical values.","Research the unresolved score evidence before proposing an anchor: motor_drive_score: Owned electrical motor/compressor inventory, process roles and duty; mechanical drive not automatically electric. Continuation2026-10-08: Own kiln heat recovery retained. Main Dibbern pages/catalogues return403; parent-brand assets are not inherited into the manufacturing entity and fuel/control facts remain unknown.; power_conversion_score: Owned rectifier/inverter/controlled-electric-heat applications, scope and duty; mechanical water power not electricity generation. Continuation2026-10-08: Own kiln heat recovery retained. Main Dibbern pages/catalogues return403; parent-brand assets are not inherited into the manufacturing entity and fuel/control facts remain unknown.; automation_control_score: Owned process control/monitoring inventory and operational coordination; quality claims not EnMS maturity. Continuation2026-10-08: Own kiln heat recovery retained. Main Dibbern pages/catalogues return403; parent-brand assets are not inherited into the manufacturing entity and fuel/control facts remain unknown.",1.1.0
380,86,P107|load_flexibility_potential,P107,Dibbern Porzellanmanufaktur GmbH,NUMERIC_CODING,CODE_DIMENSION,load_flexibility_potential,scheduling_flex_score | thermal_storage_flex_score,scheduling_flex_score | thermal_storage_flex_score,2,scheduling_flex_score | thermal_storage_flex_score,scheduling_flex_score | thermal_storage_flex_score,NEEDS_RESEARCH=2,RESEARCH_NEEDED,P2,B,B,4,PASS,PENDING,NEEDS_NUMERIC_CODING,,"Eligibility, process mapping and certificate gates pass. Canonical numeric anchors remain uncoded; proposal state is tracked separately and never mutates canonical values.","Research the unresolved score evidence before proposing an anchor: scheduling_flex_score: Permitted timing shifts, quality/cooling/order constraints and spare capacity. Batch/24h operation alone not flexibility permission. Continuation2026-10-08: Own kiln heat recovery retained. Main Dibbern pages/catalogues return403; parent-brand assets are not inherited into the manufacturing entity and fuel/control facts remain unknown.; thermal_storage_flex_score: Actual useful heat/cold buffer capacity, temperature, connection and timing freedom; thermal mass, room heat and electrical batteries not sufficient. Continuation2026-10-08: Own kiln heat recovery retained. Main Dibbern pages/catalogues return403; parent-brand assets are not inherited into the manufacturing entity and fuel/control facts remain unknown.",1.1.0
381,86,P107|grid_power_quality_relevance,P107,Dibbern Porzellanmanufaktur GmbH,NUMERIC_CODING,CODE_DIMENSION,grid_power_quality_relevance,incremental_load_score | power_quality_score | onsite_integration_score,incremental_load_score | power_quality_score | onsite_integration_score,3,incremental_load_score | power_quality_score | onsite_integration_score,incremental_load_score | power_quality_score | onsite_integration_score,NEEDS_RESEARCH=3,RESEARCH_NEEDED,P2,B,B,4,PASS,PENDING,NEEDS_NUMERIC_CODING,,"Eligibility, process mapping and certificate gates pass. Canonical numeric anchors remain uncoded; proposal state is tracked separately and never mutates canonical values.","Research the unresolved score evidence before proposing an anchor: incremental_load_score: Owned feasible thermal substitution case and baseline remaining thermal duty; no grid capacity or kW inferred. Continuation2026-10-08: Own kiln heat recovery retained. Main Dibbern pages/catalogues return403; parent-brand assets are not inherited into the manufacturing entity and fuel/control facts remain unknown.; power_quality_score: Owned relevant converter/peak topology or measured harmonic/reactive/voltage findings; product resistance/current amps not measured power-quality evidence. Continuation2026-10-08: Own kiln heat recovery retained. Main Dibbern pages/catalogues return403; parent-brand assets are not inherited into the manufacturing entity and fuel/control facts remain unknown.; onsite_integration_score: Owned electricity generation/storage/load-management topology; mechanical hydropower, purchased renewables or group assets not inherited. Continuation2026-10-08: Own kiln heat recovery retained. Main Dibbern pages/catalogues return403; parent-brand assets are not inherited into the manufacturing entity and fuel/control facts remain unknown.",1.1.0
382,86,P107|observed_transition_gap,P107,Dibbern Porzellanmanufaktur GmbH,NUMERIC_CODING,CODE_DIMENSION,observed_transition_gap,measures_gap_score | management_gap_score | targets_gap_score | investment_gap_score,measures_gap_score | management_gap_score | targets_gap_score | investment_gap_score,4,measures_gap_score | management_gap_score | targets_gap_score | investment_gap_score,management_gap_score | investment_gap_score,CHECKED=2 | NEEDS_RESEARCH=2,RESEARCH_NEEDED,P2,B,B,4,PASS,PENDING,NEEDS_NUMERIC_CODING,,"Eligibility, process mapping and certificate gates pass. Canonical numeric anchors remain uncoded; proposal state is tracked separately and never mutates canonical values.","Research the unresolved score evidence before proposing an anchor: management_gap_score: Current direct ISO 50001/14001/EMAS or operational energy-management evidence for exact holder; quality-only and absent public certificate not no-management conclusion. Continuation2026-10-08: Own kiln heat recovery retained. Main Dibbern pages/catalogues return403; parent-brand assets are not inherited into the manufacturing entity and fuel/control facts remain unknown.; investment_gap_score: Completed owned energy investments with commissioning dates in 2021-10-07 to 2026-10-07. Operation/report/filename dates, generic annual CAPEX and other group companies not sufficient. Continuation2026-10-08: Own kiln heat recovery retained. Main Dibbern pages/catalogues return403; parent-brand assets are not inherited into the manufacturing entity and fuel/control facts remain unknown.",1.1.0
383,87,P108|process_electrification_potential,P108,Porzellanmanufaktur Reichenbach GmbH,NUMERIC_CODING,CODE_DIMENSION,process_electrification_potential,temperature_fit_score | process_electrification_score | fossil_heat_displacement_score,temperature_fit_score | process_electrification_score | fossil_heat_displacement_score,3,temperature_fit_score | process_electrification_score | fossil_heat_displacement_score,fossil_heat_displacement_score,CHECKED=2 | NEEDS_RESEARCH=1,RESEARCH_NEEDED,P2,B,B,4,PASS,PENDING,NEEDS_NUMERIC_CODING,,"Eligibility, process mapping and certificate gates pass. Canonical numeric anchors remain uncoded; proposal state is tracked separately and never mutates canonical values.","Research the unresolved score evidence before proposing an anchor: fossil_heat_displacement_score: Current company/site process heat carrier mix and attributable fossil thermal duty. No public evidence is not zero fossil heat. Continuation2026-10-08: Own firing temperatures retained. Sustainability article concerns materials, packaging and grounds, not concrete plant energy deployment, heat fuel or useful thermal storage.",1.1.0
384,87,P108|power_electronics_relevance,P108,Porzellanmanufaktur Reichenbach GmbH,NUMERIC_CODING,CODE_DIMENSION,power_electronics_relevance,motor_drive_score | power_conversion_score | automation_control_score,motor_drive_score | power_conversion_score | automation_control_score,3,motor_drive_score | power_conversion_score | automation_control_score,motor_drive_score | automation_control_score,CHECKED=1 | NEEDS_RESEARCH=2,RESEARCH_NEEDED,P2,B,B,4,PASS,PENDING,NEEDS_NUMERIC_CODING,,"Eligibility, process mapping and certificate gates pass. Canonical numeric anchors remain uncoded; proposal state is tracked separately and never mutates canonical values.","Research the unresolved score evidence before proposing an anchor: motor_drive_score: Owned electrical motor/compressor inventory, process roles and duty; mechanical drive not automatically electric. Continuation2026-10-08: Own firing temperatures retained. Sustainability article concerns materials, packaging and grounds, not concrete plant energy deployment, heat fuel or useful thermal storage.; automation_control_score: Owned process control/monitoring inventory and operational coordination; quality claims not EnMS maturity. Continuation2026-10-08: Own firing temperatures retained. Sustainability article concerns materials, packaging and grounds, not concrete plant energy deployment, heat fuel or useful thermal storage.",1.1.0
385,87,P108|load_flexibility_potential,P108,Porzellanmanufaktur Reichenbach GmbH,NUMERIC_CODING,CODE_DIMENSION,load_flexibility_potential,scheduling_flex_score | thermal_storage_flex_score,scheduling_flex_score | thermal_storage_flex_score,2,scheduling_flex_score | thermal_storage_flex_score,thermal_storage_flex_score,CHECKED=1 | NEEDS_RESEARCH=1,RESEARCH_NEEDED,P2,B,B,4,PASS,PENDING,NEEDS_NUMERIC_CODING,,"Eligibility, process mapping and certificate gates pass. Canonical numeric anchors remain uncoded; proposal state is tracked separately and never mutates canonical values.","Research the unresolved score evidence before proposing an anchor: thermal_storage_flex_score: Actual useful heat/cold buffer capacity, temperature, connection and timing freedom; thermal mass, room heat and electrical batteries not sufficient. Continuation2026-10-08: Own firing temperatures retained. Sustainability article concerns materials, packaging and grounds, not concrete plant energy deployment, heat fuel or useful thermal storage.",1.1.0
386,87,P108|grid_power_quality_relevance,P108,Porzellanmanufaktur Reichenbach GmbH,NUMERIC_CODING,CODE_DIMENSION,grid_power_quality_relevance,incremental_load_score | power_quality_score | onsite_integration_score,incremental_load_score | power_quality_score | onsite_integration_score,3,incremental_load_score | power_quality_score | onsite_integration_score,onsite_integration_score,CHECKED=2 | NEEDS_RESEARCH=1,RESEARCH_NEEDED,P2,B,B,4,PASS,PENDING,NEEDS_NUMERIC_CODING,,"Eligibility, process mapping and certificate gates pass. Canonical numeric anchors remain uncoded; proposal state is tracked separately and never mutates canonical values.","Research the unresolved score evidence before proposing an anchor: onsite_integration_score: Owned electricity generation/storage/load-management topology; mechanical hydropower, purchased renewables or group assets not inherited. Continuation2026-10-08: Own firing temperatures retained. Sustainability article concerns materials, packaging and grounds, not concrete plant energy deployment, heat fuel or useful thermal storage.",1.1.0
387,87,P108|observed_transition_gap,P108,Porzellanmanufaktur Reichenbach GmbH,NUMERIC_CODING,CODE_DIMENSION,observed_transition_gap,measures_gap_score | management_gap_score | targets_gap_score | investment_gap_score,measures_gap_score | management_gap_score | targets_gap_score | investment_gap_score,4,measures_gap_score | management_gap_score | targets_gap_score | investment_gap_score,measures_gap_score | management_gap_score | targets_gap_score | investment_gap_score,NEEDS_RESEARCH=4,RESEARCH_NEEDED,P2,B,B,4,PASS,PENDING,NEEDS_NUMERIC_CODING,,"Eligibility, process mapping and certificate gates pass. Canonical numeric anchors remain uncoded; proposal state is tracked separately and never mutates canonical values.","Research the unresolved score evidence before proposing an anchor: measures_gap_score: Named current implemented energy measures with exact entity/site/technology scope. Generic efficient/green production and resource recycling not adequate negative-search proof. Continuation2026-10-08: Own firing temperatures retained. Sustainability article concerns materials, packaging and grounds, not concrete plant energy deployment, heat fuel or useful thermal storage.; management_gap_score: Current direct ISO 50001/14001/EMAS or operational energy-management evidence for exact holder; quality-only and absent public certificate not no-management conclusion. Continuation2026-10-08: Own firing temperatures retained. Sustainability article concerns materials, packaging and grounds, not concrete plant energy deployment, heat fuel or useful thermal storage.; targets_gap_score: Owned energy/climate target, date, scope and roadmap, or documented sufficient defined search. General quality/resource sustainability not energy target. Continuation2026-10-08: Own firing temperatures retained. Sustainability article concerns materials, packaging and grounds, not concrete plant energy deployment, heat fuel or useful thermal storage.; investment_gap_score: Completed owned energy investments with commissioning dates in 2021-10-07 to 2026-10-07. Operation/report/filename dates, generic annual CAPEX and other group companies not sufficient. Continuation2026-10-08: Own firing temperatures retained. Sustainability article concerns materials, packaging and grounds, not concrete plant energy deployment, heat fuel or useful thermal storage.",1.1.0
388,88,P38|process_electrification_potential,P38,Krämer + Eckert GmbH & Co. KG,NUMERIC_CODING,CODE_DIMENSION,process_electrification_potential,temperature_fit_score | process_electrification_score | fossil_heat_displacement_score,temperature_fit_score | process_electrification_score | fossil_heat_displacement_score,3,temperature_fit_score | process_electrification_score | fossil_heat_displacement_score,temperature_fit_score | process_electrification_score | fossil_heat_displacement_score,NEEDS_RESEARCH=3,RESEARCH_NEEDED,P2,B,B,3,PASS,PENDING,NEEDS_NUMERIC_CODING,,"Eligibility, process mapping and certificate gates pass. Canonical numeric anchors remain uncoded; proposal state is tracked separately and never mutates canonical values.","Research the unresolved score evidence before proposing an anchor: temperature_fit_score: Actual process-heating temperatures and supported electric-heat fit, rather than part dimensions, cold maturation, material/customer ratings or historical boiler baselines. Own website is marked TEST-SYSTEM; association covers entity/anodising only; group280 staff and heat treatment not inherited. Continuation2026-10-08: Publicly reachable environment site explicitly labels itself TEST-SYSTEM/non-live. BHKW/PV statements there are not accepted as confirmed current deployment without corroboration.; process_electrification_score: Named own actual/planned electric thermal route; electrochemical coating, generic production or customer energy applications alone do not establish electric process heat. Own website is marked TEST-SYSTEM; association covers entity/anodising only; group280 staff and heat treatment not inherited. Continuation2026-10-08: Publicly reachable environment site explicitly labels itself TEST-SYSTEM/non-live. BHKW/PV statements there are not accepted as confirmed current deployment without corroboration.; fossil_heat_displacement_score: Actual current fossil thermal carrier, centrality and displacement materiality; unspecified CHP/ovens and historic gas baselines do not establish remaining fuel mix. Own website is marked TEST-SYSTEM; association covers entity/anodising only; group280 staff and heat treatment not inherited. Continuation2026-10-08: Publicly reachable environment site explicitly labels itself TEST-SYSTEM/non-live. BHKW/PV statements there are not accepted as confirmed current deployment without corroboration.",1.1.0
389,88,P38|power_electronics_relevance,P38,Krämer + Eckert GmbH & Co. KG,NUMERIC_CODING,CODE_DIMENSION,power_electronics_relevance,motor_drive_score | power_conversion_score | automation_control_score,motor_drive_score | power_conversion_score | automation_control_score,3,motor_drive_score | power_conversion_score | automation_control_score,motor_drive_score | automation_control_score,CHECKED=1 | NEEDS_RESEARCH=2,RESEARCH_NEEDED,P2,B,B,3,PASS,PENDING,NEEDS_NUMERIC_CODING,,"Eligibility, process mapping and certificate gates pass. Canonical numeric anchors remain uncoded; proposal state is tracked separately and never mutates canonical values.",Research the unresolved score evidence before proposing an anchor: motor_drive_score: Named current owned motor/pump/compressor/drive applications and their materiality; production sector and historical steam/ice machines alone are insufficient. Own website is marked TEST-SYSTEM; association covers entity/anodising only; group280 staff and heat treatment not inherited. Continuation2026-10-08: Publicly reachable environment site explicitly labels itself TEST-SYSTEM/non-live. BHKW/PV statements there are not accepted as confirmed current deployment without corroboration.; automation_control_score: Actual current owned sensing/control applications and coordination; generic modernity or staging-site claims need corroboration. Own website is marked TEST-SYSTEM; association covers entity/anodising only; group280 staff and heat treatment not inherited. Continuation2026-10-08: Publicly reachable environment site explicitly labels itself TEST-SYSTEM/non-live. BHKW/PV statements there are not accepted as confirmed current deployment without corroboration.,1.1.0
390,88,P38|load_flexibility_potential,P38,Krämer + Eckert GmbH & Co. KG,NUMERIC_CODING,CODE_DIMENSION,load_flexibility_potential,scheduling_flex_score | thermal_storage_flex_score,scheduling_flex_score | thermal_storage_flex_score,2,scheduling_flex_score | thermal_storage_flex_score,scheduling_flex_score | thermal_storage_flex_score,NEEDS_RESEARCH=2,RESEARCH_NEEDED,P2,B,B,3,PASS,PENDING,NEEDS_NUMERIC_CODING,,"Eligibility, process mapping and certificate gates pass. Canonical numeric anchors remain uncoded; proposal state is tracked separately and never mutates canonical values.","Research the unresolved score evidence before proposing an anchor: scheduling_flex_score: Admissible operating/start/interruption windows and actual buffers; product maturation, process cycles or programmable furnace recipes are not dispatch permission. Own website is marked TEST-SYSTEM; association covers entity/anodising only; group280 staff and heat treatment not inherited. Continuation2026-10-08: Publicly reachable environment site explicitly labels itself TEST-SYSTEM/non-live. BHKW/PV statements there are not accepted as confirmed current deployment without corroboration.; thermal_storage_flex_score: Named own usable heat/cold store or validated thermal inertia with operating window; cooling, absorption chilling, production tanks and glass melt mass alone do not establish storage. Own website is marked TEST-SYSTEM; association covers entity/anodising only; group280 staff and heat treatment not inherited. Continuation2026-10-08: Publicly reachable environment site explicitly labels itself TEST-SYSTEM/non-live. BHKW/PV statements there are not accepted as confirmed current deployment without corroboration.",1.1.0
391,88,P38|grid_power_quality_relevance,P38,Krämer + Eckert GmbH & Co. KG,NUMERIC_CODING,CODE_DIMENSION,grid_power_quality_relevance,incremental_load_score | power_quality_score | onsite_integration_score,incremental_load_score | power_quality_score | onsite_integration_score,3,incremental_load_score | power_quality_score | onsite_integration_score,incremental_load_score | onsite_integration_score,CHECKED=1 | NEEDS_RESEARCH=2,RESEARCH_NEEDED,P2,B,B,3,PASS,PENDING,NEEDS_NUMERIC_CODING,,"Eligibility, process mapping and certificate gates pass. Canonical numeric anchors remain uncoded; proposal state is tracked separately and never mutates canonical values.","Research the unresolved score evidence before proposing an anchor: incremental_load_score: Defined additional thermal electrification route and ordinal new-load materiality; existing electric assets, PV expansion and EV charging are not an additional heat-route load. Own website is marked TEST-SYSTEM; association covers entity/anodising only; group280 staff and heat treatment not inherited. Continuation2026-10-08: Publicly reachable environment site explicitly labels itself TEST-SYSTEM/non-live. BHKW/PV statements there are not accepted as confirmed current deployment without corroboration.; onsite_integration_score: Own PV/battery/microgrid/load-management use case and actual integration; supplier green power and customer applications are not own deployment. Own website is marked TEST-SYSTEM; association covers entity/anodising only; group280 staff and heat treatment not inherited. Continuation2026-10-08: Publicly reachable environment site explicitly labels itself TEST-SYSTEM/non-live. BHKW/PV statements there are not accepted as confirmed current deployment without corroboration.",1.1.0
392,88,P38|observed_transition_gap,P38,Krämer + Eckert GmbH & Co. KG,NUMERIC_CODING,CODE_DIMENSION,observed_transition_gap,measures_gap_score | management_gap_score | targets_gap_score | investment_gap_score,measures_gap_score | management_gap_score | targets_gap_score | investment_gap_score,4,measures_gap_score | management_gap_score | targets_gap_score | investment_gap_score,measures_gap_score | management_gap_score | targets_gap_score | investment_gap_score,NEEDS_RESEARCH=4,RESEARCH_NEEDED,P2,B,B,3,PASS,PENDING,NEEDS_NUMERIC_CODING,,"Eligibility, process mapping and certificate gates pass. Canonical numeric anchors remain uncoded; proposal state is tracked separately and never mutates canonical values.","Research the unresolved score evidence before proposing an anchor: measures_gap_score: Current concrete plant energy-transition measures or adequate confirmed inventory; general sustainability, certification, customer products and historical pilots do not establish current deployment or absence. Own website is marked TEST-SYSTEM; association covers entity/anodising only; group280 staff and heat treatment not inherited. Continuation2026-10-08: Publicly reachable environment site explicitly labels itself TEST-SYSTEM/non-live. BHKW/PV statements there are not accepted as confirmed current deployment without corroboration.; management_gap_score: Current verified site EnMS/environmental system or bounded claim; ISO9001, an inaccessible/staging certificate page and missing evidence are not certified mature EnMS. Own website is marked TEST-SYSTEM; association covers entity/anodising only; group280 staff and heat treatment not inherited. Continuation2026-10-08: Publicly reachable environment site explicitly labels itself TEST-SYSTEM/non-live. BHKW/PV statements there are not accepted as confirmed current deployment without corroboration.; targets_gap_score: Current attributed energy/decarbonisation target or bounded public-documentation ambition; historical/staging claims require current confirmation. Own website is marked TEST-SYSTEM; association covers entity/anodising only; group280 staff and heat treatment not inherited. Continuation2026-10-08: Publicly reachable environment site explicitly labels itself TEST-SYSTEM/non-live. BHKW/PV statements there are not accepted as confirmed current deployment without corroboration.; investment_gap_score: Dated completed energy-transition investment within2021-10-07 to2026-10-07; old projects, certificate renewal, crawl dates and undifferentiated capacity/wastewater expansion are insufficient. Own website is marked TEST-SYSTEM; association covers entity/anodising only; group280 staff and heat treatment not inherited. Continuation2026-10-08: Publicly reachable environment site explicitly labels itself TEST-SYSTEM/non-live. BHKW/PV statements there are not accepted as confirmed current deployment without corroboration.",1.1.0
393,89,P63|process_electrification_potential,P63,OTK Oberflächentechnik Kaltenkirchen GmbH,NUMERIC_CODING,CODE_DIMENSION,process_electrification_potential,temperature_fit_score | process_electrification_score | fossil_heat_displacement_score,temperature_fit_score | process_electrification_score | fossil_heat_displacement_score,3,temperature_fit_score | process_electrification_score | fossil_heat_displacement_score,temperature_fit_score | process_electrification_score | fossil_heat_displacement_score,NEEDS_RESEARCH=3,RESEARCH_NEEDED,P2,B,B,3,PASS,PENDING,NEEDS_NUMERIC_CODING,,"Eligibility, process mapping and certificate gates pass. Canonical numeric anchors remain uncoded; proposal state is tracked separately and never mutates canonical values.","Research the unresolved score evidence before proposing an anchor: temperature_fit_score: Actual process-heating temperatures and supported electric-heat fit, rather than part dimensions, cold maturation, material/customer ratings or historical boiler baselines. Exact Kaltenkirchen production automaton; other OTK firms and adviser contact hours not owned certificate or production window. Continuation2026-10-08: Generic technical/process list supplies no individually attributed heat temperatures, fuel balance, dispatch window or storage parameters.; process_electrification_score: Named own actual/planned electric thermal route; electrochemical coating, generic production or customer energy applications alone do not establish electric process heat. Exact Kaltenkirchen production automaton; other OTK firms and adviser contact hours not owned certificate or production window. Continuation2026-10-08: Generic technical/process list supplies no individually attributed heat temperatures, fuel balance, dispatch window or storage parameters.; fossil_heat_displacement_score: Actual current fossil thermal carrier, centrality and displacement materiality; unspecified CHP/ovens and historic gas baselines do not establish remaining fuel mix. Exact Kaltenkirchen production automaton; other OTK firms and adviser contact hours not owned certificate or production window. Continuation2026-10-08: Generic technical/process list supplies no individually attributed heat temperatures, fuel balance, dispatch window or storage parameters.",1.1.0
394,89,P63|power_electronics_relevance,P63,OTK Oberflächentechnik Kaltenkirchen GmbH,NUMERIC_CODING,CODE_DIMENSION,power_electronics_relevance,motor_drive_score | power_conversion_score | automation_control_score,motor_drive_score | power_conversion_score | automation_control_score,3,motor_drive_score | power_conversion_score | automation_control_score,motor_drive_score,CHECKED=2 | NEEDS_RESEARCH=1,RESEARCH_NEEDED,P2,B,B,3,PASS,PENDING,NEEDS_NUMERIC_CODING,,"Eligibility, process mapping and certificate gates pass. Canonical numeric anchors remain uncoded; proposal state is tracked separately and never mutates canonical values.","Research the unresolved score evidence before proposing an anchor: motor_drive_score: Named current owned motor/pump/compressor/drive applications and their materiality; production sector and historical steam/ice machines alone are insufficient. Exact Kaltenkirchen production automaton; other OTK firms and adviser contact hours not owned certificate or production window. Continuation2026-10-08: Generic technical/process list supplies no individually attributed heat temperatures, fuel balance, dispatch window or storage parameters.",1.1.0
395,89,P63|load_flexibility_potential,P63,OTK Oberflächentechnik Kaltenkirchen GmbH,NUMERIC_CODING,CODE_DIMENSION,load_flexibility_potential,scheduling_flex_score | thermal_storage_flex_score,scheduling_flex_score | thermal_storage_flex_score,2,scheduling_flex_score | thermal_storage_flex_score,scheduling_flex_score | thermal_storage_flex_score,NEEDS_RESEARCH=2,RESEARCH_NEEDED,P2,B,B,3,PASS,PENDING,NEEDS_NUMERIC_CODING,,"Eligibility, process mapping and certificate gates pass. Canonical numeric anchors remain uncoded; proposal state is tracked separately and never mutates canonical values.","Research the unresolved score evidence before proposing an anchor: scheduling_flex_score: Admissible operating/start/interruption windows and actual buffers; product maturation, process cycles or programmable furnace recipes are not dispatch permission. Exact Kaltenkirchen production automaton; other OTK firms and adviser contact hours not owned certificate or production window. Continuation2026-10-08: Generic technical/process list supplies no individually attributed heat temperatures, fuel balance, dispatch window or storage parameters.; thermal_storage_flex_score: Named own usable heat/cold store or validated thermal inertia with operating window; cooling, absorption chilling, production tanks and glass melt mass alone do not establish storage. Exact Kaltenkirchen production automaton; other OTK firms and adviser contact hours not owned certificate or production window. Continuation2026-10-08: Generic technical/process list supplies no individually attributed heat temperatures, fuel balance, dispatch window or storage parameters.",1.1.0
396,89,P63|grid_power_quality_relevance,P63,OTK Oberflächentechnik Kaltenkirchen GmbH,NUMERIC_CODING,CODE_DIMENSION,grid_power_quality_relevance,incremental_load_score | power_quality_score | onsite_integration_score,incremental_load_score | power_quality_score | onsite_integration_score,3,incremental_load_score | power_quality_score | onsite_integration_score,incremental_load_score | onsite_integration_score,CHECKED=1 | NEEDS_RESEARCH=2,RESEARCH_NEEDED,P2,B,B,3,PASS,PENDING,NEEDS_NUMERIC_CODING,,"Eligibility, process mapping and certificate gates pass. Canonical numeric anchors remain uncoded; proposal state is tracked separately and never mutates canonical values.","Research the unresolved score evidence before proposing an anchor: incremental_load_score: Defined additional thermal electrification route and ordinal new-load materiality; existing electric assets, PV expansion and EV charging are not an additional heat-route load. Exact Kaltenkirchen production automaton; other OTK firms and adviser contact hours not owned certificate or production window. Continuation2026-10-08: Generic technical/process list supplies no individually attributed heat temperatures, fuel balance, dispatch window or storage parameters.; onsite_integration_score: Own PV/battery/microgrid/load-management use case and actual integration; supplier green power and customer applications are not own deployment. Exact Kaltenkirchen production automaton; other OTK firms and adviser contact hours not owned certificate or production window. Continuation2026-10-08: Generic technical/process list supplies no individually attributed heat temperatures, fuel balance, dispatch window or storage parameters.",1.1.0
397,89,P63|observed_transition_gap,P63,OTK Oberflächentechnik Kaltenkirchen GmbH,NUMERIC_CODING,CODE_DIMENSION,observed_transition_gap,measures_gap_score | management_gap_score | targets_gap_score | investment_gap_score,measures_gap_score | management_gap_score | targets_gap_score | investment_gap_score,4,measures_gap_score | management_gap_score | targets_gap_score | investment_gap_score,measures_gap_score | management_gap_score | investment_gap_score,CHECKED=1 | NEEDS_RESEARCH=3,RESEARCH_NEEDED,P2,B,B,3,PASS,PENDING,NEEDS_NUMERIC_CODING,,"Eligibility, process mapping and certificate gates pass. Canonical numeric anchors remain uncoded; proposal state is tracked separately and never mutates canonical values.","Research the unresolved score evidence before proposing an anchor: measures_gap_score: Current concrete plant energy-transition measures or adequate confirmed inventory; general sustainability, certification, customer products and historical pilots do not establish current deployment or absence. Exact Kaltenkirchen production automaton; other OTK firms and adviser contact hours not owned certificate or production window. Continuation2026-10-08: Generic technical/process list supplies no individually attributed heat temperatures, fuel balance, dispatch window or storage parameters.; management_gap_score: Current verified site EnMS/environmental system or bounded claim; ISO9001, an inaccessible/staging certificate page and missing evidence are not certified mature EnMS. Exact Kaltenkirchen production automaton; other OTK firms and adviser contact hours not owned certificate or production window. Continuation2026-10-08: Generic technical/process list supplies no individually attributed heat temperatures, fuel balance, dispatch window or storage parameters.; investment_gap_score: Dated completed energy-transition investment within2021-10-07 to2026-10-07; old projects, certificate renewal, crawl dates and undifferentiated capacity/wastewater expansion are insufficient. Exact Kaltenkirchen production automaton; other OTK firms and adviser contact hours not owned certificate or production window. Continuation2026-10-08: Generic technical/process list supplies no individually attributed heat temperatures, fuel balance, dispatch window or storage parameters.",1.1.0
398,90,P64|process_electrification_potential,P64,Wieland Metalloberflächentechnik GmbH,NUMERIC_CODING,CODE_DIMENSION,process_electrification_potential,temperature_fit_score | process_electrification_score | fossil_heat_displacement_score,temperature_fit_score | process_electrification_score | fossil_heat_displacement_score,3,temperature_fit_score | process_electrification_score | fossil_heat_displacement_score,temperature_fit_score | process_electrification_score | fossil_heat_displacement_score,NEEDS_RESEARCH=3,RESEARCH_NEEDED,P2,B,B,3,PASS,PENDING,NEEDS_NUMERIC_CODING,,"Eligibility, process mapping and certificate gates pass. Canonical numeric anchors remain uncoded; proposal state is tracked separately and never mutates canonical values.","Research the unresolved score evidence before proposing an anchor: temperature_fit_score: Actual process-heating temperatures and supported electric-heat fit, rather than part dimensions, cold maturation, material/customer ratings or historical boiler baselines. Exact Schwetzingen own rack/drum/manual plating; PV/wind CUSTOMER applications and Wieland Group facts not own energy portfolio. Continuation2026-10-08: Three-shift operation is not permission to shift production loads. Some source access failed; no additional heat/storage or converter evidence established.; process_electrification_score: Named own actual/planned electric thermal route; electrochemical coating, generic production or customer energy applications alone do not establish electric process heat. Exact Schwetzingen own rack/drum/manual plating; PV/wind CUSTOMER applications and Wieland Group facts not own energy portfolio. Continuation2026-10-08: Three-shift operation is not permission to shift production loads. Some source access failed; no additional heat/storage or converter evidence established.; fossil_heat_displacement_score: Actual current fossil thermal carrier, centrality and displacement materiality; unspecified CHP/ovens and historic gas baselines do not establish remaining fuel mix. Exact Schwetzingen own rack/drum/manual plating; PV/wind CUSTOMER applications and Wieland Group facts not own energy portfolio. Continuation2026-10-08: Three-shift operation is not permission to shift production loads. Some source access failed; no additional heat/storage or converter evidence established.",1.1.0
399,90,P64|power_electronics_relevance,P64,Wieland Metalloberflächentechnik GmbH,NUMERIC_CODING,CODE_DIMENSION,power_electronics_relevance,motor_drive_score | power_conversion_score | automation_control_score,motor_drive_score | power_conversion_score | automation_control_score,3,motor_drive_score | power_conversion_score | automation_control_score,,CHECKED=3,CHECKED,P2,B,B,3,PASS,PENDING,NEEDS_NUMERIC_CODING,,"Eligibility, process mapping and certificate gates pass. Canonical numeric anchors remain uncoded; proposal state is tracked separately and never mutates canonical values.",Source and anchor checks are complete. Preserve the checked proposals; final-score approval and canonical scoring remain separate gates.,1.1.0
400,90,P64|load_flexibility_potential,P64,Wieland Metalloberflächentechnik GmbH,NUMERIC_CODING,CODE_DIMENSION,load_flexibility_potential,scheduling_flex_score | thermal_storage_flex_score,scheduling_flex_score | thermal_storage_flex_score,2,scheduling_flex_score | thermal_storage_flex_score,scheduling_flex_score | thermal_storage_flex_score,NEEDS_RESEARCH=2,RESEARCH_NEEDED,P2,B,B,3,PASS,PENDING,NEEDS_NUMERIC_CODING,,"Eligibility, process mapping and certificate gates pass. Canonical numeric anchors remain uncoded; proposal state is tracked separately and never mutates canonical values.","Research the unresolved score evidence before proposing an anchor: scheduling_flex_score: Admissible operating/start/interruption windows and actual buffers; product maturation, process cycles or programmable furnace recipes are not dispatch permission. Exact Schwetzingen own rack/drum/manual plating; PV/wind CUSTOMER applications and Wieland Group facts not own energy portfolio. Continuation2026-10-08: Three-shift operation is not permission to shift production loads. Some source access failed; no additional heat/storage or converter evidence established.; thermal_storage_flex_score: Named own usable heat/cold store or validated thermal inertia with operating window; cooling, absorption chilling, production tanks and glass melt mass alone do not establish storage. Exact Schwetzingen own rack/drum/manual plating; PV/wind CUSTOMER applications and Wieland Group facts not own energy portfolio. Continuation2026-10-08: Three-shift operation is not permission to shift production loads. Some source access failed; no additional heat/storage or converter evidence established.",1.1.0
401,90,P64|grid_power_quality_relevance,P64,Wieland Metalloberflächentechnik GmbH,NUMERIC_CODING,CODE_DIMENSION,grid_power_quality_relevance,incremental_load_score | power_quality_score | onsite_integration_score,incremental_load_score | power_quality_score | onsite_integration_score,3,incremental_load_score | power_quality_score | onsite_integration_score,incremental_load_score | onsite_integration_score,CHECKED=1 | NEEDS_RESEARCH=2,RESEARCH_NEEDED,P2,B,B,3,PASS,PENDING,NEEDS_NUMERIC_CODING,,"Eligibility, process mapping and certificate gates pass. Canonical numeric anchors remain uncoded; proposal state is tracked separately and never mutates canonical values.","Research the unresolved score evidence before proposing an anchor: incremental_load_score: Defined additional thermal electrification route and ordinal new-load materiality; existing electric assets, PV expansion and EV charging are not an additional heat-route load. Exact Schwetzingen own rack/drum/manual plating; PV/wind CUSTOMER applications and Wieland Group facts not own energy portfolio. Continuation2026-10-08: Three-shift operation is not permission to shift production loads. Some source access failed; no additional heat/storage or converter evidence established.; onsite_integration_score: Own PV/battery/microgrid/load-management use case and actual integration; supplier green power and customer applications are not own deployment. Exact Schwetzingen own rack/drum/manual plating; PV/wind CUSTOMER applications and Wieland Group facts not own energy portfolio. Continuation2026-10-08: Three-shift operation is not permission to shift production loads. Some source access failed; no additional heat/storage or converter evidence established.",1.1.0
402,90,P64|observed_transition_gap,P64,Wieland Metalloberflächentechnik GmbH,NUMERIC_CODING,CODE_DIMENSION,observed_transition_gap,measures_gap_score | management_gap_score | targets_gap_score | investment_gap_score,measures_gap_score | management_gap_score | targets_gap_score | investment_gap_score,4,measures_gap_score | management_gap_score | targets_gap_score | investment_gap_score,measures_gap_score | management_gap_score | investment_gap_score,CHECKED=1 | NEEDS_RESEARCH=3,RESEARCH_NEEDED,P2,B,B,3,PASS,PENDING,NEEDS_NUMERIC_CODING,,"Eligibility, process mapping and certificate gates pass. Canonical numeric anchors remain uncoded; proposal state is tracked separately and never mutates canonical values.","Research the unresolved score evidence before proposing an anchor: measures_gap_score: Current concrete plant energy-transition measures or adequate confirmed inventory; general sustainability, certification, customer products and historical pilots do not establish current deployment or absence. Exact Schwetzingen own rack/drum/manual plating; PV/wind CUSTOMER applications and Wieland Group facts not own energy portfolio. Continuation2026-10-08: Three-shift operation is not permission to shift production loads. Some source access failed; no additional heat/storage or converter evidence established.; management_gap_score: Current verified site EnMS/environmental system or bounded claim; ISO9001, an inaccessible/staging certificate page and missing evidence are not certified mature EnMS. Exact Schwetzingen own rack/drum/manual plating; PV/wind CUSTOMER applications and Wieland Group facts not own energy portfolio. Continuation2026-10-08: Three-shift operation is not permission to shift production loads. Some source access failed; no additional heat/storage or converter evidence established.; investment_gap_score: Dated completed energy-transition investment within2021-10-07 to2026-10-07; old projects, certificate renewal, crawl dates and undifferentiated capacity/wastewater expansion are insufficient. Exact Schwetzingen own rack/drum/manual plating; PV/wind CUSTOMER applications and Wieland Group facts not own energy portfolio. Continuation2026-10-08: Three-shift operation is not permission to shift production loads. Some source access failed; no additional heat/storage or converter evidence established.",1.1.0
403,91,P71|process_electrification_potential,P71,Flötzinger Brauerei Franz Steegmüller GmbH & Co. KG,NUMERIC_CODING,CODE_DIMENSION,process_electrification_potential,temperature_fit_score | process_electrification_score | fossil_heat_displacement_score,temperature_fit_score | process_electrification_score | fossil_heat_displacement_score,3,temperature_fit_score | process_electrification_score | fossil_heat_displacement_score,temperature_fit_score | process_electrification_score | fossil_heat_displacement_score,NEEDS_RESEARCH=3,RESEARCH_NEEDED,P2,B,B,3,PASS,PENDING,NEEDS_NUMERIC_CODING,,"Eligibility, process mapping and certificate gates pass. Canonical numeric anchors remain uncoded; proposal state is tracked separately and never mutates canonical values.","Research the unresolved score evidence before proposing an anchor: temperature_fit_score: Owned process operating temperatures and actual heat/cold duties; separate product ratings and room heating. Continuation2026-10-08: Warehouse heat pump/PV are building/logistics assets. Their operating temperatures do not establish brewery process heating or own useful thermal dispatch storage.; process_electrification_score: Named owned thermal route, current heat carrier and feasible remaining substitution case; separate electric drives and room heat. Continuation2026-10-08: Warehouse heat pump/PV are building/logistics assets. Their operating temperatures do not establish brewery process heating or own useful thermal dispatch storage.; fossil_heat_displacement_score: Current company/site process heat carrier mix and attributable fossil thermal duty. No public evidence is not zero fossil heat. Continuation2026-10-08: Warehouse heat pump/PV are building/logistics assets. Their operating temperatures do not establish brewery process heating or own useful thermal dispatch storage.",1.1.0
404,91,P71|power_electronics_relevance,P71,Flötzinger Brauerei Franz Steegmüller GmbH & Co. KG,NUMERIC_CODING,CODE_DIMENSION,power_electronics_relevance,motor_drive_score | power_conversion_score | automation_control_score,motor_drive_score | power_conversion_score | automation_control_score,3,motor_drive_score | power_conversion_score | automation_control_score,automation_control_score,CHECKED=2 | NEEDS_RESEARCH=1,RESEARCH_NEEDED,P2,B,B,3,PASS,PENDING,NEEDS_NUMERIC_CODING,,"Eligibility, process mapping and certificate gates pass. Canonical numeric anchors remain uncoded; proposal state is tracked separately and never mutates canonical values.",Research the unresolved score evidence before proposing an anchor: automation_control_score: Owned process control/monitoring inventory and operational coordination; quality claims not EnMS maturity. Continuation2026-10-08: Warehouse heat pump/PV are building/logistics assets. Their operating temperatures do not establish brewery process heating or own useful thermal dispatch storage.,1.1.0
405,91,P71|load_flexibility_potential,P71,Flötzinger Brauerei Franz Steegmüller GmbH & Co. KG,NUMERIC_CODING,CODE_DIMENSION,load_flexibility_potential,scheduling_flex_score | thermal_storage_flex_score,scheduling_flex_score | thermal_storage_flex_score,2,scheduling_flex_score | thermal_storage_flex_score,scheduling_flex_score | thermal_storage_flex_score,NEEDS_RESEARCH=2,RESEARCH_NEEDED,P2,B,B,3,PASS,PENDING,NEEDS_NUMERIC_CODING,,"Eligibility, process mapping and certificate gates pass. Canonical numeric anchors remain uncoded; proposal state is tracked separately and never mutates canonical values.","Research the unresolved score evidence before proposing an anchor: scheduling_flex_score: Permitted timing shifts, quality/cooling/order constraints and spare capacity. Batch/24h operation alone not flexibility permission. Continuation2026-10-08: Warehouse heat pump/PV are building/logistics assets. Their operating temperatures do not establish brewery process heating or own useful thermal dispatch storage.; thermal_storage_flex_score: Actual useful heat/cold buffer capacity, temperature, connection and timing freedom; thermal mass, room heat and electrical batteries not sufficient. Continuation2026-10-08: Warehouse heat pump/PV are building/logistics assets. Their operating temperatures do not establish brewery process heating or own useful thermal dispatch storage.",1.1.0
406,91,P71|grid_power_quality_relevance,P71,Flötzinger Brauerei Franz Steegmüller GmbH & Co. KG,NUMERIC_CODING,CODE_DIMENSION,grid_power_quality_relevance,incremental_load_score | power_quality_score | onsite_integration_score,incremental_load_score | power_quality_score | onsite_integration_score,3,incremental_load_score | power_quality_score | onsite_integration_score,incremental_load_score,CHECKED=2 | NEEDS_RESEARCH=1,RESEARCH_NEEDED,P2,B,B,3,PASS,PENDING,NEEDS_NUMERIC_CODING,,"Eligibility, process mapping and certificate gates pass. Canonical numeric anchors remain uncoded; proposal state is tracked separately and never mutates canonical values.",Research the unresolved score evidence before proposing an anchor: incremental_load_score: Owned feasible thermal substitution case and baseline remaining thermal duty; no grid capacity or kW inferred. Continuation2026-10-08: Warehouse heat pump/PV are building/logistics assets. Their operating temperatures do not establish brewery process heating or own useful thermal dispatch storage.,1.1.0
407,91,P71|observed_transition_gap,P71,Flötzinger Brauerei Franz Steegmüller GmbH & Co. KG,NUMERIC_CODING,CODE_DIMENSION,observed_transition_gap,measures_gap_score | management_gap_score | targets_gap_score | investment_gap_score,measures_gap_score | management_gap_score | targets_gap_score | investment_gap_score,4,measures_gap_score | management_gap_score | targets_gap_score | investment_gap_score,management_gap_score | targets_gap_score,CHECKED=2 | NEEDS_RESEARCH=2,RESEARCH_NEEDED,P2,B,B,3,PASS,PENDING,NEEDS_NUMERIC_CODING,,"Eligibility, process mapping and certificate gates pass. Canonical numeric anchors remain uncoded; proposal state is tracked separately and never mutates canonical values.","Research the unresolved score evidence before proposing an anchor: management_gap_score: Current direct ISO 50001/14001/EMAS or operational energy-management evidence for exact holder; quality-only and absent public certificate not no-management conclusion. Continuation2026-10-08: Warehouse heat pump/PV are building/logistics assets. Their operating temperatures do not establish brewery process heating or own useful thermal dispatch storage.; targets_gap_score: Owned energy/climate target, date, scope and roadmap, or documented sufficient defined search. General quality/resource sustainability not energy target. Continuation2026-10-08: Warehouse heat pump/PV are building/logistics assets. Their operating temperatures do not establish brewery process heating or own useful thermal dispatch storage.",1.1.0
408,92,P78|process_electrification_potential,P78,Erlemann & Huckenbeck GmbH & Co. KG,NUMERIC_CODING,CODE_DIMENSION,process_electrification_potential,temperature_fit_score | process_electrification_score | fossil_heat_displacement_score,temperature_fit_score | process_electrification_score | fossil_heat_displacement_score,3,temperature_fit_score | process_electrification_score | fossil_heat_displacement_score,fossil_heat_displacement_score,CHECKED=2 | NEEDS_RESEARCH=1,RESEARCH_NEEDED,P2,B,B,3,PASS,PENDING,NEEDS_NUMERIC_CODING,,"Eligibility, process mapping and certificate gates pass. Canonical numeric anchors remain uncoded; proposal state is tracked separately and never mutates canonical values.","Research the unresolved score evidence before proposing an anchor: fossil_heat_displacement_score: Current company/site process heat carrier mix and attributable fossil thermal duty. No public evidence is not zero fossil heat. Continuation2026-10-08: Company-authored release states own pressing temperature130-150degreesC. Discrete curing supports weak sequencing only; no allowable interruption, heat carrier or duty power is established. Vertiefung 2026-10-08: Betriebswebsite/Anlagennachweise wieder abrufen; Heizungsart der Pressen und reale Rückgewinnungsanlagen verifizieren.",1.1.0
409,92,P78|power_electronics_relevance,P78,Erlemann & Huckenbeck GmbH & Co. KG,NUMERIC_CODING,CODE_DIMENSION,power_electronics_relevance,motor_drive_score | power_conversion_score | automation_control_score,motor_drive_score | power_conversion_score | automation_control_score,3,motor_drive_score | power_conversion_score | automation_control_score,power_conversion_score | automation_control_score,CHECKED=1 | NEEDS_RESEARCH=2,RESEARCH_NEEDED,P2,B,B,3,PASS,PENDING,NEEDS_NUMERIC_CODING,,"Eligibility, process mapping and certificate gates pass. Canonical numeric anchors remain uncoded; proposal state is tracked separately and never mutates canonical values.","Research the unresolved score evidence before proposing an anchor: power_conversion_score: Owned rectifier/inverter/controlled-electric-heat applications, scope and duty; mechanical water power not electricity generation. Continuation2026-10-08: Company-authored release states own pressing temperature130-150degreesC. Discrete curing supports weak sequencing only; no allowable interruption, heat carrier or duty power is established. Vertiefung 2026-10-08: Betriebswebsite/Anlagennachweise wieder abrufen; Heizungsart der Pressen und reale Rückgewinnungsanlagen verifizieren.; automation_control_score: Owned process control/monitoring inventory and operational coordination; quality claims not EnMS maturity. Continuation2026-10-08: Company-authored release states own pressing temperature130-150degreesC. Discrete curing supports weak sequencing only; no allowable interruption, heat carrier or duty power is established. Vertiefung 2026-10-08: Betriebswebsite/Anlagennachweise wieder abrufen; Heizungsart der Pressen und reale Rückgewinnungsanlagen verifizieren.",1.1.0
410,92,P78|load_flexibility_potential,P78,Erlemann & Huckenbeck GmbH & Co. KG,NUMERIC_CODING,CODE_DIMENSION,load_flexibility_potential,scheduling_flex_score | thermal_storage_flex_score,scheduling_flex_score | thermal_storage_flex_score,2,scheduling_flex_score | thermal_storage_flex_score,thermal_storage_flex_score,CHECKED=1 | NEEDS_RESEARCH=1,RESEARCH_NEEDED,P2,B,B,3,PASS,PENDING,NEEDS_NUMERIC_CODING,,"Eligibility, process mapping and certificate gates pass. Canonical numeric anchors remain uncoded; proposal state is tracked separately and never mutates canonical values.","Research the unresolved score evidence before proposing an anchor: thermal_storage_flex_score: Actual useful heat/cold buffer capacity, temperature, connection and timing freedom; thermal mass, room heat and electrical batteries not sufficient. Continuation2026-10-08: Company-authored release states own pressing temperature130-150degreesC. Discrete curing supports weak sequencing only; no allowable interruption, heat carrier or duty power is established. Vertiefung 2026-10-08: Betriebswebsite/Anlagennachweise wieder abrufen; Heizungsart der Pressen und reale Rückgewinnungsanlagen verifizieren.",1.1.0
411,92,P78|grid_power_quality_relevance,P78,Erlemann & Huckenbeck GmbH & Co. KG,NUMERIC_CODING,CODE_DIMENSION,grid_power_quality_relevance,incremental_load_score | power_quality_score | onsite_integration_score,incremental_load_score | power_quality_score | onsite_integration_score,3,incremental_load_score | power_quality_score | onsite_integration_score,power_quality_score | onsite_integration_score,CHECKED=1 | NEEDS_RESEARCH=2,RESEARCH_NEEDED,P2,B,B,3,PASS,PENDING,NEEDS_NUMERIC_CODING,,"Eligibility, process mapping and certificate gates pass. Canonical numeric anchors remain uncoded; proposal state is tracked separately and never mutates canonical values.","Research the unresolved score evidence before proposing an anchor: power_quality_score: Owned relevant converter/peak topology or measured harmonic/reactive/voltage findings; product resistance/current amps not measured power-quality evidence. Continuation2026-10-08: Company-authored release states own pressing temperature130-150degreesC. Discrete curing supports weak sequencing only; no allowable interruption, heat carrier or duty power is established. Vertiefung 2026-10-08: Betriebswebsite/Anlagennachweise wieder abrufen; Heizungsart der Pressen und reale Rückgewinnungsanlagen verifizieren.; onsite_integration_score: Owned electricity generation/storage/load-management topology; mechanical hydropower, purchased renewables or group assets not inherited. Continuation2026-10-08: Company-authored release states own pressing temperature130-150degreesC. Discrete curing supports weak sequencing only; no allowable interruption, heat carrier or duty power is established. Vertiefung 2026-10-08: Betriebswebsite/Anlagennachweise wieder abrufen; Heizungsart der Pressen und reale Rückgewinnungsanlagen verifizieren.",1.1.0
412,92,P78|observed_transition_gap,P78,Erlemann & Huckenbeck GmbH & Co. KG,NUMERIC_CODING,CODE_DIMENSION,observed_transition_gap,measures_gap_score | management_gap_score | targets_gap_score | investment_gap_score,measures_gap_score | management_gap_score | targets_gap_score | investment_gap_score,4,measures_gap_score | management_gap_score | targets_gap_score | investment_gap_score,measures_gap_score | management_gap_score | targets_gap_score | investment_gap_score,NEEDS_RESEARCH=4,RESEARCH_NEEDED,P2,B,B,3,PASS,PENDING,NEEDS_NUMERIC_CODING,,"Eligibility, process mapping and certificate gates pass. Canonical numeric anchors remain uncoded; proposal state is tracked separately and never mutates canonical values.","Research the unresolved score evidence before proposing an anchor: measures_gap_score: Named current implemented energy measures with exact entity/site/technology scope. Generic efficient/green production and resource recycling not adequate negative-search proof. Continuation2026-10-08: Company-authored release states own pressing temperature130-150degreesC. Discrete curing supports weak sequencing only; no allowable interruption, heat carrier or duty power is established. Vertiefung 2026-10-08: Betriebswebsite/Anlagennachweise wieder abrufen; Heizungsart der Pressen und reale Rückgewinnungsanlagen verifizieren.; management_gap_score: Current direct ISO 50001/14001/EMAS or operational energy-management evidence for exact holder; quality-only and absent public certificate not no-management conclusion. Continuation2026-10-08: Company-authored release states own pressing temperature130-150degreesC. Discrete curing supports weak sequencing only; no allowable interruption, heat carrier or duty power is established. Vertiefung 2026-10-08: Betriebswebsite/Anlagennachweise wieder abrufen; Heizungsart der Pressen und reale Rückgewinnungsanlagen verifizieren.; targets_gap_score: Owned energy/climate target, date, scope and roadmap, or documented sufficient defined search. General quality/resource sustainability not energy target. Continuation2026-10-08: Company-authored release states own pressing temperature130-150degreesC. Discrete curing supports weak sequencing only; no allowable interruption, heat carrier or duty power is established. Vertiefung 2026-10-08: Betriebswebsite/Anlagennachweise wieder abrufen; Heizungsart der Pressen und reale Rückgewinnungsanlagen verifizieren.; investment_gap_score: Completed owned energy investments with commissioning dates in 2021-10-07 to 2026-10-07. Operation/report/filename dates, generic annual CAPEX and other group companies not sufficient. Continuation2026-10-08: Company-authored release states own pressing temperature130-150degreesC. Discrete curing supports weak sequencing only; no allowable interruption, heat carrier or duty power is established. Vertiefung 2026-10-08: Betriebswebsite/Anlagennachweise wieder abrufen; Heizungsart der Pressen und reale Rückgewinnungsanlagen verifizieren.",1.1.0
413,93,P82|process_electrification_potential,P82,Galvanotec-Hagen GmbH & Co. KG,NUMERIC_CODING,CODE_DIMENSION,process_electrification_potential,temperature_fit_score | process_electrification_score | fossil_heat_displacement_score,temperature_fit_score | process_electrification_score | fossil_heat_displacement_score,3,temperature_fit_score | process_electrification_score | fossil_heat_displacement_score,temperature_fit_score | process_electrification_score | fossil_heat_displacement_score,NEEDS_RESEARCH=3,RESEARCH_NEEDED,P2,B,B,3,PASS,PENDING,NEEDS_NUMERIC_CODING,,"Eligibility, process mapping and certificate gates pass. Canonical numeric anchors remain uncoded; proposal state is tracked separately and never mutates canonical values.","Research the unresolved score evidence before proposing an anchor: temperature_fit_score: Owned process operating temperatures and actual heat/cold duties; separate product ratings and room heating. Continuation2026-10-08: Generic plant descriptions do not supply owned operating heat temperatures, thermal carrier, dispatchable buffers or permissible shift windows.; process_electrification_score: Named owned thermal route, current heat carrier and feasible remaining substitution case; separate electric drives and room heat. Continuation2026-10-08: Generic plant descriptions do not supply owned operating heat temperatures, thermal carrier, dispatchable buffers or permissible shift windows.; fossil_heat_displacement_score: Current company/site process heat carrier mix and attributable fossil thermal duty. No public evidence is not zero fossil heat. Continuation2026-10-08: Generic plant descriptions do not supply owned operating heat temperatures, thermal carrier, dispatchable buffers or permissible shift windows.",1.1.0
414,93,P82|power_electronics_relevance,P82,Galvanotec-Hagen GmbH & Co. KG,NUMERIC_CODING,CODE_DIMENSION,power_electronics_relevance,motor_drive_score | power_conversion_score | automation_control_score,motor_drive_score | power_conversion_score | automation_control_score,3,motor_drive_score | power_conversion_score | automation_control_score,motor_drive_score | automation_control_score,CHECKED=1 | NEEDS_RESEARCH=2,RESEARCH_NEEDED,P2,B,B,3,PASS,PENDING,NEEDS_NUMERIC_CODING,,"Eligibility, process mapping and certificate gates pass. Canonical numeric anchors remain uncoded; proposal state is tracked separately and never mutates canonical values.","Research the unresolved score evidence before proposing an anchor: motor_drive_score: Owned electrical motor/compressor inventory, process roles and duty; mechanical drive not automatically electric. Continuation2026-10-08: Generic plant descriptions do not supply owned operating heat temperatures, thermal carrier, dispatchable buffers or permissible shift windows.; automation_control_score: Owned process control/monitoring inventory and operational coordination; quality claims not EnMS maturity. Continuation2026-10-08: Generic plant descriptions do not supply owned operating heat temperatures, thermal carrier, dispatchable buffers or permissible shift windows.",1.1.0
415,93,P82|load_flexibility_potential,P82,Galvanotec-Hagen GmbH & Co. KG,NUMERIC_CODING,CODE_DIMENSION,load_flexibility_potential,scheduling_flex_score | thermal_storage_flex_score,scheduling_flex_score | thermal_storage_flex_score,2,scheduling_flex_score | thermal_storage_flex_score,scheduling_flex_score | thermal_storage_flex_score,NEEDS_RESEARCH=2,RESEARCH_NEEDED,P2,B,B,3,PASS,PENDING,NEEDS_NUMERIC_CODING,,"Eligibility, process mapping and certificate gates pass. Canonical numeric anchors remain uncoded; proposal state is tracked separately and never mutates canonical values.","Research the unresolved score evidence before proposing an anchor: scheduling_flex_score: Permitted timing shifts, quality/cooling/order constraints and spare capacity. Batch/24h operation alone not flexibility permission. Continuation2026-10-08: Generic plant descriptions do not supply owned operating heat temperatures, thermal carrier, dispatchable buffers or permissible shift windows.; thermal_storage_flex_score: Actual useful heat/cold buffer capacity, temperature, connection and timing freedom; thermal mass, room heat and electrical batteries not sufficient. Continuation2026-10-08: Generic plant descriptions do not supply owned operating heat temperatures, thermal carrier, dispatchable buffers or permissible shift windows.",1.1.0
416,93,P82|grid_power_quality_relevance,P82,Galvanotec-Hagen GmbH & Co. KG,NUMERIC_CODING,CODE_DIMENSION,grid_power_quality_relevance,incremental_load_score | power_quality_score | onsite_integration_score,incremental_load_score | power_quality_score | onsite_integration_score,3,incremental_load_score | power_quality_score | onsite_integration_score,incremental_load_score | onsite_integration_score,CHECKED=1 | NEEDS_RESEARCH=2,RESEARCH_NEEDED,P2,B,B,3,PASS,PENDING,NEEDS_NUMERIC_CODING,,"Eligibility, process mapping and certificate gates pass. Canonical numeric anchors remain uncoded; proposal state is tracked separately and never mutates canonical values.","Research the unresolved score evidence before proposing an anchor: incremental_load_score: Owned feasible thermal substitution case and baseline remaining thermal duty; no grid capacity or kW inferred. Continuation2026-10-08: Generic plant descriptions do not supply owned operating heat temperatures, thermal carrier, dispatchable buffers or permissible shift windows.; onsite_integration_score: Owned electricity generation/storage/load-management topology; mechanical hydropower, purchased renewables or group assets not inherited. Continuation2026-10-08: Generic plant descriptions do not supply owned operating heat temperatures, thermal carrier, dispatchable buffers or permissible shift windows.",1.1.0
417,93,P82|observed_transition_gap,P82,Galvanotec-Hagen GmbH & Co. KG,NUMERIC_CODING,CODE_DIMENSION,observed_transition_gap,measures_gap_score | management_gap_score | targets_gap_score | investment_gap_score,measures_gap_score | management_gap_score | targets_gap_score | investment_gap_score,4,measures_gap_score | management_gap_score | targets_gap_score | investment_gap_score,measures_gap_score | management_gap_score | targets_gap_score | investment_gap_score,NEEDS_RESEARCH=4,RESEARCH_NEEDED,P2,B,B,3,PASS,PENDING,NEEDS_NUMERIC_CODING,,"Eligibility, process mapping and certificate gates pass. Canonical numeric anchors remain uncoded; proposal state is tracked separately and never mutates canonical values.","Research the unresolved score evidence before proposing an anchor: measures_gap_score: Named current implemented energy measures with exact entity/site/technology scope. Generic efficient/green production and resource recycling not adequate negative-search proof. Continuation2026-10-08: Generic plant descriptions do not supply owned operating heat temperatures, thermal carrier, dispatchable buffers or permissible shift windows.; management_gap_score: Current direct ISO 50001/14001/EMAS or operational energy-management evidence for exact holder; quality-only and absent public certificate not no-management conclusion. Continuation2026-10-08: Generic plant descriptions do not supply owned operating heat temperatures, thermal carrier, dispatchable buffers or permissible shift windows.; targets_gap_score: Owned energy/climate target, date, scope and roadmap, or documented sufficient defined search. General quality/resource sustainability not energy target. Continuation2026-10-08: Generic plant descriptions do not supply owned operating heat temperatures, thermal carrier, dispatchable buffers or permissible shift windows.; investment_gap_score: Completed owned energy investments with commissioning dates in 2021-10-07 to 2026-10-07. Operation/report/filename dates, generic annual CAPEX and other group companies not sufficient. Continuation2026-10-08: Generic plant descriptions do not supply owned operating heat temperatures, thermal carrier, dispatchable buffers or permissible shift windows.",1.1.0
418,94,P83|process_electrification_potential,P83,Gerbracht & Mönch Galvanotechnik GmbH,NUMERIC_CODING,CODE_DIMENSION,process_electrification_potential,temperature_fit_score | process_electrification_score | fossil_heat_displacement_score,temperature_fit_score | process_electrification_score | fossil_heat_displacement_score,3,temperature_fit_score | process_electrification_score | fossil_heat_displacement_score,temperature_fit_score | process_electrification_score | fossil_heat_displacement_score,NEEDS_RESEARCH=3,RESEARCH_NEEDED,P2,B,B,3,PASS,PENDING,NEEDS_NUMERIC_CODING,,"Eligibility, process mapping and certificate gates pass. Canonical numeric anchors remain uncoded; proposal state is tracked separately and never mutates canonical values.","Research the unresolved score evidence before proposing an anchor: temperature_fit_score: Actual process-heating temperatures and supported electric-heat fit, rather than part dimensions, cold maturation, material/customer ratings or historical boiler baselines. Own automated rack/drum galvanics;555000EUR ministry capacity GRW grant not actual completed energy investment. Continuation2026-10-08: Funding/capacity announcements lack energy-project commissioning proof. Ministry navigation mentions solar energy but is not company deployment evidence.; process_electrification_score: Named own actual/planned electric thermal route; electrochemical coating, generic production or customer energy applications alone do not establish electric process heat. Own automated rack/drum galvanics;555000EUR ministry capacity GRW grant not actual completed energy investment. Continuation2026-10-08: Funding/capacity announcements lack energy-project commissioning proof. Ministry navigation mentions solar energy but is not company deployment evidence.; fossil_heat_displacement_score: Actual current fossil thermal carrier, centrality and displacement materiality; unspecified CHP/ovens and historic gas baselines do not establish remaining fuel mix. Own automated rack/drum galvanics;555000EUR ministry capacity GRW grant not actual completed energy investment. Continuation2026-10-08: Funding/capacity announcements lack energy-project commissioning proof. Ministry navigation mentions solar energy but is not company deployment evidence.",1.1.0
419,94,P83|power_electronics_relevance,P83,Gerbracht & Mönch Galvanotechnik GmbH,NUMERIC_CODING,CODE_DIMENSION,power_electronics_relevance,motor_drive_score | power_conversion_score | automation_control_score,motor_drive_score | power_conversion_score | automation_control_score,3,motor_drive_score | power_conversion_score | automation_control_score,,CHECKED=3,CHECKED,P2,B,B,3,PASS,PENDING,NEEDS_NUMERIC_CODING,,"Eligibility, process mapping and certificate gates pass. Canonical numeric anchors remain uncoded; proposal state is tracked separately and never mutates canonical values.",Source and anchor checks are complete. Preserve the checked proposals; final-score approval and canonical scoring remain separate gates.,1.1.0
420,94,P83|load_flexibility_potential,P83,Gerbracht & Mönch Galvanotechnik GmbH,NUMERIC_CODING,CODE_DIMENSION,load_flexibility_potential,scheduling_flex_score | thermal_storage_flex_score,scheduling_flex_score | thermal_storage_flex_score,2,scheduling_flex_score | thermal_storage_flex_score,scheduling_flex_score | thermal_storage_flex_score,NEEDS_RESEARCH=2,RESEARCH_NEEDED,P2,B,B,3,PASS,PENDING,NEEDS_NUMERIC_CODING,,"Eligibility, process mapping and certificate gates pass. Canonical numeric anchors remain uncoded; proposal state is tracked separately and never mutates canonical values.","Research the unresolved score evidence before proposing an anchor: scheduling_flex_score: Admissible operating/start/interruption windows and actual buffers; product maturation, process cycles or programmable furnace recipes are not dispatch permission. Own automated rack/drum galvanics;555000EUR ministry capacity GRW grant not actual completed energy investment. Continuation2026-10-08: Funding/capacity announcements lack energy-project commissioning proof. Ministry navigation mentions solar energy but is not company deployment evidence.; thermal_storage_flex_score: Named own usable heat/cold store or validated thermal inertia with operating window; cooling, absorption chilling, production tanks and glass melt mass alone do not establish storage. Own automated rack/drum galvanics;555000EUR ministry capacity GRW grant not actual completed energy investment. Continuation2026-10-08: Funding/capacity announcements lack energy-project commissioning proof. Ministry navigation mentions solar energy but is not company deployment evidence.",1.1.0
421,94,P83|grid_power_quality_relevance,P83,Gerbracht & Mönch Galvanotechnik GmbH,NUMERIC_CODING,CODE_DIMENSION,grid_power_quality_relevance,incremental_load_score | power_quality_score | onsite_integration_score,incremental_load_score | power_quality_score | onsite_integration_score,3,incremental_load_score | power_quality_score | onsite_integration_score,incremental_load_score | onsite_integration_score,CHECKED=1 | NEEDS_RESEARCH=2,RESEARCH_NEEDED,P2,B,B,3,PASS,PENDING,NEEDS_NUMERIC_CODING,,"Eligibility, process mapping and certificate gates pass. Canonical numeric anchors remain uncoded; proposal state is tracked separately and never mutates canonical values.","Research the unresolved score evidence before proposing an anchor: incremental_load_score: Defined additional thermal electrification route and ordinal new-load materiality; existing electric assets, PV expansion and EV charging are not an additional heat-route load. Own automated rack/drum galvanics;555000EUR ministry capacity GRW grant not actual completed energy investment. Continuation2026-10-08: Funding/capacity announcements lack energy-project commissioning proof. Ministry navigation mentions solar energy but is not company deployment evidence.; onsite_integration_score: Own PV/battery/microgrid/load-management use case and actual integration; supplier green power and customer applications are not own deployment. Own automated rack/drum galvanics;555000EUR ministry capacity GRW grant not actual completed energy investment. Continuation2026-10-08: Funding/capacity announcements lack energy-project commissioning proof. Ministry navigation mentions solar energy but is not company deployment evidence.",1.1.0
422,94,P83|observed_transition_gap,P83,Gerbracht & Mönch Galvanotechnik GmbH,NUMERIC_CODING,CODE_DIMENSION,observed_transition_gap,measures_gap_score | management_gap_score | targets_gap_score | investment_gap_score,measures_gap_score | management_gap_score | targets_gap_score | investment_gap_score,4,measures_gap_score | management_gap_score | targets_gap_score | investment_gap_score,measures_gap_score | management_gap_score | investment_gap_score,CHECKED=1 | NEEDS_RESEARCH=3,RESEARCH_NEEDED,P2,B,B,3,PASS,PENDING,NEEDS_NUMERIC_CODING,,"Eligibility, process mapping and certificate gates pass. Canonical numeric anchors remain uncoded; proposal state is tracked separately and never mutates canonical values.","Research the unresolved score evidence before proposing an anchor: measures_gap_score: Current concrete plant energy-transition measures or adequate confirmed inventory; general sustainability, certification, customer products and historical pilots do not establish current deployment or absence. Own automated rack/drum galvanics;555000EUR ministry capacity GRW grant not actual completed energy investment. Continuation2026-10-08: Funding/capacity announcements lack energy-project commissioning proof. Ministry navigation mentions solar energy but is not company deployment evidence.; management_gap_score: Current verified site EnMS/environmental system or bounded claim; ISO9001, an inaccessible/staging certificate page and missing evidence are not certified mature EnMS. Own automated rack/drum galvanics;555000EUR ministry capacity GRW grant not actual completed energy investment. Continuation2026-10-08: Funding/capacity announcements lack energy-project commissioning proof. Ministry navigation mentions solar energy but is not company deployment evidence.; investment_gap_score: Dated completed energy-transition investment within2021-10-07 to2026-10-07; old projects, certificate renewal, crawl dates and undifferentiated capacity/wastewater expansion are insufficient. Own automated rack/drum galvanics;555000EUR ministry capacity GRW grant not actual completed energy investment. Continuation2026-10-08: Funding/capacity announcements lack energy-project commissioning proof. Ministry navigation mentions solar energy but is not company deployment evidence.",1.1.0
423,95,P85|process_electrification_potential,P85,Die Schweizer Galvanotechnic GmbH & Co. KG,NUMERIC_CODING,CODE_DIMENSION,process_electrification_potential,temperature_fit_score | process_electrification_score | fossil_heat_displacement_score,temperature_fit_score | process_electrification_score | fossil_heat_displacement_score,3,temperature_fit_score | process_electrification_score | fossil_heat_displacement_score,fossil_heat_displacement_score,CHECKED=2 | NEEDS_RESEARCH=1,RESEARCH_NEEDED,P2,B,B,3,PASS,PENDING,NEEDS_NUMERIC_CODING,,"Eligibility, process mapping and certificate gates pass. Canonical numeric anchors remain uncoded; proposal state is tracked separately and never mutates canonical values.","Research the unresolved score evidence before proposing an anchor: fossil_heat_displacement_score: Current company/site process heat carrier mix and attributable fossil thermal duty. No public evidence is not zero fossil heat. Continuation2026-10-08: Own catalogue separates55-95degreesCbath and180-230degreesCtempering duties from customer coating resistance. Carrier, duty power and permissible dispatch window remain unknown.",1.1.0
424,95,P85|power_electronics_relevance,P85,Die Schweizer Galvanotechnic GmbH & Co. KG,NUMERIC_CODING,CODE_DIMENSION,power_electronics_relevance,motor_drive_score | power_conversion_score | automation_control_score,motor_drive_score | power_conversion_score | automation_control_score,3,motor_drive_score | power_conversion_score | automation_control_score,,CHECKED=3,CHECKED,P2,B,B,3,PASS,PENDING,NEEDS_NUMERIC_CODING,,"Eligibility, process mapping and certificate gates pass. Canonical numeric anchors remain uncoded; proposal state is tracked separately and never mutates canonical values.",Source and anchor checks are complete. Preserve the checked proposals; final-score approval and canonical scoring remain separate gates.,1.1.0
425,95,P85|load_flexibility_potential,P85,Die Schweizer Galvanotechnic GmbH & Co. KG,NUMERIC_CODING,CODE_DIMENSION,load_flexibility_potential,scheduling_flex_score | thermal_storage_flex_score,scheduling_flex_score | thermal_storage_flex_score,2,scheduling_flex_score | thermal_storage_flex_score,thermal_storage_flex_score,CHECKED=1 | NEEDS_RESEARCH=1,RESEARCH_NEEDED,P2,B,B,3,PASS,PENDING,NEEDS_NUMERIC_CODING,,"Eligibility, process mapping and certificate gates pass. Canonical numeric anchors remain uncoded; proposal state is tracked separately and never mutates canonical values.","Research the unresolved score evidence before proposing an anchor: thermal_storage_flex_score: Actual useful heat/cold buffer capacity, temperature, connection and timing freedom; thermal mass, room heat and electrical batteries not sufficient. Continuation2026-10-08: Own catalogue separates55-95degreesCbath and180-230degreesCtempering duties from customer coating resistance. Carrier, duty power and permissible dispatch window remain unknown.",1.1.0
426,95,P85|grid_power_quality_relevance,P85,Die Schweizer Galvanotechnic GmbH & Co. KG,NUMERIC_CODING,CODE_DIMENSION,grid_power_quality_relevance,incremental_load_score | power_quality_score | onsite_integration_score,incremental_load_score | power_quality_score | onsite_integration_score,3,incremental_load_score | power_quality_score | onsite_integration_score,,CHECKED=3,CHECKED,P2,B,B,3,PASS,PENDING,NEEDS_NUMERIC_CODING,,"Eligibility, process mapping and certificate gates pass. Canonical numeric anchors remain uncoded; proposal state is tracked separately and never mutates canonical values.",Source and anchor checks are complete. Preserve the checked proposals; final-score approval and canonical scoring remain separate gates.,1.1.0
427,95,P85|observed_transition_gap,P85,Die Schweizer Galvanotechnic GmbH & Co. KG,NUMERIC_CODING,CODE_DIMENSION,observed_transition_gap,measures_gap_score | management_gap_score | targets_gap_score | investment_gap_score,measures_gap_score | management_gap_score | targets_gap_score | investment_gap_score,4,measures_gap_score | management_gap_score | targets_gap_score | investment_gap_score,management_gap_score | investment_gap_score,CHECKED=2 | NEEDS_RESEARCH=2,RESEARCH_NEEDED,P2,B,B,3,PASS,PENDING,NEEDS_NUMERIC_CODING,,"Eligibility, process mapping and certificate gates pass. Canonical numeric anchors remain uncoded; proposal state is tracked separately and never mutates canonical values.","Research the unresolved score evidence before proposing an anchor: management_gap_score: Current direct ISO 50001/14001/EMAS or operational energy-management evidence for exact holder; quality-only and absent public certificate not no-management conclusion. Continuation2026-10-08: Own catalogue separates55-95degreesCbath and180-230degreesCtempering duties from customer coating resistance. Carrier, duty power and permissible dispatch window remain unknown.; investment_gap_score: Completed owned energy investments with commissioning dates in 2021-10-07 to 2026-10-07. Operation/report/filename dates, generic annual CAPEX and other group companies not sufficient. Continuation2026-10-08: Own catalogue separates55-95degreesCbath and180-230degreesCtempering duties from customer coating resistance. Carrier, duty power and permissible dispatch window remain unknown.",1.1.0
428,96,P86|process_electrification_potential,P86,GIESS- TECHNISCHE- SONDERKERAMIK GmbH & Co. KG,NUMERIC_CODING,CODE_DIMENSION,process_electrification_potential,temperature_fit_score | process_electrification_score | fossil_heat_displacement_score,temperature_fit_score | process_electrification_score | fossil_heat_displacement_score,3,temperature_fit_score | process_electrification_score | fossil_heat_displacement_score,temperature_fit_score | fossil_heat_displacement_score,CHECKED=1 | NEEDS_RESEARCH=2,RESEARCH_NEEDED,P2,B,B,3,PASS,PENDING,NEEDS_NUMERIC_CODING,,"Eligibility, process mapping and certificate gates pass. Canonical numeric anchors remain uncoded; proposal state is tracked separately and never mutates canonical values.",Research the unresolved score evidence before proposing an anchor: temperature_fit_score: Owned process operating temperatures and actual heat/cold duties; separate product ratings and room heating. Continuation2026-10-08: Customer1700degreesCmaterial resistance and solar containers are not own firing temperature or owned onsite PV.; fossil_heat_displacement_score: Current company/site process heat carrier mix and attributable fossil thermal duty. No public evidence is not zero fossil heat. Continuation2026-10-08: Customer1700degreesCmaterial resistance and solar containers are not own firing temperature or owned onsite PV.,1.1.0
429,96,P86|power_electronics_relevance,P86,GIESS- TECHNISCHE- SONDERKERAMIK GmbH & Co. KG,NUMERIC_CODING,CODE_DIMENSION,power_electronics_relevance,motor_drive_score | power_conversion_score | automation_control_score,motor_drive_score | power_conversion_score | automation_control_score,3,motor_drive_score | power_conversion_score | automation_control_score,automation_control_score,CHECKED=2 | NEEDS_RESEARCH=1,RESEARCH_NEEDED,P2,B,B,3,PASS,PENDING,NEEDS_NUMERIC_CODING,,"Eligibility, process mapping and certificate gates pass. Canonical numeric anchors remain uncoded; proposal state is tracked separately and never mutates canonical values.",Research the unresolved score evidence before proposing an anchor: automation_control_score: Owned process control/monitoring inventory and operational coordination; quality claims not EnMS maturity. Continuation2026-10-08: Customer1700degreesCmaterial resistance and solar containers are not own firing temperature or owned onsite PV.,1.1.0
430,96,P86|load_flexibility_potential,P86,GIESS- TECHNISCHE- SONDERKERAMIK GmbH & Co. KG,NUMERIC_CODING,CODE_DIMENSION,load_flexibility_potential,scheduling_flex_score | thermal_storage_flex_score,scheduling_flex_score | thermal_storage_flex_score,2,scheduling_flex_score | thermal_storage_flex_score,thermal_storage_flex_score,CHECKED=1 | NEEDS_RESEARCH=1,RESEARCH_NEEDED,P2,B,B,3,PASS,PENDING,NEEDS_NUMERIC_CODING,,"Eligibility, process mapping and certificate gates pass. Canonical numeric anchors remain uncoded; proposal state is tracked separately and never mutates canonical values.","Research the unresolved score evidence before proposing an anchor: thermal_storage_flex_score: Actual useful heat/cold buffer capacity, temperature, connection and timing freedom; thermal mass, room heat and electrical batteries not sufficient. Continuation2026-10-08: Customer1700degreesCmaterial resistance and solar containers are not own firing temperature or owned onsite PV.",1.1.0
431,96,P86|grid_power_quality_relevance,P86,GIESS- TECHNISCHE- SONDERKERAMIK GmbH & Co. KG,NUMERIC_CODING,CODE_DIMENSION,grid_power_quality_relevance,incremental_load_score | power_quality_score | onsite_integration_score,incremental_load_score | power_quality_score | onsite_integration_score,3,incremental_load_score | power_quality_score | onsite_integration_score,onsite_integration_score,CHECKED=2 | NEEDS_RESEARCH=1,RESEARCH_NEEDED,P2,B,B,3,PASS,PENDING,NEEDS_NUMERIC_CODING,,"Eligibility, process mapping and certificate gates pass. Canonical numeric anchors remain uncoded; proposal state is tracked separately and never mutates canonical values.","Research the unresolved score evidence before proposing an anchor: onsite_integration_score: Owned electricity generation/storage/load-management topology; mechanical hydropower, purchased renewables or group assets not inherited. Continuation2026-10-08: Customer1700degreesCmaterial resistance and solar containers are not own firing temperature or owned onsite PV.",1.1.0
432,96,P86|observed_transition_gap,P86,GIESS- TECHNISCHE- SONDERKERAMIK GmbH & Co. KG,NUMERIC_CODING,CODE_DIMENSION,observed_transition_gap,measures_gap_score | management_gap_score | targets_gap_score | investment_gap_score,measures_gap_score | management_gap_score | targets_gap_score | investment_gap_score,4,measures_gap_score | management_gap_score | targets_gap_score | investment_gap_score,measures_gap_score | management_gap_score | targets_gap_score | investment_gap_score,NEEDS_RESEARCH=4,RESEARCH_NEEDED,P2,B,B,3,PASS,PENDING,NEEDS_NUMERIC_CODING,,"Eligibility, process mapping and certificate gates pass. Canonical numeric anchors remain uncoded; proposal state is tracked separately and never mutates canonical values.","Research the unresolved score evidence before proposing an anchor: measures_gap_score: Named current implemented energy measures with exact entity/site/technology scope. Generic efficient/green production and resource recycling not adequate negative-search proof. Continuation2026-10-08: Customer1700degreesCmaterial resistance and solar containers are not own firing temperature or owned onsite PV.; management_gap_score: Current direct ISO 50001/14001/EMAS or operational energy-management evidence for exact holder; quality-only and absent public certificate not no-management conclusion. Continuation2026-10-08: Customer1700degreesCmaterial resistance and solar containers are not own firing temperature or owned onsite PV.; targets_gap_score: Owned energy/climate target, date, scope and roadmap, or documented sufficient defined search. General quality/resource sustainability not energy target. Continuation2026-10-08: Customer1700degreesCmaterial resistance and solar containers are not own firing temperature or owned onsite PV.; investment_gap_score: Completed owned energy investments with commissioning dates in 2021-10-07 to 2026-10-07. Operation/report/filename dates, generic annual CAPEX and other group companies not sufficient. Continuation2026-10-08: Customer1700degreesCmaterial resistance and solar containers are not own firing temperature or owned onsite PV.",1.1.0
433,97,P97|process_electrification_potential,P97,Peltzer & Co. GmbH,NUMERIC_CODING,CODE_DIMENSION,process_electrification_potential,temperature_fit_score | process_electrification_score | fossil_heat_displacement_score,temperature_fit_score | process_electrification_score | fossil_heat_displacement_score,3,temperature_fit_score | process_electrification_score | fossil_heat_displacement_score,temperature_fit_score | process_electrification_score | fossil_heat_displacement_score,NEEDS_RESEARCH=3,RESEARCH_NEEDED,P2,B,B,3,PASS,PENDING,NEEDS_NUMERIC_CODING,,"Eligibility, process mapping and certificate gates pass. Canonical numeric anchors remain uncoded; proposal state is tracked separately and never mutates canonical values.","Research the unresolved score evidence before proposing an anchor: temperature_fit_score: Owned process operating temperatures and actual heat/cold duties; separate product ratings and room heating. Continuation2026-10-08: Owner describes injection machines with temperature-control equipment; operating temperatures/carriers are not given. Renewable grid-electricity purchase is not own generation or a verified management certificate.; process_electrification_score: Named owned thermal route, current heat carrier and feasible remaining substitution case; separate electric drives and room heat. Continuation2026-10-08: Owner describes injection machines with temperature-control equipment; operating temperatures/carriers are not given. Renewable grid-electricity purchase is not own generation or a verified management certificate.; fossil_heat_displacement_score: Current company/site process heat carrier mix and attributable fossil thermal duty. No public evidence is not zero fossil heat. Continuation2026-10-08: Owner describes injection machines with temperature-control equipment; operating temperatures/carriers are not given. Renewable grid-electricity purchase is not own generation or a verified management certificate.",1.1.0
434,97,P97|power_electronics_relevance,P97,Peltzer & Co. GmbH,NUMERIC_CODING,CODE_DIMENSION,power_electronics_relevance,motor_drive_score | power_conversion_score | automation_control_score,motor_drive_score | power_conversion_score | automation_control_score,3,motor_drive_score | power_conversion_score | automation_control_score,,CHECKED=3,CHECKED,P2,B,B,3,PASS,PENDING,NEEDS_NUMERIC_CODING,,"Eligibility, process mapping and certificate gates pass. Canonical numeric anchors remain uncoded; proposal state is tracked separately and never mutates canonical values.",Source and anchor checks are complete. Preserve the checked proposals; final-score approval and canonical scoring remain separate gates.,1.1.0
435,97,P97|load_flexibility_potential,P97,Peltzer & Co. GmbH,NUMERIC_CODING,CODE_DIMENSION,load_flexibility_potential,scheduling_flex_score | thermal_storage_flex_score,scheduling_flex_score | thermal_storage_flex_score,2,scheduling_flex_score | thermal_storage_flex_score,scheduling_flex_score | thermal_storage_flex_score,NEEDS_RESEARCH=2,RESEARCH_NEEDED,P2,B,B,3,PASS,PENDING,NEEDS_NUMERIC_CODING,,"Eligibility, process mapping and certificate gates pass. Canonical numeric anchors remain uncoded; proposal state is tracked separately and never mutates canonical values.","Research the unresolved score evidence before proposing an anchor: scheduling_flex_score: Permitted timing shifts, quality/cooling/order constraints and spare capacity. Batch/24h operation alone not flexibility permission. Continuation2026-10-08: Owner describes injection machines with temperature-control equipment; operating temperatures/carriers are not given. Renewable grid-electricity purchase is not own generation or a verified management certificate.; thermal_storage_flex_score: Actual useful heat/cold buffer capacity, temperature, connection and timing freedom; thermal mass, room heat and electrical batteries not sufficient. Continuation2026-10-08: Owner describes injection machines with temperature-control equipment; operating temperatures/carriers are not given. Renewable grid-electricity purchase is not own generation or a verified management certificate.",1.1.0
436,97,P97|grid_power_quality_relevance,P97,Peltzer & Co. GmbH,NUMERIC_CODING,CODE_DIMENSION,grid_power_quality_relevance,incremental_load_score | power_quality_score | onsite_integration_score,incremental_load_score | power_quality_score | onsite_integration_score,3,incremental_load_score | power_quality_score | onsite_integration_score,incremental_load_score | onsite_integration_score,CHECKED=1 | NEEDS_RESEARCH=2,RESEARCH_NEEDED,P2,B,B,3,PASS,PENDING,NEEDS_NUMERIC_CODING,,"Eligibility, process mapping and certificate gates pass. Canonical numeric anchors remain uncoded; proposal state is tracked separately and never mutates canonical values.","Research the unresolved score evidence before proposing an anchor: incremental_load_score: Owned feasible thermal substitution case and baseline remaining thermal duty; no grid capacity or kW inferred. Continuation2026-10-08: Owner describes injection machines with temperature-control equipment; operating temperatures/carriers are not given. Renewable grid-electricity purchase is not own generation or a verified management certificate.; onsite_integration_score: Owned electricity generation/storage/load-management topology; mechanical hydropower, purchased renewables or group assets not inherited. Continuation2026-10-08: Owner describes injection machines with temperature-control equipment; operating temperatures/carriers are not given. Renewable grid-electricity purchase is not own generation or a verified management certificate.",1.1.0
437,97,P97|observed_transition_gap,P97,Peltzer & Co. GmbH,NUMERIC_CODING,CODE_DIMENSION,observed_transition_gap,measures_gap_score | management_gap_score | targets_gap_score | investment_gap_score,measures_gap_score | management_gap_score | targets_gap_score | investment_gap_score,4,measures_gap_score | management_gap_score | targets_gap_score | investment_gap_score,management_gap_score,CHECKED=3 | NEEDS_RESEARCH=1,RESEARCH_NEEDED,P2,B,B,3,PASS,PENDING,NEEDS_NUMERIC_CODING,,"Eligibility, process mapping and certificate gates pass. Canonical numeric anchors remain uncoded; proposal state is tracked separately and never mutates canonical values.",Research the unresolved score evidence before proposing an anchor: management_gap_score: Current direct ISO 50001/14001/EMAS or operational energy-management evidence for exact holder; quality-only and absent public certificate not no-management conclusion. Continuation2026-10-08: Owner describes injection machines with temperature-control equipment; operating temperatures/carriers are not given. Renewable grid-electricity purchase is not own generation or a verified management certificate.,1.1.0
438,98,P102|process_electrification_potential,P102,Rudolf Clauss GmbH & Co. KG,NUMERIC_CODING,CODE_DIMENSION,process_electrification_potential,temperature_fit_score | process_electrification_score | fossil_heat_displacement_score,temperature_fit_score | process_electrification_score | fossil_heat_displacement_score,3,temperature_fit_score | process_electrification_score | fossil_heat_displacement_score,temperature_fit_score | process_electrification_score | fossil_heat_displacement_score,NEEDS_RESEARCH=3,RESEARCH_NEEDED,P2,B,B,3,PASS,PENDING,NEEDS_NUMERIC_CODING,,"Eligibility, process mapping and certificate gates pass. Canonical numeric anchors remain uncoded; proposal state is tracked separately and never mutates canonical values.","Research the unresolved score evidence before proposing an anchor: temperature_fit_score: Owned process operating temperatures and actual heat/cold duties; separate product ratings and room heating. Continuation2026-10-08: Owner environmental page discusses general galvanising/customer material benefits and residue treatment. These are not owned heat duties, generation or completed energy projects.; process_electrification_score: Named owned thermal route, current heat carrier and feasible remaining substitution case; separate electric drives and room heat. Continuation2026-10-08: Owner environmental page discusses general galvanising/customer material benefits and residue treatment. These are not owned heat duties, generation or completed energy projects.; fossil_heat_displacement_score: Current company/site process heat carrier mix and attributable fossil thermal duty. No public evidence is not zero fossil heat. Continuation2026-10-08: Owner environmental page discusses general galvanising/customer material benefits and residue treatment. These are not owned heat duties, generation or completed energy projects.",1.1.0
439,98,P102|power_electronics_relevance,P102,Rudolf Clauss GmbH & Co. KG,NUMERIC_CODING,CODE_DIMENSION,power_electronics_relevance,motor_drive_score | power_conversion_score | automation_control_score,motor_drive_score | power_conversion_score | automation_control_score,3,motor_drive_score | power_conversion_score | automation_control_score,motor_drive_score | automation_control_score,CHECKED=1 | NEEDS_RESEARCH=2,RESEARCH_NEEDED,P2,B,B,3,PASS,PENDING,NEEDS_NUMERIC_CODING,,"Eligibility, process mapping and certificate gates pass. Canonical numeric anchors remain uncoded; proposal state is tracked separately and never mutates canonical values.","Research the unresolved score evidence before proposing an anchor: motor_drive_score: Owned electrical motor/compressor inventory, process roles and duty; mechanical drive not automatically electric. Continuation2026-10-08: Owner environmental page discusses general galvanising/customer material benefits and residue treatment. These are not owned heat duties, generation or completed energy projects.; automation_control_score: Owned process control/monitoring inventory and operational coordination; quality claims not EnMS maturity. Continuation2026-10-08: Owner environmental page discusses general galvanising/customer material benefits and residue treatment. These are not owned heat duties, generation or completed energy projects.",1.1.0
440,98,P102|load_flexibility_potential,P102,Rudolf Clauss GmbH & Co. KG,NUMERIC_CODING,CODE_DIMENSION,load_flexibility_potential,scheduling_flex_score | thermal_storage_flex_score,scheduling_flex_score | thermal_storage_flex_score,2,scheduling_flex_score | thermal_storage_flex_score,scheduling_flex_score | thermal_storage_flex_score,NEEDS_RESEARCH=2,RESEARCH_NEEDED,P2,B,B,3,PASS,PENDING,NEEDS_NUMERIC_CODING,,"Eligibility, process mapping and certificate gates pass. Canonical numeric anchors remain uncoded; proposal state is tracked separately and never mutates canonical values.","Research the unresolved score evidence before proposing an anchor: scheduling_flex_score: Permitted timing shifts, quality/cooling/order constraints and spare capacity. Batch/24h operation alone not flexibility permission. Continuation2026-10-08: Owner environmental page discusses general galvanising/customer material benefits and residue treatment. These are not owned heat duties, generation or completed energy projects.; thermal_storage_flex_score: Actual useful heat/cold buffer capacity, temperature, connection and timing freedom; thermal mass, room heat and electrical batteries not sufficient. Continuation2026-10-08: Owner environmental page discusses general galvanising/customer material benefits and residue treatment. These are not owned heat duties, generation or completed energy projects.",1.1.0
441,98,P102|grid_power_quality_relevance,P102,Rudolf Clauss GmbH & Co. KG,NUMERIC_CODING,CODE_DIMENSION,grid_power_quality_relevance,incremental_load_score | power_quality_score | onsite_integration_score,incremental_load_score | power_quality_score | onsite_integration_score,3,incremental_load_score | power_quality_score | onsite_integration_score,incremental_load_score | onsite_integration_score,CHECKED=1 | NEEDS_RESEARCH=2,RESEARCH_NEEDED,P2,B,B,3,PASS,PENDING,NEEDS_NUMERIC_CODING,,"Eligibility, process mapping and certificate gates pass. Canonical numeric anchors remain uncoded; proposal state is tracked separately and never mutates canonical values.","Research the unresolved score evidence before proposing an anchor: incremental_load_score: Owned feasible thermal substitution case and baseline remaining thermal duty; no grid capacity or kW inferred. Continuation2026-10-08: Owner environmental page discusses general galvanising/customer material benefits and residue treatment. These are not owned heat duties, generation or completed energy projects.; onsite_integration_score: Owned electricity generation/storage/load-management topology; mechanical hydropower, purchased renewables or group assets not inherited. Continuation2026-10-08: Owner environmental page discusses general galvanising/customer material benefits and residue treatment. These are not owned heat duties, generation or completed energy projects.",1.1.0
442,98,P102|observed_transition_gap,P102,Rudolf Clauss GmbH & Co. KG,NUMERIC_CODING,CODE_DIMENSION,observed_transition_gap,measures_gap_score | management_gap_score | targets_gap_score | investment_gap_score,measures_gap_score | management_gap_score | targets_gap_score | investment_gap_score,4,measures_gap_score | management_gap_score | targets_gap_score | investment_gap_score,measures_gap_score | management_gap_score | targets_gap_score | investment_gap_score,NEEDS_RESEARCH=4,RESEARCH_NEEDED,P2,B,B,3,PASS,PENDING,NEEDS_NUMERIC_CODING,,"Eligibility, process mapping and certificate gates pass. Canonical numeric anchors remain uncoded; proposal state is tracked separately and never mutates canonical values.","Research the unresolved score evidence before proposing an anchor: measures_gap_score: Named current implemented energy measures with exact entity/site/technology scope. Generic efficient/green production and resource recycling not adequate negative-search proof. Continuation2026-10-08: Owner environmental page discusses general galvanising/customer material benefits and residue treatment. These are not owned heat duties, generation or completed energy projects.; management_gap_score: Current direct ISO 50001/14001/EMAS or operational energy-management evidence for exact holder; quality-only and absent public certificate not no-management conclusion. Continuation2026-10-08: Owner environmental page discusses general galvanising/customer material benefits and residue treatment. These are not owned heat duties, generation or completed energy projects.; targets_gap_score: Owned energy/climate target, date, scope and roadmap, or documented sufficient defined search. General quality/resource sustainability not energy target. Continuation2026-10-08: Owner environmental page discusses general galvanising/customer material benefits and residue treatment. These are not owned heat duties, generation or completed energy projects.; investment_gap_score: Completed owned energy investments with commissioning dates in 2021-10-07 to 2026-10-07. Operation/report/filename dates, generic annual CAPEX and other group companies not sufficient. Continuation2026-10-08: Owner environmental page discusses general galvanising/customer material benefits and residue treatment. These are not owned heat duties, generation or completed energy projects.",1.1.0
443,99,P03|process_electrification_potential,P03,Upländer Bauernmolkerei GmbH,NUMERIC_CODING,CODE_DIMENSION,process_electrification_potential,temperature_fit_score | process_electrification_score | fossil_heat_displacement_score,temperature_fit_score | process_electrification_score | fossil_heat_displacement_score,3,temperature_fit_score | process_electrification_score | fossil_heat_displacement_score,fossil_heat_displacement_score,CHECKED=2 | NEEDS_RESEARCH=1,RESEARCH_NEEDED,P3,B,C,6,PASS,PENDING,NEEDS_NUMERIC_CODING,,"Eligibility, process mapping and certificate gates pass. Canonical numeric anchors remain uncoded; proposal state is tracked separately and never mutates canonical values.","Research the unresolved score evidence before proposing an anchor: fossil_heat_displacement_score: Current company/site process heat carrier mix and attributable fossil thermal duty. No public evidence is not zero fossil heat. Continuation2026-10-08: Own CHP/PV now documented; no thermal fuel, usable heat buffer or admissible dispatch window. Raw-milk tanks are product inventory;2019university concept is not deployed equipment.",1.1.0
444,99,P03|power_electronics_relevance,P03,Upländer Bauernmolkerei GmbH,NUMERIC_CODING,CODE_DIMENSION,power_electronics_relevance,motor_drive_score | power_conversion_score | automation_control_score,motor_drive_score | power_conversion_score | automation_control_score,3,motor_drive_score | power_conversion_score | automation_control_score,power_conversion_score,CHECKED=2 | NEEDS_RESEARCH=1,RESEARCH_NEEDED,P3,B,C,6,PASS,PENDING,NEEDS_NUMERIC_CODING,,"Eligibility, process mapping and certificate gates pass. Canonical numeric anchors remain uncoded; proposal state is tracked separately and never mutates canonical values.","Research the unresolved score evidence before proposing an anchor: power_conversion_score: Owned rectifier/inverter/controlled-electric-heat applications, scope and duty; mechanical water power not electricity generation. Continuation2026-10-08: Own CHP/PV now documented; no thermal fuel, usable heat buffer or admissible dispatch window. Raw-milk tanks are product inventory;2019university concept is not deployed equipment.",1.1.0
445,99,P03|load_flexibility_potential,P03,Upländer Bauernmolkerei GmbH,NUMERIC_CODING,CODE_DIMENSION,load_flexibility_potential,scheduling_flex_score | thermal_storage_flex_score,scheduling_flex_score | thermal_storage_flex_score,2,scheduling_flex_score | thermal_storage_flex_score,thermal_storage_flex_score,CHECKED=1 | NEEDS_RESEARCH=1,RESEARCH_NEEDED,P3,B,C,6,PASS,PENDING,NEEDS_NUMERIC_CODING,,"Eligibility, process mapping and certificate gates pass. Canonical numeric anchors remain uncoded; proposal state is tracked separately and never mutates canonical values.","Research the unresolved score evidence before proposing an anchor: thermal_storage_flex_score: Actual useful heat/cold buffer capacity, temperature, connection and timing freedom; thermal mass, room heat and electrical batteries not sufficient. Continuation2026-10-08: Own CHP/PV now documented; no thermal fuel, usable heat buffer or admissible dispatch window. Raw-milk tanks are product inventory;2019university concept is not deployed equipment.",1.1.0
446,99,P03|grid_power_quality_relevance,P03,Upländer Bauernmolkerei GmbH,NUMERIC_CODING,CODE_DIMENSION,grid_power_quality_relevance,incremental_load_score | power_quality_score | onsite_integration_score,incremental_load_score | power_quality_score | onsite_integration_score,3,incremental_load_score | power_quality_score | onsite_integration_score,power_quality_score,CHECKED=2 | NEEDS_RESEARCH=1,RESEARCH_NEEDED,P3,B,C,6,PASS,PENDING,NEEDS_NUMERIC_CODING,,"Eligibility, process mapping and certificate gates pass. Canonical numeric anchors remain uncoded; proposal state is tracked separately and never mutates canonical values.","Research the unresolved score evidence before proposing an anchor: power_quality_score: Owned relevant converter/peak topology or measured harmonic/reactive/voltage findings; product resistance/current amps not measured power-quality evidence. Continuation2026-10-08: Own CHP/PV now documented; no thermal fuel, usable heat buffer or admissible dispatch window. Raw-milk tanks are product inventory;2019university concept is not deployed equipment.",1.1.0
447,99,P03|observed_transition_gap,P03,Upländer Bauernmolkerei GmbH,NUMERIC_CODING,CODE_DIMENSION,observed_transition_gap,measures_gap_score | management_gap_score | targets_gap_score | investment_gap_score,measures_gap_score | management_gap_score | targets_gap_score | investment_gap_score,4,measures_gap_score | management_gap_score | targets_gap_score | investment_gap_score,management_gap_score | targets_gap_score | investment_gap_score,CHECKED=1 | NEEDS_RESEARCH=3,RESEARCH_NEEDED,P3,B,C,6,PASS,PENDING,NEEDS_NUMERIC_CODING,,"Eligibility, process mapping and certificate gates pass. Canonical numeric anchors remain uncoded; proposal state is tracked separately and never mutates canonical values.","Research the unresolved score evidence before proposing an anchor: management_gap_score: Current direct ISO 50001/14001/EMAS or operational energy-management evidence for exact holder; quality-only and absent public certificate not no-management conclusion. Continuation2026-10-08: Own CHP/PV now documented; no thermal fuel, usable heat buffer or admissible dispatch window. Raw-milk tanks are product inventory;2019university concept is not deployed equipment.; targets_gap_score: Owned energy/climate target, date, scope and roadmap, or documented sufficient defined search. General quality/resource sustainability not energy target. Continuation2026-10-08: Own CHP/PV now documented; no thermal fuel, usable heat buffer or admissible dispatch window. Raw-milk tanks are product inventory;2019university concept is not deployed equipment.; investment_gap_score: Completed owned energy investments with commissioning dates in 2021-10-07 to 2026-10-07. Operation/report/filename dates, generic annual CAPEX and other group companies not sufficient. Continuation2026-10-08: Own CHP/PV now documented; no thermal fuel, usable heat buffer or admissible dispatch window. Raw-milk tanks are product inventory;2019university concept is not deployed equipment.",1.1.0
448,100,P110|process_electrification_potential,P110,Neue Porzellanfabrik Triptis GmbH,NUMERIC_CODING,CODE_DIMENSION,process_electrification_potential,temperature_fit_score | process_electrification_score | fossil_heat_displacement_score,temperature_fit_score | process_electrification_score | fossil_heat_displacement_score,3,temperature_fit_score | process_electrification_score | fossil_heat_displacement_score,temperature_fit_score | process_electrification_score | fossil_heat_displacement_score,NEEDS_RESEARCH=3,RESEARCH_NEEDED,P3,B,C,5,PASS,PENDING,NEEDS_NUMERIC_CODING,,"Eligibility, process mapping and certificate gates pass. Canonical numeric anchors remain uncoded; proposal state is tracked separately and never mutates canonical values.","Research the unresolved score evidence before proposing an anchor: temperature_fit_score: Current legal continuity and owned production of Neue Porzellanfabrik Triptis GmbH must be established; current imprint is Eschenbach Porzellan GmbH. Owned process operating temperatures and actual heat/cold duties; separate product ratings and room heating. Continuation2026-10-08: Current Eschenbach imprint identifies Eschenbach Porzellan GmbH rather than Neue Porzellanfabrik Triptis GmbH. Own brand FAQ/older energy assets cannot be attributed to the dataset entity without succession/site evidence.; process_electrification_score: Current legal continuity and owned production of Neue Porzellanfabrik Triptis GmbH must be established; current imprint is Eschenbach Porzellan GmbH. Named owned thermal route, current heat carrier and feasible remaining substitution case; separate electric drives and room heat. Continuation2026-10-08: Current Eschenbach imprint identifies Eschenbach Porzellan GmbH rather than Neue Porzellanfabrik Triptis GmbH. Own brand FAQ/older energy assets cannot be attributed to the dataset entity without succession/site evidence.; fossil_heat_displacement_score: Current legal continuity and owned production of Neue Porzellanfabrik Triptis GmbH must be established; current imprint is Eschenbach Porzellan GmbH. Current company/site process heat carrier mix and attributable fossil thermal duty. No public evidence is not zero fossil heat. Continuation2026-10-08: Current Eschenbach imprint identifies Eschenbach Porzellan GmbH rather than Neue Porzellanfabrik Triptis GmbH. Own brand FAQ/older energy assets cannot be attributed to the dataset entity without succession/site evidence.",1.1.0
449,100,P110|power_electronics_relevance,P110,Neue Porzellanfabrik Triptis GmbH,NUMERIC_CODING,CODE_DIMENSION,power_electronics_relevance,motor_drive_score | power_conversion_score | automation_control_score,motor_drive_score | power_conversion_score | automation_control_score,3,motor_drive_score | power_conversion_score | automation_control_score,motor_drive_score | power_conversion_score | automation_control_score,NEEDS_RESEARCH=3,RESEARCH_NEEDED,P3,B,C,5,PASS,PENDING,NEEDS_NUMERIC_CODING,,"Eligibility, process mapping and certificate gates pass. Canonical numeric anchors remain uncoded; proposal state is tracked separately and never mutates canonical values.","Research the unresolved score evidence before proposing an anchor: motor_drive_score: Current legal continuity and owned production of Neue Porzellanfabrik Triptis GmbH must be established; current imprint is Eschenbach Porzellan GmbH. Owned electrical motor/compressor inventory, process roles and duty; mechanical drive not automatically electric. Continuation2026-10-08: Current Eschenbach imprint identifies Eschenbach Porzellan GmbH rather than Neue Porzellanfabrik Triptis GmbH. Own brand FAQ/older energy assets cannot be attributed to the dataset entity without succession/site evidence.; power_conversion_score: Current legal continuity and owned production of Neue Porzellanfabrik Triptis GmbH must be established; current imprint is Eschenbach Porzellan GmbH. Owned rectifier/inverter/controlled-electric-heat applications, scope and duty; mechanical water power not electricity generation. Continuation2026-10-08: Current Eschenbach imprint identifies Eschenbach Porzellan GmbH rather than Neue Porzellanfabrik Triptis GmbH. Own brand FAQ/older energy assets cannot be attributed to the dataset entity without succession/site evidence.; automation_control_score: Current legal continuity and owned production of Neue Porzellanfabrik Triptis GmbH must be established; current imprint is Eschenbach Porzellan GmbH. Owned process control/monitoring inventory and operational coordination; quality claims not EnMS maturity. Continuation2026-10-08: Current Eschenbach imprint identifies Eschenbach Porzellan GmbH rather than Neue Porzellanfabrik Triptis GmbH. Own brand FAQ/older energy assets cannot be attributed to the dataset entity without succession/site evidence.",1.1.0
450,100,P110|load_flexibility_potential,P110,Neue Porzellanfabrik Triptis GmbH,NUMERIC_CODING,CODE_DIMENSION,load_flexibility_potential,scheduling_flex_score | thermal_storage_flex_score,scheduling_flex_score | thermal_storage_flex_score,2,scheduling_flex_score | thermal_storage_flex_score,scheduling_flex_score | thermal_storage_flex_score,NEEDS_RESEARCH=2,RESEARCH_NEEDED,P3,B,C,5,PASS,PENDING,NEEDS_NUMERIC_CODING,,"Eligibility, process mapping and certificate gates pass. Canonical numeric anchors remain uncoded; proposal state is tracked separately and never mutates canonical values.","Research the unresolved score evidence before proposing an anchor: scheduling_flex_score: Current legal continuity and owned production of Neue Porzellanfabrik Triptis GmbH must be established; current imprint is Eschenbach Porzellan GmbH. Permitted timing shifts, quality/cooling/order constraints and spare capacity. Batch/24h operation alone not flexibility permission. Continuation2026-10-08: Current Eschenbach imprint identifies Eschenbach Porzellan GmbH rather than Neue Porzellanfabrik Triptis GmbH. Own brand FAQ/older energy assets cannot be attributed to the dataset entity without succession/site evidence.; thermal_storage_flex_score: Current legal continuity and owned production of Neue Porzellanfabrik Triptis GmbH must be established; current imprint is Eschenbach Porzellan GmbH. Actual useful heat/cold buffer capacity, temperature, connection and timing freedom; thermal mass, room heat and electrical batteries not sufficient. Continuation2026-10-08: Current Eschenbach imprint identifies Eschenbach Porzellan GmbH rather than Neue Porzellanfabrik Triptis GmbH. Own brand FAQ/older energy assets cannot be attributed to the dataset entity without succession/site evidence.",1.1.0
451,100,P110|grid_power_quality_relevance,P110,Neue Porzellanfabrik Triptis GmbH,NUMERIC_CODING,CODE_DIMENSION,grid_power_quality_relevance,incremental_load_score | power_quality_score | onsite_integration_score,incremental_load_score | power_quality_score | onsite_integration_score,3,incremental_load_score | power_quality_score | onsite_integration_score,incremental_load_score | power_quality_score | onsite_integration_score,NEEDS_RESEARCH=3,RESEARCH_NEEDED,P3,B,C,5,PASS,PENDING,NEEDS_NUMERIC_CODING,,"Eligibility, process mapping and certificate gates pass. Canonical numeric anchors remain uncoded; proposal state is tracked separately and never mutates canonical values.","Research the unresolved score evidence before proposing an anchor: incremental_load_score: Current legal continuity and owned production of Neue Porzellanfabrik Triptis GmbH must be established; current imprint is Eschenbach Porzellan GmbH. Owned feasible thermal substitution case and baseline remaining thermal duty; no grid capacity or kW inferred. Continuation2026-10-08: Current Eschenbach imprint identifies Eschenbach Porzellan GmbH rather than Neue Porzellanfabrik Triptis GmbH. Own brand FAQ/older energy assets cannot be attributed to the dataset entity without succession/site evidence.; power_quality_score: Current legal continuity and owned production of Neue Porzellanfabrik Triptis GmbH must be established; current imprint is Eschenbach Porzellan GmbH. Owned relevant converter/peak topology or measured harmonic/reactive/voltage findings; product resistance/current amps not measured power-quality evidence. Continuation2026-10-08: Current Eschenbach imprint identifies Eschenbach Porzellan GmbH rather than Neue Porzellanfabrik Triptis GmbH. Own brand FAQ/older energy assets cannot be attributed to the dataset entity without succession/site evidence.; onsite_integration_score: Current legal continuity and owned production of Neue Porzellanfabrik Triptis GmbH must be established; current imprint is Eschenbach Porzellan GmbH. Owned electricity generation/storage/load-management topology; mechanical hydropower, purchased renewables or group assets not inherited. Continuation2026-10-08: Current Eschenbach imprint identifies Eschenbach Porzellan GmbH rather than Neue Porzellanfabrik Triptis GmbH. Own brand FAQ/older energy assets cannot be attributed to the dataset entity without succession/site evidence.",1.1.0
452,100,P110|observed_transition_gap,P110,Neue Porzellanfabrik Triptis GmbH,NUMERIC_CODING,CODE_DIMENSION,observed_transition_gap,measures_gap_score | management_gap_score | targets_gap_score | investment_gap_score,measures_gap_score | management_gap_score | targets_gap_score | investment_gap_score,4,measures_gap_score | management_gap_score | targets_gap_score | investment_gap_score,measures_gap_score | management_gap_score | targets_gap_score | investment_gap_score,NEEDS_RESEARCH=4,RESEARCH_NEEDED,P3,B,C,5,PASS,PENDING,NEEDS_NUMERIC_CODING,,"Eligibility, process mapping and certificate gates pass. Canonical numeric anchors remain uncoded; proposal state is tracked separately and never mutates canonical values.","Research the unresolved score evidence before proposing an anchor: measures_gap_score: Current legal continuity and owned production of Neue Porzellanfabrik Triptis GmbH must be established; current imprint is Eschenbach Porzellan GmbH. Named current implemented energy measures with exact entity/site/technology scope. Generic efficient/green production and resource recycling not adequate negative-search proof. Continuation2026-10-08: Current Eschenbach imprint identifies Eschenbach Porzellan GmbH rather than Neue Porzellanfabrik Triptis GmbH. Own brand FAQ/older energy assets cannot be attributed to the dataset entity without succession/site evidence.; management_gap_score: Current legal continuity and owned production of Neue Porzellanfabrik Triptis GmbH must be established; current imprint is Eschenbach Porzellan GmbH. Current direct ISO 50001/14001/EMAS or operational energy-management evidence for exact holder; quality-only and absent public certificate not no-management conclusion. Continuation2026-10-08: Current Eschenbach imprint identifies Eschenbach Porzellan GmbH rather than Neue Porzellanfabrik Triptis GmbH. Own brand FAQ/older energy assets cannot be attributed to the dataset entity without succession/site evidence.; targets_gap_score: Current legal continuity and owned production of Neue Porzellanfabrik Triptis GmbH must be established; current imprint is Eschenbach Porzellan GmbH. Owned energy/climate target, date, scope and roadmap, or documented sufficient defined search. General quality/resource sustainability not energy target. Continuation2026-10-08: Current Eschenbach imprint identifies Eschenbach Porzellan GmbH rather than Neue Porzellanfabrik Triptis GmbH. Own brand FAQ/older energy assets cannot be attributed to the dataset entity without succession/site evidence.; investment_gap_score: Current legal continuity and owned production of Neue Porzellanfabrik Triptis GmbH must be established; current imprint is Eschenbach Porzellan GmbH. Completed owned energy investments with commissioning dates in 2021-10-07 to 2026-10-07. Operation/report/filename dates, generic annual CAPEX and other group companies not sufficient. Continuation2026-10-08: Current Eschenbach imprint identifies Eschenbach Porzellan GmbH rather than Neue Porzellanfabrik Triptis GmbH. Own brand FAQ/older energy assets cannot be attributed to the dataset entity without succession/site evidence.",1.1.0
